id,sham_1,sham_2,sham_3,sham_4,sham_5,sham_6,CVB3_1,CVB3_2,CVB3_3,CVB3_4,CVB3_5,CVB3_6
ENSMUSG00000007777,2,91,96,46,67,65,77,52,51,53,80,102
ENSMUSG00000024442,37,454,365,308,372,384,363,318,385,378,347,452
ENSMUSG00000042208,3,33,13,20,27,27,27,25,22,29,28,35
ENSMUSG00000020831,0,1,0,0,1,0,0,1,0,0,0,0
ENSMUSG00000107002,29,616,575,386,525,538,534,695,668,763,811,894
ENSMUSG00000058706,7,23,26,15,21,24,23,26,26,26,27,39
ENSMUSG00000028608,11,139,113,121,116,134,192,167,202,182,217,273
ENSMUSG00000060512,0,12,12,11,8,14,11,4,6,7,1,8
ENSMUSG00000090066,6,213,155,99,213,152,192,155,135,123,190,200
ENSMUSG00000022972,6,81,60,36,67,84,66,61,97,92,90,127
ENSMUSG00000030663,18,159,146,87,150,118,139,170,165,175,166,274
ENSMUSG00000027637,16,282,295,172,253,242,268,309,299,277,322,476
ENSMUSG00000021023,1,37,23,26,22,29,36,42,28,28,42,48
ENSMUSG00000039195,13,219,219,142,191,197,191,231,194,272,250,399
ENSMUSG00000045237,2,35,47,32,45,38,36,41,58,38,48,67
ENSMUSG00000028441,1,0,0,2,2,0,0,0,0,0,1,2
ENSMUSG00000037971,3,58,49,37,53,43,59,67,64,63,70,79
ENSMUSG00000046999,0,1,0,0,1,3,1,0,2,2,3,2
ENSMUSG00000044991,12,111,182,135,96,188,203,225,314,288,237,327
ENSMUSG00000063236,3,64,67,26,61,60,83,68,55,85,70,88
ENSMUSG00000040591,1,42,35,22,28,42,37,30,39,45,36,43
ENSMUSG00000035171,1,45,36,24,33,37,38,38,39,35,40,62
ENSMUSG00000032551,2,30,43,28,42,38,41,46,56,43,37,72
ENSMUSG00000078570,8,76,94,52,73,72,68,83,100,79,107,113
ENSMUSG00000045414,5,115,106,37,80,76,83,48,74,94,89,102
ENSMUSG00000063320,7,124,94,63,104,100,99,108,102,124,132,176
ENSMUSG00000033688,0,0,0,0,0,0,0,0,0,0,1,0
ENSMUSG00000087651,0,14,17,5,19,15,22,35,41,28,26,44
ENSMUSG00000051319,17,222,220,148,212,218,187,242,248,267,275,341
ENSMUSG00000026051,0,0,2,1,1,1,0,0,0,1,0,1
ENSMUSG00000043747,0,0,0,0,0,0,0,1,0,1,0,0
ENSMUSG00000024118,0,11,10,7,7,5,6,8,10,13,21,13
ENSMUSG00000035595,6,27,25,26,30,21,42,36,36,35,37,51
ENSMUSG00000050088,4,43,37,25,41,38,47,52,55,48,42,83
ENSMUSG00000054676,7,165,147,128,154,155,156,169,175,137,182,281
ENSMUSG00000094690,0,0,0,0,2,1,0,0,2,1,1,0
ENSMUSG00000029813,0,0,0,0,2,0,0,1,0,0,2,2
ENSMUSG00000029182,0,0,0,0,0,0,0,0,0,0,0,0
ENSMUSG00000047150,0,0,0,0,0,0,1,0,0,1,0,0
ENSMUSG00000095040,0,0,3,0,3,1,0,1,0,1,0,2
ENSMUSG00000056508,0,1,1,0,0,0,0,0,0,0,0,1
ENSMUSG00000021534,0,0,1,0,0,0,0,0,0,1,0,0
ENSMUSG00000044320,0,0,0,0,0,1,1,0,2,0,0,1
ENSMUSG00000018543,0,0,0,0,0,0,0,0,0,0,0,1
ENSMUSG00000030030,0,5,2,0,3,4,1,4,0,3,1,7
ENSMUSG00000038523,0,0,1,1,2,0,5,3,0,2,1,1
ENSMUSG00000010841,0,0,0,0,0,0,0,0,0,0,0,0
ENSMUSG00000057816,0,0,0,0,0,0,0,0,0,0,0,0
ENSMUSG00000030858,0,0,0,0,0,0,1,1,0,0,0,0
ENSMUSG00000026831,0,0,0,1,1,0,0,0,0,0,0,0
ENSMUSG00000008028,0,2,3,1,2,3,1,1,0,0,1,2
ENSMUSG00000023873,0,0,0,0,0,0,0,0,1,0,0,0
ENSMUSG00000021850,0,0,0,0,0,0,0,0,0,0,0,0
ENSMUSG00000058925,0,0,2,0,2,0,0,0,0,0,1,0
ENSMUSG00000031682,0,0,0,0,0,0,0,0,0,0,0,1
ENSMUSG00000020617,0,0,0,0,0,0,0,0,0,0,0,0
ENSMUSG00000027886,0,0,0,0,0,0,0,0,0,0,0,0
ENSMUSG00000041399,0,0,0,0,0,0,0,0,0,0,0,1
ENSMUSG00000051054,0,0,0,0,0,0,0,0,0,0,0,0
ENSMUSG00000079666,0,0,0,0,0,0,1,0,0,0,0,0
ENSMUSG00000015962,0,0,0,0,0,0,0,0,1,0,0,0
ENSMUSG00000085861,0,0,0,0,0,0,0,0,0,0,0,0
ENSMUSG00000029320,0,0,0,0,0,1,3,2,0,0,0,2
ENSMUSG00000053783,0,0,0,0,0,0,0,0,0,0,0,0
ENSMUSG00000032300,4,26,23,25,34,26,40,33,28,39,38,52
ENSMUSG00000031809,0,0,0,0,0,0,0,0,0,0,0,0
ENSMUSG00000109745,0,0,0,0,0,0,0,0,0,0,1,0
ENSMUSG00000043629,0,4,6,4,3,3,5,7,7,5,8,6
ENSMUSG00000027409,0,0,0,1,0,0,0,0,0,0,0,0
ENSMUSG00000100937,0,0,0,1,0,1,1,0,0,0,0,0
ENSMUSG00000035085,0,0,0,0,0,1,0,1,0,0,0,1
ENSMUSG00000019797,15,318,255,201,253,253,278,267,292,253,300,394
ENSMUSG00000028451,0,0,1,0,0,2,1,0,2,1,3,0
ENSMUSG00000020940,0,0,1,0,0,1,0,1,0,0,0,0
ENSMUSG00000072473,0,0,0,0,0,0,0,0,0,0,0,0
ENSMUSG00000101113,0,0,0,0,0,0,0,0,0,0,0,0
ENSMUSG00000032666,13,109,80,56,96,110,125,110,96,69,92,158
ENSMUSG00000038782,0,2,1,2,1,0,0,2,0,1,1,1
ENSMUSG00000089798,0,0,0,0,0,1,0,1,0,0,1,0
ENSMUSG00000031452,0,0,0,0,0,0,0,0,0,0,0,0
ENSMUSG00000044916,0,5,4,3,1,5,4,1,6,2,5,2
ENSMUSG00000071103,1,12,9,12,12,11,6,15,11,12,14,17
ENSMUSG00000031847,0,1,1,0,0,0,1,0,0,0,2,1
ENSMUSG00000052794,1,19,19,10,17,17,28,17,26,33,27,33
ENSMUSG00000074619,0,1,1,2,1,1,0,1,0,0,1,0
ENSMUSG00000040163,0,0,0,0,0,0,0,0,0,0,0,0
ENSMUSG00000005983,0,11,11,6,16,17,8,17,14,18,23,19
ENSMUSG00000027327,5,31,38,18,28,37,36,31,41,28,41,45
ENSMUSG00000019945,2,49,43,42,42,53,43,47,64,50,47,61
ENSMUSG00000094103,10,82,70,58,80,80,91,112,100,119,122,143
ENSMUSG00000044854,0,5,8,3,7,6,6,4,12,14,9,7
ENSMUSG00000074139,0,0,0,0,0,0,0,0,0,0,0,0
ENSMUSG00000024209,0,1,1,0,1,0,0,0,0,0,0,0
ENSMUSG00000073598,0,1,0,1,0,1,0,0,1,1,1,3
ENSMUSG00000038323,1,9,13,7,8,8,9,3,9,10,4,13
ENSMUSG00000046408,0,1,0,1,0,1,0,1,1,1,1,2
ENSMUSG00000021545,0,0,0,0,0,0,0,0,0,0,0,0
ENSMUSG00000029883,0,0,0,0,0,1,0,0,0,0,0,0
ENSMUSG00000033029,1,10,6,4,5,13,7,12,7,10,16,13
ENSMUSG00000020286,0,0,0,0,0,0,0,0,0,0,0,0
ENSMUSG00000032611,0,1,0,1,3,5,2,1,1,1,1,1
ENSMUSG00000008307,1,8,5,3,1,7,7,3,5,5,6,8
ENSMUSG00000047129,0,1,2,3,1,1,0,5,3,2,1,1
ENSMUSG00000099579,0,0,0,0,1,0,0,0,1,0,0,0
ENSMUSG00000029526,0,0,0,0,0,0,0,0,0,0,0,0
ENSMUSG00000072878,0,0,0,0,0,0,0,0,0,0,0,0
ENSMUSG00000040822,5,43,34,21,48,49,43,60,40,33,32,65
ENSMUSG00000109305,0,0,0,0,0,0,2,1,0,0,2,1
ENSMUSG00000078607,0,6,7,5,11,10,5,12,7,9,9,12
ENSMUSG00000041707,1,2,2,1,3,1,1,0,2,3,4,5
ENSMUSG00000056313,23,163,136,114,139,162,131,193,189,140,109,239
ENSMUSG00000022507,8,142,107,81,108,130,137,115,136,97,143,182
ENSMUSG00000089997,0,0,0,0,0,0,0,0,0,1,0,1
ENSMUSG00000078784,4,105,93,62,99,87,136,148,137,104,118,182
ENSMUSG00000044145,1,12,12,9,12,7,20,23,14,19,16,15
ENSMUSG00000044148,1,55,56,35,61,51,54,58,58,44,52,76
ENSMUSG00000054091,17,202,191,119,168,192,175,229,204,174,205,278
ENSMUSG00000062760,0,0,2,0,1,0,0,0,3,1,2,1
ENSMUSG00000020284,3,57,56,47,66,50,52,61,54,55,74,95
ENSMUSG00000036027,0,1,0,0,2,0,0,1,1,0,0,0
ENSMUSG00000097221,0,1,0,0,0,1,0,0,0,0,0,0
ENSMUSG00000035372,1,16,13,22,29,19,16,14,16,10,18,39
ENSMUSG00000073155,113,807,760,576,753,737,1001,954,1058,1127,1163,1415
ENSMUSG00000027713,0,7,1,2,0,0,3,1,2,4,1,3
ENSMUSG00000013653,0,0,0,0,0,0,1,1,0,0,0,0
ENSMUSG00000042041,0,0,0,0,0,0,0,0,0,1,0,0
ENSMUSG00000095620,0,0,0,0,0,0,0,0,0,1,0,1
ENSMUSG00000025528,0,0,0,0,0,0,0,0,0,0,0,0
ENSMUSG00000021290,166,3688,3263,2549,3080,3212,2821,3042,3017,3773,3712,4655
ENSMUSG00000020083,0,15,18,17,11,11,16,16,18,10,14,19
ENSMUSG00000029384,0,0,2,0,2,2,0,0,1,0,1,1
ENSMUSG00000063522,0,1,0,0,1,0,0,0,0,0,0,1
ENSMUSG00000021458,19,212,183,115,190,176,179,235,217,202,191,320
ENSMUSG00000026090,0,2,0,2,4,0,1,1,6,1,4,2
ENSMUSG00000074829,1,4,7,7,17,10,13,8,14,10,17,14
ENSMUSG00000030587,2,10,6,4,6,6,20,34,11,15,15,53
ENSMUSG00000013083,0,0,0,0,0,0,0,0,0,0,1,0
ENSMUSG00000074217,1,18,15,6,13,19,3,13,8,21,19,17
ENSMUSG00000086316,4,79,87,68,80,75,87,92,74,85,120,116
ENSMUSG00000021550,9,137,145,81,101,112,143,154,159,129,182,216
ENSMUSG00000029559,7,64,66,56,67,76,55,72,77,95,92,133
ENSMUSG00000103523,0,0,0,0,0,0,0,0,0,0,0,0
ENSMUSG00000037145,0,5,5,7,7,5,5,3,1,7,5,22
ENSMUSG00000071252,0,6,7,6,9,4,6,7,6,5,8,16
ENSMUSG00000078894,2,4,3,5,8,3,6,3,7,4,5,8
ENSMUSG00000032403,10,157,126,92,116,130,96,115,113,133,130,183
ENSMUSG00000028396,16,160,162,87,158,172,200,207,190,210,166,213
ENSMUSG00000098332,7,59,54,30,49,67,46,54,66,71,80,75
ENSMUSG00000079283,2,29,42,32,31,48,31,52,35,44,44,70
ENSMUSG00000020133,11,99,98,70,109,104,94,97,128,101,113,210
ENSMUSG00000049643,6,151,156,121,177,151,194,189,192,196,241,287
ENSMUSG00000031983,10,225,213,135,225,221,289,291,280,282,312,349
ENSMUSG00000032062,0,13,19,15,16,15,39,24,41,25,37,46
ENSMUSG00000020441,24,56,43,38,47,41,38,72,49,44,58,54
ENSMUSG00000099655,0,4,3,6,3,6,5,2,3,5,1,8
ENSMUSG00000026319,1,44,38,21,36,34,39,31,48,29,31,58
ENSMUSG00000062619,9,139,97,77,81,97,110,144,150,148,169,184
ENSMUSG00000102308,0,0,0,0,0,0,0,0,0,0,1,0
ENSMUSG00000090314,0,0,0,0,0,0,0,0,0,0,1,0
ENSMUSG00000015519,0,0,0,0,0,0,0,0,0,0,0,0
ENSMUSG00000040177,2,24,26,19,26,27,29,28,37,35,32,26
ENSMUSG00000050705,17,539,395,345,426,427,376,431,449,441,400,593
ENSMUSG00000045411,8,35,36,39,35,46,60,40,60,38,45,65
ENSMUSG00000036873,8,70,74,49,47,60,61,67,61,79,70,98
ENSMUSG00000071398,0,0,0,0,1,0,1,0,0,0,2,2
ENSMUSG00000049760,67,1167,1095,749,1051,1025,855,1140,1063,1165,1469,1575
ENSMUSG00000039801,0,12,18,14,17,23,20,11,12,19,17,18
ENSMUSG00000032840,2,56,58,42,41,47,50,51,49,42,57,70
ENSMUSG00000064308,0,0,3,3,1,3,0,2,3,2,2,4
ENSMUSG00000043391,8,57,47,39,45,59,54,47,47,50,64,64
ENSMUSG00000044496,4,113,125,84,108,92,132,114,147,117,123,166
ENSMUSG00000052419,14,147,150,97,135,149,193,146,118,130,137,234
ENSMUSG00000031242,0,26,22,15,26,25,34,39,27,29,25,45
ENSMUSG00000060301,5,45,40,29,45,38,40,35,35,41,43,40
ENSMUSG00000091474,1,8,7,10,9,12,16,5,11,15,16,13
ENSMUSG00000009114,0,0,1,1,2,0,0,1,2,1,0,0
ENSMUSG00000079388,0,2,2,0,0,0,0,1,0,0,1,2
ENSMUSG00000071302,2,33,27,16,41,33,32,32,28,35,16,53
ENSMUSG00000059482,2,38,19,16,25,24,29,30,32,23,24,41
ENSMUSG00000049916,0,1,0,0,0,1,0,2,2,0,1,0
ENSMUSG00000010277,26,363,435,264,387,349,392,341,324,373,385,491
ENSMUSG00000096001,0,0,0,0,0,0,0,0,0,2,0,0
ENSMUSG00000028536,0,0,0,0,0,0,0,0,0,0,0,0
ENSMUSG00000034601,2,14,6,9,15,13,15,15,9,9,14,23
ENSMUSG00000021807,24,395,362,276,337,368,408,488,464,445,569,672
ENSMUSG00000024273,3,30,20,11,21,29,23,30,34,33,36,41
ENSMUSG00000053080,10,56,53,42,54,46,41,36,47,33,60,51
ENSMUSG00000062198,6,44,40,31,59,77,43,46,35,41,41,66
ENSMUSG00000031984,12,209,206,116,217,215,261,268,280,243,344,361
ENSMUSG00000047635,1,43,59,35,39,34,35,38,34,33,53,54
ENSMUSG00000020491,1,4,3,4,6,2,3,9,10,5,2,4
ENSMUSG00000028060,5,61,69,46,60,49,65,75,82,77,61,85
ENSMUSG00000018570,0,0,1,0,1,2,0,2,0,3,3,0
ENSMUSG00000058833,21,331,305,231,256,308,285,398,322,375,435,575
ENSMUSG00000026227,0,0,0,0,0,0,0,0,0,0,0,0
ENSMUSG00000032712,6,46,57,39,56,71,121,113,83,68,42,95
ENSMUSG00000044117,0,0,0,0,0,0,0,0,0,0,0,0
ENSMUSG00000051339,17,77,92,55,110,106,111,89,116,89,107,116
ENSMUSG00000024410,2,55,57,51,56,57,61,64,83,79,47,106
ENSMUSG00000026388,1,7,7,5,5,6,12,13,10,4,9,13
ENSMUSG00000067879,0,0,0,0,0,0,0,0,0,1,0,0
ENSMUSG00000025102,0,15,22,9,17,21,21,27,20,28,22,31
ENSMUSG00000028300,1,63,60,25,62,44,67,45,40,53,61,64
ENSMUSG00000046806,5,26,18,15,16,24,28,26,28,24,26,37
ENSMUSG00000053553,0,10,17,11,11,11,16,26,13,23,22,28
ENSMUSG00000063364,0,1,1,0,1,0,2,3,1,3,1,1
ENSMUSG00000071540,12,430,494,311,413,485,382,371,479,460,462,520
ENSMUSG00000036242,0,18,12,11,16,19,20,27,18,17,13,24
ENSMUSG00000031125,1,4,8,3,6,6,11,15,7,5,9,11
ENSMUSG00000031179,0,0,0,0,0,1,0,0,0,0,0,0
ENSMUSG00000064202,4,53,47,38,42,46,56,55,78,72,80,80
ENSMUSG00000062822,3,40,23,22,41,42,27,45,50,43,33,57
ENSMUSG00000025871,11,210,195,151,157,202,189,215,172,189,193,290
ENSMUSG00000029828,0,1,2,0,2,2,2,3,3,3,2,3
ENSMUSG00000036934,5,82,56,47,60,75,81,85,92,77,78,84
ENSMUSG00000020434,0,3,2,0,0,1,1,1,0,0,0,0
ENSMUSG00000079421,0,0,0,0,0,1,0,0,0,0,0,0
ENSMUSG00000027309,25,209,200,139,207,229,211,195,165,182,207,220
ENSMUSG00000020234,0,2,1,0,0,0,2,1,2,1,0,4
ENSMUSG00000020191,1,0,0,1,1,2,2,1,0,2,2,1
ENSMUSG00000022993,0,0,0,0,0,0,1,1,0,1,1,1
ENSMUSG00000037466,1,1,1,3,0,3,2,2,0,3,2,2
ENSMUSG00000046567,1,12,9,3,12,12,10,8,7,8,9,19
ENSMUSG00000008129,0,2,2,1,1,2,3,0,3,0,0,1
ENSMUSG00000091692,0,0,0,0,0,0,0,0,0,0,0,0
ENSMUSG00000069873,0,0,0,0,0,0,0,0,0,0,0,1
ENSMUSG00000021098,1,0,1,0,0,0,0,1,1,1,1,0
ENSMUSG00000022543,0,4,2,2,3,5,4,2,1,1,1,1
ENSMUSG00000045989,0,0,0,0,0,0,0,0,0,0,0,0
ENSMUSG00000021747,0,4,2,5,4,3,1,4,4,2,0,2
ENSMUSG00000059920,6,92,75,58,98,89,129,109,119,104,126,147
ENSMUSG00000080907,0,0,0,1,0,0,1,1,0,0,3,0
ENSMUSG00000085684,0,0,0,0,0,0,0,0,0,0,0,0
ENSMUSG00000055555,0,0,0,0,0,0,0,0,0,0,0,0
ENSMUSG00000044906,1,5,9,7,11,9,7,9,13,6,5,6
ENSMUSG00000052642,0,0,0,0,0,0,0,0,0,0,0,1
ENSMUSG00000040919,0,1,0,0,0,0,0,0,0,0,0,0
ENSMUSG00000090219,0,0,0,0,0,0,0,0,0,0,0,0
ENSMUSG00000029564,0,0,1,0,1,1,1,0,0,0,1,0
ENSMUSG00000072762,1,1,3,2,1,0,3,1,0,3,4,5
ENSMUSG00000090394,24,64,49,43,64,62,50,66,48,51,43,76
ENSMUSG00000020299,0,0,0,0,0,0,0,0,0,0,0,0
ENSMUSG00000063904,7,62,81,51,67,62,84,86,68,106,85,127
ENSMUSG00000048905,0,0,0,0,0,0,1,2,2,0,0,1
ENSMUSG00000087279,0,0,0,0,0,0,0,0,0,0,0,0
ENSMUSG00000029138,0,0,0,0,1,0,0,0,0,0,0,0
ENSMUSG00000005131,0,2,1,0,0,0,1,0,1,1,0,1
ENSMUSG00000046180,0,0,0,0,0,0,0,0,0,0,0,0
ENSMUSG00000034493,0,0,0,0,0,0,1,0,0,0,0,0
ENSMUSG00000086277,0,1,0,0,0,0,0,0,0,0,0,0
ENSMUSG00000022518,0,0,0,0,0,0,0,0,0,0,0,0
ENSMUSG00000051728,0,0,0,0,0,0,0,0,1,0,1,0
ENSMUSG00000053574,0,0,0,0,1,1,2,2,1,1,1,2
ENSMUSG00000069720,0,0,0,0,0,0,0,0,0,0,0,0
ENSMUSG00000037358,1,1,0,0,2,0,2,2,2,0,3,3
ENSMUSG00000012042,0,0,0,0,2,0,0,0,0,0,0,0
ENSMUSG00000027811,0,6,4,4,7,5,3,9,6,5,4,9
ENSMUSG00000034063,0,0,0,0,0,0,0,0,1,0,2,0
ENSMUSG00000013353,0,1,0,0,0,0,0,0,1,0,0,0
ENSMUSG00000031938,6,26,24,18,16,23,10,23,28,17,17,29
ENSMUSG00000066571,14,73,73,57,79,72,98,73,75,87,89,117
ENSMUSG00000022179,0,7,7,5,5,8,7,12,11,5,8,15
ENSMUSG00000026774,0,0,0,0,0,0,0,0,0,0,0,0
ENSMUSG00000014837,2,16,15,10,15,6,15,12,15,15,10,15
ENSMUSG00000056617,0,0,0,0,0,0,0,0,0,0,0,0
ENSMUSG00000078157,0,2,2,0,2,2,2,0,2,0,2,0
ENSMUSG00000037270,5,61,80,41,64,73,80,65,76,60,58,90
ENSMUSG00000039851,0,0,0,0,1,1,0,0,0,1,0,0
ENSMUSG00000055357,0,0,0,0,0,0,0,0,0,0,0,0
ENSMUSG00000013158,0,0,0,0,0,0,0,0,0,0,0,0
ENSMUSG00000026224,0,0,0,0,0,0,0,0,0,0,0,1
ENSMUSG00000049357,0,0,0,1,1,1,2,0,2,1,0,1
ENSMUSG00000090369,0,0,0,0,0,0,0,0,0,0,0,0
ENSMUSG00000071749,0,0,0,0,0,0,0,0,0,0,0,0
ENSMUSG00000073730,1,0,0,0,0,0,0,0,0,0,0,0
ENSMUSG00000102416,0,0,0,0,0,0,0,0,0,0,0,1
ENSMUSG00000020807,1,11,10,10,6,14,9,12,11,14,7,13
ENSMUSG00000058046,0,0,0,0,0,0,1,0,1,0,0,1
ENSMUSG00000027942,23,210,185,141,194,199,236,207,220,206,270,296
ENSMUSG00000051940,0,0,0,0,0,0,0,0,0,0,0,1
ENSMUSG00000036046,3,137,80,83,99,103,134,115,88,125,92,154
ENSMUSG00000040412,0,1,1,1,0,1,1,3,0,0,0,2
ENSMUSG00000072763,1,1,1,1,1,1,1,1,0,2,0,0
ENSMUSG00000006204,1,2,2,1,0,0,0,0,2,1,3,1
ENSMUSG00000025058,0,2,1,0,1,0,1,4,2,0,0,7
ENSMUSG00000073755,6,75,56,49,69,66,61,47,53,77,82,102
ENSMUSG00000057181,7,66,65,51,54,56,71,39,73,59,35,71
ENSMUSG00000029089,1,17,12,6,16,12,24,17,16,6,13,24
ENSMUSG00000073197,0,0,0,0,0,0,1,0,0,0,0,0
ENSMUSG00000050549,0,7,25,10,26,15,19,28,19,26,20,38
ENSMUSG00000032985,0,0,0,0,0,0,0,0,0,0,0,2
ENSMUSG00000041605,0,0,1,1,1,5,4,1,6,5,3,4
ENSMUSG00000070690,0,0,0,0,0,0,0,0,0,1,0,0
ENSMUSG00000075408,0,18,17,17,18,11,25,21,10,25,23,34
ENSMUSG00000066607,1,8,13,5,14,7,12,4,12,9,14,12
ENSMUSG00000022195,4,38,46,22,35,32,37,43,35,37,37,63
ENSMUSG00000018451,0,0,1,1,1,2,1,1,0,2,0,1
ENSMUSG00000070814,2,36,30,28,27,21,26,17,17,24,42,35
ENSMUSG00000073795,0,0,0,0,0,0,0,0,0,1,0,0
ENSMUSG00000031824,1,26,11,15,26,16,34,15,19,31,29,19
ENSMUSG00000074646,1,0,1,1,0,4,2,2,0,0,1,2
ENSMUSG00000037977,0,14,16,11,15,16,19,20,18,9,14,23
ENSMUSG00000039620,0,3,2,4,6,11,4,7,5,5,4,6
ENSMUSG00000034185,0,1,0,0,0,0,1,0,0,0,0,0
ENSMUSG00000072066,0,2,4,2,3,3,4,7,4,2,3,4
ENSMUSG00000032680,0,20,13,17,20,14,8,6,14,16,7,13
ENSMUSG00000091060,0,0,0,0,0,0,0,0,0,0,0,0
ENSMUSG00000096607,0,0,0,0,0,0,0,0,0,0,0,0
ENSMUSG00000047466,1,2,3,0,1,5,4,5,2,5,3,4
ENSMUSG00000046774,0,2,0,0,0,0,1,0,0,0,0,1
ENSMUSG00000048489,36,185,104,117,212,158,301,296,482,347,311,421
ENSMUSG00000021185,5,98,127,73,78,91,73,69,80,101,88,113
ENSMUSG00000073158,0,0,0,0,0,0,0,0,1,1,0,0
ENSMUSG00000030982,8,75,44,36,59,59,76,85,90,75,105,102
ENSMUSG00000054951,0,2,1,0,0,0,2,0,2,1,0,3
ENSMUSG00000039901,0,14,19,15,5,9,16,11,14,14,16,22
ENSMUSG00000030823,2,13,4,6,11,9,7,5,5,10,11,13
ENSMUSG00000062944,1,8,9,6,8,15,9,12,12,6,16,12
ENSMUSG00000101892,4,66,48,34,37,46,74,52,54,54,61,97
ENSMUSG00000027446,0,0,0,0,1,0,0,0,0,0,0,1
ENSMUSG00000053070,0,1,1,0,2,0,2,0,1,0,1,1
ENSMUSG00000021797,0,0,1,0,0,0,0,0,0,0,0,0
ENSMUSG00000004360,0,0,2,1,3,5,0,0,0,1,1,4
ENSMUSG00000056004,0,0,1,0,0,0,0,0,0,0,0,0
ENSMUSG00000059939,1,5,3,9,8,9,12,7,8,17,13,8
ENSMUSG00000040139,2,38,16,28,32,25,37,51,30,36,41,57
ENSMUSG00000078776,0,0,0,0,0,0,0,0,0,0,0,1
ENSMUSG00000036275,11,226,207,190,212,229,269,245,248,216,224,382
ENSMUSG00000036411,0,0,0,0,0,0,0,1,0,0,1,1
ENSMUSG00000073386,0,0,0,0,0,0,1,0,0,0,0,0
ENSMUSG00000044551,1,0,2,0,1,0,3,2,2,0,1,1
ENSMUSG00000046138,6,37,49,38,57,57,68,46,63,41,39,59
ENSMUSG00000045065,0,0,0,0,0,0,0,0,0,0,0,0
ENSMUSG00000044730,4,16,22,16,11,12,22,16,11,30,21,24
ENSMUSG00000069893,0,1,0,0,0,1,0,2,1,3,1,1
ENSMUSG00000069892,1,14,6,1,7,12,15,3,15,4,5,14
ENSMUSG00000079144,2,27,29,12,10,14,27,23,13,16,25,32
ENSMUSG00000052595,0,0,0,0,0,0,0,0,0,0,0,0
ENSMUSG00000038884,2,25,13,10,18,15,17,23,19,37,22,40
ENSMUSG00000087075,0,0,0,0,0,0,0,0,0,0,0,0
ENSMUSG00000030111,0,1,0,0,0,2,2,3,1,4,1,1
ENSMUSG00000047228,0,0,0,0,0,0,1,0,0,0,0,0
ENSMUSG00000086213,0,0,0,0,1,0,0,2,0,1,0,1
ENSMUSG00000028794,2,0,1,1,1,0,1,0,1,0,0,0
ENSMUSG00000047613,4,53,31,42,52,35,54,53,64,51,80,82
ENSMUSG00000056014,0,11,13,9,11,6,18,10,9,9,15,26
ENSMUSG00000045838,9,90,95,52,91,82,97,62,83,83,108,129
ENSMUSG00000047878,1,10,6,8,7,7,6,16,19,7,4,24
ENSMUSG00000043122,7,126,102,85,113,122,97,95,99,137,129,129
ENSMUSG00000089844,0,1,0,0,0,0,0,0,0,0,0,1
ENSMUSG00000043939,0,0,0,1,1,0,5,1,0,0,0,5
ENSMUSG00000047462,0,0,0,1,0,1,0,1,0,0,1,1
ENSMUSG00000052760,4,9,7,6,5,3,14,16,9,6,5,14
ENSMUSG00000054293,0,3,1,0,0,1,5,1,2,2,6,5
ENSMUSG00000067541,0,0,0,0,0,0,0,0,0,0,0,0
ENSMUSG00000096094,0,0,0,0,0,0,0,0,0,0,0,0
ENSMUSG00000050875,0,0,0,0,1,0,0,0,0,0,0,0
ENSMUSG00000085139,0,0,0,0,0,0,0,0,0,0,0,2
ENSMUSG00000057715,0,0,0,0,0,0,0,0,0,0,0,0
ENSMUSG00000044150,0,10,5,6,12,9,5,14,7,10,7,9
ENSMUSG00000075330,1,0,0,0,0,0,0,0,0,0,0,0
ENSMUSG00000025727,0,3,3,1,1,4,0,0,1,0,0,0
ENSMUSG00000032671,0,1,0,0,0,0,1,1,1,2,2,2
ENSMUSG00000083307,0,0,0,0,0,0,0,0,0,0,0,0
ENSMUSG00000042510,0,3,3,4,2,2,3,6,5,6,4,4
ENSMUSG00000036678,4,48,35,19,22,27,39,56,47,64,42,68
ENSMUSG00000029482,0,6,9,2,12,4,14,9,7,6,11,17
ENSMUSG00000027761,0,0,0,0,0,0,1,0,0,0,0,0
ENSMUSG00000057228,0,0,0,0,0,1,0,0,0,0,0,0
ENSMUSG00000037257,4,50,55,20,48,39,40,36,37,36,41,69
ENSMUSG00000057230,10,70,64,57,106,88,115,73,90,96,117,122
ENSMUSG00000035642,14,252,230,178,254,201,234,252,270,336,315,349
ENSMUSG00000006299,29,401,336,236,305,317,396,400,393,410,452,602
ENSMUSG00000020804,0,0,0,0,0,0,0,0,0,0,0,0
ENSMUSG00000027628,8,80,77,64,83,65,65,62,70,86,75,127
ENSMUSG00000068522,0,1,0,1,0,0,0,0,0,1,0,1
ENSMUSG00000023938,4,86,66,46,59,55,44,38,57,68,67,96
ENSMUSG00000055923,0,27,25,20,14,20,32,15,21,17,37,38
ENSMUSG00000025894,5,95,72,52,72,79,84,93,89,87,86,124
ENSMUSG00000029695,0,1,0,0,1,0,0,0,4,1,1,1
ENSMUSG00000018697,2,31,26,18,35,33,58,46,47,30,38,60
ENSMUSG00000025375,1,5,9,14,4,5,7,5,9,11,11,17
ENSMUSG00000057191,3,3,5,1,5,4,10,27,16,19,11,45
ENSMUSG00000057880,3,37,22,22,34,43,21,23,22,21,41,35
ENSMUSG00000015243,2,45,32,19,36,37,30,43,42,42,37,39
ENSMUSG00000050296,1,14,11,6,10,14,17,15,12,13,21,13
ENSMUSG00000004668,0,0,0,0,0,0,0,0,0,0,0,0
ENSMUSG00000062017,0,0,0,0,0,1,0,0,0,1,0,0
ENSMUSG00000051900,0,1,0,1,0,1,0,0,0,0,0,0
ENSMUSG00000035435,0,0,0,0,0,0,0,0,0,0,0,0
ENSMUSG00000026944,17,179,148,96,135,127,162,137,130,197,230,187
ENSMUSG00000024130,11,39,65,27,51,40,56,44,41,36,64,52
ENSMUSG00000028125,1,7,20,4,8,10,11,9,17,6,9,11
ENSMUSG00000018800,4,13,16,6,23,28,17,19,18,24,23,23
ENSMUSG00000044749,0,4,4,4,4,10,1,12,5,10,7,7
ENSMUSG00000035722,15,42,32,22,37,37,42,49,42,50,55,70
ENSMUSG00000041828,12,124,113,117,130,144,146,137,168,166,144,188
ENSMUSG00000020620,2,32,36,22,28,34,25,38,37,47,29,34
ENSMUSG00000041797,2,9,1,2,11,5,10,8,9,11,8,7
ENSMUSG00000031974,7,101,81,64,65,99,88,67,92,69,84,101
ENSMUSG00000027048,0,0,1,0,0,0,2,0,0,1,0,1
ENSMUSG00000040584,12,41,40,28,43,34,82,45,68,52,54,59
ENSMUSG00000028970,4,19,15,8,22,23,26,19,25,18,13,26
ENSMUSG00000042476,2,65,76,42,64,82,82,64,69,59,102,90
ENSMUSG00000026198,0,0,1,0,0,0,0,0,0,0,1,1
ENSMUSG00000031333,5,114,74,65,92,76,86,63,81,77,73,123
ENSMUSG00000028973,10,274,233,159,236,246,225,223,238,285,295,349
ENSMUSG00000029408,3,47,33,35,39,45,34,39,30,32,31,62
ENSMUSG00000023088,5,68,50,30,38,49,58,50,46,69,41,108
ENSMUSG00000032842,1,17,14,17,12,15,11,6,16,16,21,25
ENSMUSG00000036872,0,0,0,0,2,0,0,0,0,0,0,0
ENSMUSG00000025194,0,0,0,0,0,0,0,0,0,0,0,0
ENSMUSG00000020865,2,8,7,6,7,5,12,19,3,9,6,16
ENSMUSG00000032849,6,37,29,21,24,17,31,22,27,30,33,39
ENSMUSG00000022822,12,78,73,49,74,91,69,68,76,73,80,98
ENSMUSG00000030834,0,0,0,0,0,0,0,0,0,0,0,0
ENSMUSG00000040136,3,93,102,70,110,118,138,126,136,165,179,185
ENSMUSG00000030249,28,586,536,340,560,570,487,383,486,444,396,587
ENSMUSG00000031378,8,174,139,103,126,107,148,150,140,163,155,211
ENSMUSG00000055782,1,7,9,6,7,8,9,4,12,11,9,16
ENSMUSG00000028127,17,279,279,192,281,232,253,247,225,257,207,302
ENSMUSG00000021240,3,17,18,11,21,17,11,19,10,15,14,34
ENSMUSG00000058355,15,126,107,79,134,140,145,114,145,107,105,167
ENSMUSG00000038762,30,291,323,226,321,293,382,397,369,420,444,533
ENSMUSG00000028953,7,97,92,62,87,96,121,103,107,114,114,164
ENSMUSG00000003234,12,148,132,101,132,129,230,193,250,198,305,298
ENSMUSG00000024030,1,14,6,9,4,8,22,28,19,6,14,42
ENSMUSG00000029802,15,79,78,49,68,79,109,122,124,135,97,153
ENSMUSG00000029299,0,3,0,2,0,2,1,1,0,2,0,5
ENSMUSG00000032131,0,2,0,0,1,1,0,0,0,1,0,0
ENSMUSG00000040505,0,0,0,0,0,0,0,0,0,0,0,0
ENSMUSG00000006638,1,12,18,14,21,11,29,12,21,19,17,31
ENSMUSG00000033157,2,51,42,41,40,43,45,47,48,46,43,58
ENSMUSG00000040532,10,176,170,136,147,154,168,193,193,167,178,255
ENSMUSG00000032046,9,166,154,97,166,141,164,191,169,145,189,248
ENSMUSG00000090121,0,0,0,0,0,0,0,0,0,0,1,1
ENSMUSG00000040396,3,52,41,34,36,42,24,48,45,42,33,72
ENSMUSG00000042210,4,70,63,51,69,58,56,59,55,59,69,81
ENSMUSG00000042073,7,85,72,40,52,73,47,57,52,93,76,91
ENSMUSG00000000686,0,3,4,1,2,4,0,4,2,1,1,2
ENSMUSG00000007036,10,189,195,150,161,201,212,235,227,242,246,358
ENSMUSG00000003346,35,196,166,144,186,217,164,213,195,157,216,326
ENSMUSG00000047368,2,26,28,19,32,40,29,44,47,33,32,56
ENSMUSG00000038459,6,124,97,66,100,110,157,105,94,104,111,156
ENSMUSG00000039202,7,40,27,27,25,30,40,40,37,31,40,50
ENSMUSG00000002475,0,2,5,2,3,8,8,5,6,2,4,7
ENSMUSG00000040997,13,178,154,112,180,140,236,215,284,244,231,380
ENSMUSG00000032540,11,138,140,92,125,119,143,158,158,167,170,221
ENSMUSG00000025277,0,33,30,20,19,32,33,33,41,40,36,60
ENSMUSG00000007950,10,81,69,47,60,93,52,77,73,91,89,127
ENSMUSG00000058835,8,52,58,39,54,58,83,75,68,69,61,122
ENSMUSG00000026782,5,50,51,26,43,57,45,55,45,44,42,60
ENSMUSG00000018381,15,30,20,19,35,30,43,50,68,42,54,71
ENSMUSG00000035258,0,8,12,9,16,12,24,10,15,24,11,33
ENSMUSG00000026842,2,71,65,65,82,94,91,71,70,98,95,122
ENSMUSG00000026596,3,56,49,36,45,52,62,43,38,41,59,82
ENSMUSG00000025085,67,933,813,601,923,951,1063,844,875,1141,974,1368
ENSMUSG00000029095,9,61,52,35,59,49,75,66,58,56,70,110
ENSMUSG00000032735,64,123,135,129,144,139,166,187,175,255,190,272
ENSMUSG00000017631,6,63,54,29,69,75,65,65,68,73,71,100
ENSMUSG00000042895,7,110,83,42,109,70,170,117,130,109,151,147
ENSMUSG00000078453,4,113,83,62,87,88,81,103,124,71,79,151
ENSMUSG00000035234,1,47,47,25,43,34,29,43,53,41,47,61
ENSMUSG00000030965,7,66,53,27,46,54,71,63,47,53,70,101
ENSMUSG00000036376,3,28,34,20,12,30,28,37,51,23,39,40
ENSMUSG00000030083,14,85,80,54,87,77,96,104,123,111,155,147
ENSMUSG00000032724,5,76,62,50,64,85,52,62,73,56,84,77
ENSMUSG00000110991,0,0,0,0,0,0,0,0,1,0,0,0
ENSMUSG00000113149,0,0,0,0,0,0,0,0,0,0,0,0
ENSMUSG00000114212,0,2,2,0,1,4,0,1,2,2,1,3
ENSMUSG00000114582,0,0,0,0,0,0,0,0,0,0,0,0
ENSMUSG00000114943,0,2,1,1,1,0,1,3,1,1,1,0
ENSMUSG00000113902,118,2155,1931,1447,1922,1958,1814,1852,2009,1912,1936,2788
ENSMUSG00000113255,0,13,16,7,13,15,18,20,16,9,9,30
ENSMUSG00000114073,0,1,1,0,0,0,2,1,2,3,2,3
ENSMUSG00000079192,0,0,0,0,0,0,0,0,0,0,1,0
ENSMUSG00000079794,0,0,0,0,0,0,0,0,1,0,1,1
ENSMUSG00000079800,0,0,0,0,0,0,0,1,0,0,1,0
ENSMUSG00000111063,0,1,1,1,0,0,0,1,0,0,1,1
ENSMUSG00000113846,0,0,0,0,0,0,0,0,0,0,0,0
ENSMUSG00000113880,0,2,1,1,1,3,3,1,1,0,2,1
ENSMUSG00000113973,0,1,0,0,0,0,0,0,0,0,0,0
ENSMUSG00000095500,0,0,0,0,0,0,0,0,0,0,0,0
ENSMUSG00000079190,0,0,0,0,0,0,0,0,0,0,0,0
ENSMUSG00000094514,0,0,0,0,1,0,0,0,0,0,0,0
ENSMUSG00000108728,1,0,0,1,0,0,0,0,0,0,0,0
ENSMUSG00000095041,70,82,58,52,71,72,72,70,45,63,72,82
ENSMUSG00000112216,0,0,0,0,0,0,1,0,0,0,0,1
ENSMUSG00000112252,0,0,0,0,1,1,0,1,0,0,0,0
ENSMUSG00000112027,0,0,0,1,1,0,0,0,0,0,0,0
ENSMUSG00000112419,0,1,0,0,0,0,0,0,0,0,0,0
ENSMUSG00000112495,0,0,0,0,0,0,0,1,0,0,0,0
ENSMUSG00000112781,0,0,0,0,0,0,0,0,1,0,0,0
ENSMUSG00000112814,0,0,0,0,0,0,0,0,0,0,0,0
ENSMUSG00000112919,1,0,0,0,0,0,0,0,0,0,0,0
ENSMUSG00000113267,0,0,0,0,0,0,0,0,0,0,0,0
ENSMUSG00000094303,0,0,0,0,0,0,0,0,0,0,0,0
ENSMUSG00000079808,2,3,4,5,7,4,8,6,3,3,5,15
ENSMUSG00000094915,0,0,0,0,0,0,0,0,0,0,0,0
ENSMUSG00000112640,0,5,6,3,4,3,0,4,4,4,3,9
ENSMUSG00000114470,0,0,0,0,0,1,0,1,1,0,0,0
ENSMUSG00000113951,1,14,11,15,12,16,13,18,12,16,21,31
ENSMUSG00000036138,29,295,285,185,294,278,281,286,327,310,303,432
ENSMUSG00000010651,1,15,15,7,18,15,14,21,23,17,21,24
ENSMUSG00000036880,179,3868,3415,2769,3442,3627,3441,3522,4259,4273,3284,4839
ENSMUSG00000020532,2,16,20,11,11,13,29,29,17,36,42,37
ENSMUSG00000042010,67,726,626,491,752,735,966,656,815,977,1069,972
ENSMUSG00000029456,2,16,16,10,22,17,24,13,18,19,17,19
ENSMUSG00000090150,18,334,301,227,329,307,194,202,265,242,236,338
ENSMUSG00000042647,10,241,209,188,254,270,269,272,268,343,300,393
ENSMUSG00000031969,6,156,110,87,117,122,111,102,116,133,120,166
ENSMUSG00000026003,134,2880,2350,1637,2670,2934,3033,3325,3617,2720,2703,4000
ENSMUSG00000062908,93,2323,2168,1334,2122,2350,1839,1839,2371,1871,1747,2500
ENSMUSG00000029545,27,771,717,462,723,696,583,592,680,699,665,862
ENSMUSG00000030861,12,317,310,208,337,324,368,363,367,319,404,502
ENSMUSG00000018574,144,3373,3231,2381,3043,3216,3318,3277,3428,4464,3640,4697
ENSMUSG00000030607,0,0,0,0,0,0,1,0,0,0,0,0
ENSMUSG00000001588,1,2,1,3,2,8,3,6,6,9,3,14
ENSMUSG00000049076,2,65,42,42,30,44,61,55,52,39,45,70
ENSMUSG00000029033,3,51,46,25,48,39,43,39,29,44,50,65
ENSMUSG00000032047,59,1376,1255,848,1370,1381,1088,1163,1214,1198,1185,1592
ENSMUSG00000023832,6,146,119,94,133,119,150,159,138,152,153,189
ENSMUSG00000062480,0,0,2,1,3,1,3,2,3,3,2,4
ENSMUSG00000026499,11,62,63,37,79,52,79,68,58,43,71,94
ENSMUSG00000056938,6,62,55,44,64,48,74,66,89,86,95,89
ENSMUSG00000026781,3,38,37,22,31,38,33,31,49,38,24,57
ENSMUSG00000033701,21,203,186,141,181,159,178,231,242,258,309,345
ENSMUSG00000026644,0,4,2,2,1,3,3,6,6,4,1,6
ENSMUSG00000040272,2,29,13,10,10,13,19,16,18,12,23,33
ENSMUSG00000075023,0,0,0,0,0,0,0,0,0,0,0,0
ENSMUSG00000038000,5,43,44,40,42,40,57,55,45,64,62,91
ENSMUSG00000020681,9,101,90,89,111,92,141,112,99,145,131,200
ENSMUSG00000015405,0,6,4,3,1,3,6,7,2,6,5,10
ENSMUSG00000045019,0,1,0,0,0,0,0,0,0,0,0,1
ENSMUSG00000038007,7,40,29,32,25,22,62,74,54,77,43,81
ENSMUSG00000030760,2,16,24,14,24,17,32,39,27,10,14,50
ENSMUSG00000023328,2,10,9,5,15,11,9,7,7,8,10,5
ENSMUSG00000022185,39,150,118,107,119,132,161,147,142,126,205,217
ENSMUSG00000037872,0,1,0,1,1,0,0,0,2,2,1,3
ENSMUSG00000044534,0,1,2,0,2,1,5,2,4,6,4,5
ENSMUSG00000044337,14,244,233,122,228,212,263,239,295,203,211,281
ENSMUSG00000079355,2,8,10,12,11,9,6,5,7,7,1,13
ENSMUSG00000026348,0,0,0,0,1,0,0,0,0,0,0,0
ENSMUSG00000060317,0,0,0,0,0,0,0,0,0,0,0,0
ENSMUSG00000028405,2,117,75,60,83,80,86,70,68,77,79,111
ENSMUSG00000022477,235,5382,5131,3453,5085,5271,5282,5214,6385,5975,6659,7799
ENSMUSG00000022126,0,2,1,0,1,5,10,22,3,2,6,49
ENSMUSG00000072949,6,101,70,78,123,127,209,167,198,206,109,146
ENSMUSG00000047565,1,14,14,7,8,14,20,27,17,12,21,26
ENSMUSG00000034853,2,44,40,43,40,37,47,38,55,67,52,67
ENSMUSG00000021620,0,0,0,1,0,0,0,0,0,0,0,0
ENSMUSG00000006717,107,2214,2054,1499,2049,1838,1723,1841,2145,2325,2573,2900
ENSMUSG00000021226,25,397,322,299,442,368,557,463,610,548,331,595
ENSMUSG00000052392,0,3,4,2,5,9,6,6,7,12,4,5
ENSMUSG00000042540,0,0,1,0,0,0,0,0,0,0,0,1
ENSMUSG00000043487,0,9,10,8,11,12,12,6,9,8,11,18
ENSMUSG00000028937,23,336,318,253,292,290,274,250,310,296,361,393
ENSMUSG00000017307,3,40,38,29,37,31,35,42,37,14,35,56
ENSMUSG00000025287,10,72,60,51,64,68,106,108,112,94,90,156
ENSMUSG00000020777,37,816,823,629,896,959,1037,990,1046,1180,1201,1470
ENSMUSG00000021751,0,0,3,3,1,1,3,1,1,3,6,5
ENSMUSG00000029098,5,56,59,35,67,61,65,70,76,82,78,92
ENSMUSG00000027380,0,0,0,0,0,0,0,0,0,1,0,0
ENSMUSG00000044573,3,64,57,34,48,67,77,80,101,111,104,135
ENSMUSG00000002103,8,59,58,54,79,70,91,99,75,58,74,124
ENSMUSG00000001348,1,3,5,3,3,3,6,20,3,11,6,24
ENSMUSG00000028093,8,83,66,43,72,71,57,52,71,62,77,94
ENSMUSG00000032561,0,0,0,0,0,0,1,1,0,0,0,0
ENSMUSG00000012777,0,0,0,0,1,0,0,0,0,1,0,2
ENSMUSG00000022622,1,3,1,3,7,4,5,3,3,8,4,3
ENSMUSG00000032110,0,0,0,0,0,0,0,0,0,0,1,0
ENSMUSG00000032281,0,3,0,0,0,1,0,1,2,1,1,4
ENSMUSG00000076435,4,50,65,35,48,59,84,80,84,86,76,82
ENSMUSG00000015016,8,94,79,55,90,84,61,68,95,99,76,103
ENSMUSG00000018796,67,1482,1336,893,1426,1337,1166,1090,1437,1157,1133,1503
ENSMUSG00000032883,2,5,7,4,11,13,10,8,9,7,15,9
ENSMUSG00000031278,3,36,23,17,26,22,46,37,34,28,18,54
ENSMUSG00000024981,4,33,43,33,43,29,57,51,56,34,55,95
ENSMUSG00000020333,4,27,27,14,34,28,22,43,36,29,39,31
ENSMUSG00000033533,0,0,0,0,0,0,0,0,0,0,0,0
ENSMUSG00000030945,0,1,0,0,0,1,0,0,0,0,0,0
ENSMUSG00000030935,0,0,0,0,0,0,0,0,0,0,0,0
ENSMUSG00000047026,0,0,0,0,0,0,0,0,0,0,0,0
ENSMUSG00000030972,0,8,7,6,7,10,13,7,12,9,5,9
ENSMUSG00000027452,36,937,755,571,848,885,1001,874,1052,1063,1062,1252
ENSMUSG00000027605,1,82,78,44,70,75,75,102,105,70,82,110
ENSMUSG00000035948,0,4,2,1,2,0,1,2,6,3,1,3
ENSMUSG00000031972,70,1267,1573,875,2032,1531,1012,1694,803,892,895,1715
ENSMUSG00000035783,33,195,200,287,437,250,218,217,373,227,414,436
ENSMUSG00000029580,1026,2376,1771,1314,2292,1993,2968,3030,1814,1293,1397,5008
ENSMUSG00000068614,1255,36917,34085,26308,33170,33010,14116,21803,21426,21241,15509,34291
ENSMUSG00000059430,5,2,5,4,9,2,4,6,6,1,20,11
ENSMUSG00000027671,4,70,70,41,51,57,66,56,65,65,44,89
ENSMUSG00000029712,1,0,0,0,0,0,0,0,0,0,0,0
ENSMUSG00000070980,0,0,1,0,1,0,1,0,0,0,0,1
ENSMUSG00000092519,0,0,0,0,0,0,0,0,0,1,0,0
ENSMUSG00000015143,11,67,75,44,81,70,98,94,82,78,83,135
ENSMUSG00000052374,240,5661,5664,3953,5394,5843,5731,6709,5998,6229,7187,8811
ENSMUSG00000006457,0,0,0,0,0,0,1,0,1,1,1,1
ENSMUSG00000054808,51,336,276,177,335,354,355,364,353,309,329,486
ENSMUSG00000021076,19,252,252,194,223,225,297,305,233,305,339,418
ENSMUSG00000025228,24,326,306,218,309,334,348,394,349,386,488,574
ENSMUSG00000037351,21,335,302,219,274,301,285,313,252,354,335,475
ENSMUSG00000020152,14,205,192,121,190,208,270,271,237,185,193,423
ENSMUSG00000026341,13,174,154,98,154,160,213,250,178,166,165,380
ENSMUSG00000056367,7,152,153,96,116,160,136,165,205,171,113,219
ENSMUSG00000037761,0,15,12,5,14,17,19,18,15,21,12,25
ENSMUSG00000019948,4,24,20,13,16,24,28,17,18,23,19,32
ENSMUSG00000015971,3,105,112,62,74,93,115,154,151,160,158,176
ENSMUSG00000037737,0,0,0,0,0,0,0,0,0,0,0,0
ENSMUSG00000026836,1,31,16,17,22,20,21,27,13,27,15,28
ENSMUSG00000000532,4,42,43,40,27,49,59,53,63,60,52,76
ENSMUSG00000026834,1,1,0,1,0,0,0,0,1,1,0,0
ENSMUSG00000052155,2,47,39,19,45,39,56,34,36,37,41,61
ENSMUSG00000061393,11,28,34,14,34,26,40,34,24,17,24,26
ENSMUSG00000000530,17,121,94,96,109,106,108,106,141,161,147,226
ENSMUSG00000023262,4,57,52,23,57,58,39,38,60,48,50,64
ENSMUSG00000024866,11,164,119,112,143,142,99,113,146,167,199,198
ENSMUSG00000008822,3,57,60,38,71,51,45,63,56,58,33,62
ENSMUSG00000060923,13,291,301,171,252,285,273,259,274,251,266,390
ENSMUSG00000017697,1,1,2,0,6,1,7,4,3,3,4,9
ENSMUSG00000024266,0,1,0,0,0,0,0,0,0,0,0,0
ENSMUSG00000027259,3,29,16,17,12,15,22,18,21,21,17,28
ENSMUSG00000054693,12,84,89,51,88,83,103,81,78,57,71,127
ENSMUSG00000020926,3,65,42,47,59,41,23,27,28,44,40,57
ENSMUSG00000054555,0,2,0,0,0,1,4,5,0,1,0,3
ENSMUSG00000028041,52,145,162,82,150,129,134,153,133,163,193,213
ENSMUSG00000052593,7,78,49,55,68,51,79,76,56,55,70,98
ENSMUSG00000011256,12,65,40,14,58,30,61,43,48,26,46,55
ENSMUSG00000062438,0,0,0,0,1,0,1,0,0,0,0,0
ENSMUSG00000022039,7,86,73,65,79,68,105,98,114,102,89,149
ENSMUSG00000008438,0,0,0,1,0,2,0,1,0,0,0,0
ENSMUSG00000040537,1,7,13,11,7,18,19,10,23,20,15,24
ENSMUSG00000025964,0,2,4,7,3,3,5,2,3,7,3,3
ENSMUSG00000014725,0,1,1,0,1,0,0,0,0,1,1,0
ENSMUSG00000031553,0,0,0,0,0,0,0,0,0,0,0,0
ENSMUSG00000043468,0,0,0,0,0,0,0,0,0,0,0,0
ENSMUSG00000037437,0,0,1,1,2,2,2,2,1,0,0,2
ENSMUSG00000027318,0,1,3,7,3,6,8,5,5,3,6,7
ENSMUSG00000079058,0,0,0,0,0,0,0,0,0,1,0,0
ENSMUSG00000072972,0,0,0,0,0,0,0,0,0,0,1,0
ENSMUSG00000031554,0,1,1,0,0,0,0,1,0,0,3,1
ENSMUSG00000025473,0,2,2,5,3,4,29,35,11,2,6,50
ENSMUSG00000031555,7,72,63,53,58,64,71,90,68,53,52,108
ENSMUSG00000022893,8,71,57,38,80,109,122,122,54,92,90,122
ENSMUSG00000024299,12,57,54,40,36,54,43,37,55,52,64,77
ENSMUSG00000047497,0,0,0,0,0,0,0,2,1,1,2,0
ENSMUSG00000014852,0,2,1,0,1,0,2,0,2,0,0,2
ENSMUSG00000059901,1,2,0,3,1,3,3,4,3,0,3,8
ENSMUSG00000033453,2,17,20,6,11,15,17,16,18,24,14,22
ENSMUSG00000049538,0,0,0,0,0,0,0,0,1,0,0,0
ENSMUSG00000058145,0,1,1,1,2,3,1,0,2,0,0,3
ENSMUSG00000053399,0,0,1,0,0,0,0,0,0,0,0,0
ENSMUSG00000053441,0,0,0,0,0,1,1,1,0,0,0,0
ENSMUSG00000036545,4,63,51,36,60,52,94,89,54,71,59,144
ENSMUSG00000022449,0,0,0,0,0,0,0,0,0,1,0,1
ENSMUSG00000043635,0,0,0,0,2,2,1,1,0,2,1,2
ENSMUSG00000006403,0,0,2,0,0,0,2,2,0,0,0,1
ENSMUSG00000022894,8,95,79,47,88,72,141,98,124,83,117,123
ENSMUSG00000046169,1,2,4,3,9,4,6,4,10,3,8,4
ENSMUSG00000032363,8,59,46,28,41,49,33,23,41,43,34,56
ENSMUSG00000031994,0,1,1,0,0,1,2,1,3,4,0,1
ENSMUSG00000030022,5,31,34,15,56,23,19,15,8,11,11,23
ENSMUSG00000066113,0,1,2,5,7,5,2,6,2,0,0,6
ENSMUSG00000036040,10,22,19,18,20,20,12,13,16,13,18,24
ENSMUSG00000070469,0,7,0,6,6,9,10,12,3,9,10,12
ENSMUSG00000015850,11,104,121,112,93,146,147,158,189,195,165,237
ENSMUSG00000043822,14,251,228,189,226,259,299,321,248,306,316,481
ENSMUSG00000056413,2,3,9,6,13,8,16,23,11,8,20,29
ENSMUSG00000020709,0,3,0,2,2,1,1,3,2,3,3,4
ENSMUSG00000027951,8,71,38,33,57,41,92,113,93,72,92,225
ENSMUSG00000020262,8,45,48,38,55,52,55,50,68,66,59,80
ENSMUSG00000052551,0,0,1,2,1,0,1,0,2,1,2,0
ENSMUSG00000031949,0,7,6,4,9,7,8,5,11,7,12,9
ENSMUSG00000019808,0,4,3,1,5,2,6,8,9,7,6,9
ENSMUSG00000021044,7,83,81,34,70,103,75,74,70,77,80,104
ENSMUSG00000022550,4,22,20,22,21,12,23,22,22,17,25,30
ENSMUSG00000020431,1,9,7,6,14,19,9,6,8,3,5,6
ENSMUSG00000026567,0,0,0,0,0,0,0,0,0,0,0,0
ENSMUSG00000021536,0,0,0,0,1,0,1,0,1,0,1,0
ENSMUSG00000020654,1,13,12,6,8,14,7,8,5,0,16,11
ENSMUSG00000022220,27,64,53,41,76,63,82,73,42,77,86,120
ENSMUSG00000022840,14,182,175,146,169,184,150,171,183,214,211,222
ENSMUSG00000022994,26,269,322,269,284,350,424,346,413,441,425,561
ENSMUSG00000031659,1,24,31,17,25,30,41,54,32,35,27,37
ENSMUSG00000022376,0,1,1,0,0,0,0,3,0,1,1,0
ENSMUSG00000005580,4,54,37,24,42,50,64,43,40,17,34,48
ENSMUSG00000029778,1,21,12,14,11,19,20,30,15,21,29,35
ENSMUSG00000029106,20,304,273,165,257,292,340,295,324,274,315,451
ENSMUSG00000030000,0,2,0,0,2,0,0,0,0,0,0,0
ENSMUSG00000025026,9,111,96,74,126,100,96,88,73,72,87,116
ENSMUSG00000050994,0,0,0,0,0,0,0,0,0,1,0,0
ENSMUSG00000025475,0,0,0,0,1,1,0,1,1,0,0,0
ENSMUSG00000031486,0,23,26,19,14,21,34,35,27,19,24,48
ENSMUSG00000029090,1,24,26,17,29,26,35,25,36,25,23,39
ENSMUSG00000028782,0,6,2,5,3,4,1,3,4,3,2,4
ENSMUSG00000033569,0,0,0,0,0,0,0,0,0,0,0,0
ENSMUSG00000044017,0,21,12,7,16,6,13,18,10,8,14,18
ENSMUSG00000004730,2,29,21,9,24,20,98,81,55,44,54,100
ENSMUSG00000032915,0,0,2,1,0,2,1,1,0,0,1,2
ENSMUSG00000041293,0,0,0,0,1,0,0,0,0,0,0,0
ENSMUSG00000067642,0,0,0,1,1,2,0,0,1,0,0,0
ENSMUSG00000023918,0,0,1,0,0,0,2,1,1,1,1,0
ENSMUSG00000056492,108,418,417,306,386,394,505,469,596,645,523,661
ENSMUSG00000031785,34,135,138,96,119,153,162,196,238,210,147,260
ENSMUSG00000031298,0,2,0,0,1,3,0,1,0,2,3,1
ENSMUSG00000060470,2,4,6,2,3,7,10,6,4,15,12,13
ENSMUSG00000053852,0,0,0,0,0,1,0,0,0,0,0,0
ENSMUSG00000061577,0,0,1,1,0,1,1,2,0,0,3,4
ENSMUSG00000039116,0,1,1,0,1,4,2,2,3,1,4,3
ENSMUSG00000013033,10,108,70,60,102,114,63,86,75,65,81,111
ENSMUSG00000028184,7,111,98,63,99,112,93,82,91,76,113,133
ENSMUSG00000037605,1,0,3,2,4,3,1,1,1,0,0,5
ENSMUSG00000039167,44,194,196,125,186,185,228,165,179,236,192,276
ENSMUSG00000069170,0,0,0,0,2,0,0,0,2,1,0,1
ENSMUSG00000074207,14,35,44,82,40,71,67,84,121,126,50,180
ENSMUSG00000028138,23,275,292,201,240,302,267,351,339,328,329,446
ENSMUSG00000074206,0,0,0,0,1,3,0,0,0,0,0,1
ENSMUSG00000055301,0,0,0,0,0,1,0,1,1,0,0,1
ENSMUSG00000025911,14,224,182,138,182,201,177,174,185,189,180,224
ENSMUSG00000044405,1,4,7,5,6,8,10,7,9,11,12,2
ENSMUSG00000022878,0,0,0,0,0,0,0,0,0,0,0,4
ENSMUSG00000026457,50,584,525,333,470,515,538,561,563,561,538,737
ENSMUSG00000030168,30,259,201,161,279,265,341,322,306,336,333,464
ENSMUSG00000039197,29,608,512,376,562,523,573,525,550,505,584,697
ENSMUSG00000030790,4,19,7,15,17,14,40,24,27,30,28,47
ENSMUSG00000054136,0,0,0,0,0,0,0,1,0,1,0,0
ENSMUSG00000051149,0,0,0,0,0,1,1,1,0,0,0,0
ENSMUSG00000053950,2,23,16,6,12,20,18,12,22,18,18,14
ENSMUSG00000057134,4,82,69,53,87,84,70,67,64,67,55,96
ENSMUSG00000042429,4,39,43,32,31,34,43,63,76,63,42,83
ENSMUSG00000020178,2,24,10,7,19,20,14,11,16,11,25,14
ENSMUSG00000018500,1,2,2,0,1,2,3,6,1,2,2,9
ENSMUSG00000000562,0,1,0,1,0,1,2,0,1,2,0,1
ENSMUSG00000025236,1,18,22,13,18,20,24,27,26,31,25,50
ENSMUSG00000002844,8,123,139,101,128,119,127,162,131,136,144,197
ENSMUSG00000031448,121,2206,2027,1337,1929,2138,3340,3060,3771,3783,5422,5310
ENSMUSG00000042558,4,51,30,28,43,53,35,58,48,53,62,77
ENSMUSG00000020910,2,26,28,16,25,29,20,29,23,27,27,50
ENSMUSG00000045875,4,19,21,15,14,18,26,15,24,23,21,16
ENSMUSG00000050541,9,134,115,91,166,158,142,122,95,109,126,196
ENSMUSG00000027335,0,0,0,0,0,1,0,0,0,1,0,0
ENSMUSG00000033717,0,0,0,0,0,0,0,0,0,0,0,0
ENSMUSG00000058620,0,2,4,7,0,2,5,1,1,3,5,8
ENSMUSG00000045318,0,0,2,1,1,1,3,2,1,2,2,0
ENSMUSG00000035283,0,33,34,16,34,37,31,26,33,17,24,29
ENSMUSG00000045730,1,5,3,3,2,6,4,6,7,0,0,6
ENSMUSG00000031489,0,0,0,0,0,0,0,0,0,0,0,0
ENSMUSG00000039041,5,155,141,103,151,167,183,202,187,208,211,281
ENSMUSG00000022407,15,205,185,125,185,167,183,218,210,251,243,327
ENSMUSG00000015961,5,43,30,24,44,37,35,42,35,38,34,52
ENSMUSG00000011148,19,518,459,307,440,449,370,405,422,435,407,551
ENSMUSG00000058022,0,0,1,1,0,0,0,0,1,0,0,0
ENSMUSG00000020473,3,55,36,45,50,34,54,79,37,82,78,139
ENSMUSG00000030232,8,100,83,61,106,100,126,120,111,95,110,147
ENSMUSG00000030609,1,85,66,57,63,69,77,62,74,85,78,117
ENSMUSG00000054452,223,3639,3595,2365,3407,3302,2843,2971,2994,3164,3525,4392
ENSMUSG00000094237,0,0,0,0,0,0,0,0,0,0,0,0
ENSMUSG00000057116,0,0,0,0,0,0,0,0,1,0,0,0
ENSMUSG00000039313,0,0,1,0,0,0,0,0,0,0,0,0
ENSMUSG00000029094,8,79,68,34,65,68,97,92,70,55,98,102
ENSMUSG00000033032,32,270,282,166,239,258,285,326,307,325,367,430
ENSMUSG00000025083,0,5,4,4,5,6,7,2,3,5,4,4
ENSMUSG00000068036,38,206,190,118,223,175,210,177,141,141,183,167
ENSMUSG00000029313,18,129,120,89,119,124,133,121,145,152,109,236
ENSMUSG00000031189,0,0,0,0,0,0,0,1,0,1,0,0
ENSMUSG00000037138,1,8,8,2,11,14,7,8,7,4,9,9
ENSMUSG00000049470,3,105,99,64,112,105,157,130,124,105,128,157
ENSMUSG00000038302,11,119,123,66,115,114,64,82,85,76,81,118
ENSMUSG00000031967,15,206,174,143,210,187,248,227,208,255,273,323
ENSMUSG00000024527,16,278,257,155,263,252,271,229,225,281,239,367
ENSMUSG00000017718,0,1,2,0,0,2,0,1,0,1,3,1
ENSMUSG00000054932,0,0,0,0,0,0,0,0,0,0,0,0
ENSMUSG00000049659,7,42,32,25,46,36,60,59,52,37,44,75
ENSMUSG00000031521,7,57,70,28,64,58,46,63,59,57,58,99
ENSMUSG00000055013,16,78,72,55,89,91,107,88,83,86,109,117
ENSMUSG00000025422,2,25,22,18,15,28,17,19,25,23,16,29
ENSMUSG00000023353,28,218,179,143,204,208,206,228,236,289,276,334
ENSMUSG00000025754,0,0,0,0,0,0,0,0,0,0,0,0
ENSMUSG00000040812,0,3,1,4,6,3,1,3,2,1,3,3
ENSMUSG00000038836,0,4,4,3,1,3,5,6,7,6,7,9
ENSMUSG00000061298,0,0,0,0,0,0,1,0,1,0,0,0
ENSMUSG00000029165,1,23,21,9,15,11,16,19,17,15,30,29
ENSMUSG00000015452,1,3,2,5,1,1,3,4,4,4,7,7
ENSMUSG00000026159,4,78,60,41,70,50,94,88,65,60,72,111
ENSMUSG00000029722,6,30,38,29,33,37,47,39,54,48,50,69
ENSMUSG00000021681,1,67,61,54,59,53,60,70,59,60,65,86
ENSMUSG00000029916,3,15,17,15,13,16,28,10,19,20,15,21
ENSMUSG00000033400,21,598,507,385,534,552,587,539,514,566,611,768
ENSMUSG00000040706,0,1,1,0,0,2,1,2,2,0,2,2
ENSMUSG00000050103,0,7,4,8,5,4,9,8,14,11,5,16
ENSMUSG00000041530,3,35,43,31,29,35,52,41,35,24,34,40
ENSMUSG00000036698,13,125,120,87,145,138,146,131,124,118,131,177
ENSMUSG00000028842,4,36,31,22,33,26,20,25,33,39,34,52
ENSMUSG00000042500,1,30,32,12,14,32,19,10,25,17,20,28
ENSMUSG00000034254,16,126,76,71,124,101,91,94,82,78,111,147
ENSMUSG00000026922,21,317,287,212,329,333,373,431,351,371,395,606
ENSMUSG00000001211,29,642,548,408,609,584,706,716,634,712,793,929
ENSMUSG00000023827,2,15,10,12,19,18,16,23,15,11,15,25
ENSMUSG00000031467,10,79,92,52,89,87,77,69,93,79,102,102
ENSMUSG00000042410,3,69,74,38,62,55,71,64,64,58,56,83
ENSMUSG00000041936,32,136,110,86,122,123,125,112,104,135,128,204
ENSMUSG00000005705,0,0,0,0,0,0,1,0,0,0,0,1
ENSMUSG00000031980,0,22,24,14,12,19,24,14,26,19,21,23
ENSMUSG00000021557,14,217,198,173,205,193,245,232,291,238,254,316
ENSMUSG00000049115,6,148,129,79,125,133,110,175,136,152,147,206
ENSMUSG00000029007,6,110,112,83,131,127,115,126,138,132,146,195
ENSMUSG00000026272,0,0,0,0,0,0,0,0,0,0,0,0
ENSMUSG00000089678,0,0,0,0,0,0,0,0,0,0,0,0
ENSMUSG00000026491,8,37,35,30,28,37,42,42,43,54,27,56
ENSMUSG00000027597,2,41,33,23,26,32,27,36,34,32,37,51
ENSMUSG00000027893,15,245,188,169,181,198,228,201,170,223,190,302
ENSMUSG00000029772,3,50,38,26,45,44,46,47,53,43,54,73
ENSMUSG00000037692,5,72,56,51,60,73,62,57,65,48,62,83
ENSMUSG00000019986,1,2,6,1,1,2,9,3,12,6,6,13
ENSMUSG00000069833,127,1046,1078,794,991,1072,1496,1325,1417,1526,1413,2013
ENSMUSG00000019256,2,21,27,9,16,12,23,18,24,26,24,34
ENSMUSG00000021575,0,7,12,2,5,3,11,6,8,5,11,8
ENSMUSG00000021037,10,205,197,140,186,200,176,191,203,217,243,354
ENSMUSG00000020288,6,95,68,57,99,90,80,67,71,77,66,110
ENSMUSG00000022868,2,4,0,5,7,10,16,13,23,19,13,39
ENSMUSG00000035875,0,0,0,0,0,0,0,0,0,1,0,0
ENSMUSG00000050812,25,377,306,225,332,338,389,332,357,336,319,441
ENSMUSG00000062753,8,40,43,27,42,44,48,68,48,45,75,124
ENSMUSG00000074384,0,4,4,4,1,3,2,7,9,7,6,4
ENSMUSG00000046312,2,39,29,31,40,32,28,37,32,31,36,48
ENSMUSG00000045165,0,2,3,0,1,1,3,8,3,4,2,5
ENSMUSG00000038598,0,1,0,0,0,1,0,1,0,0,1,0
ENSMUSG00000078307,0,7,2,3,9,4,5,1,5,0,0,5
ENSMUSG00000010290,3,62,47,35,51,54,64,47,64,50,48,77
ENSMUSG00000034382,0,3,4,0,2,2,2,3,3,1,2,5
ENSMUSG00000047423,9,128,149,108,121,134,196,159,200,146,177,297
ENSMUSG00000024970,3,24,21,17,23,30,20,24,16,16,23,19
ENSMUSG00000053297,0,1,2,3,0,5,2,3,3,1,2,3
ENSMUSG00000056383,1,25,24,12,38,31,39,41,45,25,32,50
ENSMUSG00000040627,0,0,0,0,0,0,0,0,0,0,0,0
ENSMUSG00000042901,31,101,78,53,71,79,107,102,72,103,95,192
ENSMUSG00000024397,3,25,16,15,10,15,58,118,47,29,34,183
ENSMUSG00000001864,0,6,7,1,2,3,3,3,7,1,1,7
ENSMUSG00000036932,7,200,207,115,177,191,158,151,161,156,166,234
ENSMUSG00000020085,5,96,83,61,90,75,91,99,83,132,119,126
ENSMUSG00000022763,0,0,0,1,1,2,0,0,0,0,0,0
ENSMUSG00000019806,6,178,152,134,172,164,184,186,189,197,215,274
ENSMUSG00000037860,3,7,2,2,3,3,8,10,8,5,6,15
ENSMUSG00000028029,14,220,221,108,184,183,224,257,262,264,317,353
ENSMUSG00000029610,11,132,103,82,103,125,116,159,146,129,183,216
ENSMUSG00000024847,5,85,86,67,100,65,91,103,92,100,95,157
ENSMUSG00000040554,0,0,0,0,0,0,0,0,0,0,0,0
ENSMUSG00000000731,0,0,1,0,0,0,0,0,0,0,0,0
ENSMUSG00000039546,0,0,1,1,4,0,0,2,0,2,2,1
ENSMUSG00000022178,0,20,18,16,11,18,21,17,25,31,22,35
ENSMUSG00000026817,83,2153,1902,1502,1866,1966,1657,1543,1923,1544,1939,2426
ENSMUSG00000078139,14,243,204,130,239,236,235,204,241,218,253,319
ENSMUSG00000028792,10,217,220,166,235,259,316,312,359,280,389,495
ENSMUSG00000024782,31,446,418,292,410,432,410,361,406,417,421,498
ENSMUSG00000028527,0,72,63,41,68,72,50,38,41,46,53,69
ENSMUSG00000039058,0,0,0,0,0,0,0,0,0,0,0,0
ENSMUSG00000041323,0,0,0,0,0,0,0,0,0,0,0,0
ENSMUSG00000026807,0,0,0,0,0,0,2,0,0,0,1,0
ENSMUSG00000091415,0,2,0,1,0,0,1,0,0,0,1,1
ENSMUSG00000091636,0,0,0,0,0,0,0,0,0,0,0,0
ENSMUSG00000018428,14,308,292,180,306,268,310,246,280,238,320,362
ENSMUSG00000047804,3,16,21,12,27,22,24,19,15,15,18,16
ENSMUSG00000022016,4,72,85,41,76,72,103,87,70,82,73,102
ENSMUSG00000038587,9,67,49,37,51,51,73,47,42,33,30,46
ENSMUSG00000066406,36,180,151,102,195,171,200,185,178,162,178,242
ENSMUSG00000036551,0,0,2,1,0,0,2,1,0,0,0,1
ENSMUSG00000059708,0,7,13,8,10,11,9,6,2,4,6,11
ENSMUSG00000038729,0,0,1,0,1,0,0,0,0,0,0,1
ENSMUSG00000021057,27,180,163,111,156,133,88,131,128,123,159,248
ENSMUSG00000061603,14,272,259,200,280,327,316,295,281,275,279,386
ENSMUSG00000039166,4,63,67,36,69,85,51,67,78,62,71,80
ENSMUSG00000024045,14,128,102,75,97,106,147,119,112,113,119,164
ENSMUSG00000002625,36,145,147,98,186,171,191,193,210,165,277,242
ENSMUSG00000040407,5,68,69,41,68,64,86,60,54,66,81,89
ENSMUSG00000031023,4,51,39,31,44,40,78,67,72,68,64,92
ENSMUSG00000023075,5,41,40,26,41,30,39,40,39,34,40,54
ENSMUSG00000028291,11,158,134,98,154,128,144,174,172,171,126,193
ENSMUSG00000039158,2,11,7,2,7,10,10,13,14,6,11,15
ENSMUSG00000049565,0,0,0,0,0,1,0,0,0,0,0,0
ENSMUSG00000028692,76,697,654,445,714,694,791,967,860,782,947,1354
ENSMUSG00000061758,6,198,134,114,161,150,105,124,166,175,173,214
ENSMUSG00000001642,13,240,244,187,245,231,212,221,251,200,249,381
ENSMUSG00000052131,0,0,0,0,0,0,2,0,0,0,0,0
ENSMUSG00000029762,0,6,14,3,11,2,10,28,15,8,8,31
ENSMUSG00000021211,2,0,0,0,1,0,0,1,1,1,0,0
ENSMUSG00000021213,0,1,3,1,3,0,4,4,1,2,2,2
ENSMUSG00000033715,3,11,15,7,9,8,16,12,13,8,21,19
ENSMUSG00000021214,0,0,0,0,0,0,0,0,0,0,0,0
ENSMUSG00000071551,2,5,4,5,6,5,7,6,4,7,5,4
ENSMUSG00000021207,0,2,0,0,0,0,0,0,0,0,0,0
ENSMUSG00000025955,0,0,0,1,1,1,1,0,0,0,0,0
ENSMUSG00000045410,8,78,65,49,63,70,78,83,77,76,92,108
ENSMUSG00000028743,16,324,289,247,253,249,262,279,331,358,347,390
ENSMUSG00000001729,40,638,536,364,455,507,522,466,533,621,717,920
ENSMUSG00000004056,15,217,169,147,211,214,218,229,254,204,272,370
ENSMUSG00000019699,7,50,34,28,40,44,44,55,53,62,50,65
ENSMUSG00000031667,14,146,132,99,149,139,126,126,142,111,140,218
ENSMUSG00000028393,10,241,240,165,231,211,192,193,222,252,216,300
ENSMUSG00000032786,23,695,563,390,525,550,353,301,366,395,425,539
ENSMUSG00000025270,137,293,204,78,218,117,18,36,101,55,97,142
ENSMUSG00000029368,0,1,1,1,1,1,0,0,0,0,0,1
ENSMUSG00000022636,0,2,3,1,4,5,5,8,9,3,1,16
ENSMUSG00000007833,9,37,50,27,36,36,51,71,33,61,61,69
ENSMUSG00000025007,2,23,14,7,20,13,17,18,12,6,23,30
ENSMUSG00000053279,14,50,64,51,80,66,88,76,148,146,67,149
ENSMUSG00000013584,1,16,11,7,12,19,70,118,15,13,20,161
ENSMUSG00000015134,0,1,2,1,0,4,2,0,2,0,1,2
ENSMUSG00000024747,0,0,0,0,0,0,0,0,1,0,0,1
ENSMUSG00000035561,3,40,42,27,37,37,25,43,50,34,52,46
ENSMUSG00000020256,0,8,4,7,6,13,8,4,5,10,7,10
ENSMUSG00000029455,87,957,877,785,907,986,1063,1212,1210,1847,1577,1791
ENSMUSG00000019102,0,1,3,2,0,1,0,0,1,4,2,2
ENSMUSG00000010025,3,68,46,41,43,65,54,61,54,60,49,68
ENSMUSG00000024885,0,5,9,4,16,10,17,25,14,13,16,29
ENSMUSG00000075296,0,0,0,0,0,0,0,0,0,0,0,0
ENSMUSG00000037263,0,0,1,0,0,0,1,1,0,1,1,0
ENSMUSG00000028737,20,385,331,208,343,338,276,230,267,292,271,390
ENSMUSG00000035936,6,118,99,74,103,112,108,127,114,110,134,150
ENSMUSG00000021238,16,461,452,292,436,437,347,373,478,441,448,536
ENSMUSG00000053644,5,113,124,78,87,127,168,135,131,181,193,232
ENSMUSG00000037542,0,0,0,0,0,2,0,0,0,1,0,0
ENSMUSG00000026687,6,111,87,101,136,125,132,106,113,123,93,165
ENSMUSG00000030695,486,9941,9190,6936,9350,9101,10027,10038,10758,10059,13225,15574
ENSMUSG00000059343,6,52,45,21,34,54,34,48,49,60,66,93
ENSMUSG00000063129,2,10,14,10,7,3,9,4,16,11,11,18
ENSMUSG00000028307,0,24,15,13,24,26,27,12,17,18,18,14
ENSMUSG00000017390,0,0,1,0,2,2,0,0,1,1,1,0
ENSMUSG00000039427,8,70,52,38,55,48,67,84,73,76,102,111
ENSMUSG00000075470,0,4,5,2,5,4,5,8,6,9,5,6
ENSMUSG00000063362,1,18,22,13,29,8,32,25,28,25,23,43
ENSMUSG00000035845,1,17,20,10,24,21,9,20,9,7,11,19
ENSMUSG00000041718,0,7,12,8,18,20,12,12,19,8,10,26
ENSMUSG00000039887,5,41,43,24,29,44,42,41,36,35,46,71
ENSMUSG00000039740,2,22,15,10,15,21,23,19,13,23,18,19
ENSMUSG00000033809,4,46,41,33,34,35,48,53,46,32,46,69
ENSMUSG00000036632,4,33,43,30,41,54,46,60,59,49,44,98
ENSMUSG00000073792,2,27,17,16,23,19,22,25,25,30,20,29
ENSMUSG00000035704,1,7,5,3,7,15,10,15,10,4,14,18
ENSMUSG00000032059,0,33,18,11,13,19,21,29,23,17,22,26
ENSMUSG00000055471,0,0,0,0,0,0,0,0,0,0,0,0
ENSMUSG00000087247,2,0,0,0,0,0,0,0,0,0,0,0
ENSMUSG00000054204,0,5,3,3,6,1,3,3,4,2,9,3
ENSMUSG00000079036,2,25,12,19,17,21,31,34,29,15,18,42
ENSMUSG00000044339,0,7,8,2,5,7,11,9,3,5,8,13
ENSMUSG00000040174,5,112,114,73,112,102,118,124,134,139,129,182
ENSMUSG00000039754,1,12,11,14,9,10,11,11,17,20,17,21
ENSMUSG00000042650,13,183,142,132,171,170,191,151,217,120,164,248
ENSMUSG00000002661,18,429,352,270,348,358,302,343,373,375,467,573
ENSMUSG00000025899,0,28,24,20,40,31,30,21,26,40,19,28
ENSMUSG00000063810,0,0,1,0,3,6,6,3,5,0,0,4
ENSMUSG00000000320,9,19,19,13,23,16,23,25,22,21,24,24
ENSMUSG00000018924,0,0,0,0,0,2,0,0,0,0,0,0
ENSMUSG00000025701,0,60,44,31,36,41,23,35,20,33,15,45
ENSMUSG00000060063,9,43,32,21,25,34,66,91,40,39,45,106
ENSMUSG00000020891,0,0,0,0,0,0,0,0,1,0,1,0
ENSMUSG00000020892,0,1,0,0,1,0,0,1,0,0,1,0
ENSMUSG00000028028,0,1,0,2,2,0,3,5,2,3,5,4
ENSMUSG00000032845,18,319,344,213,316,297,270,238,259,341,355,341
ENSMUSG00000038763,29,375,412,282,351,366,375,319,314,322,417,497
ENSMUSG00000028766,5,83,68,42,55,76,74,77,58,66,82,137
ENSMUSG00000044037,11,21,24,23,21,35,37,27,31,26,37,36
ENSMUSG00000047528,0,0,1,0,0,0,0,0,0,0,0,0
ENSMUSG00000036602,2,0,0,0,0,0,0,0,0,0,0,0
ENSMUSG00000014603,0,0,0,0,0,0,0,0,0,0,0,0
ENSMUSG00000040310,0,1,0,0,1,0,0,0,0,2,1,1
ENSMUSG00000025134,12,77,68,28,58,77,85,87,91,49,67,115
ENSMUSG00000060244,0,8,2,4,6,7,8,2,6,4,2,5
ENSMUSG00000022244,5,99,76,65,105,81,77,75,81,89,80,137
ENSMUSG00000029288,0,0,0,0,0,0,0,0,0,0,0,0
ENSMUSG00000028356,0,0,0,0,0,1,0,0,1,0,1,1
ENSMUSG00000040506,5,50,27,18,36,45,45,32,41,39,28,67
ENSMUSG00000075232,11,102,140,112,98,150,155,169,167,160,110,212
ENSMUSG00000063953,8,87,117,95,111,152,128,137,146,100,85,179
ENSMUSG00000015890,0,0,0,0,0,0,0,0,0,0,0,0
ENSMUSG00000036820,6,40,33,18,28,37,47,69,50,53,66,82
ENSMUSG00000031354,0,0,0,0,0,0,0,0,0,0,0,0
ENSMUSG00000050332,4,25,17,11,23,26,22,17,26,16,19,24
ENSMUSG00000021986,0,1,0,1,0,0,0,1,2,2,0,2
ENSMUSG00000031751,22,356,309,201,321,357,377,347,367,335,367,519
ENSMUSG00000035262,0,0,0,0,0,0,0,0,1,0,0,1
ENSMUSG00000023047,2,0,1,0,1,0,3,3,3,1,2,1
ENSMUSG00000050947,3,40,35,26,50,43,38,25,46,37,39,56
ENSMUSG00000048218,0,14,4,13,10,12,10,23,6,13,5,15
ENSMUSG00000032593,1,11,8,13,8,7,5,5,3,7,9,11
ENSMUSG00000042225,4,46,38,30,34,36,45,38,41,43,29,51
ENSMUSG00000041915,8,57,35,36,31,40,49,44,49,40,44,66
ENSMUSG00000021278,0,1,0,0,0,0,0,0,0,0,0,0
ENSMUSG00000068250,3,30,23,16,28,27,48,40,33,36,37,57
ENSMUSG00000041688,1,26,35,27,35,31,33,34,30,39,34,59
ENSMUSG00000013076,17,163,139,112,208,160,206,145,143,161,202,215
ENSMUSG00000032531,17,160,144,86,143,150,279,167,286,256,288,310
ENSMUSG00000070385,0,0,0,0,0,0,0,0,0,0,0,0
ENSMUSG00000027889,5,11,9,7,10,7,10,16,4,7,8,13
ENSMUSG00000005686,7,64,50,36,60,52,81,71,61,65,64,102
ENSMUSG00000021314,0,6,4,1,1,1,1,2,8,4,3,5
ENSMUSG00000032607,8,20,18,10,20,15,22,14,21,19,15,22
ENSMUSG00000029282,0,0,1,2,0,1,0,1,1,0,0,0
ENSMUSG00000096770,0,0,0,0,0,0,0,0,0,0,1,0
ENSMUSG00000074268,0,0,0,0,0,0,0,0,0,0,0,0
ENSMUSG00000050022,0,4,3,2,1,1,7,4,3,3,2,5
ENSMUSG00000020610,13,269,239,145,249,235,254,245,293,328,350,400
ENSMUSG00000014355,7,85,89,63,98,92,98,86,90,112,120,138
ENSMUSG00000036977,4,27,31,16,23,26,23,22,29,27,26,37
ENSMUSG00000025135,21,361,346,283,328,361,297,405,352,417,463,595
ENSMUSG00000035048,41,772,682,474,699,681,692,742,808,1007,1110,1214
ENSMUSG00000030649,5,43,47,26,36,40,59,42,50,49,57,79
ENSMUSG00000074780,0,0,0,1,0,0,0,0,0,0,0,1
ENSMUSG00000020107,28,285,243,156,237,218,229,239,283,252,266,299
ENSMUSG00000026965,20,165,137,121,168,146,179,162,195,180,198,302
ENSMUSG00000029176,5,107,102,59,120,117,152,120,136,109,106,158
ENSMUSG00000029472,60,531,502,343,515,493,603,624,524,626,605,849
ENSMUSG00000029466,10,120,113,69,109,113,150,138,177,131,154,180
ENSMUSG00000021257,1,8,5,6,8,13,27,12,14,8,8,7
ENSMUSG00000026634,15,120,141,94,137,127,168,117,130,120,120,159
ENSMUSG00000022309,10,58,57,36,70,76,46,38,64,43,44,88
ENSMUSG00000031465,2,10,9,4,6,4,14,7,8,7,7,11
ENSMUSG00000027460,0,0,0,3,0,0,0,1,3,3,1,1
ENSMUSG00000033544,0,7,13,2,4,9,4,4,4,6,6,10
ENSMUSG00000004105,5,144,157,140,170,154,142,134,161,188,156,274
ENSMUSG00000028553,0,16,8,5,13,9,8,4,14,4,9,13
ENSMUSG00000002289,3,39,69,27,134,53,97,62,92,171,18,150
ENSMUSG00000038742,1,23,14,9,11,21,23,21,24,23,17,32
ENSMUSG00000028989,0,4,3,5,2,3,0,4,9,0,1,4
ENSMUSG00000047822,0,0,0,0,1,0,1,0,0,0,0,0
ENSMUSG00000022265,17,421,396,338,391,455,378,358,413,449,435,577
ENSMUSG00000031543,64,1274,1096,729,1108,1250,917,933,917,1100,1153,1315
ENSMUSG00000032826,11,222,194,116,196,259,204,134,186,122,163,203
ENSMUSG00000069601,13,287,272,211,305,347,310,329,334,321,341,419
ENSMUSG00000039342,0,0,0,1,0,2,2,1,1,1,1,0
ENSMUSG00000066510,0,0,0,1,0,0,0,0,0,0,0,0
ENSMUSG00000047117,0,1,1,1,0,1,1,1,0,0,0,3
ENSMUSG00000074771,0,0,0,0,0,0,0,1,0,0,0,0
ENSMUSG00000020790,6,36,44,36,36,36,54,66,48,39,45,104
ENSMUSG00000024483,31,69,58,35,68,77,54,60,70,46,57,68
ENSMUSG00000040351,2,36,46,21,36,33,40,30,28,25,25,48
ENSMUSG00000032257,0,0,0,0,0,0,0,0,0,0,0,0
ENSMUSG00000046295,0,2,0,0,1,0,2,0,0,0,0,2
ENSMUSG00000029501,4,74,68,42,91,101,82,107,93,86,75,123
ENSMUSG00000034212,3,18,23,17,21,23,15,19,20,11,8,33
ENSMUSG00000036188,7,53,46,26,65,42,47,48,56,42,60,75
ENSMUSG00000021661,3,37,32,42,38,40,36,42,29,41,53,65
ENSMUSG00000024803,480,4493,5552,3374,4510,5868,19758,21108,12455,13948,16283,30763
ENSMUSG00000031508,8,79,80,46,59,89,105,91,90,110,79,123
ENSMUSG00000035569,30,104,136,79,153,151,134,134,151,98,108,149
ENSMUSG00000034647,5,15,22,23,22,39,36,29,26,39,25,40
ENSMUSG00000041870,20,107,79,102,95,104,116,118,92,145,110,191
ENSMUSG00000037907,4,42,50,22,36,41,44,45,36,66,55,78
ENSMUSG00000039988,3,59,49,31,64,63,69,47,49,55,54,80
ENSMUSG00000005986,0,4,1,4,1,2,7,3,2,2,1,5
ENSMUSG00000047909,3,31,33,25,14,43,39,31,31,40,38,48
ENSMUSG00000055204,52,265,275,182,290,351,348,276,285,229,272,332
ENSMUSG00000025172,0,5,4,4,5,4,10,14,5,5,11,18
ENSMUSG00000024774,0,0,0,0,0,0,0,2,0,0,0,0
ENSMUSG00000067653,0,13,14,10,6,9,23,24,18,10,38,36
ENSMUSG00000054708,4,32,34,30,37,40,27,32,30,36,45,48
ENSMUSG00000007827,0,5,4,2,4,2,6,5,3,3,7,5
ENSMUSG00000034867,0,21,18,8,19,28,29,19,13,17,22,39
ENSMUSG00000014496,2,19,19,21,25,15,19,25,21,21,27,39
ENSMUSG00000057766,2,16,6,9,12,8,11,6,5,5,8,10
ENSMUSG00000109561,0,0,0,0,0,0,0,0,0,1,0,0
ENSMUSG00000047034,0,0,0,0,0,0,0,0,0,0,0,0
ENSMUSG00000022237,3,44,45,23,50,53,64,52,79,61,56,91
ENSMUSG00000049097,0,4,6,4,7,5,14,5,8,10,6,8
ENSMUSG00000045034,0,0,0,0,0,0,0,0,0,0,0,1
ENSMUSG00000047606,0,0,0,0,1,0,0,0,0,0,0,0
ENSMUSG00000038354,0,14,5,7,9,7,2,2,4,11,5,4
ENSMUSG00000050914,1,12,10,4,7,5,13,9,19,17,12,12
ENSMUSG00000079610,0,26,21,18,17,17,20,16,20,17,19,24
ENSMUSG00000020864,35,927,900,638,838,775,813,832,832,803,1078,1254
ENSMUSG00000041343,1,2,0,1,1,3,4,1,4,4,0,2
ENSMUSG00000052331,5,29,31,15,16,32,27,29,31,28,21,42
ENSMUSG00000044835,0,0,2,1,6,7,4,1,5,3,3,11
ENSMUSG00000048307,2,89,104,43,87,81,101,105,93,76,92,127
ENSMUSG00000031931,7,33,31,17,25,22,38,27,35,21,21,49
ENSMUSG00000044864,5,73,72,64,83,78,81,74,57,62,74,78
ENSMUSG00000014498,4,16,15,13,25,13,18,9,14,20,13,30
ENSMUSG00000014747,0,0,0,0,0,0,0,0,0,0,0,0
ENSMUSG00000033055,8,21,24,18,21,23,25,41,31,33,25,39
ENSMUSG00000049985,0,3,3,1,3,1,2,4,3,2,0,1
ENSMUSG00000040183,1,6,5,4,2,5,3,3,1,3,1,4
ENSMUSG00000027517,0,0,0,0,0,0,1,0,0,0,0,0
ENSMUSG00000029607,0,1,0,0,0,0,0,0,0,1,0,0
ENSMUSG00000078137,0,3,7,4,1,5,10,2,2,7,9,10
ENSMUSG00000096140,0,0,0,0,0,0,0,0,0,0,0,0
ENSMUSG00000029517,0,0,0,0,0,1,0,0,0,0,0,0
ENSMUSG00000037904,6,176,147,123,139,147,153,160,220,279,157,250
ENSMUSG00000024219,10,79,64,57,79,59,85,73,55,90,75,93
ENSMUSG00000058589,0,1,0,0,2,1,2,2,1,1,0,0
ENSMUSG00000022515,7,49,30,37,34,32,36,27,43,43,44,64
ENSMUSG00000030909,0,0,0,0,0,0,0,0,0,0,0,0
ENSMUSG00000066191,0,7,2,2,1,5,5,2,6,5,5,4
ENSMUSG00000074591,0,0,0,0,1,0,0,0,0,0,0,0
ENSMUSG00000026199,10,49,44,37,51,40,51,54,67,60,80,106
ENSMUSG00000036777,0,3,4,0,1,2,6,4,2,9,3,4
ENSMUSG00000031075,3,23,30,15,35,25,27,26,39,20,39,38
ENSMUSG00000037949,16,233,234,125,184,182,163,181,216,240,203,279
ENSMUSG00000038115,0,0,0,0,0,0,0,0,0,0,0,0
ENSMUSG00000074968,0,0,0,1,3,2,0,0,0,0,1,1
ENSMUSG00000035189,2,9,9,5,10,6,3,3,10,9,7,14
ENSMUSG00000055489,0,1,2,0,5,1,7,3,2,1,1,2
ENSMUSG00000064210,13,58,52,38,64,57,66,53,57,40,45,88
ENSMUSG00000034107,0,0,0,0,0,0,0,1,0,0,0,1
ENSMUSG00000034863,4,52,59,53,51,63,51,62,49,57,73,81
ENSMUSG00000054662,0,0,0,0,0,0,0,0,0,1,0,0
ENSMUSG00000032249,18,214,191,118,157,171,177,174,168,216,369,276
ENSMUSG00000028333,17,169,147,103,148,154,150,225,199,186,180,285
ENSMUSG00000015749,12,191,161,118,176,169,220,181,168,164,178,260
ENSMUSG00000039062,1,19,13,19,22,24,20,27,23,20,26,49
ENSMUSG00000033420,8,45,39,30,48,35,54,39,37,38,37,42
ENSMUSG00000029338,12,346,253,220,268,314,221,257,238,281,260,368
ENSMUSG00000024659,10,62,49,50,60,70,71,104,59,102,66,141
ENSMUSG00000031635,0,0,0,0,0,0,0,0,0,0,0,0
ENSMUSG00000021866,7,47,78,50,61,79,67,67,69,67,81,96
ENSMUSG00000055114,0,1,1,0,0,0,0,0,0,0,0,0
ENSMUSG00000032231,29,212,191,155,210,177,307,350,223,241,246,599
ENSMUSG00000029484,14,76,83,65,90,66,84,82,90,98,71,108
ENSMUSG00000029994,3,52,67,28,64,43,128,122,82,61,64,153
ENSMUSG00000027712,37,362,320,198,375,344,456,495,375,446,526,731
ENSMUSG00000018340,40,741,636,515,623,730,794,870,795,795,822,1220
ENSMUSG00000021814,20,223,182,140,203,221,370,351,303,312,296,562
ENSMUSG00000021950,0,0,0,0,2,0,1,1,0,1,2,1
ENSMUSG00000015702,0,3,3,2,2,2,3,5,0,2,5,7
ENSMUSG00000021322,2,3,7,2,7,5,11,30,16,11,16,28
ENSMUSG00000029811,0,0,0,0,0,0,0,0,0,0,0,0
ENSMUSG00000078651,0,0,3,3,3,6,1,5,2,5,5,3
ENSMUSG00000019326,3,47,35,24,41,41,32,33,38,45,42,46
ENSMUSG00000063558,6,61,63,63,62,61,107,87,107,124,71,107
ENSMUSG00000079554,0,0,0,0,0,0,0,0,0,0,0,0
ENSMUSG00000064294,1,1,1,0,0,0,2,1,1,1,2,1
ENSMUSG00000074238,6,48,32,19,49,41,48,53,39,33,50,78
ENSMUSG00000009090,17,291,200,137,242,242,248,225,180,248,319,292
ENSMUSG00000031731,2,91,71,53,105,84,68,84,57,85,85,118
ENSMUSG00000040701,1,11,26,10,15,10,32,28,26,20,15,27
ENSMUSG00000003033,16,205,140,121,226,177,226,225,194,207,250,272
ENSMUSG00000003309,0,0,0,1,0,1,0,0,0,0,0,0
ENSMUSG00000004849,12,139,116,75,113,132,166,178,160,209,223,272
ENSMUSG00000031367,3,63,70,55,72,64,106,92,68,85,62,115
ENSMUSG00000054702,0,0,3,0,0,1,1,2,0,0,0,1
ENSMUSG00000060279,15,113,164,114,122,150,157,139,131,154,191,229
ENSMUSG00000002957,11,179,133,112,145,145,162,183,164,136,194,279
ENSMUSG00000035152,10,65,74,49,84,88,97,90,77,46,36,112
ENSMUSG00000022841,21,279,240,205,239,249,301,338,297,325,283,442
ENSMUSG00000008036,30,170,175,108,167,148,177,214,212,180,162,267
ENSMUSG00000021686,7,75,67,67,67,73,91,95,95,116,130,149
ENSMUSG00000062444,0,0,0,0,0,0,0,0,1,0,1,0
ENSMUSG00000020198,19,161,154,115,166,183,193,177,160,194,194,248
ENSMUSG00000021824,4,88,91,67,71,89,91,75,73,89,83,117
ENSMUSG00000031539,9,18,8,6,13,13,17,14,9,14,14,18
ENSMUSG00000024480,0,17,12,9,16,12,21,24,27,14,23,38
ENSMUSG00000063801,5,107,112,66,89,75,99,101,119,130,101,168
ENSMUSG00000032952,2,29,23,27,32,40,30,40,52,41,35,46
ENSMUSG00000001998,4,3,8,2,7,9,15,8,4,1,9,3
ENSMUSG00000019518,2,19,10,2,18,11,12,19,24,19,16,23
ENSMUSG00000020955,16,332,305,238,311,383,369,429,459,423,572,627
ENSMUSG00000049562,0,1,3,1,2,1,4,2,3,3,3,9
ENSMUSG00000036291,0,12,14,13,10,18,13,20,20,17,24,25
ENSMUSG00000068264,5,135,99,66,106,90,95,101,130,123,140,187
ENSMUSG00000039623,3,28,25,14,31,23,37,22,34,33,45,40
ENSMUSG00000019979,0,15,10,9,15,24,15,22,12,14,15,27
ENSMUSG00000024897,2,9,7,8,7,6,11,9,7,9,19,19
ENSMUSG00000030519,0,5,2,2,1,1,2,2,6,7,5,1
ENSMUSG00000004931,7,153,179,104,142,160,131,136,148,107,144,177
ENSMUSG00000037032,27,742,636,494,709,682,695,569,664,947,968,924
ENSMUSG00000026786,1,28,18,9,15,17,35,60,34,35,17,70
ENSMUSG00000029207,31,214,278,141,248,245,242,208,186,161,189,238
ENSMUSG00000005871,6,59,41,36,58,48,74,34,57,54,47,65
ENSMUSG00000020135,0,16,17,19,17,14,11,9,16,14,16,16
ENSMUSG00000071847,0,0,0,0,0,0,0,0,1,0,0,0
ENSMUSG00000032590,10,98,107,92,110,84,127,105,135,115,141,172
ENSMUSG00000079042,0,0,0,0,0,0,0,0,0,0,1,0
ENSMUSG00000035960,3,89,72,59,73,62,102,89,104,91,93,139
ENSMUSG00000025269,1,17,15,23,16,20,9,10,18,17,15,28
ENSMUSG00000015750,9,63,54,62,61,95,84,72,89,57,55,109
ENSMUSG00000032375,1,18,15,15,15,24,27,19,24,21,16,25
ENSMUSG00000053040,0,13,5,7,9,10,12,12,11,13,15,15
ENSMUSG00000027193,3,85,81,62,72,89,95,122,86,64,87,141
ENSMUSG00000010911,17,297,266,178,254,227,279,247,339,261,383,396
ENSMUSG00000073705,0,3,3,0,4,4,6,1,5,3,4,6
ENSMUSG00000030051,0,6,7,4,4,6,7,17,11,9,7,9
ENSMUSG00000037010,3,37,32,11,25,21,5,5,13,14,10,15
ENSMUSG00000044338,13,121,96,32,81,52,35,30,19,26,42,26
ENSMUSG00000006651,2,12,9,8,6,10,6,5,5,9,9,14
ENSMUSG00000031996,85,890,798,552,869,891,786,739,767,803,797,1008
ENSMUSG00000033096,5,78,80,47,82,100,94,84,73,75,84,125
ENSMUSG00000032083,0,1,2,1,2,1,3,1,1,1,3,1
ENSMUSG00000005681,0,11,1,5,11,13,11,8,5,6,8,13
ENSMUSG00000032080,0,0,0,0,0,1,0,0,0,0,0,0
ENSMUSG00000032079,0,1,0,0,0,0,0,0,0,0,0,0
ENSMUSG00000040613,3,15,20,7,18,16,38,47,31,18,31,64
ENSMUSG00000040694,51,963,820,518,902,882,906,892,1000,918,1178,1411
ENSMUSG00000009585,10,40,37,33,38,36,68,90,57,54,49,154
ENSMUSG00000055547,0,0,0,0,0,0,0,0,0,0,0,0
ENSMUSG00000042759,0,1,4,0,6,0,4,9,7,6,8,19
ENSMUSG00000040564,0,4,1,0,0,1,1,2,0,1,5,0
ENSMUSG00000032081,0,0,0,0,0,0,0,0,0,0,0,0
ENSMUSG00000074336,0,0,0,0,0,0,0,0,1,0,0,0
ENSMUSG00000022548,8,48,47,28,34,45,427,353,202,211,278,508
ENSMUSG00000002985,167,1435,1360,1116,1385,1514,1781,2516,2041,2491,2930,3512
ENSMUSG00000047631,0,0,0,1,0,0,0,0,0,0,0,1
ENSMUSG00000000049,0,0,0,1,1,0,0,1,0,0,0,0
ENSMUSG00000050982,0,0,0,0,0,0,0,0,0,0,0,0
ENSMUSG00000050014,0,16,15,7,8,6,37,23,20,5,12,30
ENSMUSG00000091694,1,5,3,3,1,2,2,0,9,1,2,3
ENSMUSG00000033576,1,1,0,1,1,1,3,1,0,2,1,11
ENSMUSG00000010601,0,0,0,0,0,0,0,0,0,0,0,0
ENSMUSG00000068252,0,0,0,0,0,0,0,1,0,0,1,0
ENSMUSG00000044309,0,1,0,0,0,1,0,0,0,0,0,1
ENSMUSG00000071716,0,1,0,0,0,0,3,1,0,0,1,2
ENSMUSG00000056656,0,0,0,0,0,1,0,0,0,0,0,2
ENSMUSG00000057346,0,8,0,2,2,6,21,31,35,12,26,82
ENSMUSG00000068246,0,6,3,1,1,1,23,36,35,4,18,47
ENSMUSG00000090698,6,67,50,42,110,81,58,61,44,36,56,74
ENSMUSG00000024391,0,2,0,0,0,0,2,0,0,0,0,0
ENSMUSG00000051716,0,0,0,0,0,1,1,0,0,1,0,1
ENSMUSG00000079508,17,326,307,222,274,296,296,345,379,390,385,542
ENSMUSG00000025525,10,159,156,103,115,144,107,147,117,136,130,177
ENSMUSG00000022892,45,317,258,216,303,278,371,375,344,256,244,545
ENSMUSG00000018481,6,48,59,43,67,56,68,60,76,53,66,79
ENSMUSG00000040760,14,43,53,46,66,65,76,56,58,80,72,94
ENSMUSG00000020263,20,206,184,124,203,174,249,180,238,230,207,261
ENSMUSG00000006589,8,92,67,68,92,84,100,142,118,137,129,204
ENSMUSG00000028411,6,50,59,29,53,37,78,65,74,68,74,81
ENSMUSG00000004655,267,951,911,746,878,1021,838,879,1121,1031,922,1379
ENSMUSG00000042797,3,9,7,4,8,7,8,6,11,13,9,12
ENSMUSG00000023013,0,0,2,0,1,1,1,1,0,0,0,0
ENSMUSG00000028435,1,0,1,0,0,1,0,0,1,1,0,0
ENSMUSG00000024411,2,11,9,3,12,7,2,4,11,5,3,6
ENSMUSG00000044217,0,0,0,0,0,0,0,0,0,0,0,1
ENSMUSG00000043144,0,0,0,0,0,1,1,0,0,0,1,2
ENSMUSG00000028427,19,103,84,50,144,80,108,64,99,90,116,93
ENSMUSG00000030762,0,29,9,10,20,23,17,10,8,4,11,15
ENSMUSG00000032204,0,1,5,0,0,0,0,0,0,0,0,1
ENSMUSG00000040383,4,44,35,30,44,34,70,34,62,55,61,75
ENSMUSG00000046532,3,19,17,9,18,18,23,20,18,18,28,25
ENSMUSG00000001127,23,222,200,134,217,223,265,237,274,230,242,304
ENSMUSG00000037999,5,32,22,27,41,41,31,24,24,20,35,35
ENSMUSG00000022602,1,6,8,3,13,16,5,4,4,1,5,7
ENSMUSG00000032096,6,171,158,101,143,175,182,165,181,153,187,245
ENSMUSG00000029378,0,0,0,1,0,0,0,0,0,0,0,0
ENSMUSG00000042350,9,126,103,101,118,117,150,144,148,129,102,203
ENSMUSG00000048076,37,429,399,291,436,463,503,538,530,452,484,732
ENSMUSG00000062421,6,78,53,57,80,59,94,86,94,73,104,113
ENSMUSG00000051853,9,76,83,63,69,89,96,117,87,83,107,158
ENSMUSG00000021877,7,150,173,94,186,183,209,241,192,151,156,345
ENSMUSG00000020440,39,406,338,231,346,392,354,427,386,280,485,567
ENSMUSG00000044147,9,95,89,45,89,73,81,116,101,51,68,185
ENSMUSG00000027575,11,98,68,44,83,87,105,92,96,92,119,154
ENSMUSG00000027255,8,125,128,65,110,137,168,157,192,200,194,213
ENSMUSG00000054277,2,23,27,22,34,32,45,40,42,44,50,53
ENSMUSG00000067851,13,186,178,131,171,205,234,163,185,177,184,253
ENSMUSG00000074582,6,140,100,61,118,115,127,111,111,124,145,124
ENSMUSG00000019852,0,1,0,0,0,1,0,0,1,1,1,1
ENSMUSG00000030881,6,54,56,35,43,54,62,42,47,53,59,89
ENSMUSG00000038671,10,164,171,123,177,193,167,163,187,165,168,259
ENSMUSG00000019987,0,1,0,0,1,0,7,4,0,1,1,18
ENSMUSG00000021125,0,1,2,2,0,2,1,3,0,1,0,8
ENSMUSG00000027247,6,60,65,32,61,57,61,81,80,51,64,104
ENSMUSG00000037148,12,194,162,125,144,153,164,167,183,258,226,296
ENSMUSG00000041219,0,7,0,1,2,1,7,9,2,2,4,6
ENSMUSG00000041225,1,65,35,22,45,55,50,33,42,36,40,56
ENSMUSG00000049744,1,6,6,4,7,6,17,15,5,5,7,15
ENSMUSG00000030766,7,36,29,23,45,52,60,49,52,51,44,63
ENSMUSG00000039031,7,56,42,15,59,35,35,38,21,28,42,50
ENSMUSG00000025154,0,3,5,3,4,4,7,9,4,7,6,4
ENSMUSG00000053199,3,43,40,31,55,46,54,60,88,36,60,72
ENSMUSG00000036591,8,106,104,76,119,128,128,133,115,100,120,146
ENSMUSG00000063506,1,15,3,4,6,5,9,8,6,7,8,15
ENSMUSG00000049807,17,66,47,46,63,74,67,68,58,69,72,86
ENSMUSG00000057315,0,31,29,32,46,34,37,34,41,33,40,49
ENSMUSG00000030047,3,15,9,2,20,11,15,17,13,9,12,31
ENSMUSG00000036452,6,91,97,77,86,106,84,115,125,107,109,162
ENSMUSG00000034255,10,44,48,34,45,28,58,60,60,92,36,90
ENSMUSG00000024043,1,9,3,6,13,13,11,11,2,4,10,8
ENSMUSG00000039831,12,126,113,55,92,114,125,98,109,85,88,102
ENSMUSG00000048865,6,9,9,5,5,11,18,34,13,16,11,33
ENSMUSG00000022799,29,146,121,87,145,135,143,133,135,125,134,178
ENSMUSG00000041444,1,9,14,2,9,9,12,4,7,9,6,18
ENSMUSG00000036882,1,3,8,0,2,2,3,2,0,1,3,3
ENSMUSG00000058230,13,134,114,80,94,117,130,127,104,117,155,182
ENSMUSG00000036198,0,0,0,1,0,0,0,0,0,0,0,0
ENSMUSG00000033697,8,23,20,19,32,42,27,34,33,31,21,35
ENSMUSG00000074625,0,0,1,0,1,0,0,0,0,0,0,0
ENSMUSG00000050730,1,22,21,14,20,16,36,25,22,18,21,30
ENSMUSG00000033389,1,84,92,64,81,77,110,91,80,100,122,134
ENSMUSG00000035697,2,29,17,17,22,13,35,57,30,27,27,56
ENSMUSG00000035133,6,113,104,82,105,124,140,116,130,110,80,135
ENSMUSG00000031355,2,14,10,10,15,21,18,6,12,12,14,19
ENSMUSG00000078954,1,4,1,1,2,1,3,4,5,3,6,11
ENSMUSG00000040345,2,28,21,11,22,24,29,34,42,36,58,58
ENSMUSG00000025132,101,528,485,374,503,541,717,854,603,690,795,1157
ENSMUSG00000030220,8,99,71,47,76,86,129,169,100,92,96,214
ENSMUSG00000040940,34,160,123,85,137,134,145,153,136,149,181,201
ENSMUSG00000071176,1,37,24,21,36,20,33,28,22,30,34,36
ENSMUSG00000040964,13,143,91,77,140,116,146,120,116,138,196,175
ENSMUSG00000041977,10,83,66,40,67,47,68,59,69,51,73,104
ENSMUSG00000059495,29,372,341,258,389,347,380,316,322,359,356,468
ENSMUSG00000052921,68,176,150,106,139,145,192,127,126,163,193,200
ENSMUSG00000029032,0,0,0,0,0,0,1,0,0,0,0,2
ENSMUSG00000032875,12,154,144,112,133,187,130,152,139,199,185,248
ENSMUSG00000004568,7,54,43,29,70,52,60,51,32,61,66,72
ENSMUSG00000028919,5,117,88,64,82,84,78,63,60,77,116,81
ENSMUSG00000028059,21,105,82,64,100,107,138,95,118,114,145,174
ENSMUSG00000019467,13,44,40,22,39,35,53,34,47,45,42,62
ENSMUSG00000036885,0,5,3,4,5,3,4,0,3,4,2,6
ENSMUSG00000021662,1,12,7,13,8,20,12,2,16,15,5,11
ENSMUSG00000021895,13,72,56,43,62,76,74,75,70,110,97,116
ENSMUSG00000054901,0,0,0,0,0,0,0,1,0,2,0,0
ENSMUSG00000045094,0,1,0,1,0,0,2,0,0,0,0,0
ENSMUSG00000040969,0,0,0,0,0,0,0,0,0,0,0,0
ENSMUSG00000051517,0,3,2,1,2,5,0,1,1,3,3,7
ENSMUSG00000037509,0,1,1,1,1,1,1,0,0,1,1,3
ENSMUSG00000004562,8,64,52,41,56,51,60,58,43,40,61,80
ENSMUSG00000033542,4,60,52,32,50,72,73,52,48,56,61,62
ENSMUSG00000031133,4,104,70,64,74,85,108,68,97,93,87,120
ENSMUSG00000031511,30,329,243,217,270,284,337,283,202,285,301,415
ENSMUSG00000025656,3,36,36,19,28,41,24,32,29,25,18,57
ENSMUSG00000007880,13,159,165,95,156,161,214,160,135,122,125,186
ENSMUSG00000069729,8,78,71,39,76,81,83,66,79,57,60,98
ENSMUSG00000019564,1,6,9,8,11,6,7,11,15,8,8,11
ENSMUSG00000004661,1,14,8,4,4,15,12,10,14,9,11,16
ENSMUSG00000066224,0,0,0,0,0,0,0,0,0,0,0,0
ENSMUSG00000048118,7,19,21,19,19,22,26,38,36,19,25,19
ENSMUSG00000039219,7,28,41,21,33,35,31,47,37,36,42,59
ENSMUSG00000037447,9,27,18,17,15,19,26,61,28,37,36,73
ENSMUSG00000019947,8,63,45,28,94,79,99,72,84,61,90,101
ENSMUSG00000025234,11,136,134,117,142,160,177,164,168,140,114,207
ENSMUSG00000064145,6,100,121,63,94,107,147,127,136,101,127,165
ENSMUSG00000060904,16,299,221,146,217,231,239,260,262,281,294,395
ENSMUSG00000025870,2,3,3,2,5,5,7,4,5,0,5,3
ENSMUSG00000043157,1,4,6,4,2,0,11,9,4,7,4,16
ENSMUSG00000022911,3,6,11,7,11,9,8,12,11,9,5,11
ENSMUSG00000027122,3,15,19,12,12,25,26,24,21,16,24,34
ENSMUSG00000073568,0,0,0,0,0,0,0,0,0,0,0,3
ENSMUSG00000042348,5,26,13,11,32,23,23,21,21,14,17,29
ENSMUSG00000057594,0,18,23,6,10,12,11,22,12,18,20,18
ENSMUSG00000024944,27,322,331,273,339,332,405,465,437,521,546,661
ENSMUSG00000031776,15,230,188,149,181,201,163,207,199,213,180,269
ENSMUSG00000025035,10,200,183,166,166,197,196,212,269,196,260,292
ENSMUSG00000047446,3,78,55,48,70,63,71,82,79,73,75,99
ENSMUSG00000049866,2,38,27,16,32,17,54,35,28,33,49,45
ENSMUSG00000034936,4,43,36,25,37,26,22,24,44,29,25,56
ENSMUSG00000036093,4,66,61,39,63,58,74,46,53,57,67,103
ENSMUSG00000017418,5,39,32,19,45,52,39,35,37,26,27,49
ENSMUSG00000038352,1,39,41,32,40,52,40,45,28,56,56,80
ENSMUSG00000022722,2,11,12,8,9,17,15,18,18,12,12,18
ENSMUSG00000030654,14,84,75,60,76,73,113,122,96,81,94,161
ENSMUSG00000029404,11,105,93,75,109,103,126,133,110,174,174,197
ENSMUSG00000035199,11,142,151,95,145,155,196,159,177,87,66,211
ENSMUSG00000026960,1,30,30,10,36,23,18,28,26,33,34,32
ENSMUSG00000026426,4,47,56,26,77,60,63,74,93,55,93,121
ENSMUSG00000030105,12,285,226,163,241,241,275,243,278,203,253,397
ENSMUSG00000063820,0,0,0,0,0,1,2,0,1,0,0,1
ENSMUSG00000027599,13,142,99,75,122,97,93,82,110,96,124,179
ENSMUSG00000038525,1,35,19,19,26,23,36,37,41,33,38,52
ENSMUSG00000071324,4,105,115,79,97,89,92,89,110,142,115,126
ENSMUSG00000037683,0,0,0,0,0,1,1,0,0,0,1,0
ENSMUSG00000061802,0,0,0,0,0,0,0,0,0,0,0,0
ENSMUSG00000042178,3,39,45,41,50,34,60,50,45,51,61,65
ENSMUSG00000002343,2,33,13,12,21,24,23,16,28,30,37,35
ENSMUSG00000057219,1,6,9,4,5,3,8,13,13,2,5,9
ENSMUSG00000032468,5,103,78,63,71,94,98,77,91,80,87,109
ENSMUSG00000062590,1,7,3,3,8,5,16,4,8,9,16,5
ENSMUSG00000033460,1,10,3,7,6,7,6,10,6,8,13,17
ENSMUSG00000033436,1,17,18,6,18,13,28,30,26,18,16,25
ENSMUSG00000049047,1,24,22,16,20,10,26,22,27,21,25,27
ENSMUSG00000049804,0,9,9,4,7,7,7,7,11,3,5,9
ENSMUSG00000050394,1,2,1,2,3,1,2,4,2,1,4,8
ENSMUSG00000061759,2,37,30,10,22,14,18,27,16,22,32,44
ENSMUSG00000015522,10,101,82,68,80,80,129,102,95,91,117,138
ENSMUSG00000015709,1,1,1,0,1,1,1,0,0,0,0,0
ENSMUSG00000055116,0,19,6,3,35,9,11,3,8,6,20,2
ENSMUSG00000040187,0,7,4,4,3,6,8,4,4,4,4,8
ENSMUSG00000029621,16,130,152,90,149,141,145,172,194,166,169,252
ENSMUSG00000029622,61,232,231,144,192,251,369,440,274,316,303,725
ENSMUSG00000006304,33,385,379,251,373,404,471,582,487,361,447,721
ENSMUSG00000029465,14,271,235,154,226,262,371,400,322,205,211,494
ENSMUSG00000079426,14,106,92,78,125,138,145,133,110,108,87,218
ENSMUSG00000008475,21,107,99,70,116,101,176,210,133,115,150,265
ENSMUSG00000026755,26,437,383,256,370,393,405,474,478,454,456,673
ENSMUSG00000039043,0,33,20,18,20,22,45,37,29,37,23,56
ENSMUSG00000007656,57,666,593,453,600,617,741,865,812,952,1192,1196
ENSMUSG00000032503,1,7,4,4,4,5,4,3,4,3,1,2
ENSMUSG00000060890,0,0,0,0,0,0,0,1,0,0,0,0
ENSMUSG00000018909,6,58,45,36,46,42,52,55,56,47,53,73
ENSMUSG00000026972,6,24,11,14,13,26,24,25,18,27,24,43
ENSMUSG00000002910,5,32,24,29,37,36,41,63,47,74,24,80
ENSMUSG00000074794,0,65,42,54,55,72,76,86,80,59,54,111
ENSMUSG00000042659,3,32,26,21,28,32,39,41,30,35,42,43
ENSMUSG00000073380,0,2,0,0,0,0,0,0,0,0,1,0
ENSMUSG00000022620,7,34,21,22,31,43,43,33,26,38,36,64
ENSMUSG00000042082,1,31,16,17,19,19,31,41,25,25,22,34
ENSMUSG00000020604,1,2,3,0,5,8,3,3,4,3,3,4
ENSMUSG00000036412,0,2,0,1,3,1,3,1,1,1,3,7
ENSMUSG00000046561,0,2,0,0,1,3,1,1,1,0,0,1
ENSMUSG00000021592,0,6,11,1,10,16,20,12,9,12,20,21
ENSMUSG00000030996,50,789,788,676,777,891,942,973,973,968,991,1588
ENSMUSG00000030651,0,0,0,0,0,0,0,0,0,0,0,0
ENSMUSG00000034842,48,767,744,444,724,806,864,890,1103,885,814,1271
ENSMUSG00000030217,7,60,81,85,122,77,87,93,133,115,103,158
ENSMUSG00000070424,8,65,66,65,88,76,90,79,102,95,77,136
ENSMUSG00000028539,0,0,0,1,0,0,0,0,1,1,1,0
ENSMUSG00000031982,0,14,7,10,9,10,16,16,8,11,13,10
ENSMUSG00000035277,0,0,0,0,0,0,0,0,0,0,0,0
ENSMUSG00000048355,0,1,0,0,1,0,0,0,0,1,0,0
ENSMUSG00000048040,0,1,1,1,3,0,1,3,3,0,2,3
ENSMUSG00000003559,3,136,147,86,166,147,127,134,156,151,192,207
ENSMUSG00000031591,9,84,53,43,77,66,100,96,99,78,77,150
ENSMUSG00000024887,0,9,1,3,4,6,4,16,7,8,5,7
ENSMUSG00000022377,14,75,56,67,75,84,70,89,96,91,98,135
ENSMUSG00000052632,4,36,33,25,29,25,30,37,27,40,51,58
ENSMUSG00000036995,2,35,30,16,34,32,33,28,25,31,30,33
ENSMUSG00000026311,3,48,41,34,30,43,43,24,32,34,40,40
ENSMUSG00000038204,7,255,215,175,244,221,191,196,231,212,246,282
ENSMUSG00000031382,26,440,391,251,397,426,594,536,746,557,693,769
ENSMUSG00000031204,1,24,18,25,25,29,24,26,35,23,16,36
ENSMUSG00000033781,4,47,24,25,37,30,38,41,29,28,34,57
ENSMUSG00000021898,10,262,220,155,261,215,318,269,410,297,403,399
ENSMUSG00000029685,8,152,155,79,140,148,170,113,124,146,177,193
ENSMUSG00000034768,1,4,8,7,13,4,7,9,10,14,8,9
ENSMUSG00000067081,4,46,37,26,36,46,44,43,41,51,50,59
ENSMUSG00000021200,66,1805,1708,1212,1483,1755,1261,1294,1405,1925,1920,1926
ENSMUSG00000020305,0,21,24,15,15,18,23,24,20,21,21,30
ENSMUSG00000042607,1,19,6,12,20,14,17,15,12,17,7,18
ENSMUSG00000031519,6,60,83,56,69,73,103,84,96,91,117,130
ENSMUSG00000039483,3,26,31,18,21,27,28,33,32,40,44,46
ENSMUSG00000030509,2,18,19,4,14,21,12,16,18,15,10,23
ENSMUSG00000048175,11,311,260,183,246,275,270,243,273,270,269,374
ENSMUSG00000044475,9,123,109,88,98,111,140,130,181,138,165,209
ENSMUSG00000020412,10,49,38,39,56,56,74,80,72,82,64,95
ENSMUSG00000038774,2,16,12,15,17,15,16,18,23,17,21,27
ENSMUSG00000009248,0,0,1,1,0,0,0,0,0,1,0,0
ENSMUSG00000035951,0,0,0,0,0,0,0,0,2,0,0,0
ENSMUSG00000019857,1,54,56,28,51,56,51,77,88,58,75,87
ENSMUSG00000005470,0,4,2,1,2,2,6,11,2,3,5,6
ENSMUSG00000020884,0,0,0,0,0,0,0,0,0,0,0,0
ENSMUSG00000040963,0,4,3,0,0,1,0,0,0,0,3,4
ENSMUSG00000028053,11,123,119,74,98,106,105,108,89,92,77,175
ENSMUSG00000031575,5,76,88,51,104,79,136,127,114,102,159,185
ENSMUSG00000023017,0,3,1,1,4,0,0,0,1,2,2,2
ENSMUSG00000020704,0,0,0,0,0,0,0,2,0,0,0,1
ENSMUSG00000038276,0,0,1,1,3,0,1,2,1,0,2,3
ENSMUSG00000033007,0,0,0,0,0,0,0,0,0,0,0,0
ENSMUSG00000025533,5,21,18,22,26,22,34,39,33,29,50,55
ENSMUSG00000093806,9,20,16,18,24,32,25,24,32,16,40,43
ENSMUSG00000052456,16,246,226,134,187,216,228,290,294,314,371,430
ENSMUSG00000029752,1,11,6,4,7,7,10,15,11,9,16,30
ENSMUSG00000020774,0,5,4,8,13,6,2,8,8,11,13,7
ENSMUSG00000038704,0,4,1,0,4,1,2,0,1,1,1,0
ENSMUSG00000037686,1,0,0,1,1,1,0,1,3,1,3,2
ENSMUSG00000028207,41,702,579,346,617,599,518,488,559,502,547,668
ENSMUSG00000046378,0,0,0,3,1,2,2,0,1,0,1,3
ENSMUSG00000029348,1,0,4,1,1,2,4,0,1,1,2,7
ENSMUSG00000033952,0,0,2,0,0,1,0,1,0,3,3,5
ENSMUSG00000021388,6,33,28,23,34,35,38,36,35,26,32,34
ENSMUSG00000033508,0,3,0,1,1,2,1,6,1,1,1,5
ENSMUSG00000025142,14,96,99,83,95,95,169,185,133,169,181,252
ENSMUSG00000024654,2,176,171,125,199,163,226,215,242,192,284,280
ENSMUSG00000076441,1,16,20,8,18,13,31,48,27,29,21,64
ENSMUSG00000032567,0,10,12,5,17,10,8,9,3,8,11,23
ENSMUSG00000050468,0,0,0,0,0,0,0,0,0,0,1,0
ENSMUSG00000026587,0,6,1,0,2,0,5,0,2,4,1,2
ENSMUSG00000028373,0,0,3,1,0,4,2,7,2,2,3,2
ENSMUSG00000042548,4,83,52,39,99,67,118,98,73,78,115,116
ENSMUSG00000037486,6,37,39,30,38,46,65,41,43,33,30,47
ENSMUSG00000045215,0,1,0,1,4,0,4,0,1,1,1,0
ENSMUSG00000010796,0,1,0,1,0,0,0,0,0,0,0,0
ENSMUSG00000013662,7,175,124,98,194,157,179,196,180,194,176,225
ENSMUSG00000022360,3,6,7,5,9,8,14,12,6,11,11,15
ENSMUSG00000052812,7,21,18,8,23,23,23,12,19,20,20,16
ENSMUSG00000029036,13,148,146,106,148,165,176,160,181,246,223,256
ENSMUSG00000017550,1,4,2,1,3,1,3,4,2,2,2,1
ENSMUSG00000024426,5,27,32,15,26,31,27,26,19,27,26,40
ENSMUSG00000034958,1,5,5,2,3,3,18,2,6,7,8,1
ENSMUSG00000030850,8,114,88,64,103,114,123,80,80,85,88,142
ENSMUSG00000023027,1,78,92,46,100,81,108,99,111,80,108,124
ENSMUSG00000027104,4,80,84,48,73,74,127,86,84,67,85,110
ENSMUSG00000026628,1,50,31,14,56,69,83,100,101,58,183,73
ENSMUSG00000042406,40,294,250,151,277,275,247,351,307,305,358,475
ENSMUSG00000038539,31,259,216,156,222,198,236,257,354,223,422,426
ENSMUSG00000026663,11,201,143,92,190,147,224,159,183,147,201,230
ENSMUSG00000015461,0,38,41,32,37,41,44,40,36,37,55,67
ENSMUSG00000030213,9,133,125,89,144,120,142,110,131,115,125,175
ENSMUSG00000039200,0,0,0,0,1,0,0,0,0,0,0,0
ENSMUSG00000021619,4,71,60,48,65,62,68,72,98,87,75,95
ENSMUSG00000037204,7,63,85,60,83,95,99,129,164,127,140,178
ENSMUSG00000032905,8,60,63,43,68,72,71,75,89,71,83,131
ENSMUSG00000027244,11,152,123,99,141,175,225,193,205,218,276,265
ENSMUSG00000037526,3,41,26,17,37,25,46,30,40,38,51,35
ENSMUSG00000026289,3,61,74,56,72,78,94,62,73,73,94,105
ENSMUSG00000047767,3,28,26,11,19,28,20,21,22,14,32,32
ENSMUSG00000024773,0,36,42,26,43,38,42,53,59,45,46,64
ENSMUSG00000041341,0,35,15,19,34,26,34,34,31,23,38,49
ENSMUSG00000022663,7,80,75,56,73,78,91,93,85,96,108,156
ENSMUSG00000079418,1,32,22,24,38,30,30,24,26,27,32,44
ENSMUSG00000087119,0,1,3,0,0,1,2,8,5,3,4,3
ENSMUSG00000026280,5,76,66,56,83,58,73,85,91,87,96,133
ENSMUSG00000028550,0,8,8,7,11,8,7,15,13,9,5,16
ENSMUSG00000002820,10,183,162,143,161,184,145,152,162,165,168,209
ENSMUSG00000038160,4,46,38,30,43,39,36,47,53,39,48,62
ENSMUSG00000030314,9,67,64,41,52,65,81,90,67,88,99,125
ENSMUSG00000038295,1,2,3,4,2,3,2,0,2,3,3,3
ENSMUSG00000026192,5,59,73,50,58,68,80,73,80,71,62,105
ENSMUSG00000021066,2,10,11,2,9,9,12,8,13,11,8,13
ENSMUSG00000059811,8,81,66,61,73,74,111,96,119,92,89,118
ENSMUSG00000024759,2,11,19,10,15,14,27,26,13,23,13,27
ENSMUSG00000034218,2,4,5,7,7,2,7,1,3,4,1,6
ENSMUSG00000047388,3,57,55,41,67,34,76,59,75,67,71,95
ENSMUSG00000004263,20,165,156,113,156,139,147,163,147,193,201,215
ENSMUSG00000036816,0,0,2,0,0,0,0,1,0,0,1,0
ENSMUSG00000037621,8,30,39,37,37,45,70,83,87,86,63,101
ENSMUSG00000018585,43,381,390,236,331,340,342,448,360,350,473,635
ENSMUSG00000025324,0,5,4,2,7,4,5,6,5,6,4,6
ENSMUSG00000046808,2,6,2,16,6,13,12,10,16,13,5,9
ENSMUSG00000031441,12,221,181,129,190,182,191,177,136,179,149,235
ENSMUSG00000037400,3,50,40,30,39,39,57,48,45,48,36,53
ENSMUSG00000062949,2,22,17,11,17,19,25,16,31,21,31,36
ENSMUSG00000031862,8,58,48,23,47,54,70,55,62,58,48,94
ENSMUSG00000036622,7,65,55,37,51,57,101,105,81,72,105,111
ENSMUSG00000022533,4,63,57,29,63,60,87,68,67,52,56,99
ENSMUSG00000038094,0,0,0,0,0,0,0,1,1,0,0,0
ENSMUSG00000048939,0,0,0,0,0,0,0,0,0,0,0,0
ENSMUSG00000033161,63,1690,1474,1126,1406,1648,1370,1773,1464,1547,1361,2823
ENSMUSG00000007097,266,2743,2584,1785,2706,2821,2791,2530,2929,3103,3260,3574
ENSMUSG00000040907,0,1,0,0,1,1,0,4,2,1,2,2
ENSMUSG00000007107,0,0,0,0,0,0,0,2,0,0,0,0
ENSMUSG00000026576,59,898,812,558,763,851,862,949,857,853,850,1337
ENSMUSG00000041329,7,86,96,65,72,80,92,73,88,95,110,96
ENSMUSG00000032412,12,116,131,102,116,155,138,167,146,135,159,238
ENSMUSG00000016327,0,2,1,0,1,0,0,0,0,0,0,2
ENSMUSG00000025436,0,18,18,6,15,8,14,15,16,15,23,19
ENSMUSG00000030730,0,2,1,2,5,9,3,6,3,5,4,3
ENSMUSG00000029467,981,27531,24316,17780,24029,24868,17324,17670,16622,19958,17403,28663
ENSMUSG00000020788,12,22,10,19,15,12,19,19,18,18,18,15
ENSMUSG00000019943,9,87,97,70,107,95,104,103,96,72,93,156
ENSMUSG00000030302,0,1,0,1,0,2,0,0,0,1,0,0
ENSMUSG00000031376,0,1,1,0,0,0,0,0,0,1,0,3
ENSMUSG00000026463,10,28,35,36,28,32,51,31,41,44,37,43
ENSMUSG00000032570,4,96,77,27,63,83,95,92,124,77,79,109
ENSMUSG00000034112,0,0,1,0,0,0,0,0,0,0,0,0
ENSMUSG00000031449,0,0,0,0,0,0,0,0,0,0,0,0
ENSMUSG00000025428,567,12526,11880,8278,11342,11775,10034,10954,11401,12609,12767,16560
ENSMUSG00000025393,720,17029,15617,10895,15293,16531,15596,16017,17773,17699,18717,24111
ENSMUSG00000025781,252,5392,4803,3727,5012,5301,5231,5454,5889,6329,7250,8223
ENSMUSG00000003072,250,5415,5150,3778,4354,4615,3921,4579,4634,6458,5935,7392
ENSMUSG00000016252,263,5268,4813,3468,4755,4917,4482,4637,5031,4683,4595,7040
ENSMUSG00000000563,216,4857,4074,3067,4199,4234,3416,4212,4522,4911,4711,6519
ENSMUSG00000006057,340,8193,7338,5596,6861,6634,5537,5916,6758,7276,7715,9665
ENSMUSG00000062683,43,881,783,593,713,770,875,922,981,1050,1142,1304
ENSMUSG00000018770,378,8905,8192,5330,8024,8340,5732,7562,7894,6289,7001,10688
ENSMUSG00000034566,241,6137,5763,4301,5524,5740,5314,5286,5806,6442,7273,8161
ENSMUSG00000022890,151,2673,2439,1651,2537,2660,2129,2559,2720,2457,2766,3874
ENSMUSG00000038690,269,6038,5331,4152,5344,5402,4927,5098,5434,6021,6573,8373
ENSMUSG00000050856,149,2763,2572,1897,2296,2495,2112,2364,2473,2630,2643,3315
ENSMUSG00000038717,58,1108,1009,764,1038,1065,956,1056,1123,1120,1193,1557
ENSMUSG00000054894,6,96,81,49,112,100,87,80,135,103,140,146
ENSMUSG00000057229,10,151,134,90,119,108,110,113,149,128,137,163
ENSMUSG00000019087,24,356,360,257,343,311,434,411,326,378,424,555
ENSMUSG00000078958,3,5,9,5,10,7,6,11,10,7,10,10
ENSMUSG00000031007,4,67,51,29,51,52,58,78,62,41,60,118
ENSMUSG00000019302,21,265,210,215,245,262,309,323,259,312,386,412
ENSMUSG00000038023,16,135,143,97,131,129,111,110,90,116,118,184
ENSMUSG00000038600,0,0,0,0,0,0,0,0,0,0,0,0
ENSMUSG00000033379,52,363,333,286,392,399,429,495,407,422,513,689
ENSMUSG00000013160,14,191,172,141,184,151,210,227,229,186,227,318
ENSMUSG00000028238,0,4,0,0,1,1,2,1,0,2,0,6
ENSMUSG00000015575,17,153,170,98,142,141,171,175,198,170,214,276
ENSMUSG00000039347,1,18,25,38,34,38,35,39,45,42,52,60
ENSMUSG00000052459,10,70,63,50,77,78,113,119,86,53,61,111
ENSMUSG00000006269,0,0,0,0,0,0,0,0,0,0,0,0
ENSMUSG00000006273,11,198,178,101,181,199,209,190,171,202,195,270
ENSMUSG00000022295,9,154,150,104,163,162,216,213,174,190,169,284
ENSMUSG00000020566,0,0,0,0,0,1,0,0,0,0,0,0
ENSMUSG00000021114,15,324,282,227,264,279,328,326,345,365,441,485
ENSMUSG00000019210,33,499,429,290,441,443,422,494,507,530,667,738
ENSMUSG00000004285,27,361,340,216,311,325,331,423,402,441,468,588
ENSMUSG00000039105,20,388,371,248,337,372,442,502,416,409,471,628
ENSMUSG00000024403,0,7,18,3,11,6,7,13,8,11,12,15
ENSMUSG00000033793,5,61,57,38,59,64,79,76,67,77,74,98
ENSMUSG00000033792,0,9,13,4,3,10,12,9,13,1,4,12
ENSMUSG00000006567,0,1,1,0,0,1,0,0,0,1,2,1
ENSMUSG00000037685,5,122,88,70,80,106,104,86,119,110,79,122
ENSMUSG00000021983,5,17,22,20,17,31,23,28,18,13,27,33
ENSMUSG00000039529,1,2,6,8,12,12,17,13,6,11,4,18
ENSMUSG00000060671,1,21,32,16,20,24,20,26,21,25,26,31
ENSMUSG00000060131,0,2,0,2,1,3,3,5,4,3,1,5
ENSMUSG00000028457,0,1,1,1,0,2,1,0,0,0,0,1
ENSMUSG00000027546,29,146,150,106,160,145,215,171,205,203,237,321
ENSMUSG00000024566,20,71,58,47,50,47,78,87,63,77,81,110
ENSMUSG00000028710,7,221,204,114,193,180,172,171,198,204,210,285
ENSMUSG00000042709,10,108,98,65,77,72,78,74,69,78,101,134
ENSMUSG00000054428,59,1396,1325,933,1315,1410,1363,1835,1623,1765,2280,2947
ENSMUSG00000013622,13,223,206,143,200,225,275,272,337,260,326,435
ENSMUSG00000027312,5,60,33,32,58,36,52,46,37,46,47,56
ENSMUSG00000054843,1,46,52,27,55,40,52,39,38,49,60,39
ENSMUSG00000031229,13,82,82,52,100,94,107,94,97,94,93,140
ENSMUSG00000046876,4,61,71,52,78,73,69,70,78,64,59,103
ENSMUSG00000016541,26,320,280,228,311,344,410,409,382,384,410,614
ENSMUSG00000069895,3,30,30,19,17,32,34,39,28,30,40,31
ENSMUSG00000042605,18,122,121,66,133,118,115,103,85,114,149,136
ENSMUSG00000032637,16,152,119,80,126,136,154,153,131,130,151,202
ENSMUSG00000021189,3,20,22,9,23,18,20,22,28,16,23,38
ENSMUSG00000021738,6,46,24,25,34,41,32,29,43,35,23,44
ENSMUSG00000020564,3,45,36,27,34,45,58,43,69,49,72,85
ENSMUSG00000048997,2,13,5,6,9,18,13,5,11,9,12,13
ENSMUSG00000059995,7,56,72,48,72,57,73,76,70,79,86,109
ENSMUSG00000074748,11,114,118,81,140,129,152,139,147,112,148,193
ENSMUSG00000059820,3,45,32,22,29,32,41,26,33,31,20,50
ENSMUSG00000051669,5,25,18,16,23,16,13,11,27,21,12,22
ENSMUSG00000028830,5,108,93,64,89,98,93,83,100,93,105,148
ENSMUSG00000078435,0,3,3,1,4,5,2,2,7,1,5,6
ENSMUSG00000021460,18,311,311,203,267,298,275,308,309,383,310,446
ENSMUSG00000078521,0,0,1,0,0,0,0,0,0,0,0,1
ENSMUSG00000068328,28,239,199,153,207,222,309,350,350,354,397,539
ENSMUSG00000027496,1,4,4,2,0,2,5,8,3,3,0,1
ENSMUSG00000065990,23,519,488,388,438,449,413,508,533,554,639,809
ENSMUSG00000020897,0,1,1,0,1,0,3,2,1,1,1,7
ENSMUSG00000029673,17,58,27,21,46,36,50,45,34,47,38,47
ENSMUSG00000003604,5,76,55,27,66,70,71,74,97,42,49,117
ENSMUSG00000025432,1,2,1,1,3,5,3,5,2,1,2,4
ENSMUSG00000029787,0,11,8,4,12,6,11,17,14,9,18,30
ENSMUSG00000037727,0,0,0,0,0,1,1,0,1,0,0,0
ENSMUSG00000018821,3,80,67,54,63,65,77,78,84,87,102,145
ENSMUSG00000020123,1,2,3,5,1,3,2,1,3,3,3,0
ENSMUSG00000026432,0,0,0,0,0,0,0,0,0,0,0,0
ENSMUSG00000074166,1,15,11,6,10,12,13,9,14,20,8,10
ENSMUSG00000039182,1,32,32,23,25,31,43,46,32,42,43,55
ENSMUSG00000041935,3,78,78,61,85,63,126,83,87,91,94,121
ENSMUSG00000038112,0,1,1,0,1,0,2,0,0,0,1,3
ENSMUSG00000033632,2,20,10,9,17,24,19,22,25,16,18,27
ENSMUSG00000031220,0,1,0,0,0,0,0,0,1,0,1,0
ENSMUSG00000026601,0,0,0,0,0,0,1,1,0,0,0,0
ENSMUSG00000024182,8,45,37,34,39,54,52,39,38,53,55,82
ENSMUSG00000000142,0,6,5,7,7,6,6,5,8,6,8,11
ENSMUSG00000002602,14,235,233,189,245,219,416,392,287,362,349,580
ENSMUSG00000044820,0,3,1,0,0,0,1,2,0,0,1,2
ENSMUSG00000058618,0,0,0,0,0,0,0,0,0,0,0,0
ENSMUSG00000039285,11,116,117,86,109,127,122,136,119,127,106,164
ENSMUSG00000037458,15,138,138,87,158,152,171,151,155,135,105,187
ENSMUSG00000028789,4,4,3,1,4,0,9,5,2,4,4,7
ENSMUSG00000035201,0,0,0,0,0,0,0,0,0,0,0,0
ENSMUSG00000027165,16,312,282,203,288,246,313,298,343,343,400,472
ENSMUSG00000050538,0,3,3,1,3,0,6,2,3,3,3,1
ENSMUSG00000045767,4,99,112,83,78,123,116,98,95,145,115,162
ENSMUSG00000080717,0,0,0,0,0,0,1,0,0,0,1,0
ENSMUSG00000060802,346,2174,1550,1220,1832,1809,6377,6667,6757,4341,5132,9863
ENSMUSG00000043300,0,4,4,2,2,1,9,7,4,8,5,12
ENSMUSG00000039242,3,40,34,28,43,29,38,25,29,27,30,39
ENSMUSG00000034780,0,5,2,1,3,3,1,6,2,3,3,6
ENSMUSG00000033849,0,18,12,8,25,28,26,20,12,13,26,20
ENSMUSG00000067370,3,11,7,3,10,3,15,13,10,13,11,16
ENSMUSG00000050796,0,14,9,10,12,7,16,2,6,14,9,18
ENSMUSG00000026156,1,2,1,4,0,0,1,2,0,0,0,0
ENSMUSG00000071649,9,145,133,85,107,115,124,147,124,156,168,217
ENSMUSG00000051950,2,24,26,13,27,13,18,20,13,17,20,24
ENSMUSG00000051650,0,0,0,0,1,0,0,0,0,1,0,0
ENSMUSG00000031803,8,22,26,22,19,21,22,36,30,28,24,37
ENSMUSG00000029431,0,1,0,0,0,1,0,3,0,0,1,1
ENSMUSG00000022686,0,1,3,0,1,1,0,4,3,0,0,1
ENSMUSG00000074004,0,1,0,0,0,0,0,0,0,1,0,1
ENSMUSG00000079445,0,0,1,0,0,1,1,0,1,2,0,1
ENSMUSG00000059479,5,18,17,9,18,22,26,20,27,22,18,32
ENSMUSG00000069920,3,11,6,4,12,11,7,9,10,6,14,27
ENSMUSG00000046605,1,11,11,3,17,11,4,11,7,6,12,7
ENSMUSG00000043740,0,1,2,2,0,2,12,12,2,2,4,15
ENSMUSG00000006731,0,3,4,5,7,8,11,21,11,17,19,32
ENSMUSG00000013418,0,0,0,0,1,0,0,0,0,0,0,0
ENSMUSG00000055629,0,0,1,0,1,0,1,0,0,0,0,0
ENSMUSG00000028413,21,200,198,146,250,213,348,291,282,213,268,490
ENSMUSG00000052423,3,64,47,47,46,39,67,53,65,51,78,89
ENSMUSG00000022793,4,33,22,19,24,21,32,46,46,43,23,58
ENSMUSG00000017929,1,33,23,12,36,29,48,84,39,36,42,110
ENSMUSG00000056124,3,84,80,56,94,81,98,80,83,73,109,89
ENSMUSG00000021504,5,23,20,17,26,26,15,30,31,28,33,35
ENSMUSG00000047379,11,153,132,120,126,144,153,139,123,155,134,220
ENSMUSG00000052364,0,2,6,3,5,12,5,6,6,1,6,4
ENSMUSG00000001039,1,16,15,13,18,14,7,17,11,18,22,33
ENSMUSG00000063439,1,53,46,43,35,40,39,53,52,49,53,85
ENSMUSG00000022296,0,1,0,0,0,1,1,2,1,0,0,3
ENSMUSG00000039653,0,0,0,0,0,0,0,0,0,0,0,0
ENSMUSG00000031820,8,207,222,159,243,195,184,266,200,236,294,376
ENSMUSG00000052139,8,156,131,97,118,131,162,159,140,178,202,284
ENSMUSG00000032086,6,108,95,73,101,116,111,96,73,86,73,140
ENSMUSG00000040605,2,16,13,14,15,17,10,12,18,20,30,37
ENSMUSG00000025612,4,59,55,27,33,45,68,84,69,55,52,109
ENSMUSG00000040270,5,11,9,6,8,18,15,13,13,13,14,11
ENSMUSG00000024959,16,109,97,93,105,95,99,130,113,127,145,196
ENSMUSG00000028416,54,984,870,624,873,917,1051,1086,1106,1155,1306,1491
ENSMUSG00000042215,7,112,94,77,110,123,92,101,111,106,90,165
ENSMUSG00000030847,51,817,752,528,762,941,1014,1013,1120,1046,1106,1354
ENSMUSG00000037316,1,12,21,14,16,18,16,14,16,17,23,27
ENSMUSG00000049792,4,65,61,30,58,55,63,61,55,66,61,89
ENSMUSG00000024392,39,583,529,387,546,539,631,627,554,656,848,826
ENSMUSG00000040007,3,35,22,31,39,33,33,54,39,52,47,66
ENSMUSG00000025372,6,36,25,24,34,27,42,60,53,68,46,91
ENSMUSG00000038859,3,46,59,33,43,54,60,45,54,51,58,93
ENSMUSG00000018126,0,1,0,0,0,2,2,2,3,1,0,1
ENSMUSG00000047507,0,1,2,1,2,4,1,4,0,3,3,6
ENSMUSG00000057789,10,119,78,72,80,93,113,161,96,135,129,248
ENSMUSG00000024232,2,69,59,35,57,57,61,57,68,49,85,90
ENSMUSG00000024844,19,365,320,223,329,397,373,435,371,360,458,647
ENSMUSG00000037307,0,0,0,0,0,0,0,0,0,1,0,0
ENSMUSG00000037922,0,5,5,2,5,3,1,4,3,2,2,1
ENSMUSG00000025316,6,37,31,36,33,25,37,26,26,32,42,55
ENSMUSG00000021901,11,124,95,68,110,120,110,112,88,120,106,156
ENSMUSG00000026196,0,1,3,2,3,1,3,6,3,3,1,2
ENSMUSG00000026805,0,0,0,0,0,0,0,1,0,0,0,1
ENSMUSG00000032033,1,0,0,0,0,0,0,0,0,0,0,0
ENSMUSG00000045763,22,9,6,6,4,7,25,41,12,4,15,68
ENSMUSG00000034266,0,0,1,1,1,1,6,6,1,9,6,17
ENSMUSG00000039699,1,9,3,7,6,6,10,32,17,5,11,58
ENSMUSG00000026630,0,4,2,2,2,3,1,12,5,3,5,11
ENSMUSG00000003873,25,113,119,76,102,95,134,161,128,98,139,240
ENSMUSG00000002748,29,105,93,86,82,107,124,102,105,123,145,179
ENSMUSG00000040054,9,46,42,34,50,43,32,49,39,36,41,62
ENSMUSG00000026987,22,51,61,37,71,64,59,62,59,69,64,80
ENSMUSG00000049008,0,0,0,0,0,1,0,0,0,1,0,0
ENSMUSG00000002083,1,17,12,3,17,6,19,14,7,9,17,18
ENSMUSG00000084957,10,102,102,68,93,103,100,112,118,104,104,171
ENSMUSG00000057265,0,15,12,10,16,18,11,9,20,17,20,24
ENSMUSG00000041660,0,0,0,0,0,0,0,1,0,2,0,0
ENSMUSG00000006464,0,9,6,5,3,9,7,6,5,4,11,11
ENSMUSG00000035759,1,9,3,0,3,7,3,4,10,6,3,6
ENSMUSG00000051444,1,5,1,5,3,6,2,4,1,3,3,3
ENSMUSG00000031755,1,13,25,18,30,29,22,35,39,26,41,22
ENSMUSG00000025235,2,13,8,10,12,1,14,17,17,10,12,22
ENSMUSG00000063145,0,11,7,4,9,7,12,7,13,13,13,19
ENSMUSG00000037325,0,9,7,7,13,13,8,8,7,6,9,4
ENSMUSG00000035919,3,13,10,14,16,13,19,18,15,18,15,23
ENSMUSG00000022641,3,26,14,12,26,31,21,15,27,26,20,30
ENSMUSG00000006010,10,80,56,47,99,84,99,92,89,93,93,106
ENSMUSG00000067722,5,130,111,78,113,116,100,99,95,106,117,149
ENSMUSG00000052712,49,1076,945,682,921,881,989,937,912,1043,1095,1334
ENSMUSG00000019132,36,378,429,204,391,384,466,489,481,378,430,618
ENSMUSG00000026851,6,38,43,34,46,41,45,45,47,52,59,65
ENSMUSG00000033187,0,0,0,0,0,0,0,0,0,0,0,0
ENSMUSG00000030780,2,17,18,13,14,18,17,20,15,8,24,27
ENSMUSG00000039294,2,26,19,15,27,24,37,38,31,37,31,65
ENSMUSG00000037594,1,12,9,12,14,5,19,6,9,10,28,10
ENSMUSG00000047728,0,0,0,0,0,0,3,0,0,0,0,0
ENSMUSG00000074862,2,18,11,5,12,6,9,8,11,11,7,10
ENSMUSG00000033488,3,33,35,23,27,35,34,29,37,29,37,51
ENSMUSG00000044375,0,0,0,1,1,0,1,1,1,0,0,2
ENSMUSG00000038543,2,29,23,26,27,20,22,27,27,18,24,41
ENSMUSG00000074649,17,160,173,113,190,176,191,204,159,214,210,254
ENSMUSG00000046096,7,102,82,49,86,78,82,114,107,102,105,145
ENSMUSG00000037593,0,2,0,0,4,2,1,2,0,2,3,1
ENSMUSG00000049946,0,0,0,1,0,0,0,0,0,0,0,0
ENSMUSG00000034773,0,1,2,1,0,0,0,2,1,1,2,6
ENSMUSG00000036299,12,141,128,101,150,131,149,180,143,137,172,252
ENSMUSG00000033722,7,78,90,62,102,94,84,87,81,92,138,126
ENSMUSG00000090164,2,1,1,0,3,0,1,2,0,0,2,2
ENSMUSG00000090486,0,0,0,0,0,0,0,0,0,0,0,0
ENSMUSG00000036948,3,7,10,10,8,5,11,17,12,15,13,31
ENSMUSG00000053684,1,6,4,1,7,8,3,5,5,6,6,9
ENSMUSG00000064063,0,0,0,1,0,0,1,2,0,0,0,1
ENSMUSG00000061877,0,0,0,1,0,2,0,0,0,1,1,0
ENSMUSG00000091996,0,1,2,2,1,0,2,7,3,3,2,5
ENSMUSG00000047515,0,1,0,0,0,0,1,2,2,0,0,0
ENSMUSG00000045587,0,0,0,0,0,0,0,0,0,0,0,0
ENSMUSG00000045942,0,0,0,3,0,1,1,1,0,1,2,4
ENSMUSG00000031022,1,0,0,0,1,0,0,2,0,0,0,0
ENSMUSG00000057246,3,0,0,1,0,0,0,0,2,0,1,2
ENSMUSG00000040282,2,27,9,6,13,8,19,14,13,8,15,18
ENSMUSG00000041406,0,3,0,0,3,2,0,4,0,1,2,4
ENSMUSG00000021763,0,3,2,7,5,5,10,1,15,6,4,8
ENSMUSG00000071561,0,0,0,0,0,0,0,0,0,0,0,0
ENSMUSG00000079594,0,0,0,0,0,0,0,0,0,0,0,0
ENSMUSG00000094796,0,0,0,0,0,0,2,9,1,0,2,12
ENSMUSG00000002980,95,754,714,549,768,778,770,866,802,955,984,1316
ENSMUSG00000020650,5,122,95,108,94,120,119,139,126,140,116,167
ENSMUSG00000002015,8,206,161,116,161,186,210,212,205,131,194,298
ENSMUSG00000031955,5,65,69,45,68,75,62,63,76,75,81,86
ENSMUSG00000028121,1,10,10,6,9,5,12,4,10,9,16,9
ENSMUSG00000013523,0,0,0,0,1,1,1,2,1,0,2,0
ENSMUSG00000005687,5,124,114,88,103,152,124,143,154,136,168,231
ENSMUSG00000059439,16,102,96,67,90,87,122,125,128,125,120,147
ENSMUSG00000030268,1,5,3,3,5,4,4,3,4,0,1,5
ENSMUSG00000030826,11,342,287,226,310,314,290,269,283,340,434,506
ENSMUSG00000030983,11,105,113,78,117,98,139,166,182,126,200,255
ENSMUSG00000037525,1,17,15,10,13,12,10,14,15,25,16,29
ENSMUSG00000027792,2,54,40,40,40,57,48,35,25,25,31,48
ENSMUSG00000060376,70,1117,1143,762,1082,1074,1078,1275,1351,1331,1663,1776
ENSMUSG00000032263,18,226,210,141,195,173,193,194,253,174,249,284
ENSMUSG00000030802,20,370,382,233,331,353,352,368,372,409,493,505
ENSMUSG00000028191,1,40,38,26,54,65,46,59,64,45,53,71
ENSMUSG00000000861,1,20,15,10,17,16,11,8,17,6,13,18
ENSMUSG00000048251,0,6,5,1,3,6,3,7,6,6,2,1
ENSMUSG00000057329,9,59,62,29,73,40,55,60,52,46,83,72
ENSMUSG00000102037,1,2,5,0,3,0,12,10,7,6,6,21
ENSMUSG00000089929,0,6,4,1,4,4,20,26,2,6,17,46
ENSMUSG00000053820,0,0,0,0,0,0,0,0,0,0,0,0
ENSMUSG00000099974,1,2,4,3,2,2,14,24,14,2,5,34
ENSMUSG00000007659,37,104,91,101,98,136,184,237,356,278,131,416
ENSMUSG00000032191,0,0,0,0,0,0,0,0,0,0,1,0
ENSMUSG00000027381,5,41,24,27,55,53,51,42,63,58,55,57
ENSMUSG00000003190,8,29,30,25,22,27,29,24,22,27,25,49
ENSMUSG00000009112,16,181,187,137,209,183,187,186,201,251,192,240
ENSMUSG00000030200,0,0,0,0,0,0,0,2,0,1,0,0
ENSMUSG00000053175,2,22,11,10,12,13,25,29,11,12,17,58
ENSMUSG00000022508,2,79,59,42,54,47,85,76,60,47,51,140
ENSMUSG00000000317,19,62,62,25,58,39,37,26,35,29,57,32
ENSMUSG00000029438,2,31,28,20,25,26,36,33,29,31,44,44
ENSMUSG00000029681,13,105,113,85,104,108,120,137,136,120,163,205
ENSMUSG00000030814,8,67,72,54,57,75,62,67,71,54,77,110
ENSMUSG00000038256,2,62,62,50,57,64,79,82,68,70,57,120
ENSMUSG00000063382,10,91,113,75,80,105,135,92,118,122,129,169
ENSMUSG00000037608,17,118,125,78,160,149,183,199,170,135,123,167
ENSMUSG00000031845,0,0,0,0,0,0,2,1,0,0,2,0
ENSMUSG00000032066,0,0,0,1,2,3,1,3,1,1,1,1
ENSMUSG00000040363,3,72,63,45,79,64,67,48,49,61,66,85
ENSMUSG00000036959,2,13,12,6,9,13,15,11,12,10,9,20
ENSMUSG00000009681,7,31,30,32,28,54,63,57,44,59,38,96
ENSMUSG00000026172,6,91,76,59,89,88,85,88,87,95,94,115
ENSMUSG00000046598,11,213,211,183,233,203,102,100,89,96,194,326
ENSMUSG00000028167,1,2,0,1,1,2,3,4,3,3,1,9
ENSMUSG00000041347,0,0,0,0,0,0,0,0,0,0,0,0
ENSMUSG00000021070,0,1,1,1,3,1,0,3,4,5,4,1
ENSMUSG00000048482,1,27,14,17,58,28,33,34,31,21,46,42
ENSMUSG00000049658,4,36,38,16,33,40,46,29,28,39,33,50
ENSMUSG00000031872,1,11,15,3,12,5,3,8,2,8,6,14
ENSMUSG00000035086,12,116,114,80,89,124,132,100,137,92,118,203
ENSMUSG00000040867,0,4,0,3,1,1,1,2,0,1,1,0
ENSMUSG00000038214,0,25,15,4,21,15,31,16,23,26,23,19
ENSMUSG00000092060,0,6,4,3,1,5,6,1,6,2,3,7
ENSMUSG00000028545,3,39,26,11,32,43,27,39,53,26,42,49
ENSMUSG00000042182,0,2,1,1,1,2,1,3,3,2,2,5
ENSMUSG00000048186,0,13,14,8,8,12,19,11,16,7,6,18
ENSMUSG00000037418,0,0,1,0,1,1,1,0,1,1,0,0
ENSMUSG00000052819,0,0,0,0,0,0,0,0,0,0,0,0
ENSMUSG00000020169,0,1,1,3,0,0,2,4,4,0,1,1
ENSMUSG00000032757,7,74,49,40,54,50,58,60,60,47,88,109
ENSMUSG00000050071,0,12,8,5,11,10,15,16,21,18,37,14
ENSMUSG00000042750,0,0,0,0,0,0,0,2,1,1,0,0
ENSMUSG00000046432,3,19,13,15,18,26,27,23,27,18,26,35
ENSMUSG00000047844,0,0,0,0,3,1,0,0,2,2,3,4
ENSMUSG00000075269,0,0,0,0,0,0,0,0,0,0,0,1
ENSMUSG00000022684,14,211,215,156,218,238,231,232,226,232,242,306
ENSMUSG00000027420,0,0,0,0,1,0,0,3,0,2,3,2
ENSMUSG00000032556,0,3,3,3,6,4,1,2,2,3,9,6
ENSMUSG00000074486,0,0,0,0,0,0,0,0,0,0,0,0
ENSMUSG00000074489,0,1,0,0,0,0,0,0,0,0,0,0
ENSMUSG00000031375,85,750,687,503,708,725,1006,1257,734,800,900,1793
ENSMUSG00000052271,0,0,0,0,2,2,0,0,0,0,0,0
ENSMUSG00000072964,1,42,36,20,58,54,56,65,72,42,46,59
ENSMUSG00000025128,1,0,0,0,1,0,0,1,1,0,0,2
ENSMUSG00000030103,5,76,88,65,103,112,119,131,97,80,143,178
ENSMUSG00000030256,2,71,67,55,67,74,66,58,69,58,58,91
ENSMUSG00000074768,0,0,0,0,0,0,0,0,0,0,0,0
ENSMUSG00000042118,0,0,0,0,1,0,0,0,0,0,0,0
ENSMUSG00000014329,18,130,108,93,135,132,178,186,125,140,179,238
ENSMUSG00000003452,0,16,13,14,16,16,17,18,18,13,10,21
ENSMUSG00000037933,23,323,281,191,322,336,404,322,279,369,372,470
ENSMUSG00000041609,1,10,15,8,19,20,14,7,20,17,15,15
ENSMUSG00000043782,0,0,0,0,0,0,0,0,0,0,0,0
ENSMUSG00000070808,3,18,21,7,12,11,22,12,14,15,16,19
ENSMUSG00000036568,2,20,21,19,34,22,28,33,29,33,38,39
ENSMUSG00000004446,1,3,3,1,5,2,8,9,9,6,5,11
ENSMUSG00000016758,2,49,19,15,32,21,39,27,45,28,34,33
ENSMUSG00000024381,14,34,32,27,30,32,33,61,37,41,47,95
ENSMUSG00000098112,1,11,3,3,4,6,10,34,12,9,9,35
ENSMUSG00000022089,1,21,13,12,21,20,28,45,28,19,35,46
ENSMUSG00000057367,8,53,46,44,61,40,74,75,84,77,82,102
ENSMUSG00000032000,3,17,17,6,24,13,18,21,38,20,15,44
ENSMUSG00000017716,2,3,2,1,4,2,9,8,3,6,1,11
ENSMUSG00000024073,14,92,84,55,89,110,100,87,106,102,86,129
ENSMUSG00000041684,0,13,11,8,19,13,14,14,16,6,12,24
ENSMUSG00000067787,11,116,121,63,107,104,108,121,117,108,114,153
ENSMUSG00000014453,2,1,5,2,2,5,5,5,2,3,2,3
ENSMUSG00000030528,0,3,3,0,4,1,4,4,3,4,6,4
ENSMUSG00000020840,13,137,108,77,130,119,131,129,142,123,132,181
ENSMUSG00000061132,2,18,11,5,8,14,14,31,16,18,20,33
ENSMUSG00000090247,2,19,15,14,15,23,15,18,22,27,22,25
ENSMUSG00000057506,2,18,18,19,23,23,22,33,27,22,38,37
ENSMUSG00000057667,1,26,17,8,16,17,21,17,20,9,9,20
ENSMUSG00000060708,3,51,38,29,53,34,56,61,48,67,43,72
ENSMUSG00000038982,3,50,48,26,48,51,49,47,42,47,56,76
ENSMUSG00000005804,9,139,115,73,123,117,136,120,115,120,110,196
ENSMUSG00000001999,7,69,75,50,61,43,69,75,63,71,84,115
ENSMUSG00000040466,19,78,63,55,72,72,73,99,88,74,84,138
ENSMUSG00000026577,5,52,52,32,42,67,79,81,68,67,75,90
ENSMUSG00000040093,3,9,12,7,15,4,16,15,23,22,9,31
ENSMUSG00000026739,5,101,103,75,108,130,143,100,128,99,143,163
ENSMUSG00000022098,24,93,87,63,83,80,89,82,71,104,103,148
ENSMUSG00000030046,0,0,0,0,0,0,0,0,0,0,0,0
ENSMUSG00000023279,0,0,0,0,0,0,0,0,0,0,0,0
ENSMUSG00000027358,0,1,2,3,7,7,6,6,5,2,6,5
ENSMUSG00000034663,2,18,17,7,8,16,23,28,12,11,7,35
ENSMUSG00000029335,0,0,0,0,0,0,0,0,0,0,0,0
ENSMUSG00000021835,3,19,15,17,12,23,19,20,21,23,11,37
ENSMUSG00000032179,1,2,1,0,0,2,5,2,1,1,1,1
ENSMUSG00000039004,7,48,46,45,66,72,85,86,99,116,102,115
ENSMUSG00000008999,0,10,7,1,7,6,8,7,3,4,5,5
ENSMUSG00000002384,0,0,0,0,0,0,0,0,0,0,0,0
ENSMUSG00000031963,1,9,8,9,12,10,15,16,14,15,5,22
ENSMUSG00000021796,7,134,113,117,117,115,127,126,110,107,129,182
ENSMUSG00000052430,0,0,2,0,0,0,0,0,0,0,1,0
ENSMUSG00000067336,15,173,163,127,204,186,231,216,218,155,151,266
ENSMUSG00000030138,2,41,56,33,38,41,44,50,42,43,62,58
ENSMUSG00000042742,6,70,64,51,59,52,67,57,58,43,47,89
ENSMUSG00000031377,1,4,5,6,3,1,7,5,7,2,5,10
ENSMUSG00000049086,3,47,40,36,69,59,69,70,73,54,54,85
ENSMUSG00000025105,0,0,4,0,0,0,0,0,0,1,0,0
ENSMUSG00000028487,0,1,1,1,1,0,1,4,0,2,2,3
ENSMUSG00000024191,7,115,80,63,99,106,94,92,103,95,148,154
ENSMUSG00000011958,16,209,205,124,192,201,214,192,185,163,154,233
ENSMUSG00000078566,28,446,413,315,434,466,731,717,972,805,974,986
ENSMUSG00000022051,51,233,197,140,209,219,220,205,271,275,235,328
ENSMUSG00000022687,2,5,7,5,12,12,9,14,18,19,13,17
ENSMUSG00000044502,15,418,343,292,352,401,382,385,363,455,458,523
ENSMUSG00000061755,12,42,50,37,40,43,52,59,46,35,48,49
ENSMUSG00000026278,4,22,24,16,30,15,12,24,10,20,27,29
ENSMUSG00000015943,5,155,142,136,150,148,171,202,205,212,225,314
ENSMUSG00000047721,21,206,196,136,183,184,222,278,238,294,344,442
ENSMUSG00000045160,37,930,824,581,743,768,520,612,607,709,723,983
ENSMUSG00000025977,0,0,0,0,0,0,0,0,0,1,0,1
ENSMUSG00000022557,9,77,60,48,71,68,77,90,69,104,106,135
ENSMUSG00000022070,0,3,0,3,2,4,3,2,2,0,0,3
ENSMUSG00000042992,4,40,34,28,43,30,46,24,45,29,41,68
ENSMUSG00000045176,5,55,62,46,71,64,58,71,76,62,67,93
ENSMUSG00000062376,12,96,70,78,99,96,103,113,119,102,133,177
ENSMUSG00000002345,5,35,40,32,40,40,42,47,58,52,83,87
ENSMUSG00000038871,52,146,106,68,124,85,49,55,84,71,76,122
ENSMUSG00000038286,2,106,72,53,85,114,72,94,96,100,84,113
ENSMUSG00000027483,0,1,1,0,1,19,0,1,1,1,10,49
ENSMUSG00000027485,0,2,1,0,0,4,0,1,1,0,5,2
ENSMUSG00000068008,0,0,0,0,0,0,0,0,0,0,0,0
ENSMUSG00000074665,0,0,0,0,0,0,0,0,0,0,0,0
ENSMUSG00000067998,0,0,0,0,0,0,0,0,0,0,0,0
ENSMUSG00000050108,0,0,0,0,0,0,0,0,0,0,0,0
ENSMUSG00000026617,4,45,30,34,44,35,39,42,29,41,32,47
ENSMUSG00000040481,42,171,149,98,211,181,191,162,168,130,188,229
ENSMUSG00000002413,5,34,26,28,43,30,50,44,51,52,53,35
ENSMUSG00000029458,9,98,83,68,99,104,100,95,110,128,123,153
ENSMUSG00000000148,1,19,15,10,26,10,15,16,20,21,19,23
ENSMUSG00000017146,0,0,1,0,1,0,3,0,1,1,1,2
ENSMUSG00000041147,0,2,1,0,6,0,5,5,2,4,5,4
ENSMUSG00000031201,3,75,63,45,52,50,81,83,111,92,138,125
ENSMUSG00000022387,5,38,24,27,31,41,34,43,26,18,23,35
ENSMUSG00000024335,93,237,215,139,237,238,297,274,266,192,282,374
ENSMUSG00000026918,22,91,105,56,97,76,114,77,91,78,70,94
ENSMUSG00000024002,29,130,98,70,124,117,150,119,135,96,106,173
ENSMUSG00000031660,20,209,203,128,192,182,199,204,210,203,226,294
ENSMUSG00000003778,10,55,37,38,74,58,65,63,86,76,96,102
ENSMUSG00000057649,44,57,66,38,90,79,74,82,83,81,94,140
ENSMUSG00000029279,0,5,2,2,3,1,1,5,8,3,6,7
ENSMUSG00000011158,5,42,43,37,51,35,46,57,54,61,65,61
ENSMUSG00000031487,2,23,18,14,13,16,30,19,21,30,27,42
ENSMUSG00000047843,46,740,711,502,694,654,743,868,759,959,1039,1334
ENSMUSG00000037905,13,213,179,122,187,161,167,188,215,183,174,283
ENSMUSG00000045744,0,0,1,0,1,0,0,0,0,0,1,3
ENSMUSG00000028351,0,1,0,2,0,0,1,1,1,0,2,1
ENSMUSG00000004031,0,2,1,0,0,2,1,0,0,0,1,0
ENSMUSG00000035131,0,0,0,0,0,0,0,0,0,1,0,0
ENSMUSG00000034329,0,2,2,0,1,1,4,2,2,0,1,3
ENSMUSG00000022247,2,63,44,36,54,64,63,70,76,91,89,114
ENSMUSG00000033940,23,331,323,215,319,292,321,331,349,316,354,540
ENSMUSG00000080268,6,38,36,22,51,38,49,71,78,74,74,112
ENSMUSG00000012076,3,38,25,17,38,38,36,33,32,37,35,55
ENSMUSG00000046836,3,81,78,48,69,81,72,61,79,49,52,81
ENSMUSG00000001632,7,43,55,31,48,48,46,63,54,58,55,81
ENSMUSG00000063952,3,17,20,9,25,25,34,29,11,27,29,48
ENSMUSG00000035390,0,2,2,3,3,3,6,4,4,3,9,7
ENSMUSG00000053046,0,2,2,3,1,1,2,1,0,1,0,2
ENSMUSG00000022914,8,110,87,63,118,85,107,94,78,73,93,131
ENSMUSG00000063663,0,3,3,5,6,4,6,7,6,4,6,5
ENSMUSG00000071657,6,99,104,76,77,98,114,129,110,137,130,185
ENSMUSG00000040859,9,114,106,78,97,103,106,114,151,124,153,187
ENSMUSG00000023175,371,6996,6536,4957,6109,6085,6560,6876,7494,8514,10171,11564
ENSMUSG00000032589,0,0,1,0,0,0,1,0,1,0,2,2
ENSMUSG00000025418,0,0,0,0,0,0,0,0,0,0,0,0
ENSMUSG00000028392,0,0,0,0,0,1,0,1,0,2,2,2
ENSMUSG00000029082,0,1,3,4,3,4,11,24,7,7,6,35
ENSMUSG00000046718,27,151,135,89,116,125,573,682,513,333,376,1130
ENSMUSG00000054360,0,0,0,0,0,0,0,0,0,0,0,0
ENSMUSG00000040565,3,32,27,20,24,20,26,21,26,26,32,49
ENSMUSG00000025103,17,265,274,184,289,285,341,295,323,287,294,402
ENSMUSG00000038187,4,32,18,13,33,25,23,27,15,19,18,26
ENSMUSG00000020042,0,11,6,7,9,7,4,4,4,15,0,9
ENSMUSG00000040298,0,0,1,0,1,2,0,0,0,0,0,0
ENSMUSG00000000202,0,0,0,0,0,0,0,1,0,0,1,2
ENSMUSG00000086598,0,0,0,0,0,0,0,0,0,0,0,0
ENSMUSG00000073771,0,13,8,2,8,7,4,7,8,11,8,21
ENSMUSG00000003344,18,172,138,97,141,163,156,156,170,187,187,256
ENSMUSG00000062098,1,34,24,16,37,38,46,28,34,24,35,41
ENSMUSG00000099711,0,0,0,0,0,0,0,0,0,0,0,0
ENSMUSG00000002803,3,49,66,45,60,68,75,67,76,60,102,101
ENSMUSG00000041702,5,74,70,43,74,73,78,71,70,71,71,98
ENSMUSG00000111375,0,7,7,2,8,9,5,5,5,5,8,12
ENSMUSG00000062202,5,50,46,37,53,49,54,55,59,52,41,64
ENSMUSG00000082361,0,0,2,0,1,5,1,1,4,4,3,5
ENSMUSG00000021900,6,31,39,33,40,41,26,32,32,45,54,64
ENSMUSG00000021660,35,345,312,214,339,370,429,526,586,407,478,709
ENSMUSG00000028568,3,107,85,75,97,95,118,126,132,102,108,169
ENSMUSG00000114133,6,91,58,43,60,80,76,92,104,71,83,147
ENSMUSG00000036478,7,68,44,41,65,48,79,76,67,47,57,111
ENSMUSG00000020423,27,300,182,180,512,429,357,614,580,411,752,560
ENSMUSG00000022863,1,23,24,11,38,23,41,33,26,29,40,37
ENSMUSG00000031264,0,3,2,1,1,4,3,12,1,3,0,11
ENSMUSG00000052013,0,2,1,0,3,2,1,2,5,3,0,8
ENSMUSG00000000706,0,0,0,0,0,0,0,0,0,0,0,0
ENSMUSG00000062638,0,0,0,0,0,0,0,0,0,0,0,0
ENSMUSG00000024340,0,0,0,0,3,0,0,0,0,0,0,0
ENSMUSG00000040283,28,148,109,74,138,123,133,94,112,125,110,119
ENSMUSG00000025217,5,61,60,44,52,60,52,63,51,56,69,83
ENSMUSG00000027379,0,0,0,0,0,1,1,2,0,0,0,0
ENSMUSG00000040084,0,1,0,3,4,2,5,2,1,4,3,9
ENSMUSG00000066979,6,90,57,58,72,109,73,106,101,94,83,125
ENSMUSG00000032077,1,14,15,7,15,22,13,25,14,22,15,33
ENSMUSG00000038722,18,177,154,125,154,165,181,208,203,245,248,349
ENSMUSG00000071317,2,177,164,109,150,166,126,158,136,133,140,243
ENSMUSG00000023988,8,98,87,62,84,79,90,94,70,90,118,145
ENSMUSG00000051223,14,88,115,68,102,96,102,120,130,75,80,120
ENSMUSG00000020547,19,430,407,305,433,398,345,376,440,367,436,561
ENSMUSG00000052477,0,1,0,0,1,0,0,0,1,4,0,3
ENSMUSG00000044092,0,4,2,1,0,2,0,3,0,3,2,4
ENSMUSG00000029917,0,0,0,0,0,0,0,0,0,0,0,1
ENSMUSG00000039349,21,60,55,38,78,56,65,61,69,69,90,75
ENSMUSG00000000581,10,77,97,62,95,93,109,105,100,89,90,111
ENSMUSG00000042460,4,40,27,26,40,36,56,45,27,53,42,63
ENSMUSG00000048970,0,14,20,14,22,28,21,20,18,18,27,37
ENSMUSG00000036887,23,314,239,163,250,229,624,859,550,514,543,1225
ENSMUSG00000036905,20,258,233,182,200,214,618,838,515,503,426,1225
ENSMUSG00000018446,18,439,423,268,449,396,383,443,457,427,432,648
ENSMUSG00000036896,17,186,170,102,136,147,354,537,297,261,237,708
ENSMUSG00000045532,0,0,0,0,0,1,1,1,0,0,0,0
ENSMUSG00000036907,0,0,0,0,0,0,1,0,0,0,0,0
ENSMUSG00000049630,0,1,0,0,0,0,0,0,0,0,0,0
ENSMUSG00000017446,1,22,6,6,15,12,12,16,7,20,12,15
ENSMUSG00000023571,3,52,27,39,38,35,44,48,45,49,44,81
ENSMUSG00000046491,2,17,19,13,15,21,8,20,10,16,18,30
ENSMUSG00000058914,0,0,1,0,1,0,0,0,0,0,0,0
ENSMUSG00000040794,2,35,35,22,23,45,26,32,56,38,53,54
ENSMUSG00000022440,4,41,37,15,29,24,44,38,20,44,34,55
ENSMUSG00000061535,2,15,13,15,10,15,20,21,22,19,18,29
ENSMUSG00000071347,67,203,195,154,213,178,223,221,285,267,292,347
ENSMUSG00000055172,2,44,38,23,46,54,69,79,60,91,68,151
ENSMUSG00000098470,3,13,8,10,14,8,31,35,23,30,22,42
ENSMUSG00000038527,0,4,4,4,3,3,5,6,5,5,3,10
ENSMUSG00000038521,8,45,36,33,46,54,79,87,81,70,71,113
ENSMUSG00000079343,0,0,2,1,0,3,0,5,2,5,0,5
ENSMUSG00000045975,6,41,36,28,43,45,46,37,50,48,44,50
ENSMUSG00000032120,7,43,40,29,38,38,46,33,48,39,49,62
ENSMUSG00000047248,2,17,19,13,13,20,12,26,17,14,18,26
ENSMUSG00000047990,0,0,0,0,0,0,0,0,0,0,0,0
ENSMUSG00000091956,1,12,1,6,5,8,8,4,26,13,17,11
ENSMUSG00000045912,0,0,0,0,0,0,0,0,0,0,1,0
ENSMUSG00000091648,1,3,0,2,1,0,0,2,0,5,2,1
ENSMUSG00000030279,1,26,26,17,22,27,30,25,30,34,25,38
ENSMUSG00000006423,2,23,26,12,22,19,31,26,25,26,28,40
ENSMUSG00000024592,1,49,48,39,49,53,57,39,55,53,50,81
ENSMUSG00000065952,1,3,2,2,4,4,6,3,5,6,3,5
ENSMUSG00000033031,0,2,2,0,2,0,1,5,0,4,2,8
ENSMUSG00000040552,0,31,23,14,25,18,110,127,73,46,50,182
ENSMUSG00000108900,0,0,0,0,0,0,0,0,0,0,0,0
ENSMUSG00000015451,1,5,4,6,5,8,47,45,34,40,43,114
ENSMUSG00000073418,9,29,24,23,28,32,182,205,101,218,211,370
ENSMUSG00000026405,0,0,0,0,0,0,0,1,0,0,0,0
ENSMUSG00000036377,1,5,4,3,4,5,4,6,5,5,7,3
ENSMUSG00000049130,1,10,10,7,10,14,34,39,22,15,12,37
ENSMUSG00000022181,0,0,0,0,1,0,0,1,0,0,1,2
ENSMUSG00000079105,0,0,0,1,0,0,0,0,2,2,0,3
ENSMUSG00000050390,0,15,10,11,12,3,11,14,15,14,9,14
ENSMUSG00000046449,0,0,1,1,2,0,0,1,0,3,0,0
ENSMUSG00000035031,0,0,0,0,0,0,0,0,0,0,0,0
ENSMUSG00000015083,0,10,6,6,6,5,6,5,8,9,6,9
ENSMUSG00000022149,0,0,0,0,0,0,1,0,0,0,1,0
ENSMUSG00000028578,0,8,10,8,6,9,11,12,15,14,13,14
ENSMUSG00000036707,15,231,210,129,214,218,229,197,198,234,236,285
ENSMUSG00000021981,6,48,42,22,50,57,62,61,41,40,41,73
ENSMUSG00000020196,12,57,39,25,51,72,75,49,45,76,71,96
ENSMUSG00000040957,5,20,17,6,16,18,24,16,27,14,19,22
ENSMUSG00000038990,9,42,35,29,48,37,62,49,43,61,42,55
ENSMUSG00000029544,10,26,5,13,20,15,11,4,9,9,14,9
ENSMUSG00000024842,0,0,0,0,0,0,0,0,0,0,1,1
ENSMUSG00000009075,0,0,0,0,2,0,1,2,1,1,1,1
ENSMUSG00000024430,2,3,2,4,2,3,1,2,0,5,3,5
ENSMUSG00000015488,8,144,135,108,118,131,131,172,149,148,169,223
ENSMUSG00000028532,2,9,5,3,12,5,12,5,2,14,11,8
ENSMUSG00000034656,0,5,15,9,5,13,10,9,8,14,15,13
ENSMUSG00000004113,0,2,0,1,0,0,0,1,0,0,0,1
ENSMUSG00000051331,21,311,351,240,335,365,322,357,330,374,349,506
ENSMUSG00000015968,2,3,3,0,4,5,3,4,4,2,4,7
ENSMUSG00000004110,0,0,0,0,0,0,0,0,0,3,1,1
ENSMUSG00000031142,0,1,0,0,0,0,1,0,0,0,0,0
ENSMUSG00000020866,1,38,35,21,25,39,23,26,30,22,31,43
ENSMUSG00000024112,3,26,22,15,26,25,17,21,18,18,26,25
ENSMUSG00000022416,0,0,1,0,0,1,0,2,1,0,1,0
ENSMUSG00000026407,2,52,41,26,40,53,54,26,46,56,54,64
ENSMUSG00000040118,10,318,265,220,296,283,257,224,258,214,207,360
ENSMUSG00000010066,0,4,5,5,2,10,1,3,4,0,2,7
ENSMUSG00000021991,1,0,3,0,0,3,0,2,2,3,1,1
ENSMUSG00000041460,0,0,0,1,0,0,0,0,0,0,0,0
ENSMUSG00000020882,2,25,25,18,27,24,37,25,18,40,47,40
ENSMUSG00000057914,4,141,127,118,123,123,118,129,123,107,105,158
ENSMUSG00000003352,2,5,9,5,13,9,23,14,6,10,25,21
ENSMUSG00000017412,0,8,2,4,6,2,3,5,5,4,4,7
ENSMUSG00000020722,0,1,1,0,0,0,0,0,0,0,1,0
ENSMUSG00000019146,1,0,0,0,0,0,0,0,0,0,0,1
ENSMUSG00000020723,0,0,0,1,1,0,0,0,0,0,0,0
ENSMUSG00000078815,0,2,1,1,4,4,9,2,6,5,0,8
ENSMUSG00000069806,1,4,4,3,3,7,6,5,3,3,10,4
ENSMUSG00000034889,9,67,47,29,54,46,56,43,35,38,48,81
ENSMUSG00000033417,6,83,67,46,65,73,78,78,84,48,69,93
ENSMUSG00000014226,4,194,156,102,159,174,143,183,164,162,184,239
ENSMUSG00000013629,1,35,33,19,41,44,48,42,34,40,40,45
ENSMUSG00000032076,0,8,8,6,1,12,11,13,16,8,7,20
ENSMUSG00000064115,1,0,2,1,2,1,1,2,2,2,3,3
ENSMUSG00000005338,0,3,7,2,7,8,7,4,5,9,7,9
ENSMUSG00000054793,4,77,60,34,54,59,53,69,75,80,79,100
ENSMUSG00000054423,6,0,0,0,0,0,0,0,0,0,0,0
ENSMUSG00000017978,1,1,3,4,3,4,4,3,7,0,1,0
ENSMUSG00000044566,0,1,1,2,2,2,2,5,3,3,7,1
ENSMUSG00000028222,0,0,0,0,2,0,0,1,0,0,0,0
ENSMUSG00000030669,0,0,0,2,1,0,0,0,0,0,1,0
ENSMUSG00000030666,0,1,0,0,0,0,0,0,1,0,0,0
ENSMUSG00000023055,17,327,287,217,287,306,372,377,420,410,383,467
ENSMUSG00000059588,8,44,47,29,40,59,62,45,62,62,37,67
ENSMUSG00000029761,65,181,160,102,209,180,189,193,174,145,226,218
ENSMUSG00000033033,3,21,10,9,13,15,23,13,22,16,12,20
ENSMUSG00000001175,136,894,738,545,806,880,814,863,692,558,657,1229
ENSMUSG00000036438,35,304,270,201,305,270,306,363,303,270,322,539
ENSMUSG00000019370,26,355,277,226,331,284,349,389,356,380,367,566
ENSMUSG00000033765,0,0,0,0,0,0,0,0,0,0,0,0
ENSMUSG00000099269,0,0,0,0,1,0,0,0,0,0,0,0
ENSMUSG00000063130,0,0,0,1,0,0,0,0,1,0,0,1
ENSMUSG00000032246,0,3,1,0,2,1,1,3,0,1,0,1
ENSMUSG00000060371,0,0,1,0,0,1,0,1,0,0,0,0
ENSMUSG00000003814,90,1177,1079,899,1062,1223,1254,1187,844,1083,2258,3090
ENSMUSG00000019732,1,25,12,16,24,31,44,47,30,28,38,57
ENSMUSG00000028558,0,0,0,0,0,1,0,0,0,0,0,2
ENSMUSG00000029767,15,282,254,186,279,269,246,258,251,204,224,361
ENSMUSG00000025468,0,0,1,0,3,0,0,1,1,0,0,3
ENSMUSG00000030272,22,336,238,204,275,251,283,342,286,270,329,493
ENSMUSG00000039145,2,9,3,4,5,4,4,16,8,11,10,8
ENSMUSG00000016179,0,1,0,1,2,1,1,0,5,2,0,4
ENSMUSG00000024617,6,58,56,40,74,77,65,50,77,42,33,80
ENSMUSG00000057897,2,28,30,24,36,43,32,49,42,32,29,31
ENSMUSG00000053819,18,366,375,240,341,346,364,326,338,308,349,422
ENSMUSG00000021820,15,213,186,138,196,205,207,155,153,144,154,209
ENSMUSG00000046447,18,133,100,78,133,137,124,98,152,111,108,188
ENSMUSG00000051146,3,7,9,5,2,5,6,8,9,6,7,9
ENSMUSG00000038128,0,1,3,3,1,1,1,2,1,2,1,1
ENSMUSG00000020785,2,3,2,2,1,4,3,2,3,4,2,0
ENSMUSG00000029471,5,42,36,27,38,40,59,53,45,46,63,99
ENSMUSG00000071037,0,0,0,0,0,0,1,1,0,0,0,0
ENSMUSG00000021501,7,53,29,33,44,43,66,44,57,56,45,65
ENSMUSG00000038357,0,0,0,0,0,0,1,1,2,1,0,1
ENSMUSG00000026933,7,74,69,42,68,61,82,68,53,60,57,74
ENSMUSG00000041570,9,59,51,40,39,51,55,50,42,40,50,67
ENSMUSG00000044433,0,5,4,8,5,3,4,2,0,2,4,8
ENSMUSG00000014592,26,451,421,274,415,467,438,455,465,435,413,609
ENSMUSG00000040712,22,174,167,108,128,128,136,118,122,131,179,223
ENSMUSG00000020114,5,55,64,39,51,61,69,49,58,53,65,88
ENSMUSG00000030319,21,443,400,312,399,411,459,437,427,475,570,658
ENSMUSG00000025575,8,45,62,40,78,73,73,93,61,76,80,101
ENSMUSG00000020368,31,625,570,365,588,604,642,547,570,453,542,895
ENSMUSG00000028656,7,22,11,15,25,19,32,36,28,11,11,18
ENSMUSG00000021373,17,220,232,202,250,283,283,281,286,258,358,488
ENSMUSG00000056737,12,74,50,46,55,54,161,244,68,99,109,349
ENSMUSG00000024942,5,61,70,47,71,62,59,65,78,55,72,125
ENSMUSG00000026270,3,9,14,12,9,9,15,15,7,13,12,27
ENSMUSG00000058626,2,0,0,0,1,6,11,0,0,0,2,0
ENSMUSG00000054083,1,4,10,1,0,1,5,2,2,0,6,2
ENSMUSG00000037326,11,24,28,20,34,32,27,36,38,34,30,51
ENSMUSG00000026509,39,235,230,170,270,239,302,308,250,348,298,429
ENSMUSG00000079110,3,9,10,3,3,4,3,3,1,3,10,8
ENSMUSG00000035547,2,8,4,16,8,10,9,10,13,8,20,12
ENSMUSG00000021893,6,120,81,86,122,114,110,109,122,102,126,155
ENSMUSG00000038599,0,0,0,0,0,0,0,0,0,0,0,0
ENSMUSG00000031981,0,2,0,2,3,1,2,1,2,4,4,6
ENSMUSG00000001794,116,1720,1513,1159,1462,1485,1598,1828,1607,1929,2035,2846
ENSMUSG00000078144,0,0,0,0,0,0,0,0,0,0,0,0
ENSMUSG00000027184,16,258,217,154,258,239,236,209,196,197,185,311
ENSMUSG00000030309,2,15,21,10,23,24,15,21,12,15,9,19
ENSMUSG00000070372,7,76,78,46,53,49,80,81,75,59,59,113
ENSMUSG00000015733,35,421,386,243,372,356,441,418,402,382,365,625
ENSMUSG00000028745,55,989,839,637,791,869,921,1073,956,1031,1099,1670
ENSMUSG00000056158,0,0,0,1,0,0,0,0,0,0,0,0
ENSMUSG00000003273,1,19,19,15,23,21,28,42,28,35,28,47
ENSMUSG00000032373,0,1,1,0,0,1,1,1,0,2,0,4
ENSMUSG00000027555,0,2,1,0,1,1,4,10,0,4,0,17
ENSMUSG00000038526,15,406,366,239,386,372,330,364,617,442,423,487
ENSMUSG00000090236,0,0,0,0,0,0,0,0,0,0,0,0
ENSMUSG00000027562,7,22,12,5,6,8,10,14,25,11,11,19
ENSMUSG00000027559,0,0,6,5,1,5,1,3,2,2,0,6
ENSMUSG00000000805,28,79,78,59,90,82,112,126,167,173,127,134
ENSMUSG00000025317,0,0,0,0,0,1,0,0,0,0,0,0
ENSMUSG00000031373,1,2,3,3,8,2,2,0,2,2,5,7
ENSMUSG00000028972,0,0,0,0,0,0,0,0,0,0,0,0
ENSMUSG00000031883,4,21,23,17,25,26,16,12,27,15,23,40
ENSMUSG00000041261,6,36,55,25,55,43,48,37,46,39,36,44
ENSMUSG00000028463,0,0,2,0,0,2,3,1,1,2,0,0
ENSMUSG00000033170,29,76,72,49,77,66,84,73,68,73,91,98
ENSMUSG00000036526,1,1,2,0,4,2,6,10,2,2,4,10
ENSMUSG00000013483,0,2,1,1,0,0,1,0,1,1,0,5
ENSMUSG00000037960,19,394,374,299,311,378,407,473,542,578,665,745
ENSMUSG00000041849,1,13,14,16,12,14,15,12,4,6,12,23
ENSMUSG00000026928,0,1,0,1,0,1,2,0,1,0,0,3
ENSMUSG00000026017,3,11,15,11,13,14,9,10,8,7,7,18
ENSMUSG00000008393,22,93,72,57,77,67,129,118,100,90,104,156
ENSMUSG00000097638,2,0,0,0,0,0,0,0,0,0,0,0
ENSMUSG00000032185,14,164,153,104,174,157,168,205,189,203,235,243
ENSMUSG00000021338,1,5,1,4,2,1,4,7,7,6,8,8
ENSMUSG00000050357,1,2,3,0,2,4,2,7,4,2,1,0
ENSMUSG00000022211,1,13,5,7,14,10,12,5,9,25,12,27
ENSMUSG00000024726,4,114,87,58,95,75,89,90,131,110,100,126
ENSMUSG00000075289,11,73,64,52,77,83,67,73,81,74,71,109
ENSMUSG00000010755,3,64,46,39,63,58,67,70,87,78,73,93
ENSMUSG00000056228,13,129,108,99,117,114,116,112,97,113,108,152
ENSMUSG00000021647,0,0,1,0,0,0,0,0,0,0,0,0
ENSMUSG00000043541,0,38,26,15,26,28,16,13,18,19,11,12
ENSMUSG00000060227,1,16,13,12,19,19,19,25,26,20,11,27
ENSMUSG00000015189,2,58,55,29,44,56,54,46,50,41,48,63
ENSMUSG00000031012,1,22,17,21,27,20,38,27,24,24,31,29
ENSMUSG00000033597,0,5,1,0,2,2,2,1,1,2,2,2
ENSMUSG00000034471,31,142,154,134,138,137,172,126,163,219,218,221
ENSMUSG00000025888,0,5,12,8,12,10,27,18,15,11,13,72
ENSMUSG00000025887,0,18,17,10,15,15,41,41,37,22,27,81
ENSMUSG00000029863,3,26,20,20,22,21,31,30,21,18,33,36
ENSMUSG00000031628,0,4,6,5,5,11,15,14,5,5,10,15
ENSMUSG00000033538,1,14,11,5,12,6,23,34,11,17,14,69
ENSMUSG00000027997,4,28,23,30,29,36,26,33,41,33,23,40
ENSMUSG00000025076,4,17,15,10,23,23,23,31,27,13,28,44
ENSMUSG00000026029,5,22,20,15,37,20,19,38,22,13,31,41
ENSMUSG00000028282,1,7,5,9,11,13,10,5,6,4,2,13
ENSMUSG00000028914,4,33,35,27,34,29,37,36,47,41,50,41
ENSMUSG00000007122,2,18,27,13,14,27,9,20,10,13,14,15
ENSMUSG00000027861,75,1755,1636,1034,1515,1662,1129,1132,1127,1263,1175,1778
ENSMUSG00000051980,0,0,0,1,0,0,0,0,0,0,0,0
ENSMUSG00000074570,0,1,2,3,1,1,2,3,1,0,3,3
ENSMUSG00000021585,20,275,258,198,278,299,365,325,339,309,363,509
ENSMUSG00000028977,8,123,128,59,122,125,116,121,116,128,149,195
ENSMUSG00000027187,44,564,537,342,590,601,776,763,815,753,676,904
ENSMUSG00000073650,0,2,1,0,7,2,1,1,2,1,3,1
ENSMUSG00000033486,0,18,14,10,14,16,18,21,23,20,17,27
ENSMUSG00000021499,0,0,0,0,0,1,2,0,1,2,1,2
ENSMUSG00000048003,0,1,0,0,1,0,2,0,0,0,0,2
ENSMUSG00000047014,0,0,0,0,0,0,1,0,0,0,0,0
ENSMUSG00000040828,0,1,0,0,0,0,1,0,0,0,1,1
ENSMUSG00000049676,0,2,0,1,1,0,4,2,2,4,2,3
ENSMUSG00000049123,0,0,0,0,1,0,0,1,1,0,0,0
ENSMUSG00000050623,0,0,2,1,1,0,0,0,1,1,0,2
ENSMUSG00000007655,53,497,414,328,520,470,488,430,579,432,526,599
ENSMUSG00000000058,27,195,129,109,168,152,169,146,185,150,138,185
ENSMUSG00000062694,20,383,330,251,322,362,439,453,366,408,476,643
ENSMUSG00000004044,254,854,825,610,947,931,930,843,889,823,924,1242
ENSMUSG00000045954,62,498,409,289,451,486,416,344,396,388,384,519
ENSMUSG00000037060,21,145,127,107,122,129,127,144,113,152,181,253
ENSMUSG00000028348,16,374,307,214,346,311,412,400,396,378,488,508
ENSMUSG00000035640,1,14,4,4,9,22,9,13,14,11,19,18
ENSMUSG00000038533,3,37,25,26,31,31,45,29,42,33,37,62
ENSMUSG00000006362,32,131,107,73,127,106,180,111,135,122,169,159
ENSMUSG00000031885,5,57,62,31,54,62,75,74,61,52,50,105
ENSMUSG00000034342,2,51,42,35,51,37,66,64,44,55,39,77
ENSMUSG00000022637,2,23,28,17,34,29,34,25,38,37,21,49
ENSMUSG00000040525,0,5,4,2,4,1,0,1,4,2,1,3
ENSMUSG00000020659,1,31,21,17,22,23,32,27,27,21,18,27
ENSMUSG00000031654,0,4,0,0,2,3,2,3,1,0,1,1
ENSMUSG00000024647,0,0,0,0,0,0,0,0,0,1,0,0
ENSMUSG00000040380,0,0,1,0,0,0,0,0,0,0,0,0
ENSMUSG00000051483,7,123,114,69,101,120,106,117,155,139,135,183
ENSMUSG00000025150,6,90,74,55,70,74,115,104,60,83,74,211
ENSMUSG00000022947,1,9,3,3,9,3,9,10,13,9,14,18
ENSMUSG00000031641,7,144,125,80,132,122,113,129,172,125,104,200
ENSMUSG00000024039,0,2,0,0,2,2,1,1,0,0,2,1
ENSMUSG00000024878,0,12,17,5,11,15,19,20,18,21,19,19
ENSMUSG00000018666,11,93,93,58,73,89,81,81,100,55,90,104
ENSMUSG00000025577,1,2,10,3,8,16,10,3,11,6,10,7
ENSMUSG00000029836,3,34,23,22,27,46,46,48,49,23,27,58
ENSMUSG00000039989,7,43,43,34,58,50,40,27,36,42,44,53
ENSMUSG00000009575,15,118,94,74,115,141,130,95,118,91,123,177
ENSMUSG00000089715,24,170,155,129,181,153,200,178,182,153,220,262
ENSMUSG00000053411,9,58,59,37,63,71,59,87,89,77,87,103
ENSMUSG00000025578,1,16,10,5,14,15,10,15,15,11,17,26
ENSMUSG00000022428,1,73,61,37,44,60,52,37,42,55,56,63
ENSMUSG00000050087,0,0,0,0,0,0,1,0,1,0,0,0
ENSMUSG00000036686,5,51,46,33,55,38,72,59,70,69,78,92
ENSMUSG00000028582,9,46,44,39,34,49,62,60,54,68,46,80
ENSMUSG00000039765,4,17,15,7,23,14,17,13,13,13,16,12
ENSMUSG00000108929,0,0,0,0,0,0,0,1,0,0,0,0
ENSMUSG00000020074,16,133,132,80,108,117,124,127,146,104,143,156
ENSMUSG00000033712,0,7,13,5,15,15,12,12,15,14,11,10
ENSMUSG00000046318,0,14,12,10,13,9,12,13,16,14,11,36
ENSMUSG00000063605,2,20,15,10,22,16,14,29,21,14,32,37
ENSMUSG00000020930,0,0,0,0,0,0,0,1,1,1,1,1
ENSMUSG00000035228,0,2,0,3,0,0,1,2,0,2,2,3
ENSMUSG00000028461,6,140,111,89,113,118,131,172,154,143,223,225
ENSMUSG00000071855,0,2,0,1,2,0,2,6,2,1,4,1
ENSMUSG00000036598,0,0,0,0,0,0,0,0,0,0,0,0
ENSMUSG00000040189,2,4,6,2,2,4,6,3,2,2,3,11
ENSMUSG00000042111,7,46,51,30,34,54,57,63,63,52,78,90
ENSMUSG00000022768,0,0,1,0,1,1,0,1,0,0,0,1
ENSMUSG00000020482,2,46,40,19,56,53,48,48,45,44,46,55
ENSMUSG00000019659,10,181,169,120,166,176,205,223,276,231,352,349
ENSMUSG00000031150,0,2,2,1,0,2,0,1,0,0,2,1
ENSMUSG00000034795,0,4,1,6,7,1,8,15,8,3,4,11
ENSMUSG00000007721,22,294,279,207,276,275,326,422,345,412,516,520
ENSMUSG00000048924,1,13,16,15,22,30,19,8,17,12,17,26
ENSMUSG00000050786,2,15,18,8,15,18,24,17,14,16,23,18
ENSMUSG00000021578,8,96,98,74,102,89,103,103,116,99,118,131
ENSMUSG00000037973,0,0,0,0,0,0,0,0,0,0,0,0
ENSMUSG00000079235,0,1,1,1,0,0,0,1,1,1,1,0
ENSMUSG00000004994,0,20,15,15,11,19,24,21,22,13,30,28
ENSMUSG00000068114,2,14,16,9,10,20,17,19,25,10,19,23
ENSMUSG00000029769,1,4,4,5,4,6,15,6,6,12,12,20
ENSMUSG00000049957,4,32,21,16,22,16,34,26,18,26,28,43
ENSMUSG00000038010,0,1,0,0,3,3,8,2,5,0,1,6
ENSMUSG00000022833,1,6,9,2,7,3,8,10,4,0,2,4
ENSMUSG00000044033,14,227,227,159,227,264,197,179,217,216,212,269
ENSMUSG00000107499,0,2,0,0,1,1,0,0,1,1,2,0
ENSMUSG00000047696,0,0,0,0,0,0,0,0,0,0,0,0
ENSMUSG00000064280,1,16,10,9,11,7,9,15,8,12,14,14
ENSMUSG00000036641,0,1,0,0,0,2,2,0,0,3,2,1
ENSMUSG00000045790,1,29,14,15,24,31,24,24,19,26,37,51
ENSMUSG00000034303,0,2,1,0,1,2,7,5,3,0,3,3
ENSMUSG00000025983,0,3,2,0,0,0,0,2,2,1,0,2
ENSMUSG00000039632,0,0,2,0,0,1,1,0,1,1,0,2
ENSMUSG00000091119,0,5,7,0,3,3,4,3,2,4,1,4
ENSMUSG00000070306,0,0,0,0,0,0,0,0,0,0,0,1
ENSMUSG00000059562,0,0,0,0,0,0,0,0,0,0,0,0
ENSMUSG00000038292,0,1,0,0,0,0,0,0,0,0,0,0
ENSMUSG00000051427,3,14,20,9,22,17,25,14,15,21,19,26
ENSMUSG00000050050,0,0,0,0,0,2,0,0,1,0,0,0
ENSMUSG00000006241,0,4,6,5,8,7,15,5,9,13,10,11
ENSMUSG00000073207,0,2,1,0,0,0,0,2,1,0,2,2
ENSMUSG00000075225,0,0,2,0,0,0,1,0,0,0,2,0
ENSMUSG00000028689,1,19,16,8,22,20,31,26,30,22,35,43
ENSMUSG00000098176,0,8,5,4,4,9,7,4,9,9,12,8
ENSMUSG00000024018,1,41,29,27,46,31,22,40,42,38,53,52
ENSMUSG00000048655,0,2,0,1,0,1,0,0,0,0,0,1
ENSMUSG00000034035,0,5,6,5,7,8,8,8,9,11,4,6
ENSMUSG00000019767,0,0,0,0,0,0,0,0,0,0,0,0
ENSMUSG00000052407,0,0,1,0,2,0,0,3,0,0,1,0
ENSMUSG00000070883,1,3,2,2,5,5,4,3,4,7,6,6
ENSMUSG00000034083,20,39,27,22,23,25,47,44,44,37,44,55
ENSMUSG00000021086,0,1,0,0,2,0,2,0,0,0,0,0
ENSMUSG00000062961,0,0,0,0,0,0,0,0,0,0,0,0
ENSMUSG00000056531,2,0,0,1,0,0,0,0,0,1,0,0
ENSMUSG00000035539,0,1,0,0,1,0,2,1,2,0,0,3
ENSMUSG00000026578,3,39,31,24,37,32,36,29,45,35,45,55
ENSMUSG00000034031,0,0,0,0,0,0,0,0,0,0,0,0
ENSMUSG00000026940,0,3,3,5,1,2,3,1,5,4,1,2
ENSMUSG00000029875,0,8,3,3,2,7,6,5,5,7,2,8
ENSMUSG00000035173,10,54,57,34,53,68,67,52,64,42,59,103
ENSMUSG00000048038,0,0,0,0,0,1,0,0,0,0,0,0
ENSMUSG00000057176,3,38,28,19,28,15,19,19,17,26,19,32
ENSMUSG00000070532,0,0,0,0,0,0,0,1,0,0,0,0
ENSMUSG00000022701,3,8,7,9,9,22,13,14,19,16,24,19
ENSMUSG00000078588,0,1,0,0,1,0,1,1,2,0,0,0
ENSMUSG00000022035,5,24,23,16,13,23,34,19,20,26,26,34
ENSMUSG00000059554,0,47,47,30,39,52,28,53,53,27,44,76
ENSMUSG00000028795,9,59,56,41,58,48,88,85,93,109,89,122
ENSMUSG00000026676,1,6,6,3,14,8,5,6,8,11,10,10
ENSMUSG00000028637,0,1,0,2,1,0,1,0,2,0,1,1
ENSMUSG00000039983,2,37,31,25,22,36,35,36,37,29,46,54
ENSMUSG00000037716,0,0,1,0,0,0,0,0,0,0,0,0
ENSMUSG00000027160,2,14,14,8,20,16,19,19,11,16,23,29
ENSMUSG00000047220,5,100,92,64,70,64,17,65,71,93,94,106
ENSMUSG00000036168,0,0,2,2,0,1,1,0,2,5,1,4
ENSMUSG00000027676,0,0,0,0,1,0,1,2,0,0,0,2
ENSMUSG00000039963,1,0,0,0,2,0,1,1,0,0,3,0
ENSMUSG00000045915,0,0,0,0,0,0,0,0,0,0,0,0
ENSMUSG00000020925,7,52,36,30,57,52,68,51,62,55,51,79
ENSMUSG00000038127,10,69,75,52,63,45,78,79,76,61,70,73
ENSMUSG00000025645,1,16,15,11,26,26,16,10,15,10,19,26
ENSMUSG00000048445,1,6,1,3,5,2,6,6,7,5,10,8
ENSMUSG00000075229,3,76,66,58,85,59,65,72,69,50,83,109
ENSMUSG00000019897,1,37,42,22,42,40,58,74,65,52,68,74
ENSMUSG00000048701,11,73,53,41,81,58,76,72,63,71,69,99
ENSMUSG00000043913,0,0,0,0,0,0,0,0,0,0,0,0
ENSMUSG00000074358,3,27,36,21,33,32,28,35,24,30,41,54
ENSMUSG00000061882,1,8,6,4,5,4,11,8,5,6,8,9
ENSMUSG00000043036,0,3,3,0,2,1,1,1,6,2,3,4
ENSMUSG00000003354,0,0,0,1,2,1,1,0,0,0,0,0
ENSMUSG00000046753,1,21,19,20,33,24,31,29,40,38,41,53
ENSMUSG00000038903,0,10,10,1,7,8,10,10,8,8,5,14
ENSMUSG00000049588,0,26,19,19,22,12,10,22,14,14,21,25
ENSMUSG00000049305,3,58,54,39,50,39,57,70,62,46,47,95
ENSMUSG00000090946,3,32,32,34,23,31,34,44,42,40,28,52
ENSMUSG00000045106,1,25,32,17,30,31,23,29,47,36,41,40
ENSMUSG00000041617,0,0,1,1,1,5,2,2,1,1,3,3
ENSMUSG00000030177,0,15,11,14,11,9,16,16,18,16,16,15
ENSMUSG00000071202,1,1,2,1,2,2,0,2,3,3,2,1
ENSMUSG00000025808,0,0,0,0,0,1,0,2,0,0,0,0
ENSMUSG00000056018,0,0,0,0,0,0,0,0,0,0,0,0
ENSMUSG00000041117,0,11,10,8,13,7,15,10,8,9,4,15
ENSMUSG00000022665,20,172,150,102,181,155,196,200,154,170,143,311
ENSMUSG00000039391,0,0,0,0,0,0,0,0,0,0,0,0
ENSMUSG00000079084,1,35,34,22,31,28,48,38,37,38,29,40
ENSMUSG00000030617,0,1,1,1,0,0,4,1,2,1,0,0
ENSMUSG00000043923,3,39,21,14,24,21,18,21,28,18,45,31
ENSMUSG00000032878,4,18,18,24,34,26,42,29,27,29,27,32
ENSMUSG00000095098,4,9,14,10,13,16,10,26,27,21,19,32
ENSMUSG00000084883,4,102,82,54,75,96,89,67,71,77,79,129
ENSMUSG00000024732,3,42,29,36,41,40,60,57,60,66,71,90
ENSMUSG00000067872,0,1,0,0,0,0,0,0,0,0,1,0
ENSMUSG00000032740,3,8,10,5,17,17,14,9,11,9,7,15
ENSMUSG00000047810,0,10,6,8,5,3,9,26,9,9,14,27
ENSMUSG00000021182,26,34,33,9,48,31,23,28,20,22,31,23
ENSMUSG00000044362,0,2,1,0,1,0,0,0,0,0,0,0
ENSMUSG00000041375,5,19,19,18,18,22,25,25,20,20,18,38
ENSMUSG00000030613,8,101,91,57,111,104,105,117,110,109,114,138
ENSMUSG00000030301,8,66,80,51,62,68,75,74,65,78,94,100
ENSMUSG00000037979,5,6,1,3,1,4,1,4,4,4,5,4
ENSMUSG00000069814,0,1,2,3,0,0,1,1,4,3,2,2
ENSMUSG00000026339,2,18,24,19,16,18,23,23,29,27,28,29
ENSMUSG00000003208,1,5,5,3,9,3,7,3,10,7,15,12
ENSMUSG00000050677,0,0,0,1,0,0,0,0,0,0,0,0
ENSMUSG00000002608,4,104,118,97,127,129,197,155,131,155,151,210
ENSMUSG00000047025,0,0,0,0,0,0,0,0,0,0,0,0
ENSMUSG00000040312,7,11,6,6,8,10,7,11,7,5,17,16
ENSMUSG00000070999,0,0,0,0,0,0,0,0,0,0,0,0
ENSMUSG00000032532,0,0,1,0,0,2,0,0,0,0,0,0
ENSMUSG00000020702,0,0,0,0,0,0,0,0,0,1,0,1
ENSMUSG00000020676,0,7,6,10,8,4,10,19,6,11,10,31
ENSMUSG00000035352,1,6,7,0,9,1,46,51,17,19,20,154
ENSMUSG00000031780,0,0,0,0,0,0,0,1,1,1,0,6
ENSMUSG00000035385,0,14,9,6,25,15,115,144,22,22,32,293
ENSMUSG00000031779,0,1,0,0,0,0,2,0,1,0,2,6
ENSMUSG00000004814,1,9,9,3,8,10,4,3,2,4,5,6
ENSMUSG00000023235,1,6,2,4,6,7,1,4,6,6,6,7
ENSMUSG00000096826,0,3,1,2,0,5,3,2,1,5,2,11
ENSMUSG00000074715,0,0,0,1,0,0,0,0,1,0,0,0
ENSMUSG00000000982,0,0,0,0,0,1,9,6,1,2,5,19
ENSMUSG00000018930,0,1,1,1,4,0,13,19,2,5,2,33
ENSMUSG00000035042,3,21,19,9,15,11,123,264,116,97,115,412
ENSMUSG00000018927,16,68,65,46,56,46,211,261,105,134,101,402
ENSMUSG00000035373,3,19,9,10,21,12,98,134,28,39,53,306
ENSMUSG00000009185,0,6,1,5,9,2,28,72,18,23,23,135
ENSMUSG00000019122,3,38,26,22,52,35,144,185,70,50,36,234
ENSMUSG00000000378,5,78,80,51,88,83,79,91,97,74,91,147
ENSMUSG00000027474,51,64,65,32,63,69,75,62,69,81,67,99
ENSMUSG00000027793,1,0,1,0,0,0,0,0,0,0,0,0
ENSMUSG00000027715,1,9,1,2,4,3,10,15,8,2,4,6
ENSMUSG00000041431,0,3,0,0,0,1,1,3,1,1,2,8
ENSMUSG00000032218,0,2,3,1,3,3,0,7,6,1,4,5
ENSMUSG00000028252,4,22,29,14,28,22,39,28,31,28,29,46
ENSMUSG00000070348,49,220,185,139,195,197,143,167,156,149,172,331
ENSMUSG00000000184,33,406,353,275,409,533,416,383,365,272,311,596
ENSMUSG00000034165,32,225,220,145,185,228,193,218,197,243,216,370
ENSMUSG00000023572,7,83,86,45,81,95,80,78,77,74,90,131
ENSMUSG00000002068,0,2,2,5,4,2,0,3,1,2,2,7
ENSMUSG00000028212,1,3,6,2,7,3,4,5,3,5,1,4
ENSMUSG00000072082,0,0,1,0,0,0,1,4,1,0,0,2
ENSMUSG00000020326,107,2305,2030,1542,1993,1912,1281,1162,1433,1540,1395,1893
ENSMUSG00000029385,6,48,47,19,53,44,44,48,66,48,53,68
ENSMUSG00000021548,7,94,77,59,101,75,86,97,111,95,91,141
ENSMUSG00000063015,36,383,343,246,363,439,503,484,507,379,455,527
ENSMUSG00000025010,1,10,11,4,14,12,18,10,13,7,9,12
ENSMUSG00000044707,0,2,0,2,0,0,1,2,5,1,3,2
ENSMUSG00000021258,10,120,124,92,114,142,133,141,144,161,145,202
ENSMUSG00000027829,7,40,38,25,42,64,64,63,52,42,58,81
ENSMUSG00000029068,24,168,159,108,182,144,195,167,182,192,180,237
ENSMUSG00000042417,0,2,2,0,7,0,1,1,3,3,3,10
ENSMUSG00000011960,15,97,82,55,104,102,102,100,81,62,86,115
ENSMUSG00000026349,11,83,81,62,103,104,110,108,110,87,88,130
ENSMUSG00000024286,12,158,161,125,173,201,184,195,161,166,150,270
ENSMUSG00000070871,2,26,32,20,27,36,21,27,30,22,29,36
ENSMUSG00000033904,1,5,3,2,5,3,5,6,5,5,7,6
ENSMUSG00000034563,9,99,76,56,89,79,138,114,123,125,119,158
ENSMUSG00000086158,1,18,16,15,16,18,8,13,14,19,20,21
ENSMUSG00000025804,0,1,8,1,0,3,19,22,6,8,4,40
ENSMUSG00000044052,0,0,0,0,0,0,1,0,1,0,1,1
ENSMUSG00000049103,1,4,6,5,13,2,31,39,9,15,10,38
ENSMUSG00000035448,0,0,0,1,0,0,1,0,0,0,0,0
ENSMUSG00000047898,0,0,0,0,0,0,0,0,0,0,0,0
ENSMUSG00000079227,3,20,12,4,13,5,41,56,19,15,9,63
ENSMUSG00000037944,0,1,2,1,1,3,2,1,2,2,6,12
ENSMUSG00000029530,0,0,2,0,1,2,1,1,0,1,0,2
ENSMUSG00000043953,5,46,48,34,61,99,140,127,217,92,167,223
ENSMUSG00000034108,6,123,101,82,109,97,125,125,155,176,163,204
ENSMUSG00000031971,1,1,1,0,1,1,1,1,3,4,2,5
ENSMUSG00000039578,0,5,2,0,1,4,1,0,3,4,3,2
ENSMUSG00000058690,25,356,340,235,381,395,378,295,340,349,357,425
ENSMUSG00000034024,10,362,319,228,352,359,358,431,445,411,365,550
ENSMUSG00000001416,25,258,243,195,277,319,301,340,259,268,307,430
ENSMUSG00000007739,24,366,315,227,332,354,444,515,541,509,490,662
ENSMUSG00000022234,32,349,303,238,345,332,402,433,355,338,405,624
ENSMUSG00000029447,21,294,262,206,276,273,319,382,327,295,365,451
ENSMUSG00000020698,0,2,2,0,1,0,2,1,2,4,3,1
ENSMUSG00000030007,34,464,454,337,444,439,499,595,587,512,635,791
ENSMUSG00000025613,14,301,294,198,315,291,319,318,329,277,312,473
ENSMUSG00000038044,0,1,0,0,0,2,1,0,0,0,1,0
ENSMUSG00000029617,10,75,61,41,65,60,81,96,81,59,73,108
ENSMUSG00000086564,0,0,0,0,0,0,1,0,0,1,0,1
ENSMUSG00000046186,2,2,3,2,2,5,11,5,5,4,2,5
ENSMUSG00000051439,6,35,18,12,32,39,50,68,43,52,30,81
ENSMUSG00000025510,45,748,711,537,712,729,768,902,655,833,872,1255
ENSMUSG00000038304,0,1,1,0,0,1,2,4,2,1,1,4
ENSMUSG00000008845,4,30,31,21,21,35,39,39,40,61,25,62
ENSMUSG00000025461,0,0,0,0,0,0,0,0,0,0,0,0
ENSMUSG00000019818,19,307,284,224,305,295,361,325,362,279,326,506
ENSMUSG00000028865,0,1,0,1,0,0,0,0,0,0,0,0
ENSMUSG00000052212,0,0,0,0,1,0,3,2,0,0,1,1
ENSMUSG00000021624,0,3,1,1,3,5,11,20,1,5,6,31
ENSMUSG00000030724,1,4,7,4,3,8,0,6,1,2,1,1
ENSMUSG00000028076,1,8,5,8,7,9,8,5,13,13,11,10
ENSMUSG00000027863,0,0,2,0,2,1,3,9,9,4,12,13
ENSMUSG00000022661,25,149,153,92,141,137,170,168,206,197,221,222
ENSMUSG00000022667,0,0,0,0,1,1,5,3,1,0,0,8
ENSMUSG00000090176,0,0,0,0,0,0,0,0,1,0,0,0
ENSMUSG00000036172,0,0,0,0,0,0,0,0,0,0,0,0
ENSMUSG00000062082,0,0,0,0,0,1,1,7,1,1,3,7
ENSMUSG00000031494,0,0,1,2,0,0,0,0,0,1,0,0
ENSMUSG00000031495,0,0,0,0,0,0,0,0,0,0,0,0
ENSMUSG00000051906,0,0,3,1,0,2,3,0,2,1,2,5
ENSMUSG00000079168,0,2,0,2,2,0,0,3,0,0,0,0
ENSMUSG00000030577,0,1,0,1,2,2,3,4,1,5,1,5
ENSMUSG00000034028,0,0,0,1,0,1,2,2,1,0,0,0
ENSMUSG00000004709,0,1,0,1,1,0,0,3,1,2,1,3
ENSMUSG00000005763,0,12,5,2,4,8,9,6,5,10,11,5
ENSMUSG00000056481,2,59,70,25,52,55,52,46,29,48,47,62
ENSMUSG00000047139,20,23,24,8,20,7,18,22,21,13,15,38
ENSMUSG00000030336,1,1,0,0,1,2,1,5,4,3,1,7
ENSMUSG00000016496,8,27,19,21,28,30,37,113,178,68,47,194
ENSMUSG00000035914,0,9,11,9,16,13,16,19,18,7,15,34
ENSMUSG00000026012,0,7,6,1,8,3,7,3,3,6,3,5
ENSMUSG00000061665,8,60,52,28,51,35,56,53,62,50,54,83
ENSMUSG00000042502,8,91,72,73,66,73,96,106,117,94,98,166
ENSMUSG00000034652,1,5,5,6,13,5,22,21,12,11,10,25
ENSMUSG00000058728,0,0,0,0,1,0,0,0,0,0,0,0
ENSMUSG00000044811,0,8,5,8,5,8,28,50,32,10,16,67
ENSMUSG00000048498,0,0,0,1,0,0,2,5,2,0,0,5
ENSMUSG00000063193,1,1,1,0,4,1,4,5,1,1,2,3
ENSMUSG00000034641,2,16,14,6,20,16,37,37,18,15,30,53
ENSMUSG00000089753,0,0,0,0,0,0,0,0,0,0,0,0
ENSMUSG00000069607,0,0,0,0,0,0,0,0,0,0,0,0
ENSMUSG00000089722,0,0,0,0,0,0,0,0,0,0,0,0
ENSMUSG00000047798,0,3,1,1,2,0,6,11,0,5,1,20
ENSMUSG00000017309,87,344,351,246,374,286,362,350,422,440,431,547
ENSMUSG00000060703,7,63,64,37,56,59,69,77,69,79,88,135
ENSMUSG00000002308,6,89,70,62,70,84,54,68,64,76,64,119
ENSMUSG00000004609,0,7,11,5,5,10,12,13,4,7,13,17
ENSMUSG00000016494,45,289,283,168,274,246,253,256,208,178,244,327
ENSMUSG00000002944,294,3655,3128,2294,3704,3415,4579,3960,4241,3566,3037,4929
ENSMUSG00000030798,3,18,15,9,14,12,30,43,27,17,31,49
ENSMUSG00000029084,2,45,54,10,35,31,31,31,32,23,32,50
ENSMUSG00000032094,0,3,1,2,0,1,4,6,5,0,2,14
ENSMUSG00000032093,0,2,2,1,2,2,4,6,3,1,1,10
ENSMUSG00000047649,9,100,72,50,69,68,114,93,113,133,150,132
ENSMUSG00000002033,0,5,0,0,0,0,3,4,0,4,8,5
ENSMUSG00000023274,1,1,4,1,3,4,3,4,7,2,5,5
ENSMUSG00000017652,3,7,6,8,7,8,10,32,9,11,9,60
ENSMUSG00000005087,5,23,27,17,36,22,57,42,29,24,22,78
ENSMUSG00000016493,0,3,6,6,11,3,12,11,6,3,9,8
ENSMUSG00000055447,34,360,331,228,381,345,520,601,500,345,443,851
ENSMUSG00000015355,0,5,7,3,12,6,26,36,10,16,16,48
ENSMUSG00000024669,0,0,0,1,1,0,3,1,0,1,1,3
ENSMUSG00000000682,6,70,41,33,40,38,211,400,146,86,164,538
ENSMUSG00000040747,0,20,23,15,23,18,76,129,41,24,52,124
ENSMUSG00000026399,1,16,16,10,18,13,23,15,19,9,6,22
ENSMUSG00000026401,0,0,0,0,0,0,0,0,0,0,0,0
ENSMUSG00000032679,29,486,452,382,472,591,514,513,516,584,513,720
ENSMUSG00000068686,2,4,7,8,6,7,12,9,7,8,7,6
ENSMUSG00000015854,0,0,0,0,0,0,0,1,1,0,0,2
ENSMUSG00000024670,0,1,0,1,0,0,0,2,2,1,2,7
ENSMUSG00000025351,22,435,337,271,370,378,815,849,588,650,800,1242
ENSMUSG00000018774,7,38,46,32,45,50,150,225,60,84,74,317
ENSMUSG00000030156,0,1,0,2,2,1,3,7,1,1,1,12
ENSMUSG00000025163,0,2,1,0,2,0,6,3,3,2,12,9
ENSMUSG00000019489,0,0,0,0,0,0,0,0,0,0,0,0
ENSMUSG00000028459,2,13,8,9,11,10,58,121,36,23,23,131
ENSMUSG00000003379,1,10,7,1,7,5,1,3,6,2,7,3
ENSMUSG00000040592,2,7,5,6,10,3,6,7,7,10,5,8
ENSMUSG00000075122,0,0,0,0,0,0,0,0,1,0,0,1
ENSMUSG00000037706,98,1281,1105,739,1176,1225,1151,1334,1270,995,1155,1936
ENSMUSG00000027215,5,45,32,36,38,46,44,64,52,43,72,79
ENSMUSG00000015396,0,28,14,13,12,19,24,26,17,17,25,33
ENSMUSG00000038147,1,4,7,5,6,3,20,49,9,14,18,33
ENSMUSG00000022901,3,9,13,2,7,15,10,26,11,15,10,50
ENSMUSG00000053977,0,0,0,1,2,1,5,5,6,4,3,8
ENSMUSG00000053044,0,5,0,1,0,1,3,11,9,4,2,13
ENSMUSG00000030342,41,92,102,54,91,84,105,103,94,103,111,150
ENSMUSG00000027435,76,323,271,138,278,220,294,208,177,154,254,226
ENSMUSG00000022657,0,2,0,0,0,0,1,2,1,1,4,1
ENSMUSG00000035776,8,215,191,130,194,189,209,210,190,174,211,270
ENSMUSG00000028755,0,11,3,3,5,6,7,7,3,8,10,8
ENSMUSG00000021982,7,135,112,81,112,103,131,102,116,115,120,194
ENSMUSG00000039128,8,188,151,140,156,165,201,244,236,219,276,364
ENSMUSG00000033502,2,6,4,3,12,8,2,3,5,3,6,6
ENSMUSG00000033102,2,69,71,48,64,56,54,58,59,59,45,65
ENSMUSG00000038416,2,94,92,55,87,77,105,102,123,92,105,117
ENSMUSG00000006398,1,1,2,1,1,4,2,3,2,0,6,10
ENSMUSG00000078926,0,0,0,0,0,0,0,0,0,0,0,0
ENSMUSG00000024370,6,67,66,45,70,71,92,70,63,73,62,80
ENSMUSG00000032477,1,15,19,8,19,13,15,10,17,13,10,16
ENSMUSG00000027330,4,6,10,6,11,9,13,12,14,5,13,21
ENSMUSG00000044201,1,0,0,1,0,0,1,5,0,0,2,2
ENSMUSG00000066149,2,80,81,36,72,64,83,77,89,82,115,124
ENSMUSG00000020687,1,29,42,27,33,34,46,28,29,19,27,33
ENSMUSG00000020307,40,769,737,473,680,603,611,694,667,863,883,1069
ENSMUSG00000020870,3,34,36,29,28,33,30,28,32,38,52,57
ENSMUSG00000019471,30,429,415,299,431,459,453,544,536,529,654,738
ENSMUSG00000024780,18,233,226,144,212,227,252,214,271,229,232,297
ENSMUSG00000038446,4,42,22,21,23,42,39,24,46,34,41,42
ENSMUSG00000006699,44,567,498,357,532,516,641,649,650,557,599,947
ENSMUSG00000026490,6,72,70,39,78,76,52,50,54,74,60,83
ENSMUSG00000021279,14,106,94,64,91,90,78,102,95,58,99,103
ENSMUSG00000024769,1,35,28,26,36,41,34,25,27,38,41,47
ENSMUSG00000049521,26,119,139,72,126,131,153,128,184,139,182,203
ENSMUSG00000045664,15,57,60,49,62,59,81,59,56,51,57,90
ENSMUSG00000036533,10,118,86,54,118,130,121,101,103,85,116,116
ENSMUSG00000041598,7,48,40,32,38,50,66,83,82,91,63,103
ENSMUSG00000063838,4,16,20,13,23,17,13,23,14,20,26,34
ENSMUSG00000046722,4,45,65,28,50,58,59,69,65,55,81,107
ENSMUSG00000052298,11,58,59,44,75,54,60,57,64,54,60,92
ENSMUSG00000000028,1,8,6,2,6,8,10,6,5,10,6,8
ENSMUSG00000023932,2,87,64,42,59,65,63,60,58,81,81,111
ENSMUSG00000017499,0,0,3,0,1,1,5,1,0,0,0,0
ENSMUSG00000029283,0,3,1,1,1,4,2,3,5,5,1,1
ENSMUSG00000026361,5,95,120,71,100,101,129,99,118,78,104,121
ENSMUSG00000048922,0,3,1,0,0,0,0,1,2,1,0,2
ENSMUSG00000023505,0,6,0,1,1,0,2,11,6,0,0,9
ENSMUSG00000047832,0,20,21,20,14,15,32,25,17,35,31,42
ENSMUSG00000024791,0,1,0,0,1,0,0,2,1,0,2,1
ENSMUSG00000055612,0,0,0,2,1,0,3,5,2,3,4,6
ENSMUSG00000021175,1,2,0,0,3,1,4,3,1,3,3,1
ENSMUSG00000028873,0,1,0,1,3,0,4,8,4,0,2,7
ENSMUSG00000035498,0,1,0,0,0,0,0,1,0,1,0,1
ENSMUSG00000000303,0,1,0,0,0,0,0,1,0,0,0,0
ENSMUSG00000022321,1,0,0,0,0,0,0,0,0,0,0,0
ENSMUSG00000031673,0,5,4,1,5,6,3,3,3,1,3,9
ENSMUSG00000031841,46,614,628,418,680,649,608,549,545,464,565,708
ENSMUSG00000031962,0,0,0,0,0,0,0,0,0,0,0,0
ENSMUSG00000031881,0,17,17,9,10,19,11,10,17,14,23,16
ENSMUSG00000040420,0,0,0,0,0,0,0,0,0,0,0,0
ENSMUSG00000047216,0,4,4,7,6,5,11,8,13,12,13,13
ENSMUSG00000024304,36,659,721,497,695,766,747,784,627,688,665,1120
ENSMUSG00000050840,0,4,4,1,7,2,6,1,4,1,4,4
ENSMUSG00000053166,1,3,5,0,4,2,4,2,2,3,4,5
ENSMUSG00000012819,13,14,16,23,15,16,20,12,10,17,24,21
ENSMUSG00000039155,0,0,0,0,0,2,1,2,2,3,1,2
ENSMUSG00000061048,0,0,1,0,0,1,0,0,0,1,1,3
ENSMUSG00000000305,0,12,21,13,16,15,24,14,8,20,20,22
ENSMUSG00000031871,39,428,318,222,385,324,358,300,321,331,378,382
ENSMUSG00000039385,0,1,0,0,0,1,0,0,0,0,0,0
ENSMUSG00000026312,0,0,0,0,1,0,0,1,0,0,3,0
ENSMUSG00000036510,0,0,0,0,0,0,0,0,0,0,0,0
ENSMUSG00000025370,0,0,0,0,0,0,0,0,0,0,0,0
ENSMUSG00000021803,0,0,0,0,0,0,0,1,0,0,0,1
ENSMUSG00000034918,0,0,0,0,0,0,0,0,0,0,0,0
ENSMUSG00000035860,1,3,4,3,6,4,7,5,21,11,11,12
ENSMUSG00000032595,1,3,1,0,1,2,2,0,1,1,3,3
ENSMUSG00000025497,0,0,1,0,0,0,0,0,0,1,0,0
ENSMUSG00000004071,7,209,213,161,187,197,213,176,232,190,245,291
ENSMUSG00000030682,16,138,154,98,130,135,155,112,166,108,179,247
ENSMUSG00000019942,1,6,3,0,4,4,11,7,6,1,2,11
ENSMUSG00000029062,36,120,131,61,139,130,161,189,163,146,188,189
ENSMUSG00000003119,1,19,17,5,22,29,18,10,18,12,13,20
ENSMUSG00000041297,10,52,50,45,57,67,47,60,58,33,36,72
ENSMUSG00000028926,3,13,10,3,14,10,18,14,16,12,9,22
ENSMUSG00000026023,0,0,1,0,0,1,0,0,0,0,0,0
ENSMUSG00000031065,31,424,358,262,340,348,358,347,359,358,423,533
ENSMUSG00000020015,3,32,20,18,33,36,34,29,25,19,23,47
ENSMUSG00000026437,5,90,81,82,83,93,78,93,85,128,99,142
ENSMUSG00000038481,6,48,59,40,57,52,76,58,66,79,83,81
ENSMUSG00000025358,3,26,21,12,20,22,22,19,26,10,10,33
ENSMUSG00000021483,2,15,6,8,15,8,11,14,13,12,17,18
ENSMUSG00000029394,24,328,277,231,330,335,345,339,336,294,348,487
ENSMUSG00000024856,5,79,71,53,77,75,61,60,79,60,127,127
ENSMUSG00000092300,0,0,0,0,1,3,2,2,1,3,0,2
ENSMUSG00000006728,14,138,145,101,157,142,173,195,196,168,204,275
ENSMUSG00000028969,9,78,97,57,80,81,90,111,113,103,117,154
ENSMUSG00000048895,2,9,8,4,5,4,2,3,8,7,6,3
ENSMUSG00000090071,0,0,0,0,0,0,0,0,0,0,0,0
ENSMUSG00000027487,4,37,34,19,31,28,37,43,48,38,42,52
ENSMUSG00000018669,8,89,92,66,92,83,139,145,132,135,179,194
ENSMUSG00000040274,7,41,37,24,51,46,75,56,64,37,36,67
ENSMUSG00000069089,3,46,43,42,47,58,49,48,43,59,52,60
ENSMUSG00000029635,4,20,21,17,16,24,30,37,22,32,32,63
ENSMUSG00000006191,4,43,37,26,41,43,65,47,53,43,55,71
ENSMUSG00000020990,2,6,7,4,6,8,15,10,23,14,13,25
ENSMUSG00000029403,4,15,12,9,8,22,12,11,19,15,28,29
ENSMUSG00000020389,2,18,14,10,11,17,14,19,18,22,22,30
ENSMUSG00000033966,0,1,0,0,0,0,0,0,0,0,0,1
ENSMUSG00000031292,0,19,9,10,10,20,14,15,11,12,16,17
ENSMUSG00000023067,26,108,62,55,139,73,196,230,202,203,185,345
ENSMUSG00000003031,10,95,48,38,109,73,122,103,169,64,51,118
ENSMUSG00000037664,35,126,148,91,92,120,78,87,102,115,132,131
ENSMUSG00000044303,0,0,1,0,0,1,0,0,2,0,0,0
ENSMUSG00000038069,3,13,15,13,16,16,12,18,16,12,12,17
ENSMUSG00000020392,4,52,38,29,30,26,37,51,47,41,46,79
ENSMUSG00000073802,0,2,1,1,0,1,0,2,1,0,1,3
ENSMUSG00000028551,2,30,28,18,23,27,43,38,41,22,29,52
ENSMUSG00000096472,4,69,59,54,51,57,69,72,67,68,81,114
ENSMUSG00000037628,0,2,2,0,0,0,3,2,3,6,7,7
ENSMUSG00000039496,2,48,23,35,42,28,38,37,46,44,34,51
ENSMUSG00000033022,0,2,3,1,9,1,1,8,6,6,11,10
ENSMUSG00000038119,0,20,9,13,16,10,10,7,7,17,9,11
ENSMUSG00000064284,4,69,88,51,64,76,93,89,118,94,124,125
ENSMUSG00000030878,17,32,23,15,32,16,21,25,23,11,18,30
ENSMUSG00000050910,4,18,16,14,19,16,17,15,9,14,12,16
ENSMUSG00000042200,0,0,0,0,0,0,0,0,0,0,0,0
ENSMUSG00000029330,0,13,15,7,9,11,19,26,14,11,18,32
ENSMUSG00000058793,19,276,217,162,246,220,318,349,247,331,320,419
ENSMUSG00000039518,1,2,2,1,0,3,0,6,1,6,2,2
ENSMUSG00000006585,1,3,5,2,8,2,7,6,10,5,8,14
ENSMUSG00000032803,13,264,226,162,253,262,321,296,312,276,324,437
ENSMUSG00000031326,0,0,0,0,0,0,0,0,0,1,0,0
ENSMUSG00000059288,3,22,18,19,13,20,23,26,21,17,25,23
ENSMUSG00000031758,1,9,4,4,7,5,5,6,8,2,5,4
ENSMUSG00000074272,4,27,21,17,33,25,39,17,21,19,28,39
ENSMUSG00000054169,0,0,0,2,0,0,0,0,0,1,0,0
ENSMUSG00000078795,0,1,0,1,0,1,0,1,0,0,0,2
ENSMUSG00000014686,0,0,0,0,0,0,0,3,0,0,0,5
ENSMUSG00000030472,0,0,2,0,0,0,1,0,0,0,0,2
ENSMUSG00000049848,0,0,0,0,0,0,0,0,1,1,0,1
ENSMUSG00000054385,1,14,20,12,24,13,19,18,10,20,16,25
ENSMUSG00000070777,0,0,0,0,0,0,0,1,0,0,0,0
ENSMUSG00000053228,1,0,2,2,3,1,0,2,1,1,0,3
ENSMUSG00000034957,5,16,18,8,19,9,39,38,18,21,23,63
ENSMUSG00000056501,19,143,181,184,153,267,260,402,427,284,202,654
ENSMUSG00000071637,9,89,86,80,111,110,133,281,193,247,194,475
ENSMUSG00000052435,0,0,0,0,0,0,0,0,0,0,0,2
ENSMUSG00000056216,3,58,57,34,57,64,62,75,77,88,56,122
ENSMUSG00000024081,3,55,50,32,50,54,66,61,71,63,74,81
ENSMUSG00000062691,10,157,124,94,139,131,142,163,149,125,162,218
ENSMUSG00000071226,6,36,24,18,36,33,34,29,26,22,29,29
ENSMUSG00000094626,0,0,0,0,0,0,0,0,0,0,0,0
ENSMUSG00000026818,0,0,0,0,0,0,1,0,0,0,0,0
ENSMUSG00000023031,1,3,1,2,1,1,3,4,0,2,0,12
ENSMUSG00000058579,0,0,0,0,0,0,0,0,0,0,0,1
ENSMUSG00000078520,0,0,1,0,0,0,0,0,0,0,0,0
ENSMUSG00000005506,10,105,93,69,79,83,89,88,84,82,81,122
ENSMUSG00000002107,45,432,433,269,388,448,634,523,484,511,525,693
ENSMUSG00000028137,1,2,0,0,0,2,4,1,2,3,3,1
ENSMUSG00000024268,0,1,1,1,0,3,2,2,3,1,1,1
ENSMUSG00000034818,0,0,0,0,0,1,0,1,2,1,0,1
ENSMUSG00000032297,0,0,0,0,0,0,0,0,0,1,0,0
ENSMUSG00000016028,1,24,16,16,20,19,19,12,18,19,13,22
ENSMUSG00000068740,6,21,19,16,15,17,13,6,18,15,18,17
ENSMUSG00000023473,0,5,5,4,3,0,4,2,5,2,5,1
ENSMUSG00000052353,0,0,0,0,0,0,0,1,0,0,0,0
ENSMUSG00000060240,0,9,5,3,7,4,6,6,5,6,8,12
ENSMUSG00000029177,7,180,156,117,186,176,138,174,145,145,158,228
ENSMUSG00000068267,75,826,707,640,728,747,730,810,794,991,1121,1398
ENSMUSG00000029253,0,13,6,4,12,10,9,9,8,10,10,23
ENSMUSG00000045328,0,1,0,0,1,3,2,3,2,1,0,3
ENSMUSG00000026605,1,31,28,29,32,27,13,12,20,13,17,33
ENSMUSG00000045273,0,1,0,0,1,0,1,0,1,0,0,3
ENSMUSG00000031262,0,0,1,0,1,0,4,2,0,1,0,2
ENSMUSG00000064128,0,8,14,3,2,5,9,17,8,7,7,16
ENSMUSG00000021714,0,2,0,0,1,0,1,0,2,0,3,3
ENSMUSG00000026708,0,4,3,5,4,1,6,9,5,9,3,3
ENSMUSG00000068101,0,0,1,3,0,0,0,2,3,3,1,6
ENSMUSG00000031756,0,3,1,3,1,3,5,4,1,3,3,5
ENSMUSG00000020652,0,7,7,4,5,3,6,5,6,12,6,13
ENSMUSG00000021391,1,16,8,6,15,7,16,7,16,13,12,14
ENSMUSG00000023919,1,14,11,13,11,23,14,14,21,16,14,24
ENSMUSG00000036672,2,11,8,7,8,8,12,17,13,14,16,28
ENSMUSG00000031629,0,0,1,1,0,1,0,4,3,0,0,0
ENSMUSG00000018509,2,90,71,54,86,98,74,72,85,81,78,103
ENSMUSG00000075266,1,6,4,2,2,4,3,6,7,6,8,11
ENSMUSG00000025144,16,162,155,143,150,164,198,201,189,198,284,353
ENSMUSG00000039523,5,96,94,59,87,95,94,99,79,101,114,134
ENSMUSG00000020728,1,27,22,12,21,13,20,26,30,22,32,17
ENSMUSG00000048799,9,71,74,46,80,65,75,51,68,68,68,92
ENSMUSG00000040729,1,2,5,3,5,5,8,4,6,3,6,7
ENSMUSG00000061533,5,64,62,38,64,25,61,44,79,59,108,53
ENSMUSG00000036403,0,4,10,4,7,8,9,7,12,16,11,11
ENSMUSG00000068394,0,8,3,0,6,5,10,9,4,7,3,11
ENSMUSG00000056919,2,8,10,7,22,17,18,14,22,17,22,23
ENSMUSG00000043987,4,16,20,8,13,15,21,26,18,4,18,35
ENSMUSG00000057335,1,16,13,10,27,13,14,16,8,14,18,28
ENSMUSG00000072825,2,29,17,11,24,29,31,24,36,24,34,31
ENSMUSG00000035790,0,34,34,27,29,31,39,29,41,47,43,52
ENSMUSG00000024542,2,20,8,7,6,20,13,16,13,9,13,23
ENSMUSG00000038241,9,20,16,15,26,25,26,26,20,21,24,36
ENSMUSG00000019971,1,14,7,11,14,16,15,12,7,12,14,15
ENSMUSG00000046111,1,15,9,6,19,15,6,17,14,15,11,19
ENSMUSG00000076433,0,0,0,0,0,1,0,0,0,1,0,2
ENSMUSG00000033671,8,54,50,38,51,45,57,56,62,45,53,67
ENSMUSG00000029790,0,2,8,2,6,5,5,8,8,10,9,7
ENSMUSG00000038215,1,30,10,13,13,14,22,20,20,14,18,20
ENSMUSG00000024989,1,1,0,0,0,0,2,3,1,0,1,1
ENSMUSG00000031922,4,36,18,18,31,34,22,36,32,30,29,42
ENSMUSG00000019813,0,5,10,4,8,8,8,8,12,6,7,13
ENSMUSG00000032534,5,103,96,51,94,84,97,92,92,98,105,130
ENSMUSG00000044066,0,47,33,26,34,43,43,38,47,42,51,60
ENSMUSG00000056267,3,25,21,17,24,12,30,29,30,30,25,30
ENSMUSG00000021572,0,2,7,4,4,12,5,4,5,4,5,3
ENSMUSG00000073542,0,13,13,3,15,9,17,9,10,7,8,13
ENSMUSG00000041491,1,11,4,2,7,2,7,4,3,4,8,5
ENSMUSG00000020024,4,49,48,37,47,45,54,35,32,40,45,62
ENSMUSG00000037443,9,129,118,109,122,169,173,173,171,211,205,218
ENSMUSG00000038594,6,87,71,51,84,82,92,62,74,70,56,102
ENSMUSG00000023072,7,43,33,25,43,38,27,49,52,43,58,85
ENSMUSG00000018372,0,13,13,6,11,21,15,9,9,15,16,20
ENSMUSG00000022604,3,25,19,19,25,29,31,22,27,22,28,26
ENSMUSG00000040774,2,43,42,40,51,45,69,66,71,56,48,97
ENSMUSG00000039787,1,7,11,5,11,11,16,7,8,11,13,15
ENSMUSG00000035891,7,104,104,53,99,95,120,102,82,115,136,129
ENSMUSG00000075256,1,0,2,0,1,2,0,3,2,0,1,4
ENSMUSG00000087408,0,0,0,0,0,0,0,0,0,0,0,0
ENSMUSG00000015714,9,107,107,68,102,99,122,131,111,94,132,178
ENSMUSG00000030510,0,0,1,0,0,1,0,0,2,0,0,1
ENSMUSG00000008206,29,106,125,88,124,172,154,132,126,109,162,213
ENSMUSG00000023021,14,85,84,60,76,72,79,117,84,96,101,147
ENSMUSG00000027035,1,11,5,4,6,8,15,13,9,4,9,18
ENSMUSG00000071047,0,0,0,0,0,0,1,0,0,1,0,0
ENSMUSG00000078964,0,0,0,0,0,0,0,0,0,0,0,0
ENSMUSG00000057400,0,1,0,0,0,0,0,0,0,0,0,0
ENSMUSG00000056973,12,381,289,238,308,246,188,178,300,355,207,330
ENSMUSG00000061959,0,1,3,3,2,0,9,3,8,3,4,4
ENSMUSG00000031725,0,0,1,0,0,0,1,0,2,0,0,0
ENSMUSG00000057074,0,0,0,0,0,1,0,0,0,0,0,1
ENSMUSG00000050097,0,0,0,0,0,0,0,0,0,1,0,0
ENSMUSG00000061825,0,0,0,0,1,0,0,0,0,0,0,0
ENSMUSG00000031886,1,5,7,1,5,5,2,6,1,2,0,2
ENSMUSG00000031877,0,5,7,3,12,3,8,8,11,5,11,19
ENSMUSG00000062181,0,0,0,1,0,2,0,0,0,0,0,0
ENSMUSG00000058019,0,0,0,0,2,0,0,0,0,0,0,0
ENSMUSG00000050996,0,0,1,0,0,2,0,0,0,0,1,0
ENSMUSG00000031347,4,62,65,36,68,62,49,59,83,41,60,92
ENSMUSG00000021537,9,98,79,71,113,105,147,140,158,147,163,210
ENSMUSG00000045031,0,3,1,1,0,0,0,5,1,3,0,8
ENSMUSG00000048794,0,3,1,1,0,0,3,3,0,3,2,7
ENSMUSG00000026649,0,6,6,4,5,11,6,8,15,8,13,18
ENSMUSG00000038987,0,0,0,0,0,1,1,0,1,0,0,1
ENSMUSG00000011154,0,0,0,0,0,0,0,0,0,0,0,0
ENSMUSG00000031796,3,73,64,38,71,74,65,59,54,58,84,94
ENSMUSG00000020462,3,45,45,31,57,57,68,56,66,67,68,107
ENSMUSG00000026546,0,1,0,0,2,0,0,2,1,1,2,0
ENSMUSG00000049571,0,0,0,0,0,1,0,0,0,0,0,0
ENSMUSG00000020904,0,0,0,0,0,0,0,0,0,0,0,0
ENSMUSG00000035394,0,0,0,0,0,0,0,0,1,1,0,0
ENSMUSG00000020014,0,1,1,0,1,0,1,0,1,0,0,3
ENSMUSG00000028730,0,0,0,0,0,0,0,0,0,0,0,0
ENSMUSG00000046585,0,0,0,0,0,0,0,0,0,0,0,1
ENSMUSG00000037143,0,1,2,2,1,0,0,0,1,3,0,2
ENSMUSG00000047021,0,0,0,1,0,0,0,0,0,0,0,0
ENSMUSG00000040473,0,3,1,0,1,0,4,2,3,3,0,3
ENSMUSG00000039543,0,0,0,0,0,1,0,0,0,0,0,0
ENSMUSG00000094282,0,0,0,0,0,0,0,0,0,0,0,0
ENSMUSG00000078490,1,2,2,2,1,0,3,1,2,1,2,2
ENSMUSG00000079502,0,0,0,0,0,0,0,0,0,0,0,0
ENSMUSG00000031631,4,39,46,31,48,27,45,51,52,39,55,55
ENSMUSG00000090231,1,0,0,0,0,0,2,1,0,2,1,1
ENSMUSG00000061780,1,1,9,1,1,1,0,2,4,5,5,3
ENSMUSG00000031954,10,90,76,56,101,73,103,110,115,87,142,205
ENSMUSG00000026365,21,187,153,127,192,189,296,295,283,356,348,366
ENSMUSG00000057037,0,0,0,0,0,0,1,1,0,0,0,0
ENSMUSG00000033898,3,11,7,7,9,6,10,9,16,15,7,21
ENSMUSG00000058952,0,0,0,0,0,0,0,1,0,0,0,1
ENSMUSG00000056201,122,635,565,400,607,535,665,918,555,611,626,1396
ENSMUSG00000062929,57,1055,994,679,994,1031,1256,1316,1324,1055,1260,1749
ENSMUSG00000026031,7,93,58,42,70,81,104,103,111,82,78,148
ENSMUSG00000001128,3,29,20,15,16,34,90,94,31,42,33,127
ENSMUSG00000041301,0,1,0,0,0,0,0,0,0,0,0,0
ENSMUSG00000028298,1,0,0,0,0,0,0,0,0,0,0,0
ENSMUSG00000054604,10,87,92,68,102,100,123,105,91,87,95,137
ENSMUSG00000068876,0,0,0,0,0,0,0,1,0,0,0,0
ENSMUSG00000032232,6,43,36,30,39,60,57,54,49,47,66,55
ENSMUSG00000029161,0,8,8,6,3,4,5,8,5,6,4,6
ENSMUSG00000055128,5,88,97,66,79,89,86,98,114,106,103,158
ENSMUSG00000050370,0,1,2,0,4,1,20,26,8,3,6,36
ENSMUSG00000027313,1,5,10,16,15,14,19,29,24,19,14,41
ENSMUSG00000020309,2,37,34,16,34,26,25,27,18,24,26,28
ENSMUSG00000039084,0,0,0,0,5,0,0,0,0,0,0,0
ENSMUSG00000063765,0,11,12,8,11,11,6,8,10,11,17,18
ENSMUSG00000002835,1,8,8,3,11,13,8,13,6,10,9,16
ENSMUSG00000022945,0,0,3,3,3,1,6,7,5,4,4,10
ENSMUSG00000047710,3,32,18,18,27,25,32,18,19,28,27,45
ENSMUSG00000063787,26,380,298,289,331,370,348,434,515,469,514,711
ENSMUSG00000049422,323,8883,7937,6192,7705,7636,6653,7607,8400,9610,10683,12254
ENSMUSG00000070493,242,4135,3807,2861,3852,4069,3773,4083,4415,4261,4487,6224
ENSMUSG00000053768,68,1551,1363,889,1297,1310,1426,1492,1655,1764,1974,2330
ENSMUSG00000034203,10,133,136,104,129,131,147,172,146,159,164,237
ENSMUSG00000037938,8,80,46,38,54,45,82,65,82,90,110,100
ENSMUSG00000030086,1,58,52,38,41,51,51,69,90,60,86,101
ENSMUSG00000042198,24,456,413,304,388,413,303,428,494,391,456,551
ENSMUSG00000023852,7,95,73,51,96,94,103,85,108,82,76,138
ENSMUSG00000028089,5,35,35,34,31,38,44,52,55,31,43,48
ENSMUSG00000078671,11,52,57,36,58,56,57,63,62,55,75,74
ENSMUSG00000018474,8,55,41,39,42,34,40,47,43,50,51,60
ENSMUSG00000043419,0,2,1,0,2,2,1,0,1,3,5,0
ENSMUSG00000063870,60,321,328,239,346,345,420,363,345,392,460,501
ENSMUSG00000005045,0,0,0,0,1,0,2,1,1,0,0,0
ENSMUSG00000057133,14,52,82,68,61,113,99,78,89,108,66,182
ENSMUSG00000041235,28,72,50,27,77,69,76,72,76,53,64,71
ENSMUSG00000053754,20,102,72,63,85,88,120,87,97,80,96,126
ENSMUSG00000056608,8,22,28,18,36,30,29,18,25,19,24,40
ENSMUSG00000015970,0,0,1,0,0,0,0,0,0,2,1,1
ENSMUSG00000032113,0,1,2,0,1,2,4,1,1,0,0,3
ENSMUSG00000029521,3,16,16,8,13,12,17,14,15,15,17,10
ENSMUSG00000052488,17,71,63,35,83,68,97,68,87,112,94,118
ENSMUSG00000014668,6,27,27,14,30,31,34,15,23,18,30,37
ENSMUSG00000021194,0,0,0,0,0,0,0,0,0,0,0,0
ENSMUSG00000027350,0,0,0,0,0,0,1,0,1,1,0,0
ENSMUSG00000062778,0,0,0,0,0,0,0,0,0,1,0,0
ENSMUSG00000031327,1,6,7,2,5,3,5,6,6,3,3,10
ENSMUSG00000029229,0,69,66,43,64,60,75,75,101,69,64,110
ENSMUSG00000025512,7,88,77,39,65,80,60,65,58,51,91,109
ENSMUSG00000064246,0,0,1,0,0,2,0,1,0,3,2,1
ENSMUSG00000040809,1,3,1,1,5,4,41,42,5,8,9,90
ENSMUSG00000063779,0,0,0,0,0,0,0,0,0,0,0,0
ENSMUSG00000043873,0,0,0,1,0,0,0,0,0,0,2,0
ENSMUSG00000027902,0,0,0,0,0,0,0,0,0,1,0,0
ENSMUSG00000026450,0,0,0,0,0,2,0,0,0,0,0,0
ENSMUSG00000024843,14,33,38,36,46,31,38,44,34,41,47,59
ENSMUSG00000022617,15,221,240,194,245,272,287,258,315,330,261,383
ENSMUSG00000030077,0,1,1,2,1,3,1,3,5,3,3,8
ENSMUSG00000025531,2,17,31,18,39,32,35,37,35,25,22,43
ENSMUSG00000078185,1,23,13,11,18,13,15,11,24,11,22,23
ENSMUSG00000000743,27,172,163,154,164,159,193,192,191,172,214,277
ENSMUSG00000109901,10,83,81,53,92,81,97,78,89,94,67,139
ENSMUSG00000033916,32,387,351,273,347,375,436,476,475,480,560,691
ENSMUSG00000004843,12,96,100,66,94,98,95,126,108,105,97,151
ENSMUSG00000053119,6,125,122,89,103,136,173,136,162,124,131,192
ENSMUSG00000038467,23,333,311,234,331,300,369,454,334,367,466,721
ENSMUSG00000027536,5,46,34,40,54,75,70,62,101,77,85,96
ENSMUSG00000028419,9,93,69,59,90,80,74,100,116,83,86,147
ENSMUSG00000025371,6,114,92,59,109,109,125,123,106,114,163,143
ENSMUSG00000034190,18,114,125,94,135,122,111,137,123,144,163,222
ENSMUSG00000056486,2,58,62,42,56,42,61,66,66,61,61,104
ENSMUSG00000004633,1,7,3,2,6,9,9,1,14,3,10,13
ENSMUSG00000022860,0,0,0,0,0,1,0,0,0,0,0,0
ENSMUSG00000001774,8,125,116,70,115,132,109,111,92,104,111,172
ENSMUSG00000014077,23,248,240,156,226,209,232,224,225,258,199,344
ENSMUSG00000030865,0,0,0,0,0,0,2,0,0,0,0,1
ENSMUSG00000032997,4,65,50,47,64,89,76,93,47,74,102,130
ENSMUSG00000038181,3,34,43,29,31,31,45,52,37,63,72,91
ENSMUSG00000060002,66,1295,1139,913,1270,1213,1375,1214,1318,1188,1233,1655
ENSMUSG00000068391,8,167,165,102,148,142,150,201,175,158,179,260
ENSMUSG00000006958,3,6,5,3,7,3,6,6,11,13,9,8
ENSMUSG00000031283,0,0,0,1,1,2,0,0,0,0,0,1
ENSMUSG00000030732,0,1,0,0,0,0,0,0,0,1,0,0
ENSMUSG00000032773,0,0,0,0,0,0,0,0,0,0,0,0
ENSMUSG00000045613,5,159,140,135,162,197,211,207,168,149,146,261
ENSMUSG00000046159,0,0,0,0,4,0,0,0,1,1,3,0
ENSMUSG00000027107,1,1,0,0,0,3,1,0,1,0,1,3
ENSMUSG00000066279,0,0,0,0,0,0,1,1,1,3,1,2
ENSMUSG00000022041,0,4,6,6,15,8,6,7,11,6,2,10
ENSMUSG00000027577,0,0,0,0,0,1,0,0,0,0,0,0
ENSMUSG00000035594,0,0,0,0,0,0,0,0,0,0,0,0
ENSMUSG00000030525,0,0,0,0,0,0,0,0,0,0,0,0
ENSMUSG00000029205,0,0,0,0,0,0,0,0,0,0,0,0
ENSMUSG00000041189,2,9,10,3,17,23,12,18,8,11,16,22
ENSMUSG00000027950,1,1,1,0,3,1,2,0,1,0,2,1
ENSMUSG00000035200,0,0,0,0,0,0,1,1,1,1,0,0
ENSMUSG00000014609,0,0,0,0,0,0,0,0,0,0,0,1
ENSMUSG00000026253,0,0,0,0,1,0,0,0,0,0,0,0
ENSMUSG00000027221,1,6,2,7,7,4,8,3,5,5,5,9
ENSMUSG00000026080,2,1,0,1,0,0,2,3,1,0,2,2
ENSMUSG00000034612,2,6,12,3,10,11,11,5,13,13,6,16
ENSMUSG00000036599,3,10,17,8,19,16,26,22,24,17,29,34
ENSMUSG00000056643,0,0,0,0,0,0,0,0,0,0,0,0
ENSMUSG00000074916,2,36,23,23,25,23,20,22,23,21,26,38
ENSMUSG00000030930,4,18,25,31,26,26,32,18,25,30,24,36
ENSMUSG00000033350,0,4,5,5,4,9,6,1,4,10,3,10
ENSMUSG00000057337,1,12,5,3,5,2,4,4,4,15,1,12
ENSMUSG00000035930,0,2,3,3,2,2,0,1,2,1,0,0
ENSMUSG00000037347,1,19,16,7,15,11,23,11,13,5,17,12
ENSMUSG00000060402,0,0,0,0,0,2,1,1,1,1,0,0
ENSMUSG00000032640,2,37,26,20,28,30,46,29,35,23,34,34
ENSMUSG00000019214,0,2,4,2,3,1,5,4,5,5,2,5
ENSMUSG00000046691,3,52,38,22,40,57,44,49,74,37,37,60
ENSMUSG00000001017,14,179,136,122,163,153,191,162,184,140,152,245
ENSMUSG00000025199,4,49,35,32,57,48,59,58,41,42,50,70
ENSMUSG00000003662,4,148,140,97,107,148,205,159,284,164,226,293
ENSMUSG00000031781,13,178,144,96,145,140,188,170,174,186,193,254
ENSMUSG00000038550,3,22,44,40,25,70,36,59,45,26,27,65
ENSMUSG00000030538,7,41,50,27,45,48,45,64,50,49,51,117
ENSMUSG00000037493,0,4,5,3,5,4,2,7,8,8,7,3
ENSMUSG00000074240,1,15,4,3,15,5,14,6,6,11,10,10
ENSMUSG00000005442,19,128,119,96,156,142,146,172,133,215,187,257
ENSMUSG00000024526,9,156,154,111,179,207,182,266,233,216,319,338
ENSMUSG00000022219,2,33,23,22,20,24,31,30,30,16,33,38
ENSMUSG00000030278,0,0,3,0,0,2,0,0,0,0,0,0
ENSMUSG00000022504,0,0,1,0,1,1,0,3,1,0,1,4
ENSMUSG00000042254,0,18,13,8,22,11,19,23,9,11,15,27
ENSMUSG00000044006,0,0,1,0,1,0,0,1,0,1,0,1
ENSMUSG00000021276,13,61,61,44,63,53,48,60,71,52,77,84
ENSMUSG00000034157,6,114,137,91,108,123,161,151,142,187,174,211
ENSMUSG00000041777,9,29,37,23,45,33,40,58,52,50,43,55
ENSMUSG00000045193,17,243,215,172,233,228,301,400,402,340,368,462
ENSMUSG00000037710,45,1077,1017,756,985,1013,822,966,995,1108,1126,1445
ENSMUSG00000028165,12,260,220,133,236,211,218,208,221,198,227,336
ENSMUSG00000078695,24,253,244,155,221,226,231,229,220,225,241,318
ENSMUSG00000032578,14,245,247,191,213,237,321,293,367,363,387,540
ENSMUSG00000029516,3,4,1,2,3,4,4,6,6,2,4,6
ENSMUSG00000051159,1,1,1,0,3,4,0,1,8,2,1,4
ENSMUSG00000039910,4,157,133,74,160,100,145,120,182,102,137,193
ENSMUSG00000070803,4,186,121,106,127,118,88,93,85,115,98,150
ENSMUSG00000039205,17,82,63,45,86,78,96,93,91,105,95,124
ENSMUSG00000037725,0,1,5,0,4,1,5,1,0,1,1,3
ENSMUSG00000048327,0,3,0,0,0,1,4,1,0,0,1,3
ENSMUSG00000046841,15,144,112,62,119,130,175,160,135,100,125,181
ENSMUSG00000040549,5,87,88,70,92,86,86,81,103,109,105,106
ENSMUSG00000001270,18,157,138,95,141,116,106,130,103,90,105,164
ENSMUSG00000054400,0,5,6,2,2,4,4,7,3,3,5,7
ENSMUSG00000030399,430,12420,11829,8254,10889,11357,6655,7035,8574,7640,8758,10821
ENSMUSG00000000308,0,1,0,0,1,0,0,0,0,1,1,0
ENSMUSG00000021622,274,7445,6966,4850,6296,6441,4996,5137,6536,5969,6252,8583
ENSMUSG00000028044,0,12,13,6,14,14,12,16,6,9,20,19
ENSMUSG00000062687,0,0,1,0,0,0,0,0,0,0,1,2
ENSMUSG00000062248,1,3,2,0,2,1,1,6,3,1,1,6
ENSMUSG00000064302,24,837,629,361,712,643,577,535,473,530,699,654
ENSMUSG00000033392,6,57,56,37,62,83,71,73,99,50,44,72
ENSMUSG00000061028,6,46,52,34,65,56,63,79,57,94,101,100
ENSMUSG00000036960,1,0,0,0,1,0,0,1,0,0,0,0
ENSMUSG00000056025,0,1,2,1,1,1,6,8,4,11,2,8
ENSMUSG00000028262,0,0,0,0,1,0,0,0,0,0,0,0
ENSMUSG00000037033,0,0,0,0,0,0,0,0,0,0,0,0
ENSMUSG00000027884,9,74,55,46,94,76,94,89,98,76,80,129
ENSMUSG00000040663,0,3,1,0,2,4,3,6,3,4,6,5
ENSMUSG00000029862,5,21,13,11,13,22,11,5,15,10,10,15
ENSMUSG00000022843,1,10,10,2,6,7,11,8,8,10,8,14
ENSMUSG00000004319,6,82,80,56,100,104,81,79,97,63,73,102
ENSMUSG00000000605,12,242,244,175,246,234,250,236,201,206,218,335
ENSMUSG00000004317,1,10,2,2,4,4,11,11,10,9,10,15
ENSMUSG00000029016,0,24,21,14,20,23,28,26,22,22,31,44
ENSMUSG00000036636,7,76,56,46,60,59,88,85,66,81,78,138
ENSMUSG00000033770,0,0,0,0,0,0,0,0,0,0,0,0
ENSMUSG00000006216,0,8,4,3,4,3,1,1,5,3,5,7
ENSMUSG00000022512,0,0,0,1,0,0,0,0,0,0,0,0
ENSMUSG00000022132,0,1,0,1,1,0,0,0,0,2,1,1
ENSMUSG00000037625,0,0,1,1,0,0,0,1,1,1,0,0
ENSMUSG00000046798,10,50,61,42,62,58,73,53,66,49,57,80
ENSMUSG00000001739,2,16,17,12,11,11,14,9,22,12,19,33
ENSMUSG00000032473,1,0,0,0,0,0,0,0,0,0,0,0
ENSMUSG00000066058,0,0,2,0,2,3,0,0,0,1,1,1
ENSMUSG00000047230,0,0,0,0,0,0,0,0,0,0,0,0
ENSMUSG00000038064,0,0,0,0,0,0,0,0,0,0,0,0
ENSMUSG00000055976,0,0,0,1,0,0,0,0,0,0,0,0
ENSMUSG00000070473,0,0,0,0,0,0,0,0,0,0,1,0
ENSMUSG00000072100,0,0,0,0,0,0,0,0,0,0,0,0
ENSMUSG00000079450,0,0,4,2,0,1,0,2,1,1,2,5
ENSMUSG00000095474,0,0,1,0,0,0,0,0,3,1,0,0
ENSMUSG00000041378,24,197,81,57,225,97,114,90,77,54,171,105
ENSMUSG00000023906,0,0,0,0,0,0,0,0,0,0,0,1
ENSMUSG00000018569,0,1,0,0,1,0,1,0,0,2,1,0
ENSMUSG00000066720,0,0,0,0,0,0,0,0,0,0,0,0
ENSMUSG00000022744,6,75,63,50,85,86,72,59,78,82,89,116
ENSMUSG00000038973,0,0,0,0,0,0,0,0,0,0,0,0
ENSMUSG00000000318,0,7,5,11,6,8,9,15,6,17,7,15
ENSMUSG00000004473,0,7,3,3,8,2,1,2,3,2,1,17
ENSMUSG00000053063,3,12,16,11,22,17,68,105,33,23,43,99
ENSMUSG00000030158,0,1,4,0,2,3,3,0,3,5,1,1
ENSMUSG00000045930,5,43,32,32,41,28,50,41,46,37,40,65
ENSMUSG00000068663,4,64,61,39,35,42,67,40,40,51,83,66
ENSMUSG00000033633,0,2,3,3,2,8,4,2,7,16,3,3
ENSMUSG00000033082,9,18,16,7,16,12,32,18,23,17,19,23
ENSMUSG00000030159,8,7,6,2,8,6,5,10,7,6,5,8
ENSMUSG00000030157,10,65,59,52,67,49,137,137,142,64,25,161
ENSMUSG00000030155,0,1,2,0,2,0,3,0,2,1,0,1
ENSMUSG00000000248,0,0,0,0,1,0,0,0,0,0,0,0
ENSMUSG00000030364,0,0,0,0,0,0,0,0,0,0,0,0
ENSMUSG00000030365,0,2,0,2,3,3,3,3,9,0,2,6
ENSMUSG00000079598,0,2,2,2,2,3,0,1,0,0,2,1
ENSMUSG00000025784,12,144,119,98,142,105,128,152,133,154,202,246
ENSMUSG00000049037,4,26,19,13,15,16,66,99,71,53,66,149
ENSMUSG00000030148,1,12,3,6,9,9,37,45,44,14,10,61
ENSMUSG00000043832,2,5,9,3,7,2,33,42,23,9,19,45
ENSMUSG00000059639,0,0,0,0,0,0,0,0,0,0,0,0
ENSMUSG00000030147,0,7,3,6,4,6,7,18,4,5,2,17
ENSMUSG00000067767,0,0,0,0,0,0,0,0,0,0,0,0
ENSMUSG00000030144,0,1,1,0,1,0,11,17,4,2,4,22
ENSMUSG00000030142,0,0,1,1,1,0,5,9,3,2,1,13
ENSMUSG00000014542,1,2,0,0,2,3,0,1,3,1,3,3
ENSMUSG00000074491,0,3,2,0,0,0,2,0,1,2,0,0
ENSMUSG00000023349,0,10,5,3,8,7,28,31,13,16,13,53
ENSMUSG00000029915,1,3,3,1,3,5,6,11,3,2,4,16
ENSMUSG00000079293,3,11,11,7,10,5,31,22,12,21,11,29
ENSMUSG00000046080,1,5,4,5,7,5,11,5,7,13,6,12
ENSMUSG00000002190,0,0,0,0,0,0,1,0,0,0,1,0
ENSMUSG00000020461,0,0,0,0,0,0,0,0,0,0,0,0
ENSMUSG00000007041,33,130,132,87,123,120,209,250,191,164,186,394
ENSMUSG00000015093,0,0,0,2,2,2,2,3,2,2,2,2
ENSMUSG00000037242,61,723,661,461,721,786,862,965,754,768,735,1500
ENSMUSG00000023959,37,424,364,224,366,419,543,473,516,464,574,729
ENSMUSG00000022949,0,0,0,0,0,1,0,0,0,0,1,0
ENSMUSG00000006169,8,115,89,88,109,95,128,123,117,132,130,182
ENSMUSG00000049550,43,477,486,360,495,575,711,628,665,580,724,733
ENSMUSG00000063146,6,25,20,12,27,20,27,25,19,17,26,29
ENSMUSG00000013921,2,18,23,23,26,37,37,39,30,38,42,44
ENSMUSG00000024059,13,311,300,199,321,329,389,337,325,323,390,520
ENSMUSG00000026034,17,168,170,106,171,198,189,173,222,199,159,248
ENSMUSG00000068917,9,54,55,40,61,44,56,61,83,64,68,79
ENSMUSG00000032316,11,68,83,45,85,75,96,82,89,88,122,118
ENSMUSG00000020385,5,58,48,30,53,51,65,69,75,73,65,75
ENSMUSG00000021097,0,8,6,7,8,7,4,2,10,10,7,4
ENSMUSG00000032024,2,24,14,5,23,19,36,36,17,16,29,21
ENSMUSG00000030720,4,25,18,15,29,26,36,25,28,20,34,52
ENSMUSG00000022125,12,83,58,46,62,71,82,82,77,101,103,131
ENSMUSG00000032245,7,127,109,94,100,80,164,134,152,173,200,204
ENSMUSG00000026317,2,41,36,20,43,35,43,46,53,28,27,73
ENSMUSG00000039315,0,0,0,0,0,0,0,0,3,0,0,0
ENSMUSG00000025439,1,83,87,53,80,93,76,102,101,111,110,161
ENSMUSG00000029238,5,98,47,34,71,80,69,71,56,46,81,75
ENSMUSG00000027079,0,23,15,6,14,13,19,14,22,15,14,34
ENSMUSG00000001829,16,258,222,191,221,223,273,252,276,334,367,438
ENSMUSG00000002660,14,299,316,216,272,292,280,322,332,381,423,458
ENSMUSG00000002981,27,441,394,284,387,477,489,466,517,547,590,735
ENSMUSG00000021610,9,110,89,56,103,104,143,125,137,95,108,189
ENSMUSG00000015357,14,250,200,144,259,255,310,361,359,269,280,375
ENSMUSG00000043850,0,0,0,0,0,0,0,0,1,0,0,0
ENSMUSG00000050866,0,0,0,0,0,0,0,0,0,0,0,0
ENSMUSG00000042489,0,1,0,0,0,1,3,2,0,0,1,2
ENSMUSG00000039953,20,230,193,146,221,206,209,216,230,267,271,329
ENSMUSG00000032452,0,4,0,1,3,1,0,3,1,3,2,0
ENSMUSG00000008153,0,1,0,0,0,0,0,0,0,0,0,0
ENSMUSG00000028478,35,249,236,174,243,269,334,359,355,305,330,528
ENSMUSG00000047547,41,342,320,225,307,313,478,470,416,438,587,804
ENSMUSG00000047126,37,377,285,229,297,318,382,299,308,246,276,475
ENSMUSG00000022037,216,3196,3051,2208,2957,2676,5748,6968,3328,4301,4332,8756
ENSMUSG00000020741,43,716,651,528,699,720,637,619,559,787,764,867
ENSMUSG00000041216,1,3,4,1,5,5,3,0,4,1,2,2
ENSMUSG00000019785,1,1,0,0,1,0,0,0,0,0,0,0
ENSMUSG00000025545,14,289,295,181,277,254,233,270,292,314,284,401
ENSMUSG00000022225,0,4,3,10,6,6,3,0,3,4,11,10
ENSMUSG00000068289,0,0,0,0,0,0,0,0,2,0,0,1
ENSMUSG00000016756,1,2,3,1,6,2,8,3,3,3,1,5
ENSMUSG00000030282,12,76,98,55,83,75,90,103,100,93,102,173
ENSMUSG00000022235,5,155,153,97,142,145,144,159,238,143,187,168
ENSMUSG00000039163,7,137,120,63,133,109,133,145,165,113,140,163
ENSMUSG00000014633,17,276,269,224,279,243,211,209,235,255,261,374
ENSMUSG00000042190,3,36,28,21,19,26,34,45,24,33,32,75
ENSMUSG00000028719,8,115,80,60,105,106,102,125,90,85,78,191
ENSMUSG00000020638,9,24,23,14,32,24,68,112,48,53,73,204
ENSMUSG00000022748,1,42,46,28,42,45,21,18,30,30,41,35
ENSMUSG00000035785,0,0,0,0,0,0,0,0,0,0,0,0
ENSMUSG00000031875,6,56,43,26,63,41,46,50,41,37,61,84
ENSMUSG00000096188,5,40,45,16,40,43,48,34,42,44,39,54
ENSMUSG00000040759,3,0,2,2,4,1,1,1,1,3,4,4
ENSMUSG00000032434,6,74,55,37,44,55,75,64,49,44,57,92
ENSMUSG00000032436,5,68,56,39,63,53,85,123,75,64,97,130
ENSMUSG00000041012,16,86,61,47,72,51,69,39,69,47,65,59
ENSMUSG00000046441,0,5,6,3,12,6,4,6,9,5,7,8
ENSMUSG00000047419,53,926,804,644,852,937,810,766,786,897,951,1037
ENSMUSG00000078932,0,0,1,0,0,0,0,0,0,1,0,0
ENSMUSG00000038085,4,33,23,27,25,36,67,120,76,87,57,85
ENSMUSG00000030057,83,887,765,553,839,941,979,1069,1205,1061,1018,1506
ENSMUSG00000056162,0,0,0,0,0,0,0,0,0,0,0,0
ENSMUSG00000024644,15,100,109,75,94,97,190,259,106,149,165,318
ENSMUSG00000036810,0,77,62,54,77,66,81,60,72,71,81,107
ENSMUSG00000067220,0,0,0,0,0,0,0,1,0,0,0,0
ENSMUSG00000005864,0,0,0,0,0,0,0,1,0,0,0,1
ENSMUSG00000026114,0,5,11,3,5,10,6,9,10,9,10,9
ENSMUSG00000030897,0,0,0,0,0,0,0,0,0,0,0,0
ENSMUSG00000031789,0,5,3,1,2,1,4,3,4,3,9,4
ENSMUSG00000056494,2,15,25,13,22,20,37,11,39,18,27,28
ENSMUSG00000015759,13,222,186,142,171,212,174,210,178,209,234,304
ENSMUSG00000024873,0,4,3,1,5,4,7,3,3,5,5,2
ENSMUSG00000026514,0,0,0,0,0,0,0,0,0,0,1,0
ENSMUSG00000062169,14,218,199,122,170,195,211,196,177,165,201,333
ENSMUSG00000028841,4,31,27,16,35,32,110,103,90,104,127,127
ENSMUSG00000025658,1,9,6,7,2,5,2,2,7,1,4,10
ENSMUSG00000015202,3,86,86,49,99,75,108,90,103,81,112,124
ENSMUSG00000022025,0,5,1,2,0,6,5,11,4,10,5,7
ENSMUSG00000001349,0,1,7,4,11,6,2,7,12,6,17,12
ENSMUSG00000004665,39,154,124,82,157,131,138,157,111,135,152,275
ENSMUSG00000053931,18,93,81,60,95,95,95,113,108,94,114,184
ENSMUSG00000025189,0,0,0,0,1,0,0,0,0,0,1,0
ENSMUSG00000064105,2,8,9,10,13,6,9,10,9,6,23,17
ENSMUSG00000001138,5,60,44,34,49,43,74,63,76,66,76,92
ENSMUSG00000037408,0,10,8,9,9,5,9,10,13,0,10,8
ENSMUSG00000036550,15,170,164,102,148,175,205,176,174,169,218,242
ENSMUSG00000056167,15,74,81,64,83,78,96,80,121,95,114,159
ENSMUSG00000003135,3,41,52,45,51,44,59,44,51,60,38,62
ENSMUSG00000020166,10,107,88,52,88,88,125,110,99,104,143,166
ENSMUSG00000035632,12,78,69,43,78,72,76,67,68,35,69,110
ENSMUSG00000038784,2,52,57,38,44,58,57,50,56,71,81,95
ENSMUSG00000020362,7,71,57,42,41,53,63,52,53,33,51,67
ENSMUSG00000034724,17,106,80,65,98,92,113,95,100,82,106,105
ENSMUSG00000031601,15,153,127,55,105,118,138,127,100,123,127,160
ENSMUSG00000020515,5,72,81,65,69,86,100,95,89,71,78,137
ENSMUSG00000026174,4,40,22,15,20,32,35,40,35,19,20,53
ENSMUSG00000006782,9,41,22,34,42,36,47,60,51,57,52,112
ENSMUSG00000033159,12,89,88,56,106,86,133,119,131,111,125,178
ENSMUSG00000044681,0,0,0,0,1,0,0,0,0,0,0,0
ENSMUSG00000025381,14,165,155,129,162,147,206,238,219,224,294,370
ENSMUSG00000023973,14,75,76,47,64,67,88,107,80,99,114,144
ENSMUSG00000036968,0,19,10,3,10,16,17,13,14,15,9,19
ENSMUSG00000062585,0,0,1,0,0,0,2,1,0,0,0,0
ENSMUSG00000044629,0,13,14,10,14,9,17,6,13,8,13,22
ENSMUSG00000038949,10,155,152,107,154,146,171,108,133,147,189,209
ENSMUSG00000078653,0,1,1,0,1,0,1,3,0,2,5,2
ENSMUSG00000028444,1,4,4,3,4,7,2,11,12,10,3,13
ENSMUSG00000038070,3,6,12,3,7,10,11,11,14,7,4,8
ENSMUSG00000053024,3,16,18,8,9,29,10,14,8,14,6,15
ENSMUSG00000030075,0,1,0,0,0,1,1,1,1,0,0,0
ENSMUSG00000039488,0,7,7,3,10,5,10,8,11,6,10,16
ENSMUSG00000017167,4,12,7,3,6,10,4,10,5,7,7,5
ENSMUSG00000039419,0,0,0,1,2,1,3,0,1,0,0,0
ENSMUSG00000070695,0,0,0,0,0,0,0,0,1,1,0,1
ENSMUSG00000057110,6,25,14,12,18,19,22,19,16,21,32,32
ENSMUSG00000032782,1,8,2,3,7,9,10,8,8,4,10,6
ENSMUSG00000017188,25,407,385,279,342,341,398,375,415,449,509,634
ENSMUSG00000044881,2,41,43,24,37,37,53,53,76,61,74,87
ENSMUSG00000026112,19,374,349,245,297,354,340,269,250,297,303,426
ENSMUSG00000051671,8,85,77,57,81,81,67,99,80,89,86,119
ENSMUSG00000048351,2,75,66,50,59,62,80,69,75,74,96,112
ENSMUSG00000001755,4,51,45,36,39,43,45,59,51,55,54,74
ENSMUSG00000020173,1,34,37,28,29,21,22,34,45,32,40,38
ENSMUSG00000034903,12,175,161,135,200,179,230,166,235,202,198,226
ENSMUSG00000020953,0,0,0,0,0,1,1,1,1,0,0,3
ENSMUSG00000018661,4,68,62,36,67,73,63,74,85,69,90,99
ENSMUSG00000031979,4,72,61,55,58,76,85,83,58,78,77,93
ENSMUSG00000034893,1,27,26,12,33,32,35,29,23,34,29,30
ENSMUSG00000031753,18,186,177,141,172,184,209,194,251,233,243,323
ENSMUSG00000035933,6,132,100,78,117,126,117,107,135,111,123,156
ENSMUSG00000027742,4,137,126,92,150,127,140,157,154,140,157,169
ENSMUSG00000034951,7,81,80,62,87,91,78,87,89,105,107,121
ENSMUSG00000031916,14,292,275,205,282,288,256,267,255,300,261,380
ENSMUSG00000033983,3,15,13,11,18,12,22,23,29,33,25,34
ENSMUSG00000039462,0,0,0,0,0,0,0,0,0,0,0,0
ENSMUSG00000027966,0,0,0,0,1,0,0,1,0,0,0,0
ENSMUSG00000024330,2,3,5,3,6,3,7,2,2,1,5,4
ENSMUSG00000032332,1,1,0,0,2,0,2,2,2,1,3,3
ENSMUSG00000058806,0,2,4,0,3,3,3,2,0,5,3,3
ENSMUSG00000022371,1,23,21,6,31,17,21,23,14,15,20,27
ENSMUSG00000028339,10,163,166,87,154,162,102,120,72,73,135,220
ENSMUSG00000040690,1,9,11,10,11,11,13,29,14,15,19,38
ENSMUSG00000025064,0,0,0,0,0,0,0,0,0,0,0,0
ENSMUSG00000001435,4,29,28,28,29,24,29,25,20,23,48,41
ENSMUSG00000026141,0,0,0,0,0,0,0,0,1,0,0,0
ENSMUSG00000001506,22,308,269,152,299,261,272,373,154,176,236,622
ENSMUSG00000029661,41,273,275,191,289,290,344,542,267,296,304,825
ENSMUSG00000016356,1,5,3,3,5,2,5,1,2,4,6,5
ENSMUSG00000079022,0,0,1,1,1,1,0,2,2,0,0,2
ENSMUSG00000063564,2,3,3,6,2,3,6,8,9,6,8,11
ENSMUSG00000028197,0,0,0,0,0,0,0,0,0,0,0,0
ENSMUSG00000058897,0,2,1,2,1,1,0,1,1,1,0,0
ENSMUSG00000004415,0,4,1,0,2,4,3,2,0,2,1,1
ENSMUSG00000045672,4,17,6,12,18,23,16,19,9,11,10,26
ENSMUSG00000068794,0,0,0,0,1,1,1,1,0,0,0,0
ENSMUSG00000022483,0,0,0,0,0,0,0,0,0,0,0,0
ENSMUSG00000031502,121,830,700,444,739,602,765,801,558,573,705,1124
ENSMUSG00000031503,118,881,763,466,785,726,691,716,497,624,850,1050
ENSMUSG00000079465,0,3,4,3,10,6,3,3,4,6,3,8
ENSMUSG00000021669,8,93,71,60,96,75,102,90,109,90,104,116
ENSMUSG00000067158,2,26,10,10,27,24,8,11,9,12,15,15
ENSMUSG00000031274,0,39,32,23,45,38,34,50,27,36,34,43
ENSMUSG00000031273,0,3,2,1,2,3,1,1,3,4,2,4
ENSMUSG00000026837,10,84,71,45,80,81,89,97,49,58,78,169
ENSMUSG00000026042,1,51,49,26,53,42,76,101,36,30,56,123
ENSMUSG00000004098,6,89,56,18,71,44,57,59,25,31,73,66
ENSMUSG00000001119,17,223,221,128,225,208,178,214,155,141,176,308
ENSMUSG00000020241,17,283,230,161,238,231,224,241,130,166,189,395
ENSMUSG00000048126,3,62,39,42,68,74,61,68,45,34,54,105
ENSMUSG00000032572,0,0,0,0,0,0,0,0,0,0,0,0
ENSMUSG00000091345,0,0,0,0,0,0,0,0,0,2,1,0
ENSMUSG00000043719,0,10,16,6,18,14,16,16,10,22,16,14
ENSMUSG00000025650,0,3,2,1,1,1,2,3,4,0,4,5
ENSMUSG00000068196,0,46,38,33,64,56,82,78,50,39,38,106
ENSMUSG00000056174,0,0,1,0,0,2,1,0,0,0,1,1
ENSMUSG00000028626,1,1,0,0,1,0,0,0,1,0,0,0
ENSMUSG00000027570,0,1,1,2,2,0,0,0,1,1,1,1
ENSMUSG00000079559,0,4,1,2,4,2,4,4,2,0,2,4
ENSMUSG00000038591,0,0,2,0,0,0,0,0,2,0,0,0
ENSMUSG00000036655,6,91,81,64,85,87,105,109,113,143,108,192
ENSMUSG00000036103,4,23,24,15,21,20,28,27,18,17,23,34
ENSMUSG00000034807,19,146,136,104,147,124,185,187,155,161,188,280
ENSMUSG00000032649,1,17,11,9,18,17,8,16,10,10,15,17
ENSMUSG00000057606,7,42,42,12,47,49,33,34,26,35,40,36
ENSMUSG00000051355,13,267,255,191,248,238,210,292,283,259,252,367
ENSMUSG00000042705,2,16,39,23,34,34,21,35,37,20,36,45
ENSMUSG00000036513,2,50,47,24,37,26,47,41,53,40,49,63
ENSMUSG00000051154,16,323,306,198,290,299,297,316,394,321,414,504
ENSMUSG00000032299,16,92,92,69,91,71,128,132,113,138,177,197
ENSMUSG00000055041,6,50,37,36,38,30,63,71,57,46,70,74
ENSMUSG00000075486,4,73,62,39,68,65,72,89,103,80,114,105
ENSMUSG00000056941,5,67,46,48,70,65,51,72,88,61,90,100
ENSMUSG00000029213,11,111,76,51,105,82,94,96,96,85,97,148
ENSMUSG00000027163,0,63,52,47,79,67,65,73,95,61,112,114
ENSMUSG00000031849,0,4,4,3,9,13,5,5,5,1,6,6
ENSMUSG00000000326,18,264,215,139,316,244,632,514,384,471,531,770
ENSMUSG00000021773,3,41,33,32,31,24,38,70,33,52,50,59
ENSMUSG00000026553,15,282,282,185,310,244,344,323,317,359,356,506
ENSMUSG00000030754,5,57,78,29,53,60,82,68,69,53,51,100
ENSMUSG00000032458,18,241,258,167,259,233,221,281,281,258,301,380
ENSMUSG00000055681,25,492,413,364,435,464,454,469,411,512,609,759
ENSMUSG00000030058,16,147,127,85,156,149,129,156,119,139,178,204
ENSMUSG00000025607,5,74,87,58,104,86,96,83,67,72,45,99
ENSMUSG00000031458,0,66,54,34,49,37,36,47,36,40,44,66
ENSMUSG00000027206,14,224,175,166,193,204,261,263,282,212,249,343
ENSMUSG00000019373,16,197,192,148,180,189,227,250,236,212,240,344
ENSMUSG00000035297,19,297,231,177,289,284,328,304,372,352,375,502
ENSMUSG00000025917,13,279,231,140,239,265,300,327,267,207,236,390
ENSMUSG00000019494,32,513,468,333,455,499,537,602,605,477,565,803
ENSMUSG00000030127,17,275,213,155,238,205,288,239,243,292,318,386
ENSMUSG00000026240,2,42,38,16,36,35,44,24,24,25,22,36
ENSMUSG00000034432,13,274,216,167,228,249,224,233,215,256,288,351
ENSMUSG00000073616,39,715,626,462,622,667,709,796,824,929,1186,1278
ENSMUSG00000060992,20,173,161,143,162,161,217,239,195,230,321,419
ENSMUSG00000018672,18,209,200,158,199,162,224,212,205,234,285,321
ENSMUSG00000039914,41,1032,1057,667,915,927,622,817,846,898,1017,1245
ENSMUSG00000025981,7,88,103,91,90,159,114,136,91,79,85,160
ENSMUSG00000029319,16,348,270,186,283,279,273,257,286,338,318,416
ENSMUSG00000028247,12,186,180,148,163,174,151,165,162,176,156,249
ENSMUSG00000026798,5,80,64,63,86,87,77,63,71,64,68,98
ENSMUSG00000041733,16,385,385,309,377,351,343,309,338,339,344,462
ENSMUSG00000021235,9,283,282,208,253,250,226,241,260,281,306,400
ENSMUSG00000030652,37,438,451,325,393,464,338,449,461,497,481,654
ENSMUSG00000026489,91,1862,1789,1273,1700,1829,1637,1871,2287,2277,2108,2637
ENSMUSG00000003762,6,21,25,21,21,23,35,43,40,38,33,56
ENSMUSG00000031782,62,1768,1641,1262,1541,1530,1225,1278,1327,1617,1570,1955
ENSMUSG00000005220,14,326,258,254,379,314,436,392,446,401,406,590
ENSMUSG00000030707,3,47,42,37,38,32,129,220,81,59,85,259
ENSMUSG00000024835,13,90,78,45,70,74,98,114,79,98,115,159
ENSMUSG00000004530,28,104,79,50,91,64,104,102,68,61,78,134
ENSMUSG00000028337,1,5,4,0,3,5,9,23,11,9,7,24
ENSMUSG00000041729,8,42,38,26,38,24,36,30,43,35,30,39
ENSMUSG00000020836,229,1288,1199,805,1115,1210,1729,1351,1301,1934,2357,1920
ENSMUSG00000039637,7,39,21,14,17,24,38,33,30,31,29,62
ENSMUSG00000028971,0,0,0,0,1,0,0,0,0,0,0,1
ENSMUSG00000031827,11,67,55,37,34,47,138,236,73,67,95,294
ENSMUSG00000042148,17,415,312,240,352,375,340,274,331,358,415,484
ENSMUSG00000020544,3,64,63,48,75,63,70,63,68,46,46,81
ENSMUSG00000023020,29,700,732,418,683,690,582,678,701,588,724,1042
ENSMUSG00000040018,10,82,92,36,76,72,74,64,77,79,75,117
ENSMUSG00000046516,62,984,834,645,861,847,842,979,1043,1094,930,1447
ENSMUSG00000035505,3,49,46,20,37,36,55,35,47,42,45,63
ENSMUSG00000045438,15,202,185,109,186,189,192,211,172,167,241,266
ENSMUSG00000026500,15,252,202,164,196,226,170,246,278,223,270,335
ENSMUSG00000031818,647,15059,14438,10529,13706,13973,12079,13694,14542,17013,19204,21913
ENSMUSG00000009876,7,72,64,58,62,68,68,41,65,69,88,90
ENSMUSG00000000088,268,6227,5440,3878,5098,5218,4304,5165,5910,6028,6021,8361
ENSMUSG00000061518,257,5505,4901,3805,4686,4979,4284,4575,5122,5334,5440,7199
ENSMUSG00000041697,55,924,749,603,791,776,778,969,799,943,929,1339
ENSMUSG00000030785,860,19467,18344,12745,17870,19040,16630,17996,18990,16677,21514,27696
ENSMUSG00000036751,287,6943,6675,4517,6126,6369,6163,6344,7078,6773,8630,9591
ENSMUSG00000051811,3,23,23,16,19,17,16,18,22,25,11,37
ENSMUSG00000014313,331,6701,6029,4627,5832,6313,5604,6338,6974,7340,7184,9897
ENSMUSG00000074218,477,12587,10682,8935,10331,9581,7360,7499,9933,10664,11534,13670
ENSMUSG00000032330,137,3872,3427,2631,3348,3427,3403,3784,4062,4380,4669,5854
ENSMUSG00000024248,64,1038,894,674,846,963,867,930,1051,1018,1090,1460
ENSMUSG00000031231,312,6241,5779,3955,5830,5774,5513,5585,6485,6356,6690,8719
ENSMUSG00000049387,0,1,1,2,1,2,1,2,0,3,0,1
ENSMUSG00000017778,80,1537,1332,999,1364,1439,1241,1420,1509,1513,1652,2268
ENSMUSG00000035885,83,1317,1160,810,1103,1147,1135,1466,1456,1349,1896,2165
ENSMUSG00000025488,387,10404,9499,7013,8619,8575,7305,7928,8442,10139,11468,13532
ENSMUSG00000003617,18,151,131,82,130,165,289,258,234,215,249,359
ENSMUSG00000054446,0,0,1,0,0,0,0,0,0,1,0,1
ENSMUSG00000071553,0,0,0,0,0,0,0,0,0,1,0,0
ENSMUSG00000001865,0,2,0,2,4,2,0,2,0,3,5,1
ENSMUSG00000039070,0,0,0,0,0,0,0,0,0,0,0,0
ENSMUSG00000042501,0,0,0,0,0,0,0,0,0,0,0,0
ENSMUSG00000011463,0,1,1,1,0,1,0,0,0,1,0,0
ENSMUSG00000021999,0,0,0,0,0,0,0,0,0,0,0,0
ENSMUSG00000020841,7,128,92,68,114,119,179,118,159,118,151,169
ENSMUSG00000037852,27,499,511,339,512,581,430,553,520,543,496,678
ENSMUSG00000025586,3,50,48,45,65,60,97,78,67,65,85,93
ENSMUSG00000039782,1,89,89,56,88,88,94,98,80,85,89,129
ENSMUSG00000039652,13,292,262,208,267,277,299,222,246,259,300,291
ENSMUSG00000020300,5,95,108,66,105,126,140,105,115,120,94,145
ENSMUSG00000062980,7,66,55,38,80,93,68,83,64,72,52,76
ENSMUSG00000033615,0,1,0,0,0,0,0,1,0,0,1,0
ENSMUSG00000025867,0,6,7,10,16,9,17,10,9,17,17,13
ENSMUSG00000039714,0,0,0,0,0,0,1,0,0,0,1,0
ENSMUSG00000024519,0,0,0,0,0,0,0,0,0,1,0,0
ENSMUSG00000020183,2,22,17,17,12,12,21,11,13,16,12,25
ENSMUSG00000025196,0,0,0,0,0,0,0,1,0,0,0,0
ENSMUSG00000023176,0,1,0,0,0,1,0,1,0,1,1,1
ENSMUSG00000034361,2,9,9,5,17,10,21,16,5,12,9,26
ENSMUSG00000028228,6,68,50,45,73,86,80,56,67,51,64,102
ENSMUSG00000032564,0,0,0,0,0,1,0,0,0,1,2,1
ENSMUSG00000024008,0,1,3,1,2,4,0,3,0,0,1,3
ENSMUSG00000022212,0,0,0,2,0,0,0,0,0,0,0,0
ENSMUSG00000034796,4,3,3,3,4,1,4,1,3,2,5,7
ENSMUSG00000052560,5,15,11,10,11,14,23,19,14,8,10,25
ENSMUSG00000030270,1,0,0,0,2,0,0,0,1,0,1,1
ENSMUSG00000022742,10,178,180,110,170,158,155,136,150,151,179,192
ENSMUSG00000065979,11,165,161,123,152,141,160,141,143,169,141,222
ENSMUSG00000039007,7,113,100,58,91,97,104,113,116,106,116,157
ENSMUSG00000025991,8,0,2,0,0,0,0,0,0,0,0,0
ENSMUSG00000034022,10,110,96,71,85,98,120,89,108,114,107,156
ENSMUSG00000041781,4,43,51,35,42,56,59,45,40,49,49,79
ENSMUSG00000054309,5,141,108,77,119,100,137,157,139,162,132,240
ENSMUSG00000029625,5,43,23,18,30,31,35,32,47,31,35,59
ENSMUSG00000055531,8,88,74,62,78,89,86,114,106,114,81,132
ENSMUSG00000034820,6,48,59,43,48,63,67,57,57,65,57,80
ENSMUSG00000024900,10,92,80,61,94,83,105,120,115,145,91,197
ENSMUSG00000007783,2,9,10,5,5,9,13,10,7,12,14,19
ENSMUSG00000028607,36,816,731,600,756,789,729,674,752,818,671,928
ENSMUSG00000029073,2,13,20,4,21,14,18,20,12,15,22,22
ENSMUSG00000027408,4,11,23,16,13,22,18,25,20,33,27,37
ENSMUSG00000030862,9,160,134,66,130,129,120,77,84,108,172,149
ENSMUSG00000036596,1,1,1,2,4,2,3,0,3,2,8,6
ENSMUSG00000016481,13,174,110,97,162,156,207,193,193,149,166,251
ENSMUSG00000026616,0,0,0,0,2,1,1,1,0,0,0,2
ENSMUSG00000032291,0,0,0,0,1,0,0,2,0,1,0,2
ENSMUSG00000004885,0,1,0,0,0,0,2,0,1,0,0,1
ENSMUSG00000061414,1,2,4,10,5,6,4,2,3,8,3,4
ENSMUSG00000048200,20,63,64,49,52,69,104,81,90,84,91,99
ENSMUSG00000045867,3,57,60,37,46,59,51,46,59,65,60,100
ENSMUSG00000038002,6,35,28,25,33,32,39,31,35,40,32,50
ENSMUSG00000026853,65,1223,1129,828,1254,1231,1145,1197,1199,1038,1019,1512
ENSMUSG00000063681,0,0,0,1,0,0,2,1,0,1,1,0
ENSMUSG00000035403,0,0,1,0,1,0,0,0,0,0,1,0
ENSMUSG00000044279,0,0,0,0,0,0,1,1,2,1,0,2
ENSMUSG00000005362,7,61,63,34,72,58,84,111,98,127,91,114
ENSMUSG00000025532,6,51,67,47,54,49,66,72,77,90,86,108
ENSMUSG00000027913,0,0,0,0,0,0,0,4,0,0,0,1
ENSMUSG00000025958,4,51,48,37,54,53,45,59,54,50,56,70
ENSMUSG00000028466,7,83,52,42,71,59,87,118,105,84,99,162
ENSMUSG00000027230,7,36,17,20,28,24,33,31,18,25,38,48
ENSMUSG00000038648,4,91,66,40,93,65,73,56,55,74,99,97
ENSMUSG00000035041,0,1,0,1,1,1,0,0,1,0,2,1
ENSMUSG00000027938,0,1,1,0,0,0,1,2,0,5,0,1
ENSMUSG00000053007,4,24,35,15,25,19,18,24,33,36,20,38
ENSMUSG00000022521,32,104,112,78,127,139,157,149,131,125,105,179
ENSMUSG00000032652,1,46,37,42,38,48,33,42,47,48,49,57
ENSMUSG00000048249,15,101,100,78,134,140,215,138,173,135,165,212
ENSMUSG00000051451,1,30,28,19,24,30,33,32,31,25,16,34
ENSMUSG00000040713,46,526,416,359,498,467,595,640,642,756,727,844
ENSMUSG00000050967,0,0,0,0,0,0,0,1,0,0,0,2
ENSMUSG00000030284,11,115,118,102,129,125,114,156,128,163,172,259
ENSMUSG00000023272,3,62,34,20,41,52,68,55,42,39,134,104
ENSMUSG00000063889,5,20,30,10,18,29,30,20,22,16,31,32
ENSMUSG00000049796,0,0,0,0,0,0,0,0,0,0,0,0
ENSMUSG00000021680,0,0,0,0,0,0,0,0,0,0,0,0
ENSMUSG00000003476,10,109,92,75,94,121,108,83,113,99,129,128
ENSMUSG00000024074,10,95,81,68,91,90,82,126,88,89,83,158
ENSMUSG00000006360,119,466,462,379,511,482,417,574,439,542,673,874
ENSMUSG00000006356,311,6448,5927,4474,5742,5917,5359,5946,5738,6748,7410,8966
ENSMUSG00000023968,0,3,1,2,0,0,3,1,4,3,3,2
ENSMUSG00000024146,11,171,126,107,153,135,174,207,198,176,181,251
ENSMUSG00000025776,0,1,0,0,4,4,0,2,2,2,2,3
ENSMUSG00000031825,19,294,330,221,308,324,331,327,305,352,384,486
ENSMUSG00000017776,8,131,114,69,126,129,118,142,124,118,108,169
ENSMUSG00000006134,0,2,0,1,5,2,0,0,3,1,4,1
ENSMUSG00000007888,1,3,1,1,2,1,7,13,1,5,2,16
ENSMUSG00000033467,4,53,36,22,36,27,42,72,56,36,53,98
ENSMUSG00000017561,5,34,44,16,33,37,38,38,47,34,39,54
ENSMUSG00000027357,4,71,62,37,52,55,41,62,66,49,46,96
ENSMUSG00000029121,1,3,3,0,3,1,0,0,3,1,2,4
ENSMUSG00000001767,4,30,29,24,26,45,48,40,46,39,40,68
ENSMUSG00000040860,4,8,15,7,15,10,12,8,8,8,6,14
ENSMUSG00000084989,0,0,0,0,0,1,0,0,0,0,1,0
ENSMUSG00000003623,6,88,85,64,89,90,101,81,99,95,76,110
ENSMUSG00000037942,0,0,0,0,0,0,0,0,0,0,1,0
ENSMUSG00000042401,0,0,0,0,0,1,0,0,0,0,0,0
ENSMUSG00000032021,0,0,0,1,0,1,2,1,1,0,1,1
ENSMUSG00000032431,3,50,59,41,55,69,56,68,49,46,75,109
ENSMUSG00000003575,2,43,38,24,29,29,35,32,32,40,35,43
ENSMUSG00000027936,12,63,41,38,50,51,60,58,53,59,55,97
ENSMUSG00000030527,4,52,31,29,56,39,53,38,29,44,71,77
ENSMUSG00000041578,0,0,0,0,0,0,0,0,0,0,0,0
ENSMUSG00000020038,2,37,29,21,21,21,16,27,41,42,16,61
ENSMUSG00000068742,4,68,103,87,106,97,97,75,113,111,94,119
ENSMUSG00000024041,0,0,0,0,0,0,0,0,0,0,0,0
ENSMUSG00000032060,488,11584,10416,8428,10430,10805,12124,15107,13554,15464,17110,23512
ENSMUSG00000000724,0,0,0,0,0,0,0,0,0,0,1,0
ENSMUSG00000066975,2,40,39,20,40,29,3,13,13,14,11,27
ENSMUSG00000029343,0,9,11,7,7,14,1,4,2,4,1,5
ENSMUSG00000029352,6,4,7,6,2,6,8,8,5,14,14,15
ENSMUSG00000019866,1,6,15,8,9,15,28,23,22,19,17,42
ENSMUSG00000012123,0,1,1,0,0,0,1,0,0,0,1,0
ENSMUSG00000038135,0,1,4,2,1,3,3,6,1,3,2,1
ENSMUSG00000033501,0,0,0,0,0,0,0,0,1,0,0,1
ENSMUSG00000021947,0,30,18,10,21,21,24,34,19,26,18,27
ENSMUSG00000030905,0,4,0,0,0,0,0,0,1,1,1,2
ENSMUSG00000028199,1,28,27,22,22,25,20,17,29,28,41,30
ENSMUSG00000058240,13,76,60,39,54,72,74,72,62,71,85,123
ENSMUSG00000005683,144,3267,3134,2253,3005,3225,2496,2461,2660,3049,2688,3605
ENSMUSG00000023044,6,49,34,32,47,54,58,60,43,51,44,77
ENSMUSG00000042109,15,271,196,199,248,187,338,350,410,433,326,351
ENSMUSG00000068823,80,1499,1296,948,1405,1415,1514,1226,1385,1333,1404,1717
ENSMUSG00000002718,3,101,92,76,105,122,95,96,94,104,101,148
ENSMUSG00000014599,14,107,93,88,114,82,148,140,105,118,137,305
ENSMUSG00000024621,11,159,132,91,121,121,235,241,142,191,160,294
ENSMUSG00000059326,2,22,26,4,19,12,31,35,23,19,17,45
ENSMUSG00000071713,0,12,6,4,12,4,23,36,9,12,9,37
ENSMUSG00000071714,1,1,2,1,3,3,18,17,2,8,7,25
ENSMUSG00000038067,0,1,0,0,0,0,0,0,0,0,0,0
ENSMUSG00000028859,0,6,1,3,2,2,7,13,5,0,3,12
ENSMUSG00000036356,1,14,10,3,18,11,13,13,10,8,9,8
ENSMUSG00000042042,7,37,39,26,33,51,43,46,30,44,45,49
ENSMUSG00000032312,10,90,78,39,80,51,105,94,81,73,90,158
ENSMUSG00000046934,2,16,19,9,10,10,13,17,20,12,20,26
ENSMUSG00000060924,0,0,0,1,0,0,0,0,0,1,0,2
ENSMUSG00000028804,0,0,0,0,2,0,1,0,1,0,1,1
ENSMUSG00000022311,0,0,0,0,0,0,0,0,0,0,0,0
ENSMUSG00000070702,0,0,0,0,0,0,0,0,0,0,0,0
ENSMUSG00000061388,0,0,0,0,0,0,0,0,0,0,0,0
ENSMUSG00000063157,0,0,0,0,0,0,0,0,0,0,0,0
ENSMUSG00000001622,0,0,0,0,0,0,0,0,1,0,0,0
ENSMUSG00000024576,26,377,331,245,358,383,415,391,395,317,390,505
ENSMUSG00000025162,11,123,114,98,146,147,138,165,175,150,128,240
ENSMUSG00000022433,6,92,90,54,79,88,105,96,113,101,93,123
ENSMUSG00000032384,4,23,19,13,20,17,28,19,29,23,21,39
ENSMUSG00000003345,34,279,249,219,285,277,255,278,286,342,360,469
ENSMUSG00000073563,3,32,51,19,52,42,44,37,42,25,32,54
ENSMUSG00000074698,11,254,222,156,278,241,270,268,276,150,189,290
ENSMUSG00000046707,11,75,77,38,88,81,71,75,94,72,90,89
ENSMUSG00000024387,28,440,418,277,349,405,437,552,493,583,532,750
ENSMUSG00000032911,7,83,64,58,78,69,58,36,52,76,88,106
ENSMUSG00000032482,0,1,4,1,0,3,0,1,0,0,1,3
ENSMUSG00000056763,2,10,10,18,7,6,17,15,17,9,10,17
ENSMUSG00000062783,0,0,0,0,1,1,0,6,1,1,3,6
ENSMUSG00000032515,14,76,51,50,66,86,101,135,101,66,98,121
ENSMUSG00000044636,10,36,25,20,28,21,35,25,24,35,25,39
ENSMUSG00000044647,0,1,0,1,3,1,0,0,0,0,3,0
ENSMUSG00000026421,44,149,144,118,177,140,179,226,195,174,284,341
ENSMUSG00000020186,9,53,38,32,51,48,45,72,67,39,61,108
ENSMUSG00000030470,316,6644,6523,4524,6260,6677,6728,7131,7995,6756,8419,10431
ENSMUSG00000027443,0,0,0,0,0,0,0,0,0,0,0,1
ENSMUSG00000027447,310,5179,4484,3700,4719,4815,5667,7558,6367,6120,6578,11651
ENSMUSG00000024846,2,36,32,17,29,35,29,24,33,38,51,50
ENSMUSG00000068129,0,0,2,0,0,0,3,4,4,1,2,10
ENSMUSG00000027442,0,0,1,0,0,0,0,0,0,0,0,1
ENSMUSG00000027445,0,1,0,0,1,0,0,0,0,0,0,0
ENSMUSG00000034362,0,0,0,0,0,0,0,0,0,0,0,0
ENSMUSG00000047363,0,1,0,1,1,4,4,3,1,2,1,2
ENSMUSG00000005054,8,93,74,52,79,85,148,209,113,105,110,302
ENSMUSG00000027498,3,83,49,33,54,57,79,65,66,98,96,81
ENSMUSG00000031256,2,24,20,18,18,28,25,19,27,13,19,39
ENSMUSG00000053536,5,71,55,38,65,62,72,43,59,55,56,84
ENSMUSG00000027176,0,32,18,15,25,18,22,22,15,26,22,31
ENSMUSG00000114865,0,2,0,0,0,0,0,0,1,0,0,0
ENSMUSG00000021000,9,116,141,106,118,120,143,110,138,134,108,169
ENSMUSG00000037373,39,485,445,332,458,425,408,418,420,469,506,703
ENSMUSG00000028189,1,19,13,5,14,14,24,21,18,17,15,40
ENSMUSG00000020898,2,39,32,29,28,35,41,44,36,31,48,60
ENSMUSG00000005698,21,95,103,56,89,103,119,105,108,95,86,171
ENSMUSG00000070495,0,4,1,1,0,2,0,1,1,2,0,3
ENSMUSG00000018559,23,359,347,266,301,355,333,327,318,399,467,553
ENSMUSG00000033323,0,24,18,14,28,29,20,28,26,30,26,56
ENSMUSG00000026176,32,351,301,250,335,363,440,357,409,375,493,537
ENSMUSG00000078429,29,295,286,198,365,307,400,385,425,351,492,593
ENSMUSG00000047409,5,36,31,22,26,37,28,32,21,20,40,46
ENSMUSG00000033411,5,15,17,9,20,21,21,16,24,11,20,33
ENSMUSG00000042340,0,26,22,26,35,25,36,20,24,22,27,42
ENSMUSG00000060034,0,2,1,0,1,0,2,2,1,2,1,1
ENSMUSG00000019997,30,181,136,121,218,196,551,639,459,282,518,542
ENSMUSG00000028179,1,5,2,3,9,5,2,3,7,5,5,11
ENSMUSG00000054196,0,0,0,0,0,0,2,1,0,1,1,3
ENSMUSG00000052928,5,50,44,21,55,40,42,28,30,54,50,50
ENSMUSG00000026011,0,3,4,3,1,2,1,4,2,3,3,5
ENSMUSG00000037815,49,944,829,698,855,1018,882,925,854,988,857,1442
ENSMUSG00000063063,0,0,0,0,0,0,0,0,0,0,0,0
ENSMUSG00000060843,3,35,25,15,26,25,25,27,31,16,24,34
ENSMUSG00000038816,1,57,51,35,47,52,73,58,75,48,62,72
ENSMUSG00000028988,21,130,96,69,90,84,118,94,98,91,125,138
ENSMUSG00000027649,4,38,37,29,44,52,72,63,53,56,73,89
ENSMUSG00000022240,0,0,2,1,0,0,1,3,1,0,2,4
ENSMUSG00000005949,1,24,27,10,27,23,23,31,24,24,22,25
ENSMUSG00000028633,8,106,111,61,79,113,185,182,162,171,157,292
ENSMUSG00000031360,3,32,29,25,30,24,49,42,48,28,43,55
ENSMUSG00000005609,14,62,58,57,65,76,65,45,62,66,64,107
ENSMUSG00000031957,0,0,0,0,0,0,0,0,0,0,0,0
ENSMUSG00000031896,1,2,1,0,1,2,2,1,0,2,1,8
ENSMUSG00000057446,0,0,0,0,0,0,0,0,0,0,0,0
ENSMUSG00000017760,31,341,324,207,285,344,406,448,345,406,407,722
ENSMUSG00000021939,103,1439,1270,885,1294,1226,1555,2075,1198,1276,1237,2760
ENSMUSG00000030560,10,123,102,65,104,92,171,253,119,138,129,339
ENSMUSG00000007891,203,3302,3114,2070,2973,3056,3694,3979,3374,3766,4532,5918
ENSMUSG00000004552,0,4,1,1,1,0,0,0,1,0,0,0
ENSMUSG00000083282,8,157,119,109,135,136,117,133,162,179,116,172
ENSMUSG00000040314,0,0,0,0,0,0,0,0,0,0,0,1
ENSMUSG00000032359,9,114,102,80,112,122,187,255,170,158,149,338
ENSMUSG00000055298,0,0,0,0,0,1,0,0,1,0,0,0
ENSMUSG00000028111,0,7,10,9,7,13,19,11,15,7,15,22
ENSMUSG00000021477,48,499,404,296,460,502,786,874,798,660,1053,1019
ENSMUSG00000028015,4,36,26,19,29,24,40,48,58,45,31,71
ENSMUSG00000021439,0,0,0,0,0,0,0,0,0,0,0,0
ENSMUSG00000038642,2,75,74,41,69,64,306,569,164,166,154,735
ENSMUSG00000024910,1,4,0,0,3,3,10,18,5,7,24,18
ENSMUSG00000016256,11,87,97,85,117,103,249,313,134,182,205,465
ENSMUSG00000031078,5,62,45,52,93,73,104,83,97,72,101,159
ENSMUSG00000000416,0,1,1,0,2,2,2,3,2,0,0,1
ENSMUSG00000062127,11,36,30,23,37,29,47,57,37,53,42,64
ENSMUSG00000038888,0,5,12,3,12,2,11,7,12,14,11,17
ENSMUSG00000049482,3,38,32,27,32,29,29,43,25,55,42,56
ENSMUSG00000048644,0,6,3,5,3,3,0,3,2,3,3,4
ENSMUSG00000069372,0,1,3,1,0,3,1,2,2,6,0,2
ENSMUSG00000026726,0,6,3,2,3,4,4,2,3,5,2,1
ENSMUSG00000018378,16,62,70,42,68,72,86,81,67,75,92,110
ENSMUSG00000036748,23,298,279,194,267,293,298,335,367,366,431,518
ENSMUSG00000029686,8,218,172,111,155,184,221,206,182,187,240,257
ENSMUSG00000024231,6,107,94,52,84,78,89,99,89,86,77,118
ENSMUSG00000004364,22,331,281,201,320,332,334,307,367,316,339,460
ENSMUSG00000031095,2,18,23,23,28,21,29,39,35,27,21,46
ENSMUSG00000032030,10,102,107,68,111,115,119,92,111,104,114,146
ENSMUSG00000038545,5,96,94,46,87,82,122,105,100,118,115,146
ENSMUSG00000040327,6,63,56,40,60,66,69,56,65,83,81,101
ENSMUSG00000024194,19,398,359,282,360,351,337,397,419,418,461,656
ENSMUSG00000026870,0,5,3,3,3,0,2,2,4,3,1,4
ENSMUSG00000025193,2,51,31,32,40,55,64,82,83,78,70,88
ENSMUSG00000029705,31,305,265,193,275,255,299,253,264,273,308,379
ENSMUSG00000042589,0,33,29,37,33,39,21,13,23,23,23,38
ENSMUSG00000040205,0,3,0,0,4,4,1,3,0,2,0,2
ENSMUSG00000004096,6,202,192,142,181,178,219,250,262,316,269,349
ENSMUSG00000027014,0,3,8,4,4,6,6,7,5,11,14,12
ENSMUSG00000018541,2,26,15,11,23,17,31,30,21,20,32,35
ENSMUSG00000021715,3,36,28,25,38,42,32,37,45,29,65,70
ENSMUSG00000025200,4,17,11,3,7,10,10,12,11,15,26,26
ENSMUSG00000025898,20,45,53,24,48,60,67,65,70,49,52,50
ENSMUSG00000029154,0,1,0,0,0,0,0,0,0,0,0,0
ENSMUSG00000031778,4,33,26,19,29,23,27,42,17,19,29,58
ENSMUSG00000052336,0,18,19,3,18,13,19,28,18,11,21,31
ENSMUSG00000022865,5,151,115,78,142,127,125,97,90,88,107,106
ENSMUSG00000029380,2,41,45,49,114,58,30,111,119,82,96,168
ENSMUSG00000034855,4,15,10,7,11,7,50,182,23,34,63,385
ENSMUSG00000060183,0,2,0,0,1,0,0,11,0,0,5,22
ENSMUSG00000061353,45,361,275,187,293,293,294,257,248,285,296,376
ENSMUSG00000023078,0,0,0,0,0,1,1,2,1,0,1,0
ENSMUSG00000021508,2,90,83,83,83,88,82,119,79,122,186,331
ENSMUSG00000029375,0,0,0,0,0,0,0,0,1,0,0,0
ENSMUSG00000018920,7,31,33,20,35,40,84,137,64,52,73,151
ENSMUSG00000060188,0,0,0,0,0,0,0,0,1,1,1,1
ENSMUSG00000058427,0,2,0,0,4,2,1,0,3,2,5,2
ENSMUSG00000029379,1,0,0,0,0,0,0,0,1,0,0,1
ENSMUSG00000029371,1,2,2,0,2,2,12,14,2,2,1,28
ENSMUSG00000029417,7,27,31,21,21,24,35,110,49,40,56,251
ENSMUSG00000026180,0,1,1,1,1,1,2,4,4,1,1,0
ENSMUSG00000050232,0,0,0,0,2,1,4,6,6,1,1,4
ENSMUSG00000045382,0,29,20,4,14,20,24,35,13,11,16,25
ENSMUSG00000047880,0,3,2,1,2,5,0,0,0,1,1,2
ENSMUSG00000048521,2,0,0,0,0,2,2,1,3,2,0,2
ENSMUSG00000067925,18,204,210,161,211,210,167,190,190,178,213,265
ENSMUSG00000067924,14,243,233,173,201,264,166,199,215,169,235,309
ENSMUSG00000051851,0,0,1,0,0,0,0,0,0,0,0,0
ENSMUSG00000024560,18,97,114,76,105,109,142,122,140,163,136,215
ENSMUSG00000044365,0,5,14,6,10,5,15,4,9,9,9,13
ENSMUSG00000046668,16,135,88,70,110,98,98,100,82,73,145,123
ENSMUSG00000019590,6,25,45,38,41,23,63,64,58,58,43,133
ENSMUSG00000034445,1,2,0,0,1,1,4,2,0,0,2,3
ENSMUSG00000048796,7,31,19,23,19,19,34,26,19,28,22,40
ENSMUSG00000037190,5,21,22,12,11,18,20,22,16,34,30,34
ENSMUSG00000024646,26,226,197,147,205,197,217,253,259,290,275,334
ENSMUSG00000031924,15,198,164,119,157,163,177,173,176,169,216,241
ENSMUSG00000044795,0,3,1,1,2,1,2,2,1,3,2,2
ENSMUSG00000057778,4,90,71,68,77,68,71,78,84,82,82,97
ENSMUSG00000026456,11,59,66,40,71,72,87,69,84,73,71,103
ENSMUSG00000048065,0,5,2,5,3,1,3,3,3,2,5,3
ENSMUSG00000018042,42,269,239,225,302,314,342,366,288,403,426,522
ENSMUSG00000032872,3,50,45,32,61,57,67,58,52,50,49,92
ENSMUSG00000028621,1,44,43,23,46,34,40,37,45,40,45,45
ENSMUSG00000006519,29,206,183,139,181,174,279,396,275,267,304,570
ENSMUSG00000015340,5,26,33,15,43,34,80,91,47,38,51,125
ENSMUSG00000027015,0,3,0,0,0,1,0,1,0,3,1,5
ENSMUSG00000022551,242,5186,4774,3608,4385,4389,3212,3884,4043,4455,4397,5985
ENSMUSG00000063694,111,2444,2108,1344,2034,2066,1494,1965,1978,1925,1812,2718
ENSMUSG00000056436,0,3,0,0,1,1,0,0,0,0,5,0
ENSMUSG00000030447,9,103,89,73,79,90,123,122,85,105,90,184
ENSMUSG00000020340,26,390,312,288,354,356,441,337,390,402,459,499
ENSMUSG00000020810,18,253,263,225,284,300,277,333,312,280,347,492
ENSMUSG00000053929,18,346,321,239,320,330,352,315,390,317,413,467
ENSMUSG00000073001,0,0,0,0,0,0,0,0,0,0,0,1
ENSMUSG00000036712,8,83,76,49,79,68,110,97,96,79,103,138
ENSMUSG00000046213,0,0,0,1,1,0,0,0,0,1,0,0
ENSMUSG00000032323,1,2,0,0,0,0,0,0,1,0,0,1
ENSMUSG00000003555,0,0,0,0,0,0,0,0,1,0,0,0
ENSMUSG00000032315,0,1,1,0,0,2,0,1,1,1,0,1
ENSMUSG00000032310,0,0,0,1,1,0,1,0,0,0,0,0
ENSMUSG00000024087,0,7,5,8,12,9,24,31,16,24,20,51
ENSMUSG00000049439,2,37,33,27,34,39,39,39,36,40,43,74
ENSMUSG00000024365,1,3,6,1,7,7,6,5,2,2,3,3
ENSMUSG00000038567,0,0,1,0,0,0,0,0,0,0,0,0
ENSMUSG00000024987,0,0,0,0,0,0,0,1,1,0,0,0
ENSMUSG00000063415,0,18,52,10,39,15,60,25,17,20,44,30
ENSMUSG00000026170,5,76,70,58,87,64,78,83,110,118,111,143
ENSMUSG00000006724,0,0,0,0,0,0,0,0,0,0,0,2
ENSMUSG00000060407,0,0,0,0,0,0,0,0,0,0,0,0
ENSMUSG00000074254,0,0,0,2,0,0,0,0,0,0,0,1
ENSMUSG00000005547,0,0,0,1,0,0,0,0,0,0,0,5
ENSMUSG00000022818,0,0,0,1,1,0,2,0,0,1,1,0
ENSMUSG00000030483,0,2,3,3,2,3,1,1,2,2,4,4
ENSMUSG00000040583,0,0,0,0,0,0,0,0,0,0,0,0
ENSMUSG00000040660,0,0,0,0,0,0,0,0,0,0,0,0
ENSMUSG00000003053,0,0,0,0,0,0,0,0,0,0,0,0
ENSMUSG00000025197,0,0,0,0,0,0,0,1,0,0,0,0
ENSMUSG00000062624,0,0,0,0,0,0,0,0,0,0,0,0
ENSMUSG00000094806,0,0,0,0,0,0,0,1,0,0,0,0
ENSMUSG00000068085,0,0,0,0,0,0,0,0,0,0,0,0
ENSMUSG00000096852,0,0,0,0,0,0,0,0,0,0,0,0
ENSMUSG00000061740,23,77,80,55,76,99,150,129,110,138,143,143
ENSMUSG00000022445,0,2,0,0,3,2,0,3,1,2,2,1
ENSMUSG00000068083,0,0,0,0,0,0,0,0,0,0,0,1
ENSMUSG00000068086,1,0,0,0,0,1,0,0,1,0,0,0
ENSMUSG00000025479,1,0,5,1,0,2,4,1,0,2,3,2
ENSMUSG00000052974,0,1,0,0,0,2,0,1,0,2,2,6
ENSMUSG00000066097,0,0,0,0,0,0,0,0,0,0,1,0
ENSMUSG00000028571,0,0,0,0,0,0,0,0,0,0,0,0
ENSMUSG00000052520,0,0,0,0,0,0,0,1,1,0,0,0
ENSMUSG00000052914,2,22,21,13,26,24,23,31,30,25,37,38
ENSMUSG00000081362,0,0,0,0,0,0,0,0,0,0,0,0
ENSMUSG00000015224,1,4,4,5,3,5,4,7,14,8,4,9
ENSMUSG00000030670,0,0,0,0,0,1,0,0,0,0,1,1
ENSMUSG00000040703,0,2,3,1,0,4,0,2,2,2,1,2
ENSMUSG00000078787,0,1,2,3,1,8,2,0,0,2,0,0
ENSMUSG00000027983,4,80,59,42,78,69,68,51,60,50,81,86
ENSMUSG00000023963,1,21,27,15,25,17,20,25,36,12,17,23
ENSMUSG00000029727,0,3,0,3,1,1,4,1,2,2,2,2
ENSMUSG00000054417,0,0,0,0,0,0,0,0,0,0,0,0
ENSMUSG00000021259,0,0,3,4,3,2,2,2,6,6,6,6
ENSMUSG00000066072,0,0,0,0,0,1,0,0,0,0,0,0
ENSMUSG00000066071,0,0,0,0,0,0,0,0,0,0,0,0
ENSMUSG00000078597,0,0,0,0,0,0,0,0,0,0,0,0
ENSMUSG00000028715,0,0,0,0,0,0,0,0,0,0,0,0
ENSMUSG00000028712,0,0,0,0,0,0,0,0,0,0,0,0
ENSMUSG00000063929,0,0,0,0,0,0,0,0,0,0,0,0
ENSMUSG00000028713,13,92,77,50,92,64,109,95,86,92,111,125
ENSMUSG00000024055,4,37,20,16,21,30,27,40,35,32,35,43
ENSMUSG00000024292,0,0,0,2,0,0,2,0,1,0,2,2
ENSMUSG00000073424,0,1,1,0,0,1,0,0,0,0,0,2
ENSMUSG00000048440,2,25,21,9,24,27,38,41,27,26,32,40
ENSMUSG00000091586,0,0,0,0,0,0,1,0,0,1,0,0
ENSMUSG00000003484,1,8,5,2,5,6,19,42,12,7,10,52
ENSMUSG00000062464,1,0,2,0,0,1,0,6,1,1,1,1
ENSMUSG00000047155,0,0,0,0,0,0,0,1,1,0,0,0
ENSMUSG00000001467,1,27,25,21,29,28,28,22,33,17,37,44
ENSMUSG00000039519,0,0,2,1,3,3,5,3,2,2,6,10
ENSMUSG00000050445,0,0,0,0,0,0,0,0,0,0,0,2
ENSMUSG00000028195,26,460,279,235,525,401,309,351,561,354,711,434
ENSMUSG00000062563,5,15,18,9,15,29,19,15,30,30,12,24
ENSMUSG00000052821,0,3,2,3,9,6,14,9,8,9,5,18
ENSMUSG00000033470,0,0,0,0,0,0,0,0,1,0,0,1
ENSMUSG00000046727,17,354,298,225,270,311,321,377,337,354,438,523
ENSMUSG00000017132,16,160,161,113,130,134,147,154,164,199,171,203
ENSMUSG00000003269,10,116,109,70,102,105,139,144,148,131,198,211
ENSMUSG00000018001,11,123,89,55,123,105,141,164,125,153,111,200
ENSMUSG00000018008,7,37,36,21,27,24,77,103,41,44,46,127
ENSMUSG00000026832,3,4,3,9,10,12,9,17,8,5,5,21
ENSMUSG00000062329,2,11,11,14,26,23,17,16,39,22,33,34
ENSMUSG00000041134,10,65,41,46,66,60,68,54,72,53,64,77
ENSMUSG00000047044,2,30,26,21,39,32,33,27,47,31,38,36
ENSMUSG00000053329,71,1505,1460,1002,1352,1340,1034,1141,1208,1274,1347,1616
ENSMUSG00000020255,2,38,17,21,31,38,39,53,33,40,45,60
ENSMUSG00000041623,1,24,25,14,27,22,37,31,25,25,33,55
ENSMUSG00000079038,0,1,0,0,0,0,0,0,0,0,0,2
ENSMUSG00000006711,0,0,0,0,0,0,0,0,0,0,0,0
ENSMUSG00000095514,0,0,0,0,0,0,0,0,0,0,0,0
ENSMUSG00000022864,0,2,1,4,0,0,4,1,6,5,2,13
ENSMUSG00000043311,1,35,17,21,25,34,24,32,29,27,24,32
ENSMUSG00000056692,31,331,310,181,294,300,292,282,265,267,328,457
ENSMUSG00000044768,2,13,14,13,11,10,12,16,13,6,7,25
ENSMUSG00000039224,0,0,0,0,0,0,0,0,0,0,0,0
ENSMUSG00000031889,4,87,65,47,70,81,63,68,67,80,77,134
ENSMUSG00000109946,2,9,7,1,8,6,5,11,2,10,6,15
ENSMUSG00000073609,4,101,69,58,74,80,65,78,74,78,82,109
ENSMUSG00000042498,0,0,0,0,0,0,0,0,1,0,0,1
ENSMUSG00000033883,1,22,15,5,17,12,18,17,19,15,15,24
ENSMUSG00000025766,1,48,29,19,39,36,33,22,41,29,22,50
ENSMUSG00000094910,0,0,2,1,0,0,1,0,0,0,1,1
ENSMUSG00000068373,0,0,1,0,0,0,1,0,0,0,0,0
ENSMUSG00000032743,3,19,19,19,26,24,24,22,21,27,21,38
ENSMUSG00000037813,1,21,20,10,15,11,10,14,11,13,15,23
ENSMUSG00000044816,0,0,0,0,0,0,0,1,0,0,0,0
ENSMUSG00000052117,0,0,1,0,1,0,1,0,2,1,1,0
ENSMUSG00000063455,1,2,2,1,2,1,3,2,1,0,2,3
ENSMUSG00000030347,1,28,23,14,27,23,31,17,27,21,20,33
ENSMUSG00000101026,0,0,0,1,0,0,0,0,0,0,0,0
ENSMUSG00000030994,2,8,15,8,12,6,21,26,21,17,28,9
ENSMUSG00000096039,0,1,0,0,0,2,1,0,0,1,0,0
ENSMUSG00000097075,0,4,3,3,4,2,4,7,5,3,4,4
ENSMUSG00000019362,47,570,523,428,505,570,790,881,1065,1022,1529,1430
ENSMUSG00000097392,9,24,22,16,30,23,31,29,17,36,19,28
ENSMUSG00000047642,0,1,1,0,0,0,0,0,0,0,0,0
ENSMUSG00000034574,11,194,173,100,162,166,170,131,139,133,179,191
ENSMUSG00000040260,0,31,23,12,29,21,22,13,21,20,34,32
ENSMUSG00000028519,0,1,0,0,0,0,0,0,0,0,0,0
ENSMUSG00000022150,8,73,56,47,68,80,124,103,72,65,66,131
ENSMUSG00000026883,26,111,124,99,115,143,125,100,153,111,120,177
ENSMUSG00000055639,3,26,28,10,36,24,41,19,36,22,30,28
ENSMUSG00000025592,0,0,0,0,0,0,0,0,0,0,0,0
ENSMUSG00000044548,0,14,13,2,18,11,15,19,7,18,22,13
ENSMUSG00000048826,0,1,0,1,0,0,1,4,2,0,2,2
ENSMUSG00000078794,3,47,36,29,48,27,26,26,20,27,23,45
ENSMUSG00000022174,43,527,453,369,403,473,536,517,440,584,650,838
ENSMUSG00000039952,40,866,744,601,771,794,876,678,775,937,876,1056
ENSMUSG00000035735,1,7,19,3,7,7,12,14,12,10,12,9
ENSMUSG00000039206,2,43,40,19,42,39,53,56,40,43,44,92
ENSMUSG00000019039,11,118,100,93,102,128,126,129,148,189,147,204
ENSMUSG00000053226,5,66,42,53,47,69,60,46,46,78,98,94
ENSMUSG00000042096,0,0,0,1,0,1,0,0,0,1,0,0
ENSMUSG00000039168,22,88,78,44,103,71,88,87,49,78,92,131
ENSMUSG00000068921,32,328,288,205,323,292,254,265,366,275,343,453
ENSMUSG00000021559,5,105,87,65,117,122,123,102,80,100,119,113
ENSMUSG00000032380,3,15,12,4,14,21,15,10,15,15,18,27
ENSMUSG00000034974,9,76,97,70,93,82,116,125,127,140,187,220
ENSMUSG00000026989,0,0,1,0,0,0,0,1,0,0,0,1
ENSMUSG00000028159,3,24,25,18,34,22,29,20,37,27,36,54
ENSMUSG00000026356,16,236,216,178,230,242,357,288,408,323,383,405
ENSMUSG00000026709,1,51,31,21,36,34,37,31,32,35,39,55
ENSMUSG00000053161,0,0,0,0,0,0,0,0,0,0,0,0
ENSMUSG00000002307,5,35,26,23,43,38,54,76,44,41,55,124
ENSMUSG00000000346,40,520,489,356,484,530,631,638,649,545,555,846
ENSMUSG00000010592,0,1,0,0,0,0,3,0,1,0,1,0
ENSMUSG00000002297,0,7,2,0,4,2,5,3,6,4,4,3
ENSMUSG00000000889,4,48,37,28,36,44,14,23,18,22,17,24
ENSMUSG00000026385,41,855,751,519,799,772,860,881,784,820,736,1228
ENSMUSG00000038057,0,3,2,1,3,1,2,2,1,4,1,3
ENSMUSG00000034675,5,20,17,9,15,23,25,30,12,6,12,36
ENSMUSG00000031970,0,0,1,1,1,3,0,0,0,0,1,0
ENSMUSG00000020476,16,113,95,86,103,101,140,184,130,161,171,292
ENSMUSG00000059824,52,295,740,649,368,819,490,580,546,453,653,1099
ENSMUSG00000032469,0,11,11,11,7,8,15,16,12,13,8,19
ENSMUSG00000000340,13,184,201,123,178,176,146,120,168,148,138,179
ENSMUSG00000030507,0,0,1,0,0,0,0,0,0,0,0,0
ENSMUSG00000045608,0,0,0,0,0,1,0,0,0,0,0,0
ENSMUSG00000035572,2,37,30,22,30,34,36,40,43,28,36,31
ENSMUSG00000022214,24,458,372,260,356,440,442,448,446,437,471,628
ENSMUSG00000028436,17,101,80,44,60,71,74,74,78,47,78,97
ENSMUSG00000045284,0,10,9,4,19,15,22,10,8,17,7,11
ENSMUSG00000050926,0,0,0,0,0,0,0,0,0,0,0,0
ENSMUSG00000022300,4,49,47,28,60,57,76,74,70,78,83,117
ENSMUSG00000037103,4,36,29,18,33,33,51,54,40,59,75,104
ENSMUSG00000041966,1,27,24,25,28,27,31,28,31,24,31,34
ENSMUSG00000021222,4,46,55,34,55,31,47,44,74,43,52,56
ENSMUSG00000049106,5,155,135,85,128,119,162,119,90,103,143,143
ENSMUSG00000026571,20,142,136,111,158,183,172,157,206,134,100,196
ENSMUSG00000049354,10,105,105,80,102,131,114,121,103,100,115,142
ENSMUSG00000026554,21,341,320,234,350,361,435,394,452,400,461,518
ENSMUSG00000020935,15,314,293,202,249,284,154,172,177,209,218,290
ENSMUSG00000019891,2,11,13,9,14,14,13,8,17,7,8,22
ENSMUSG00000035107,2,38,44,16,45,48,32,34,24,25,41,65
ENSMUSG00000035910,0,0,0,0,0,0,0,0,0,1,0,0
ENSMUSG00000078552,1,9,11,4,10,11,10,13,10,18,8,17
ENSMUSG00000020633,0,0,0,1,0,0,0,0,0,0,0,0
ENSMUSG00000036862,13,38,44,30,45,48,45,31,33,26,46,35
ENSMUSG00000102692,0,0,0,0,0,0,0,0,0,0,0,0
ENSMUSG00000029366,1,10,6,4,6,8,18,22,4,5,11,17
ENSMUSG00000027797,1,8,2,1,4,5,13,7,4,6,6,14
ENSMUSG00000028078,0,5,2,5,8,2,1,3,5,1,3,7
ENSMUSG00000032500,0,0,1,0,1,1,5,0,0,1,0,0
ENSMUSG00000025077,0,10,7,3,8,8,15,12,8,9,12,8
ENSMUSG00000027845,1,6,12,11,16,13,12,8,20,15,14,23
ENSMUSG00000026648,0,7,3,3,3,4,1,5,5,6,2,9
ENSMUSG00000019929,84,1216,1153,794,1189,1277,2062,1938,1875,2167,2049,2692
ENSMUSG00000021962,2,19,6,14,22,14,24,20,12,20,13,21
ENSMUSG00000041477,3,11,11,6,11,13,19,18,18,24,28,18
ENSMUSG00000024472,2,52,47,30,35,48,43,62,34,39,54,100
ENSMUSG00000032040,5,33,12,19,38,35,36,23,39,24,27,55
ENSMUSG00000042672,3,1,0,0,0,1,2,0,0,0,0,0
ENSMUSG00000109293,0,0,0,0,0,0,0,0,0,0,0,0
ENSMUSG00000022303,0,0,0,0,0,0,0,0,0,0,0,0
ENSMUSG00000022129,0,7,2,4,6,3,4,0,4,3,5,12
ENSMUSG00000031562,0,7,4,3,7,1,3,3,8,5,3,13
ENSMUSG00000031865,17,232,218,162,230,217,242,259,281,265,315,337
ENSMUSG00000025410,38,411,354,273,413,378,484,512,525,451,632,714
ENSMUSG00000028447,14,286,259,208,245,278,281,350,352,373,387,480
ENSMUSG00000024603,14,139,130,119,162,158,199,171,179,124,126,227
ENSMUSG00000030868,14,99,85,50,71,72,99,89,86,87,120,148
ENSMUSG00000031516,16,265,272,195,235,294,306,386,365,392,335,510
ENSMUSG00000042462,5,171,142,119,124,138,127,143,173,195,215,232
ENSMUSG00000027708,5,104,96,75,103,102,138,105,91,82,103,138
ENSMUSG00000038506,8,173,154,106,143,171,130,93,130,134,148,215
ENSMUSG00000048787,3,24,16,13,19,21,35,30,27,22,17,36
ENSMUSG00000051674,1,35,29,15,29,31,23,33,26,25,31,44
ENSMUSG00000032002,14,196,143,117,161,171,169,192,212,162,177,306
ENSMUSG00000031285,0,0,1,0,0,0,0,0,0,0,0,0
ENSMUSG00000039450,5,96,77,72,76,79,73,100,130,131,163,166
ENSMUSG00000074247,16,157,164,113,133,161,154,186,169,216,252,318
ENSMUSG00000028194,0,16,20,20,9,16,19,15,12,15,9,16
ENSMUSG00000007039,11,73,67,52,73,64,74,81,91,75,77,105
ENSMUSG00000024740,29,432,436,290,478,425,637,570,557,748,769,820
ENSMUSG00000002109,0,20,13,6,12,7,15,14,20,21,19,24
ENSMUSG00000020182,2,20,23,8,10,26,31,26,13,21,16,23
ENSMUSG00000037697,3,24,20,21,22,28,35,40,27,34,34,36
ENSMUSG00000061313,2,52,38,31,59,53,42,51,60,49,37,56
ENSMUSG00000047619,0,1,0,0,0,0,0,3,0,0,0,0
ENSMUSG00000078515,10,86,70,54,81,82,110,95,121,124,80,148
ENSMUSG00000030641,0,1,1,0,0,1,0,1,1,1,0,0
ENSMUSG00000025408,22,97,84,55,90,106,268,254,493,292,682,498
ENSMUSG00000020108,52,266,146,242,223,258,367,466,472,440,308,475
ENSMUSG00000046818,1,13,8,6,12,8,7,6,8,5,4,3
ENSMUSG00000059213,0,0,3,2,2,1,1,3,2,2,0,5
ENSMUSG00000063428,6,99,81,42,73,81,101,101,107,105,94,146
ENSMUSG00000028757,10,196,167,124,172,205,219,250,220,196,306,407
ENSMUSG00000003534,1,38,43,28,37,36,59,70,57,43,58,76
ENSMUSG00000026674,3,48,40,20,55,42,58,48,40,37,44,67
ENSMUSG00000068290,30,308,327,250,334,374,476,496,520,616,641,714
ENSMUSG00000001666,14,336,284,219,268,276,180,225,299,318,340,417
ENSMUSG00000037149,10,324,241,176,338,270,404,399,369,397,437,553
ENSMUSG00000053289,1,14,19,7,13,21,18,13,17,17,16,30
ENSMUSG00000035842,0,6,4,0,1,7,8,3,2,6,3,3
ENSMUSG00000055065,28,233,190,140,148,190,235,200,183,203,211,295
ENSMUSG00000001674,7,39,46,20,45,40,53,56,53,47,56,69
ENSMUSG00000015023,9,47,65,37,56,51,58,63,40,48,52,87
ENSMUSG00000033658,1,19,25,15,16,33,26,20,26,34,31,40
ENSMUSG00000027905,1,30,27,26,32,41,48,46,54,53,62,65
ENSMUSG00000020075,9,64,61,41,80,61,75,76,81,80,78,103
ENSMUSG00000003360,5,28,21,18,21,25,47,20,44,19,14,33
ENSMUSG00000041645,18,233,236,168,233,249,329,322,332,360,341,453
ENSMUSG00000017999,9,42,38,31,37,53,58,65,77,66,83,94
ENSMUSG00000045538,2,44,35,23,35,27,34,38,58,39,41,64
ENSMUSG00000026806,1,18,4,6,7,3,10,8,13,8,10,23
ENSMUSG00000005481,4,56,45,32,45,54,53,57,48,55,51,94
ENSMUSG00000019432,24,262,240,188,240,263,294,356,295,361,343,490
ENSMUSG00000000787,18,218,209,136,218,230,282,234,251,226,218,369
ENSMUSG00000069045,25,212,208,136,193,243,251,209,248,229,226,303
ENSMUSG00000021758,0,1,2,0,0,0,1,2,0,1,0,3
ENSMUSG00000021494,4,27,48,22,33,26,41,58,29,48,45,57
ENSMUSG00000020705,6,83,68,39,60,63,85,69,67,76,59,87
ENSMUSG00000070291,0,0,0,0,0,0,0,1,2,0,0,0
ENSMUSG00000021500,10,82,103,72,94,111,81,81,98,95,71,119
ENSMUSG00000030204,13,95,102,76,119,100,108,100,125,120,119,162
ENSMUSG00000057788,8,60,72,43,83,61,66,80,74,81,60,128
ENSMUSG00000020076,10,91,91,52,105,109,133,117,115,77,120,161
ENSMUSG00000029504,1,21,17,10,15,12,21,16,17,25,14,27
ENSMUSG00000020677,3,43,44,26,39,45,82,65,69,77,66,85
ENSMUSG00000029599,9,89,89,68,92,95,105,99,97,105,119,160
ENSMUSG00000029389,3,20,15,14,20,24,14,19,20,13,22,27
ENSMUSG00000004393,4,70,58,33,74,63,100,101,100,80,119,144
ENSMUSG00000040296,5,27,27,21,38,24,63,115,49,52,43,176
ENSMUSG00000026404,0,26,29,18,23,37,35,29,32,36,37,58
ENSMUSG00000032097,23,238,178,141,222,210,256,201,235,158,150,284
ENSMUSG00000037921,1,9,6,5,12,9,30,33,18,25,18,64
ENSMUSG00000058886,5,39,36,32,30,53,38,41,30,40,51,47
ENSMUSG00000028223,69,1521,1347,947,1358,1469,1676,1547,1774,1581,1421,2133
ENSMUSG00000036775,3,44,41,32,30,48,25,43,42,37,43,68
ENSMUSG00000013973,11,64,61,53,80,89,87,81,105,76,89,121
ENSMUSG00000054499,4,56,55,42,53,66,62,56,45,46,66,81
ENSMUSG00000002257,2,6,11,7,12,7,18,14,12,18,10,21
ENSMUSG00000001482,6,167,162,110,191,165,184,198,180,232,245,253
ENSMUSG00000094687,0,0,0,0,0,0,0,0,0,0,0,1
ENSMUSG00000044748,0,0,0,0,0,1,0,0,0,0,0,0
ENSMUSG00000050645,1,1,2,3,1,1,2,1,0,0,4,3
ENSMUSG00000074678,0,0,1,0,3,1,0,0,1,1,1,0
ENSMUSG00000044249,0,0,0,0,0,0,0,0,0,0,0,0
ENSMUSG00000075571,0,0,0,0,0,0,0,0,0,0,0,0
ENSMUSG00000059230,0,0,0,0,0,0,0,0,0,0,0,0
ENSMUSG00000054763,0,4,1,1,1,0,1,1,0,1,0,0
ENSMUSG00000075573,0,0,0,0,0,0,0,0,0,0,0,0
ENSMUSG00000058568,0,0,0,0,0,0,0,0,0,0,0,0
ENSMUSG00000031471,0,1,0,0,0,2,0,0,0,0,0,1
ENSMUSG00000038633,15,216,164,134,179,193,208,213,210,166,157,311
ENSMUSG00000021263,0,0,1,2,2,1,0,0,1,0,0,1
ENSMUSG00000021377,14,92,83,48,113,104,127,112,139,88,97,148
ENSMUSG00000035392,4,62,49,40,46,63,56,51,58,72,80,100
ENSMUSG00000056268,5,85,69,45,68,87,82,103,90,88,75,108
ENSMUSG00000002668,0,15,7,4,10,5,14,21,10,11,14,29
ENSMUSG00000038456,3,13,12,13,9,21,16,15,20,25,19,34
ENSMUSG00000007379,0,2,4,4,7,5,8,4,5,5,4,5
ENSMUSG00000027901,0,1,1,2,6,5,2,1,3,1,0,6
ENSMUSG00000036661,6,17,28,14,33,18,23,22,15,35,26,28
ENSMUSG00000053641,13,122,133,87,108,110,71,95,94,111,127,128
ENSMUSG00000042404,6,110,99,76,123,116,116,93,93,94,92,153
ENSMUSG00000038024,4,24,35,17,26,27,40,31,37,30,29,59
ENSMUSG00000035901,16,257,244,169,240,228,301,220,234,299,261,344
ENSMUSG00000030313,9,52,41,26,47,43,61,30,52,30,34,51
ENSMUSG00000040818,6,33,36,26,44,43,51,27,38,28,30,41
ENSMUSG00000015377,8,74,68,54,69,100,104,87,92,118,106,115
ENSMUSG00000028175,0,0,0,0,0,0,1,0,1,0,0,0
ENSMUSG00000021697,0,0,0,0,0,0,0,0,1,0,0,0
ENSMUSG00000037426,0,27,19,20,34,32,42,19,21,21,22,31
ENSMUSG00000027173,1,7,5,3,1,2,2,3,2,4,1,4
ENSMUSG00000022419,10,49,60,55,74,71,77,69,66,49,48,83
ENSMUSG00000030225,0,24,19,17,15,9,26,22,19,17,12,35
ENSMUSG00000022365,15,210,156,134,181,184,246,223,176,186,252,334
ENSMUSG00000018442,10,136,130,81,119,107,163,154,151,125,166,252
ENSMUSG00000009092,0,0,1,0,0,2,0,4,1,4,10,16
ENSMUSG00000026208,460,8461,7903,6012,7803,8113,11725,12250,10731,13361,15272,17820
ENSMUSG00000022472,6,98,98,53,79,77,73,65,75,68,111,118
ENSMUSG00000026502,3,36,19,18,25,22,24,27,20,19,22,29
ENSMUSG00000030610,2,34,39,24,35,34,55,38,40,53,56,65
ENSMUSG00000039977,0,0,0,0,2,1,1,0,0,0,2,1
ENSMUSG00000038055,8,115,146,89,110,122,115,113,141,170,182,185
ENSMUSG00000028974,2,104,71,61,66,78,74,53,57,64,58,90
ENSMUSG00000029027,1,26,15,5,17,8,15,16,6,12,14,21
ENSMUSG00000029821,0,26,30,11,29,29,26,14,22,18,23,44
ENSMUSG00000075267,0,0,0,0,0,0,0,0,0,0,0,0
ENSMUSG00000022555,7,83,104,59,73,99,83,94,111,92,129,148
ENSMUSG00000030747,67,1533,1390,1370,1337,1494,1069,1186,1551,1921,1345,2062
ENSMUSG00000067597,0,0,1,1,0,0,0,0,0,0,0,0
ENSMUSG00000003527,1,36,33,26,36,19,48,51,46,51,52,69
ENSMUSG00000003166,2,95,101,77,98,113,115,96,103,118,129,145
ENSMUSG00000003531,9,93,64,44,80,64,109,103,102,102,171,166
ENSMUSG00000022718,3,21,19,4,14,23,20,13,14,16,12,27
ENSMUSG00000025357,14,55,40,41,69,51,52,51,61,80,63,105
ENSMUSG00000036095,0,0,0,2,2,1,1,4,2,0,0,4
ENSMUSG00000070738,9,103,87,64,83,77,98,71,88,96,102,105
ENSMUSG00000000276,4,52,44,26,61,43,54,50,56,62,46,57
ENSMUSG00000022861,0,3,2,3,3,2,1,1,5,2,5,2
ENSMUSG00000034731,0,0,1,0,1,1,0,3,3,1,0,3
ENSMUSG00000038665,0,1,0,0,1,0,1,0,2,0,0,1
ENSMUSG00000062393,0,0,0,0,0,0,0,0,0,0,0,0
ENSMUSG00000004815,2,16,22,11,13,24,15,29,14,19,12,27
ENSMUSG00000040479,37,159,152,105,178,152,195,164,172,143,199,225
ENSMUSG00000014554,6,119,103,78,101,84,91,81,102,88,101,146
ENSMUSG00000034926,2,11,12,3,8,10,16,16,11,11,19,5
ENSMUSG00000058454,3,21,13,17,24,21,23,25,14,13,22,18
ENSMUSG00000012117,5,100,98,67,75,86,102,110,98,104,92,135
ENSMUSG00000011382,2,70,63,39,83,65,75,57,90,69,82,106
ENSMUSG00000021707,0,10,16,8,9,11,21,5,15,8,12,14
ENSMUSG00000023000,0,0,2,1,1,0,2,1,1,3,0,2
ENSMUSG00000031730,1,61,32,23,42,47,32,41,38,41,31,63
ENSMUSG00000060038,5,97,73,51,78,79,109,97,119,84,107,169
ENSMUSG00000002332,8,105,109,70,110,96,87,123,96,96,94,164
ENSMUSG00000034449,4,113,123,83,112,101,114,127,132,146,159,183
ENSMUSG00000020834,1,16,25,10,14,23,21,16,25,17,18,37
ENSMUSG00000022209,0,0,0,0,0,0,0,0,0,0,0,0
ENSMUSG00000066026,55,481,453,273,520,395,700,608,679,603,783,713
ENSMUSG00000022210,17,332,300,219,313,352,342,347,365,359,385,473
ENSMUSG00000021094,6,104,105,68,117,117,127,120,143,101,103,182
ENSMUSG00000042569,5,77,58,35,68,53,53,66,74,73,81,109
ENSMUSG00000033044,24,449,383,281,333,383,342,371,504,433,521,558
ENSMUSG00000027068,0,0,0,0,0,0,0,0,0,1,1,1
ENSMUSG00000025815,1,8,5,3,7,10,6,7,6,13,8,9
ENSMUSG00000029169,12,134,123,84,112,114,145,151,148,149,140,213
ENSMUSG00000024422,9,58,51,32,63,50,64,72,72,49,70,96
ENSMUSG00000042426,6,58,45,36,45,52,69,54,51,65,78,73
ENSMUSG00000032480,10,101,108,75,110,95,127,126,112,143,111,172
ENSMUSG00000030986,7,79,91,41,111,105,120,109,96,129,111,147
ENSMUSG00000040620,2,22,25,15,32,23,31,25,20,32,28,42
ENSMUSG00000006019,4,33,25,24,26,34,39,47,52,40,56,50
ENSMUSG00000027655,1,35,25,18,23,29,26,36,27,28,33,30
ENSMUSG00000027770,2,61,69,38,68,65,92,70,79,66,68,100
ENSMUSG00000029480,1,7,10,6,7,3,13,11,14,0,8,5
ENSMUSG00000037993,4,34,38,35,47,41,46,49,46,50,65,74
ENSMUSG00000018425,6,66,48,26,73,43,65,58,87,70,61,65
ENSMUSG00000035051,4,13,15,12,19,7,15,16,18,27,10,15
ENSMUSG00000017830,0,14,5,4,7,4,21,49,7,10,27,90
ENSMUSG00000034931,5,37,29,27,29,39,39,43,52,39,45,36
ENSMUSG00000042699,5,72,88,38,82,91,97,91,82,77,80,109
ENSMUSG00000029433,14,242,207,137,214,220,196,213,226,195,229,308
ENSMUSG00000024456,9,70,70,40,59,64,87,82,83,85,91,142
ENSMUSG00000034480,3,38,22,19,32,31,51,33,47,29,30,43
ENSMUSG00000022021,1,2,0,0,1,0,1,3,1,1,3,2
ENSMUSG00000041415,7,48,59,31,39,57,63,52,51,54,56,60
ENSMUSG00000038914,1,60,50,47,73,59,92,55,44,61,65,81
ENSMUSG00000016181,3,25,15,11,18,20,26,11,16,12,22,30
ENSMUSG00000021692,0,15,19,4,11,13,12,19,14,15,21,23
ENSMUSG00000034785,0,0,0,0,0,1,0,0,0,0,0,0
ENSMUSG00000007682,0,0,2,2,2,1,3,1,3,0,1,4
ENSMUSG00000075707,0,0,0,0,0,0,2,1,1,2,0,1
ENSMUSG00000020231,1,19,22,11,18,24,23,18,14,17,17,21
ENSMUSG00000023026,10,91,95,57,77,95,100,78,71,69,106,119
ENSMUSG00000048264,3,105,97,74,98,103,103,90,86,81,115,114
ENSMUSG00000043670,0,0,1,0,0,1,0,1,0,0,0,0
ENSMUSG00000047842,1,4,0,0,0,2,0,0,0,0,1,1
ENSMUSG00000022848,11,168,114,93,138,134,124,118,153,147,154,216
ENSMUSG00000033166,2,31,16,11,21,21,34,40,39,21,37,44
ENSMUSG00000032396,15,63,54,42,71,58,74,67,71,71,63,86
ENSMUSG00000053333,5,31,33,23,34,35,38,38,38,40,35,63
ENSMUSG00000043051,2,2,1,3,1,3,3,1,5,3,2,5
ENSMUSG00000030768,8,24,20,12,26,23,18,23,23,23,33,51
ENSMUSG00000040035,0,0,0,0,0,0,0,0,0,0,0,1
ENSMUSG00000032064,2,17,24,14,31,14,36,29,30,22,28,30
ENSMUSG00000031403,8,52,45,24,56,60,48,63,51,49,59,69
ENSMUSG00000024868,1,0,0,1,0,0,0,0,0,0,0,0
ENSMUSG00000028031,0,0,0,0,0,0,0,0,0,0,1,0
ENSMUSG00000030772,2,2,8,6,6,7,6,5,7,7,14,6
ENSMUSG00000030792,0,1,0,0,0,0,0,1,0,0,1,0
ENSMUSG00000000168,50,1014,978,668,944,980,803,742,883,850,853,1112
ENSMUSG00000031523,42,223,220,141,301,283,250,242,212,208,295,341
ENSMUSG00000020664,35,913,786,505,851,805,754,804,973,770,861,1173
ENSMUSG00000038060,0,0,0,0,0,0,1,1,2,0,1,1
ENSMUSG00000048281,0,0,0,0,0,0,0,0,0,0,0,0
ENSMUSG00000022770,20,191,174,105,160,163,194,150,168,175,181,264
ENSMUSG00000000881,2,13,7,5,13,12,16,13,16,15,16,13
ENSMUSG00000020886,2,6,7,7,8,10,3,10,9,3,10,11
ENSMUSG00000021782,4,23,12,9,17,17,18,20,17,10,16,20
ENSMUSG00000003279,0,0,0,1,2,1,1,0,1,0,1,0
ENSMUSG00000042388,0,1,1,1,1,1,0,0,1,0,1,0
ENSMUSG00000061689,42,234,253,136,259,252,333,308,275,283,387,407
ENSMUSG00000037544,0,0,1,1,1,0,5,1,0,1,2,5
ENSMUSG00000040856,0,0,0,0,0,0,0,1,0,0,0,1
ENSMUSG00000047428,0,0,3,1,1,2,2,1,1,1,3,2
ENSMUSG00000014773,0,9,4,0,4,9,6,4,1,6,5,9
ENSMUSG00000003436,0,0,0,0,0,1,0,0,0,0,0,1
ENSMUSG00000027314,8,52,44,25,50,53,46,36,41,55,48,48
ENSMUSG00000004789,67,1445,1413,898,1295,1279,1003,1126,1048,1224,1203,1638
ENSMUSG00000041911,0,0,0,0,1,1,0,0,0,0,1,1
ENSMUSG00000001510,0,0,0,0,0,0,0,0,0,0,0,0
ENSMUSG00000020871,0,0,0,0,0,0,0,0,0,0,0,0
ENSMUSG00000029755,0,0,1,0,0,1,0,1,1,0,0,0
ENSMUSG00000029754,0,0,0,0,0,0,0,0,0,0,0,0
ENSMUSG00000009640,3,57,38,43,52,56,63,65,80,88,84,106
ENSMUSG00000028707,0,0,1,0,1,1,0,0,0,0,0,0
ENSMUSG00000022429,0,0,1,0,0,0,0,0,1,0,0,0
ENSMUSG00000045103,13,156,141,96,159,164,180,198,164,194,150,279
ENSMUSG00000042102,0,0,0,0,0,0,0,0,0,1,0,0
ENSMUSG00000060962,1,0,1,0,0,0,1,0,0,0,1,1
ENSMUSG00000029307,0,0,0,0,0,0,0,0,0,0,0,0
ENSMUSG00000042372,0,0,0,0,0,0,0,0,0,0,0,0
ENSMUSG00000043753,0,0,0,0,0,1,1,0,0,0,0,0
ENSMUSG00000047143,0,1,0,0,0,1,2,3,0,0,1,1
ENSMUSG00000031323,0,0,0,0,0,2,1,0,0,0,0,0
ENSMUSG00000073027,0,0,0,0,0,0,1,0,0,0,0,0
ENSMUSG00000067562,0,0,0,0,0,0,0,0,0,0,1,0
ENSMUSG00000042508,5,28,38,19,39,42,39,40,47,43,36,40
ENSMUSG00000022099,1,9,9,4,11,10,9,14,15,10,8,14
ENSMUSG00000030410,11,234,185,145,208,213,308,272,281,361,345,373
ENSMUSG00000037416,2,85,51,39,69,57,66,52,60,73,59,83
ENSMUSG00000041268,6,50,47,31,67,50,93,49,73,61,85,81
ENSMUSG00000036875,0,3,4,3,2,2,4,5,3,1,4,2
ENSMUSG00000031831,0,1,0,0,0,0,0,0,1,1,0,0
ENSMUSG00000020973,0,6,2,1,2,1,7,6,5,3,6,6
ENSMUSG00000025857,0,21,23,21,19,30,14,13,17,13,21,21
ENSMUSG00000019027,0,0,0,0,0,0,2,0,0,0,0,0
ENSMUSG00000038011,0,0,0,0,0,0,0,0,1,0,0,0
ENSMUSG00000018581,0,0,0,0,0,0,0,0,0,1,0,0
ENSMUSG00000021879,0,1,0,1,0,1,0,1,1,0,0,1
ENSMUSG00000047369,0,0,0,0,2,2,0,0,2,0,2,2
ENSMUSG00000033987,1,1,0,0,0,1,0,1,0,2,0,0
ENSMUSG00000005237,2,0,1,0,1,0,3,0,0,3,3,1
ENSMUSG00000052273,0,2,1,0,1,1,2,4,1,2,1,1
ENSMUSG00000022262,1,0,0,0,0,0,0,0,0,0,0,0
ENSMUSG00000052861,0,1,0,0,2,1,1,0,1,0,2,0
ENSMUSG00000096141,0,0,0,0,0,0,0,0,0,0,0,0
ENSMUSG00000041144,0,2,2,0,1,1,1,1,1,0,3,0
ENSMUSG00000101337,0,0,0,0,0,1,0,0,0,0,0,1
ENSMUSG00000033826,1,0,2,1,0,0,1,0,2,0,0,2
ENSMUSG00000056752,0,0,0,0,0,0,0,0,0,0,0,0
ENSMUSG00000061322,1,11,19,7,17,18,9,7,16,14,5,6
ENSMUSG00000034706,0,0,0,0,0,0,1,0,0,0,1,1
ENSMUSG00000028410,12,139,146,75,131,155,116,125,136,132,124,201
ENSMUSG00000031701,28,641,559,382,576,619,655,692,789,636,629,896
ENSMUSG00000004069,14,403,369,252,344,333,334,345,327,385,364,465
ENSMUSG00000032285,16,326,302,194,304,350,278,264,339,323,331,408
ENSMUSG00000005483,20,101,97,92,140,206,80,121,113,102,111,170
ENSMUSG00000004460,7,135,102,79,122,161,125,160,162,121,218,329
ENSMUSG00000020109,17,126,122,85,136,121,154,176,162,192,197,225
ENSMUSG00000030708,0,0,0,0,0,0,4,1,0,1,2,1
ENSMUSG00000074212,4,57,50,28,58,31,38,38,36,32,54,60
ENSMUSG00000026203,27,348,268,208,302,308,367,355,348,378,460,478
ENSMUSG00000081984,0,1,1,1,1,1,0,2,1,0,0,0
ENSMUSG00000028035,9,216,213,145,203,244,309,333,322,252,229,454
ENSMUSG00000036052,5,121,123,77,97,128,112,133,158,100,143,160
ENSMUSG00000029131,8,108,105,75,119,102,154,123,152,121,134,167
ENSMUSG00000047108,0,0,0,0,0,0,0,0,0,0,0,0
ENSMUSG00000014905,12,193,164,124,144,183,165,164,185,194,283,226
ENSMUSG00000026740,13,80,74,44,76,84,98,74,84,65,76,106
ENSMUSG00000027006,11,119,82,64,96,85,99,112,103,115,104,172
ENSMUSG00000039768,9,183,137,123,169,163,189,154,175,194,238,243
ENSMUSG00000036764,1,34,18,18,24,31,30,28,30,24,38,38
ENSMUSG00000032560,2,45,57,35,68,63,54,63,36,45,50,69
ENSMUSG00000022013,40,655,525,387,571,598,611,624,707,623,822,926
ENSMUSG00000040697,1,75,68,55,63,53,73,73,67,57,92,101
ENSMUSG00000034278,3,26,22,17,31,28,31,39,55,37,72,64
ENSMUSG00000024350,5,69,74,60,58,73,91,70,85,70,77,134
ENSMUSG00000027679,14,196,185,122,166,188,151,170,196,175,167,251
ENSMUSG00000029014,10,54,63,36,55,50,65,72,72,86,100,131
ENSMUSG00000044224,4,97,78,63,59,83,99,97,106,114,117,146
ENSMUSG00000027166,1,21,24,10,13,32,22,27,26,24,26,36
ENSMUSG00000020657,3,29,21,26,28,29,27,19,18,25,35,29
ENSMUSG00000039763,6,97,109,68,84,86,79,80,71,78,66,76
ENSMUSG00000022136,10,122,96,84,116,123,158,154,120,168,246,266
ENSMUSG00000061118,2,172,126,112,119,131,131,138,145,110,157,207
ENSMUSG00000024963,15,234,195,171,186,225,192,243,237,253,292,356
ENSMUSG00000000826,14,205,214,156,166,197,225,228,219,239,226,285
ENSMUSG00000027606,0,0,2,0,1,0,0,0,1,1,0,0
ENSMUSG00000053856,0,0,0,0,0,0,0,0,0,0,0,0
ENSMUSG00000028528,0,0,0,0,0,0,0,1,0,0,0,1
ENSMUSG00000014195,21,221,164,136,184,208,238,248,263,223,222,335
ENSMUSG00000054405,13,260,212,173,220,217,247,278,285,319,320,464
ENSMUSG00000021811,3,45,40,42,46,60,39,62,71,51,70,80
ENSMUSG00000042523,2,6,4,10,5,6,12,14,26,9,5,14
ENSMUSG00000022420,6,75,68,44,78,79,63,64,74,79,74,98
ENSMUSG00000042707,0,0,0,1,1,1,0,0,1,0,0,0
ENSMUSG00000005980,1,5,2,0,1,1,0,4,3,4,6,3
ENSMUSG00000024136,7,6,1,6,5,1,3,9,6,7,7,8
ENSMUSG00000025279,0,2,4,5,1,2,5,3,4,5,6,3
ENSMUSG00000003812,7,22,9,22,17,19,24,32,20,28,20,47
ENSMUSG00000044595,3,16,15,7,17,14,21,19,15,20,14,37
ENSMUSG00000036766,0,0,0,0,0,1,0,1,2,1,0,0
ENSMUSG00000030882,1,1,1,0,0,1,3,1,0,2,0,1
ENSMUSG00000075467,21,328,305,237,291,279,329,345,357,444,459,539
ENSMUSG00000026825,5,15,11,8,15,16,15,28,13,14,12,19
ENSMUSG00000022789,13,242,204,150,209,206,198,199,182,203,188,286
ENSMUSG00000033335,28,204,178,129,200,205,260,239,198,249,295,343
ENSMUSG00000040265,6,9,9,8,14,8,12,14,16,8,10,10
ENSMUSG00000025195,7,29,35,17,34,25,23,18,24,29,39,33
ENSMUSG00000004099,2,37,27,23,25,33,33,35,20,24,38,69
ENSMUSG00000020661,1,89,86,54,75,82,89,76,69,64,75,126
ENSMUSG00000027478,1,4,0,0,5,1,3,3,2,3,4,1
ENSMUSG00000000730,0,1,1,3,0,0,1,1,1,0,1,5
ENSMUSG00000026209,19,354,262,224,273,281,322,364,351,424,413,573
ENSMUSG00000040658,0,6,4,4,2,5,0,0,2,5,4,4
ENSMUSG00000025014,0,0,2,0,0,1,0,1,0,0,0,0
ENSMUSG00000017299,5,100,95,54,91,97,105,119,140,117,128,161
ENSMUSG00000039756,6,68,51,43,68,56,81,84,72,64,75,113
ENSMUSG00000052301,0,0,0,0,1,2,1,0,0,0,0,0
ENSMUSG00000020848,0,1,3,0,2,2,0,5,2,7,0,1
ENSMUSG00000024871,79,1344,1162,813,1204,1109,987,1065,979,1530,1659,1662
ENSMUSG00000058325,6,52,55,39,51,58,62,45,48,59,52,88
ENSMUSG00000038608,0,9,8,12,6,9,20,18,17,13,8,26
ENSMUSG00000031093,0,8,8,4,6,5,22,10,11,10,13,19
ENSMUSG00000020143,2,11,9,7,12,10,30,37,14,12,17,44
ENSMUSG00000039716,0,0,0,1,0,1,1,1,0,0,0,0
ENSMUSG00000035954,15,36,26,17,29,42,34,20,28,18,22,43
ENSMUSG00000044447,0,16,15,8,11,7,17,14,11,7,12,15
ENSMUSG00000032198,40,109,81,64,99,100,111,76,124,148,117,123
ENSMUSG00000028556,3,18,23,8,19,23,21,13,22,8,12,23
ENSMUSG00000052085,1,32,45,20,30,27,42,35,39,33,33,69
ENSMUSG00000025558,19,61,66,38,62,61,73,58,54,79,70,76
ENSMUSG00000068335,0,13,6,7,7,12,14,27,16,15,12,36
ENSMUSG00000022102,2,16,8,5,9,9,15,26,16,7,16,32
ENSMUSG00000035711,4,14,9,8,17,7,17,30,15,22,20,44
ENSMUSG00000040631,27,58,54,38,56,57,49,32,32,39,53,56
ENSMUSG00000027560,1,2,1,1,1,1,1,0,1,0,2,0
ENSMUSG00000073514,0,0,0,0,0,0,1,0,0,0,0,0
ENSMUSG00000044716,3,66,74,67,66,85,98,86,107,126,81,136
ENSMUSG00000075419,6,83,75,61,66,86,67,83,70,100,81,124
ENSMUSG00000026856,1,31,18,28,31,25,30,33,31,36,29,37
ENSMUSG00000022960,2,11,23,15,17,12,16,22,26,21,19,22
ENSMUSG00000034973,7,33,20,18,39,31,38,30,37,25,24,35
ENSMUSG00000022946,7,34,30,23,33,33,58,47,42,42,42,72
ENSMUSG00000061589,15,151,122,64,120,122,111,100,85,83,85,152
ENSMUSG00000032123,3,82,68,67,72,84,92,88,108,97,127,143
ENSMUSG00000073408,0,0,0,0,0,0,0,0,1,0,0,0
ENSMUSG00000019278,30,184,185,142,197,216,319,364,379,402,381,408
ENSMUSG00000053687,0,7,4,4,6,2,22,28,7,11,7,24
ENSMUSG00000031898,0,0,0,0,0,1,0,0,0,0,0,1
ENSMUSG00000030584,0,0,2,0,2,0,1,0,2,0,0,1
ENSMUSG00000024826,14,167,145,101,169,158,177,186,173,186,211,288
ENSMUSG00000021221,1,12,14,10,8,10,12,25,17,11,11,12
ENSMUSG00000028540,1,12,12,7,12,5,4,20,12,14,11,21
ENSMUSG00000021905,28,254,255,187,253,199,282,334,320,307,391,523
ENSMUSG00000033554,4,25,18,7,21,26,31,23,36,30,25,50
ENSMUSG00000057147,3,35,35,14,34,22,24,29,25,23,30,36
ENSMUSG00000026975,0,4,4,5,5,7,9,4,3,1,8,7
ENSMUSG00000078919,6,62,58,36,56,61,58,64,88,72,54,80
ENSMUSG00000026810,12,76,63,39,76,68,92,99,111,87,147,156
ENSMUSG00000042737,4,146,134,97,119,131,127,142,100,136,173,271
ENSMUSG00000036815,0,0,0,0,0,1,0,0,1,0,0,0
ENSMUSG00000035000,0,5,5,2,2,3,4,8,4,1,9,7
ENSMUSG00000026958,1,7,7,9,14,7,18,11,11,14,13,13
ENSMUSG00000032393,5,69,73,58,63,74,68,68,88,72,65,113
ENSMUSG00000001229,6,53,62,38,49,59,68,62,70,54,75,101
ENSMUSG00000046323,0,2,0,0,1,0,0,0,0,0,0,0
ENSMUSG00000060461,0,0,0,0,0,0,0,0,0,1,0,0
ENSMUSG00000026574,20,246,233,175,266,254,236,270,235,248,231,420
ENSMUSG00000043067,6,30,21,17,28,25,25,30,22,22,27,30
ENSMUSG00000085576,0,0,0,0,1,0,0,0,0,1,0,0
ENSMUSG00000043671,0,5,7,3,5,6,7,5,4,4,8,4
ENSMUSG00000045205,4,65,41,30,48,31,59,46,41,37,59,73
ENSMUSG00000024067,9,105,99,79,102,88,113,105,129,108,125,157
ENSMUSG00000033308,2,17,16,11,26,9,21,32,24,27,17,22
ENSMUSG00000022304,0,0,0,0,0,0,0,0,0,0,0,1
ENSMUSG00000022048,10,145,102,61,117,114,133,114,132,66,73,154
ENSMUSG00000024501,14,102,87,62,121,91,128,160,86,79,82,180
ENSMUSG00000025478,0,17,16,9,10,11,18,17,14,16,14,12
ENSMUSG00000029168,0,3,3,1,0,0,0,2,3,4,1,0
ENSMUSG00000009145,2,2,1,3,4,1,6,6,1,1,2,4
ENSMUSG00000029265,4,49,36,26,49,31,64,40,50,30,30,49
ENSMUSG00000020057,0,8,9,6,3,7,12,20,9,7,10,29
ENSMUSG00000027900,18,201,192,150,215,224,253,254,243,241,224,382
ENSMUSG00000024914,93,1066,1142,862,1081,1085,1380,1599,1586,1599,1804,2252
ENSMUSG00000029005,3,1,2,0,0,1,3,0,0,0,0,2
ENSMUSG00000073102,0,0,0,0,0,0,0,1,0,0,0,0
ENSMUSG00000056598,1,19,7,9,8,17,4,5,12,7,12,17
ENSMUSG00000021478,0,1,0,0,0,0,0,1,0,0,0,1
ENSMUSG00000032259,2,16,11,6,12,21,6,9,3,5,7,11
ENSMUSG00000020457,14,166,144,111,156,180,212,181,207,157,192,273
ENSMUSG00000020537,5,100,104,60,97,90,123,75,129,109,136,185
ENSMUSG00000000223,0,1,0,0,2,0,0,0,1,1,0,0
ENSMUSG00000024331,5,57,50,49,72,67,73,51,55,42,46,55
ENSMUSG00000059898,0,0,1,0,0,0,0,0,0,0,0,0
ENSMUSG00000050272,0,0,0,0,0,0,0,0,0,0,0,0
ENSMUSG00000032087,0,0,0,0,0,0,2,0,0,0,0,0
ENSMUSG00000022422,1,0,0,0,0,0,3,0,0,0,0,0
ENSMUSG00000022898,6,73,53,37,56,63,92,77,98,78,104,132
ENSMUSG00000039497,0,13,9,3,6,7,16,16,13,14,7,15
ENSMUSG00000038702,1,3,10,3,13,9,11,16,6,5,3,6
ENSMUSG00000069441,0,0,0,0,0,0,0,0,0,0,0,0
ENSMUSG00000061928,0,0,0,0,0,1,0,0,0,0,0,0
ENSMUSG00000034774,0,0,0,0,0,1,0,0,0,0,0,0
ENSMUSG00000044393,11,202,193,151,212,222,221,174,238,223,184,280
ENSMUSG00000056632,0,0,0,0,1,0,0,0,0,0,0,0
ENSMUSG00000027635,0,0,1,2,0,4,4,6,2,2,3,1
ENSMUSG00000054889,83,1589,1565,1032,1553,1595,1372,1325,1393,1600,1579,1916
ENSMUSG00000026131,110,782,727,567,799,836,931,814,731,740,833,1171
ENSMUSG00000015932,30,205,181,132,225,187,180,220,215,180,189,296
ENSMUSG00000042046,8,59,56,35,63,66,60,50,43,27,32,76
ENSMUSG00000027430,6,60,52,53,64,56,73,66,72,94,90,103
ENSMUSG00000020956,1,21,16,25,17,20,20,35,28,22,22,38
ENSMUSG00000090326,0,0,0,0,0,0,0,0,0,0,0,0
ENSMUSG00000037474,0,1,1,2,1,3,4,4,4,1,2,1
ENSMUSG00000024302,9,182,164,123,149,170,223,176,250,193,208,292
ENSMUSG00000071454,7,10,10,4,11,8,14,9,9,11,14,22
ENSMUSG00000057531,25,421,359,272,350,389,403,458,427,496,561,722
ENSMUSG00000023330,0,12,12,6,11,10,18,21,19,10,9,20
ENSMUSG00000024505,0,7,6,6,10,8,5,8,10,5,13,9
ENSMUSG00000029603,0,1,1,0,1,1,1,1,2,2,6,3
ENSMUSG00000004947,4,30,23,20,27,30,44,32,33,54,40,45
ENSMUSG00000040415,11,125,110,63,101,118,124,102,106,116,151,137
ENSMUSG00000049502,5,53,34,25,37,43,99,115,77,68,48,227
ENSMUSG00000039982,5,32,12,6,26,16,37,32,13,15,37,28
ENSMUSG00000026281,2,57,45,50,43,59,50,58,49,54,58,90
ENSMUSG00000033268,1,5,3,1,2,5,1,1,0,1,0,1
ENSMUSG00000068452,0,2,0,1,2,2,0,0,2,3,3,1
ENSMUSG00000027224,0,0,0,0,0,0,0,0,0,0,0,0
ENSMUSG00000027225,0,0,0,0,0,0,0,0,0,0,1,0
ENSMUSG00000063821,0,0,0,0,0,1,1,0,0,0,0,0
ENSMUSG00000025155,10,71,74,44,64,63,71,69,72,92,72,110
ENSMUSG00000031901,3,33,33,20,31,27,36,42,37,54,35,37
ENSMUSG00000007603,12,79,58,58,82,73,85,85,90,89,94,134
ENSMUSG00000020648,1,21,16,14,20,16,32,25,36,17,12,28
ENSMUSG00000024190,32,566,338,236,749,565,297,564,628,429,673,577
ENSMUSG00000039384,0,22,13,10,11,12,13,4,16,9,12,17
ENSMUSG00000030002,20,166,157,103,157,147,195,169,156,184,187,246
ENSMUSG00000026659,3,23,27,15,27,18,13,30,31,32,43,42
ENSMUSG00000021768,0,0,1,0,2,0,0,0,3,0,0,2
ENSMUSG00000018648,0,2,0,0,0,0,1,1,1,0,3,0
ENSMUSG00000042662,0,0,0,0,0,0,0,0,0,0,0,0
ENSMUSG00000030203,4,53,57,38,38,59,52,57,54,41,46,75
ENSMUSG00000047205,6,65,77,49,76,100,81,51,81,68,55,70
ENSMUSG00000027368,2,4,4,1,6,5,7,7,8,1,7,14
ENSMUSG00000025043,1,0,0,0,0,0,0,0,0,0,0,0
ENSMUSG00000069255,7,94,78,49,68,76,67,67,69,87,95,108
ENSMUSG00000026544,4,93,85,56,95,69,99,72,123,80,76,131
ENSMUSG00000039661,0,0,0,1,1,0,1,1,4,3,4,1
ENSMUSG00000026564,8,146,130,101,128,146,199,184,139,142,169,209
ENSMUSG00000047067,3,81,64,42,68,61,55,70,68,70,58,110
ENSMUSG00000003518,61,323,278,209,341,338,334,316,274,282,308,476
ENSMUSG00000031530,0,0,1,0,0,1,4,3,8,1,3,1
ENSMUSG00000034765,1,13,9,11,11,18,23,27,17,8,12,21
ENSMUSG00000019960,9,45,38,37,75,49,51,62,57,41,48,81
ENSMUSG00000053716,10,102,141,91,99,110,114,82,129,68,62,172
ENSMUSG00000037887,5,133,113,78,124,145,135,127,106,115,123,195
ENSMUSG00000031383,0,0,0,0,0,1,0,0,0,0,0,0
ENSMUSG00000027203,3,112,62,71,93,68,57,64,74,79,83,101
ENSMUSG00000048502,0,0,0,0,0,0,0,0,0,0,0,0
ENSMUSG00000029071,27,101,123,77,102,102,116,89,96,122,148,172
ENSMUSG00000003233,0,9,6,5,7,9,8,4,7,5,6,12
ENSMUSG00000071745,0,0,0,0,0,0,0,1,0,0,0,0
ENSMUSG00000040482,8,37,35,34,49,28,47,65,48,52,55,77
ENSMUSG00000035765,14,307,248,192,272,260,324,355,333,343,410,453
ENSMUSG00000018707,75,491,517,323,482,524,803,659,586,743,921,911
ENSMUSG00000029757,0,0,0,1,1,0,0,0,0,0,0,0
ENSMUSG00000027012,37,253,266,169,260,225,315,352,299,236,264,362
ENSMUSG00000032435,17,254,220,119,247,249,402,386,370,345,392,458
ENSMUSG00000035770,19,186,169,111,172,173,211,154,155,153,185,215
ENSMUSG00000047193,1,5,5,2,5,7,8,8,8,7,5,7
ENSMUSG00000024253,1,8,8,7,9,2,16,4,14,9,18,18
ENSMUSG00000009013,36,126,117,79,153,146,83,153,115,99,123,251
ENSMUSG00000020483,124,2215,2171,1462,2111,2192,1698,1740,1896,1718,2071,2495
ENSMUSG00000047459,52,648,567,501,597,608,847,869,798,951,1061,1371
ENSMUSG00000034467,0,0,0,0,0,1,0,0,2,0,0,0
ENSMUSG00000092074,3,35,29,29,43,39,45,68,59,41,50,72
ENSMUSG00000096255,3,45,45,27,44,41,47,65,72,47,67,110
ENSMUSG00000000579,3,45,44,34,55,49,42,68,65,45,55,96
ENSMUSG00000095677,1,40,34,24,30,38,33,56,37,54,50,93
ENSMUSG00000031176,12,157,119,101,147,165,178,181,171,169,157,255
ENSMUSG00000022897,14,156,164,88,145,141,142,168,179,127,163,230
ENSMUSG00000002409,5,75,64,60,46,57,77,69,77,82,97,115
ENSMUSG00000028630,4,79,65,38,58,76,70,63,59,52,51,62
ENSMUSG00000016526,0,0,1,0,2,1,0,1,3,1,2,1
ENSMUSG00000030345,1,0,0,0,0,0,0,0,0,1,0,0
ENSMUSG00000033788,26,170,162,110,198,186,177,163,123,196,173,222
ENSMUSG00000092192,0,4,1,2,2,5,6,2,10,3,7,3
ENSMUSG00000037259,1,3,1,5,4,1,1,1,2,2,2,2
ENSMUSG00000042156,0,6,5,4,3,6,7,6,8,5,1,4
ENSMUSG00000037784,0,5,5,4,3,6,14,4,12,5,6,5
ENSMUSG00000064061,0,4,10,2,5,12,6,14,3,9,10,13
ENSMUSG00000095061,1,0,0,0,0,0,0,0,0,0,0,0
ENSMUSG00000048747,0,0,0,2,0,1,0,0,0,0,0,0
ENSMUSG00000086322,0,0,0,0,0,0,0,0,0,0,0,0
ENSMUSG00000045071,1,12,12,7,21,11,14,12,9,16,17,12
ENSMUSG00000039244,4,45,36,24,41,45,36,35,36,46,50,56
ENSMUSG00000048581,1,22,16,7,25,24,25,15,16,27,23,36
ENSMUSG00000027490,0,6,3,2,1,2,8,7,3,0,3,8
ENSMUSG00000018983,3,6,3,1,1,2,4,1,3,3,4,7
ENSMUSG00000016477,2,22,27,7,14,18,18,9,19,15,14,20
ENSMUSG00000014859,3,69,62,45,61,51,68,83,59,63,73,121
ENSMUSG00000027552,1,8,9,6,18,10,16,14,11,9,9,24
ENSMUSG00000057469,9,199,163,148,186,207,156,158,176,178,180,270
ENSMUSG00000020185,1,3,1,1,1,1,3,5,2,1,1,4
ENSMUSG00000046179,0,3,0,2,3,4,4,5,4,1,3,8
ENSMUSG00000037172,0,7,7,9,4,12,9,6,4,5,8,12
ENSMUSG00000078580,0,7,8,8,10,8,8,6,9,14,9,9
ENSMUSG00000024137,1,21,24,14,19,16,19,21,19,31,33,38
ENSMUSG00000021890,0,27,16,18,27,33,23,29,27,29,26,36
ENSMUSG00000022838,0,4,3,0,5,5,6,1,3,2,1,8
ENSMUSG00000054302,11,80,92,49,61,83,93,122,127,97,122,126
ENSMUSG00000072601,0,0,1,0,0,0,0,1,0,0,0,1
ENSMUSG00000090166,0,0,0,0,0,0,0,0,0,0,0,0
ENSMUSG00000072596,0,0,2,1,1,0,2,1,0,3,0,2
ENSMUSG00000030871,2,48,34,31,53,44,46,60,58,48,47,69
ENSMUSG00000022339,1,28,29,15,28,22,28,33,17,23,32,35
ENSMUSG00000057098,18,107,61,44,82,83,106,101,86,68,85,82
ENSMUSG00000022053,1,20,23,15,33,28,26,29,26,12,34,30
ENSMUSG00000010476,10,30,24,18,21,18,28,22,20,18,31,31
ENSMUSG00000053552,1,1,0,0,0,1,0,4,3,2,2,4
ENSMUSG00000003206,2,7,6,1,4,3,24,21,17,13,15,23
ENSMUSG00000028729,8,88,76,53,65,75,102,112,131,106,123,137
ENSMUSG00000031168,5,68,61,40,55,67,81,78,84,82,85,134
ENSMUSG00000021928,1,38,22,11,37,36,37,35,24,26,36,49
ENSMUSG00000021810,11,108,100,84,127,109,112,121,120,120,134,167
ENSMUSG00000057530,39,206,166,139,181,144,246,200,182,212,270,295
ENSMUSG00000022842,1,29,18,15,16,24,27,34,31,28,35,56
ENSMUSG00000026247,0,0,0,0,0,0,0,1,0,0,0,0
ENSMUSG00000053898,285,7192,6151,4756,6139,7035,7067,7444,7643,9559,7641,10383
ENSMUSG00000019883,4,48,56,31,53,46,46,38,44,39,33,65
ENSMUSG00000028601,15,134,129,83,132,130,179,177,164,164,133,223
ENSMUSG00000039063,3,110,85,78,86,86,81,87,93,116,107,126
ENSMUSG00000025465,76,1410,1320,879,1256,1298,1030,1114,1207,1287,1284,1707
ENSMUSG00000024132,89,1854,1595,1206,1702,1622,1658,1856,2176,2276,2245,2621
ENSMUSG00000021417,33,690,573,467,614,633,782,700,776,778,643,978
ENSMUSG00000021416,0,2,0,1,0,0,0,0,0,1,2,2
ENSMUSG00000028108,25,96,91,73,116,114,169,190,119,157,159,233
ENSMUSG00000043631,8,72,70,35,64,78,98,72,68,81,94,105
ENSMUSG00000073599,10,85,69,41,71,73,68,95,68,73,123,159
ENSMUSG00000066839,31,403,362,255,358,391,353,385,469,472,534,613
ENSMUSG00000027699,0,0,2,0,1,1,1,0,0,0,2,0
ENSMUSG00000071392,0,0,1,0,0,0,0,0,0,0,0,1
ENSMUSG00000059327,2,8,3,3,2,7,8,9,5,4,6,11
ENSMUSG00000034457,0,3,3,5,2,4,8,2,2,4,8,8
ENSMUSG00000003227,0,0,0,0,0,0,2,2,2,1,0,2
ENSMUSG00000095105,0,0,0,0,1,0,0,0,0,0,0,1
ENSMUSG00000038957,5,23,21,16,19,29,30,34,32,30,34,52
ENSMUSG00000036270,7,56,46,50,55,68,81,60,75,66,81,71
ENSMUSG00000072575,0,0,0,0,0,0,0,0,0,0,0,0
ENSMUSG00000030104,4,28,16,11,18,25,32,43,26,33,26,60
ENSMUSG00000038312,2,37,25,23,25,23,40,37,23,20,38,59
ENSMUSG00000043019,4,24,23,21,34,29,24,18,18,26,18,24
ENSMUSG00000015092,47,776,754,478,725,762,766,882,796,988,1177,1358
ENSMUSG00000034488,0,0,0,2,0,1,0,1,2,1,1,0
ENSMUSG00000021367,1,12,7,3,2,3,8,5,12,10,7,9
ENSMUSG00000028635,0,0,1,0,0,0,0,0,0,0,0,1
ENSMUSG00000027524,0,1,5,0,3,2,3,0,3,2,7,5
ENSMUSG00000031616,1,83,55,45,80,67,81,69,78,79,90,95
ENSMUSG00000022122,3,33,48,15,46,40,37,37,23,27,24,41
ENSMUSG00000039990,1,12,19,16,17,26,35,18,17,18,20,24
ENSMUSG00000036499,4,60,48,17,42,52,54,70,71,55,70,76
ENSMUSG00000030619,8,47,37,26,54,64,69,74,59,53,84,90
ENSMUSG00000016349,291,6186,6029,4568,5515,5610,6261,6630,6489,8443,9653,9567
ENSMUSG00000021951,5,198,171,150,169,186,167,182,177,196,192,287
ENSMUSG00000030960,2,11,13,4,16,8,16,22,13,21,18,24
ENSMUSG00000080115,0,1,2,1,0,0,0,0,1,0,0,1
ENSMUSG00000025967,58,676,578,460,622,677,766,877,826,780,885,1233
ENSMUSG00000055762,30,447,386,280,400,476,491,511,536,527,559,737
ENSMUSG00000001707,2,38,23,29,36,35,39,38,29,32,36,70
ENSMUSG00000071644,69,614,577,423,570,568,620,712,633,659,808,1070
ENSMUSG00000034994,417,3605,3330,2587,3323,3560,4542,4678,4860,5400,6110,6994
ENSMUSG00000035064,5,81,72,66,81,102,123,117,120,94,86,149
ENSMUSG00000022544,8,69,60,39,49,57,61,84,76,73,73,125
ENSMUSG00000033216,3,23,21,11,21,23,18,30,23,32,24,39
ENSMUSG00000036611,12,83,74,44,79,67,45,50,36,49,71,64
ENSMUSG00000021176,0,0,0,0,1,0,1,0,0,0,0,1
ENSMUSG00000030321,0,0,0,0,2,1,0,0,0,0,0,1
ENSMUSG00000034210,4,99,106,57,84,90,116,97,99,88,93,119
ENSMUSG00000026495,27,422,397,317,389,414,378,324,489,457,568,545
ENSMUSG00000050944,2,1,1,1,0,1,0,1,0,2,2,3
ENSMUSG00000022441,0,0,0,0,0,0,0,0,0,0,0,1
ENSMUSG00000073791,0,1,0,1,1,0,2,1,2,2,0,2
ENSMUSG00000044083,0,0,0,0,0,0,0,0,0,0,0,0
ENSMUSG00000044056,0,0,0,0,0,0,2,0,0,0,0,0
ENSMUSG00000068263,1,2,5,0,2,4,3,1,2,2,2,3
ENSMUSG00000020467,0,25,14,24,21,23,15,20,27,17,8,27
ENSMUSG00000024909,8,23,23,26,27,29,31,35,20,25,39,54
ENSMUSG00000023931,0,0,0,0,0,0,0,0,0,0,0,0
ENSMUSG00000041809,1,3,0,0,1,1,0,1,2,0,3,2
ENSMUSG00000025038,0,0,0,0,0,1,0,0,1,0,0,0
ENSMUSG00000026255,0,7,9,3,11,3,7,1,8,7,5,6
ENSMUSG00000040659,16,114,85,76,101,85,225,261,222,183,217,439
ENSMUSG00000027954,10,99,65,63,81,74,123,89,109,85,184,110
ENSMUSG00000003070,2,7,3,3,4,10,5,2,7,4,6,7
ENSMUSG00000028039,0,0,1,0,0,0,0,0,0,0,0,1
ENSMUSG00000028040,3,1,0,0,3,0,1,0,0,2,1,1
ENSMUSG00000048915,0,11,9,15,16,22,18,15,18,12,5,24
ENSMUSG00000031217,3,65,48,36,53,72,79,73,84,71,91,82
ENSMUSG00000003934,14,287,277,178,235,330,189,185,195,201,143,205
ENSMUSG00000015002,6,196,191,113,169,169,182,159,144,141,173,255
ENSMUSG00000020658,8,43,25,6,28,25,30,15,21,15,25,22
ENSMUSG00000022203,2,11,7,6,13,10,8,9,12,13,14,10
ENSMUSG00000020929,5,92,72,45,69,70,93,83,89,84,107,137
ENSMUSG00000028017,0,20,42,25,23,21,26,15,17,20,20,12
ENSMUSG00000063600,0,0,0,0,0,0,0,0,1,0,0,0
ENSMUSG00000000402,0,0,1,0,1,0,0,0,0,0,0,0
ENSMUSG00000015467,1,3,10,6,12,8,6,5,4,8,9,9
ENSMUSG00000042961,3,39,38,38,54,47,43,59,63,70,72,86
ENSMUSG00000020122,1,17,10,8,16,6,27,26,5,18,19,35
ENSMUSG00000031987,64,1370,1206,829,1247,1114,1036,968,1125,1211,1249,1525
ENSMUSG00000058709,20,184,164,140,170,189,204,217,220,243,227,344
ENSMUSG00000035105,6,165,121,108,166,124,99,90,100,98,140,190
ENSMUSG00000038418,64,649,484,408,843,735,228,475,553,501,860,838
ENSMUSG00000037868,4,27,12,20,19,32,6,18,11,13,47,38
ENSMUSG00000033730,0,14,3,12,16,23,7,9,7,3,26,11
ENSMUSG00000071341,0,0,0,0,0,0,0,0,0,0,0,0
ENSMUSG00000042302,9,105,119,69,123,122,90,109,82,102,125,173
ENSMUSG00000024937,48,482,456,327,496,455,485,487,421,539,635,709
ENSMUSG00000024772,32,173,192,127,158,190,192,205,244,252,250,340
ENSMUSG00000074364,77,318,242,172,282,252,295,243,290,206,303,324
ENSMUSG00000024065,2,8,7,5,9,9,10,12,14,11,12,12
ENSMUSG00000027293,48,940,856,675,895,988,1105,1208,1056,1139,1224,1819
ENSMUSG00000012350,0,0,0,0,0,0,0,0,0,0,0,0
ENSMUSG00000022853,1,29,19,13,42,19,34,19,27,25,16,25
ENSMUSG00000036893,3,45,27,23,42,40,38,30,42,41,33,34
ENSMUSG00000013787,24,131,133,108,157,174,232,204,201,226,228,263
ENSMUSG00000062762,20,199,164,137,168,157,175,163,177,152,185,247
ENSMUSG00000091337,8,107,94,68,126,133,144,133,160,89,105,152
ENSMUSG00000046058,2,74,42,39,66,59,47,69,61,53,56,76
ENSMUSG00000070705,3,33,24,16,29,30,24,25,23,24,39,38
ENSMUSG00000109864,0,0,1,0,0,0,0,0,0,0,0,1
ENSMUSG00000035530,117,1793,1610,1205,1754,1833,2131,2249,2513,2475,2753,3183
ENSMUSG00000057561,2,44,45,25,51,56,86,88,45,51,74,139
ENSMUSG00000024841,4,69,66,45,62,53,91,74,81,77,93,140
ENSMUSG00000067194,12,253,207,142,197,222,227,259,243,263,247,387
ENSMUSG00000006941,11,209,169,125,210,202,195,220,259,185,224,343
ENSMUSG00000027810,5,87,104,53,112,98,118,123,129,111,128,144
ENSMUSG00000029613,8,99,97,64,92,101,111,112,109,106,121,162
ENSMUSG00000024079,7,39,46,27,40,52,108,139,77,51,59,176
ENSMUSG00000031668,0,10,11,3,15,8,12,12,14,7,10,9
ENSMUSG00000005102,2,12,8,6,24,16,20,21,21,16,18,29
ENSMUSG00000029388,5,84,69,58,81,60,89,90,109,80,88,129
ENSMUSG00000004788,8,116,105,75,97,106,135,132,146,136,141,194
ENSMUSG00000028683,6,49,48,29,51,40,55,70,56,53,78,76
ENSMUSG00000029145,17,205,176,122,162,161,236,199,268,244,293,316
ENSMUSG00000003235,12,166,158,103,166,172,237,228,217,204,244,266
ENSMUSG00000026427,8,92,98,83,96,111,136,110,138,110,132,178
ENSMUSG00000021116,13,126,103,65,91,104,150,150,152,112,135,204
ENSMUSG00000074656,39,263,259,169,305,315,396,391,411,306,365,449
ENSMUSG00000035150,9,96,83,62,100,111,111,116,90,104,114,149
ENSMUSG00000069049,6,107,100,56,123,97,70,124,86,120,107,182
ENSMUSG00000024991,27,196,215,98,204,187,211,216,206,207,201,250
ENSMUSG00000030738,29,334,303,235,349,374,460,485,478,405,515,613
ENSMUSG00000016554,12,215,154,150,159,164,200,239,246,211,231,363
ENSMUSG00000022336,13,227,192,136,183,168,280,299,325,204,237,351
ENSMUSG00000031029,76,886,826,611,862,821,996,1039,1073,1123,1270,1555
ENSMUSG00000070319,41,425,358,301,349,379,528,609,543,607,724,792
ENSMUSG00000022312,75,795,748,520,766,779,953,1038,1105,1010,1254,1629
ENSMUSG00000028798,19,363,292,225,309,344,365,405,364,397,450,593
ENSMUSG00000027236,14,193,181,97,195,165,228,243,232,194,240,296
ENSMUSG00000053565,50,598,488,445,514,559,611,735,727,804,861,1074
ENSMUSG00000033047,17,261,242,163,231,254,293,328,287,288,314,437
ENSMUSG00000027170,15,213,194,128,208,210,298,262,293,263,252,368
ENSMUSG00000022884,52,487,482,318,550,564,587,543,672,438,400,808
ENSMUSG00000025580,10,144,150,121,153,149,160,210,165,155,176,287
ENSMUSG00000058655,30,352,331,227,330,338,508,442,507,435,525,577
ENSMUSG00000028156,22,458,431,305,398,408,527,439,544,428,468,638
ENSMUSG00000026254,16,150,147,106,129,140,170,159,145,171,171,241
ENSMUSG00000031490,41,610,605,419,516,669,1185,1386,1455,1416,1460,1781
ENSMUSG00000020091,23,256,202,139,194,198,240,194,233,277,234,276
ENSMUSG00000020454,2,75,52,37,54,58,69,46,58,57,61,90
ENSMUSG00000045983,65,767,825,531,815,768,816,755,728,873,1177,1183
ENSMUSG00000005610,109,1316,1225,801,1237,1261,1193,1055,1140,935,1046,1586
ENSMUSG00000028760,13,155,119,78,145,130,145,159,154,108,135,187
ENSMUSG00000040731,39,429,374,284,356,430,590,540,592,619,573,794
ENSMUSG00000021282,14,247,235,136,192,237,311,239,264,203,254,349
ENSMUSG00000078812,91,1303,1081,872,1096,1154,1302,1448,1222,1458,1686,2340
ENSMUSG00000050192,1,6,4,2,4,6,6,4,9,4,3,7
ENSMUSG00000026083,81,369,385,218,414,457,437,456,466,386,416,510
ENSMUSG00000027613,21,140,139,109,125,139,224,206,176,227,205,339
ENSMUSG00000036941,4,33,29,28,29,29,37,23,38,42,27,43
ENSMUSG00000020549,2,78,71,52,90,72,89,103,104,98,87,122
ENSMUSG00000020125,0,0,0,0,0,0,0,0,0,0,0,0
ENSMUSG00000040028,12,142,102,79,116,112,109,113,94,111,121,188
ENSMUSG00000008489,0,1,1,0,0,0,1,0,0,0,0,0
ENSMUSG00000003410,0,0,1,1,0,0,0,0,0,0,0,0
ENSMUSG00000028546,0,0,0,0,0,0,0,0,0,0,0,0
ENSMUSG00000036461,2,31,29,12,18,26,35,39,38,28,31,50
ENSMUSG00000037174,7,52,56,44,73,78,70,80,79,63,63,93
ENSMUSG00000003051,1,0,0,0,0,0,0,0,0,0,0,0
ENSMUSG00000031103,7,24,34,22,29,33,37,40,30,38,39,57
ENSMUSG00000027186,0,0,0,0,0,0,0,0,0,0,3,1
ENSMUSG00000048988,0,0,0,0,0,0,1,0,0,0,3,0
ENSMUSG00000043460,0,1,0,0,2,0,0,0,0,0,0,2
ENSMUSG00000009406,0,48,41,28,31,34,44,48,40,38,46,64
ENSMUSG00000008398,38,150,113,82,122,99,165,125,113,100,189,193
ENSMUSG00000026436,22,133,151,135,161,144,171,162,126,185,180,222
ENSMUSG00000070002,5,44,31,30,32,41,61,45,43,35,43,69
ENSMUSG00000001542,2,36,30,12,28,34,38,36,43,39,33,57
ENSMUSG00000041112,3,22,27,15,26,22,22,25,16,17,17,33
ENSMUSG00000017670,3,67,40,38,48,45,66,68,61,64,70,93
ENSMUSG00000014791,2,6,3,0,4,1,2,7,1,4,1,8
ENSMUSG00000041986,0,0,0,1,1,0,1,0,2,0,0,0
ENSMUSG00000035151,4,30,26,13,27,31,24,18,27,22,27,26
ENSMUSG00000056698,4,56,36,48,74,61,91,89,99,132,83,106
ENSMUSG00000042507,3,27,27,21,27,14,28,13,29,22,14,28
ENSMUSG00000029675,4,87,75,49,81,59,69,88,98,77,119,115
ENSMUSG00000028668,11,83,84,59,86,85,130,100,87,75,104,140
ENSMUSG00000055839,59,960,889,686,868,914,841,1053,971,1042,1081,1560
ENSMUSG00000057534,0,1,0,0,0,0,0,0,0,0,1,0
ENSMUSG00000079658,25,387,335,235,361,334,372,425,396,305,346,570
ENSMUSG00000006390,13,78,62,50,79,87,124,108,107,102,115,181
ENSMUSG00000021364,0,0,0,0,0,0,0,0,0,0,0,0
ENSMUSG00000038754,0,0,0,0,1,0,0,0,0,0,0,1
ENSMUSG00000032262,0,0,0,0,0,0,0,0,0,0,0,1
ENSMUSG00000032349,5,70,60,50,74,71,50,58,60,41,64,99
ENSMUSG00000041220,0,2,0,0,3,2,6,2,3,2,4,2
ENSMUSG00000021696,0,0,0,0,0,0,1,0,0,1,0,1
ENSMUSG00000024271,8,73,56,46,53,58,88,65,80,91,59,101
ENSMUSG00000022031,6,81,79,66,101,84,122,124,120,128,123,176
ENSMUSG00000027167,2,30,16,10,24,21,24,34,21,19,28,31
ENSMUSG00000018565,10,150,118,93,122,117,137,147,136,131,163,214
ENSMUSG00000054836,4,14,9,5,5,15,12,6,14,7,10,12
ENSMUSG00000021728,2,10,4,4,9,3,12,22,11,9,13,33
ENSMUSG00000008140,27,351,294,258,293,316,293,317,268,342,362,475
ENSMUSG00000022337,19,402,424,279,389,400,451,440,507,446,415,606
ENSMUSG00000030286,16,194,123,115,178,151,183,177,177,164,178,260
ENSMUSG00000027131,10,116,139,61,107,125,138,156,138,139,171,237
ENSMUSG00000047260,14,358,302,214,297,325,279,330,333,303,370,466
ENSMUSG00000055943,19,164,150,117,154,172,180,206,188,256,211,313
ENSMUSG00000022217,7,193,169,146,190,194,164,199,211,185,201,283
ENSMUSG00000054690,28,158,127,82,164,142,146,119,139,151,173,206
ENSMUSG00000039055,0,1,1,3,2,0,1,4,2,1,0,1
ENSMUSG00000004268,13,166,125,110,157,166,154,170,157,124,146,231
ENSMUSG00000034164,0,16,10,7,15,7,13,8,9,8,13,18
ENSMUSG00000029163,9,71,52,35,61,61,80,113,66,51,54,166
ENSMUSG00000024053,6,141,112,84,136,115,95,94,89,104,89,141
ENSMUSG00000050700,0,0,0,0,0,0,0,0,0,1,0,0
ENSMUSG00000058070,13,165,159,111,165,167,148,126,130,139,145,172
ENSMUSG00000040811,4,89,76,65,87,73,86,97,110,87,109,135
ENSMUSG00000071647,9,41,33,27,26,30,39,51,35,44,58,60
ENSMUSG00000032624,3,17,16,9,14,18,19,22,14,8,17,16
ENSMUSG00000051166,1,5,13,7,7,7,10,8,9,10,9,6
ENSMUSG00000044072,1,7,4,6,10,5,12,12,5,7,9,7
ENSMUSG00000030208,6,71,77,42,57,51,88,106,56,44,61,132
ENSMUSG00000022505,12,122,123,91,98,141,132,156,167,118,116,222
ENSMUSG00000040212,18,110,81,82,92,85,170,199,97,104,147,287
ENSMUSG00000035401,8,112,85,56,120,105,104,117,111,95,128,146
ENSMUSG00000033726,0,0,0,1,0,0,0,0,0,0,0,0
ENSMUSG00000058665,0,0,0,0,0,0,0,0,0,0,0,0
ENSMUSG00000039095,0,0,0,0,0,0,0,0,0,0,0,0
ENSMUSG00000022995,23,285,227,181,289,295,348,289,299,322,342,446
ENSMUSG00000041773,0,24,19,12,21,37,39,29,29,29,25,56
ENSMUSG00000037419,4,16,19,29,17,20,21,33,20,20,21,46
ENSMUSG00000015337,15,398,401,320,363,337,268,311,308,368,422,521
ENSMUSG00000022468,7,26,20,10,12,10,29,17,20,16,19,22
ENSMUSG00000039850,4,16,13,11,12,16,20,15,15,21,25,24
ENSMUSG00000026814,94,465,360,328,402,400,477,502,495,689,665,846
ENSMUSG00000033857,4,25,19,19,10,17,20,17,11,17,21,19
ENSMUSG00000028445,3,65,56,33,55,54,31,33,54,59,55,61
ENSMUSG00000013155,0,9,6,4,4,12,11,7,12,5,10,20
ENSMUSG00000026679,0,2,3,0,1,1,3,5,2,2,1,3
ENSMUSG00000063524,16,199,207,161,168,172,222,271,216,293,269,384
ENSMUSG00000059040,11,187,164,138,158,178,192,246,189,264,221,357
ENSMUSG00000004267,0,2,3,2,3,6,2,8,4,1,8,8
ENSMUSG00000060600,270,6933,6996,5269,6090,6361,4346,4836,6391,6284,7020,7370
ENSMUSG00000048029,0,0,0,0,0,0,0,0,0,0,0,1
ENSMUSG00000029326,4,31,20,22,26,20,25,27,34,26,39,45
ENSMUSG00000022012,0,1,2,0,1,2,2,1,0,0,3,1
ENSMUSG00000031109,1,28,27,8,30,25,22,32,20,12,18,39
ENSMUSG00000028024,2,21,8,6,16,10,6,14,11,12,9,15
ENSMUSG00000037370,3,11,11,8,15,13,23,17,9,14,9,19
ENSMUSG00000022425,0,25,16,20,34,23,27,33,22,28,27,40
ENSMUSG00000019989,1,16,15,5,11,15,19,17,8,8,16,15
ENSMUSG00000023961,6,85,79,58,85,69,65,70,77,92,74,113
ENSMUSG00000023960,6,56,36,31,36,47,72,54,51,49,59,60
ENSMUSG00000038173,0,2,5,2,5,9,4,4,6,4,6,8
ENSMUSG00000038619,11,234,201,156,251,243,241,208,239,206,235,340
ENSMUSG00000048120,2,21,17,27,30,29,43,43,43,40,31,79
ENSMUSG00000015085,10,98,83,51,105,86,76,91,78,102,118,131
ENSMUSG00000041608,0,0,0,0,0,0,0,0,0,0,0,0
ENSMUSG00000095463,10,155,131,125,173,152,135,142,107,154,161,224
ENSMUSG00000022066,15,184,172,124,141,141,116,139,88,154,159,216
ENSMUSG00000021236,19,514,444,306,399,429,345,312,331,297,328,480
ENSMUSG00000033068,3,66,70,42,80,72,96,78,79,74,106,109
ENSMUSG00000025192,1,4,4,3,3,5,5,4,5,4,3,11
ENSMUSG00000022338,6,109,102,65,90,100,99,108,98,81,115,161
ENSMUSG00000035245,2,27,27,26,32,30,25,21,28,27,34,35
ENSMUSG00000032446,1,0,0,0,0,0,2,3,1,1,2,1
ENSMUSG00000055024,10,63,54,46,60,61,64,55,69,79,57,96
ENSMUSG00000024140,71,898,822,534,786,822,836,747,880,1053,817,1110
ENSMUSG00000028906,60,236,225,180,220,235,237,189,287,209,243,297
ENSMUSG00000027624,3,27,31,22,40,36,40,42,30,36,40,82
ENSMUSG00000019978,4,57,64,35,72,72,81,72,57,78,61,97
ENSMUSG00000024044,3,30,26,23,22,32,35,30,34,28,33,28
ENSMUSG00000024376,2,33,23,20,22,24,25,19,15,25,23,18
ENSMUSG00000028434,0,6,5,6,2,7,9,3,8,4,2,6
ENSMUSG00000026383,2,19,10,9,13,20,22,16,17,13,11,16
ENSMUSG00000023216,0,2,0,0,0,0,0,0,0,0,0,0
ENSMUSG00000024240,8,83,81,52,65,71,101,96,99,101,85,133
ENSMUSG00000069495,5,64,44,34,54,46,64,80,59,57,56,92
ENSMUSG00000045394,0,0,0,1,0,0,0,1,0,0,0,0
ENSMUSG00000002808,6,66,63,38,59,63,57,48,62,73,74,76
ENSMUSG00000039840,0,17,15,6,12,22,19,21,14,12,25,19
ENSMUSG00000035020,0,1,0,0,0,1,0,1,1,0,0,0
ENSMUSG00000029859,1,5,4,3,10,9,1,2,2,3,4,7
ENSMUSG00000028876,0,0,0,0,0,0,0,0,0,0,0,0
ENSMUSG00000006445,3,20,14,5,15,10,14,18,15,17,13,30
ENSMUSG00000052504,0,0,0,0,0,0,0,0,1,0,0,0
ENSMUSG00000026235,5,94,79,49,81,66,75,63,51,46,117,67
ENSMUSG00000029245,0,0,0,0,0,0,0,0,0,0,0,0
ENSMUSG00000028289,0,8,6,1,8,15,12,4,11,4,19,13
ENSMUSG00000028661,0,0,0,0,1,0,0,0,0,0,0,0
ENSMUSG00000032537,1,19,9,8,7,13,5,7,6,12,16,12
ENSMUSG00000028664,1,2,0,0,0,0,0,0,0,0,2,3
ENSMUSG00000005958,0,33,31,24,24,35,27,25,19,21,36,37
ENSMUSG00000029710,19,64,53,40,87,75,81,64,79,57,67,79
ENSMUSG00000029869,1,4,2,1,9,1,0,5,1,2,2,0
ENSMUSG00000038776,24,148,150,132,146,192,238,240,298,275,249,347
ENSMUSG00000022040,54,933,836,665,926,910,872,914,997,1041,864,1147
ENSMUSG00000037577,0,6,5,3,5,5,7,9,6,8,9,13
ENSMUSG00000033805,0,1,0,2,0,0,1,1,0,0,1,0
ENSMUSG00000055493,3,85,66,73,79,76,67,91,93,87,91,112
ENSMUSG00000046785,2,74,54,49,66,53,82,51,70,82,63,92
ENSMUSG00000035203,68,718,687,482,705,667,711,600,668,817,687,954
ENSMUSG00000001036,12,84,64,41,75,76,95,68,71,67,95,96
ENSMUSG00000010080,7,84,110,62,57,127,105,123,84,178,146,212
ENSMUSG00000043439,0,3,5,7,6,4,3,4,10,8,7,12
ENSMUSG00000006235,2,2,7,5,7,3,3,6,7,4,6,8
ENSMUSG00000017733,0,0,0,0,0,1,0,0,0,0,0,1
ENSMUSG00000026615,20,247,200,144,217,241,308,272,307,285,346,353
ENSMUSG00000028552,11,77,74,46,90,76,109,93,100,87,98,88
ENSMUSG00000015766,3,22,21,16,25,22,42,32,40,31,27,58
ENSMUSG00000006154,5,16,8,13,12,8,10,16,20,22,21,22
ENSMUSG00000025504,1,15,10,7,13,11,8,7,9,8,22,18
ENSMUSG00000040600,0,0,0,0,0,0,0,1,0,0,0,0
ENSMUSG00000022014,2,12,4,6,4,10,20,44,19,15,18,67
ENSMUSG00000019936,0,0,0,0,0,0,0,0,0,0,0,0
ENSMUSG00000028575,0,0,0,0,1,0,1,2,0,0,0,1
ENSMUSG00000020832,2,91,76,59,70,95,61,87,83,104,93,117
ENSMUSG00000021583,4,80,60,43,68,68,85,99,94,76,86,157
ENSMUSG00000031160,0,0,0,0,0,0,0,0,0,0,0,0
ENSMUSG00000062312,1,10,14,7,20,16,27,15,20,18,25,29
ENSMUSG00000018166,1,20,13,17,13,19,16,14,10,10,12,18
ENSMUSG00000062209,1,20,19,10,8,12,29,14,24,15,15,17
ENSMUSG00000021709,2,71,79,54,80,73,110,79,98,76,84,124
ENSMUSG00000030172,8,73,71,59,73,57,66,53,56,54,57,89
ENSMUSG00000040640,1,0,4,1,1,5,2,5,2,5,6,7
ENSMUSG00000003549,24,93,96,76,113,104,137,151,162,211,162,230
ENSMUSG00000024382,1,42,29,26,27,43,44,52,54,50,66,66
ENSMUSG00000022545,4,25,25,26,17,33,31,25,24,18,29,36
ENSMUSG00000026048,7,34,33,22,25,42,28,33,33,44,24,42
ENSMUSG00000054051,0,8,10,8,12,8,14,13,10,7,8,15
ENSMUSG00000051220,0,4,1,2,1,0,2,3,3,2,0,2
ENSMUSG00000021470,0,22,28,13,25,24,27,19,19,31,31,35
ENSMUSG00000021694,0,14,6,5,8,5,10,12,8,6,8,7
ENSMUSG00000029377,0,0,0,0,0,0,0,2,0,0,1,5
ENSMUSG00000040857,5,50,54,38,71,85,96,99,117,67,81,139
ENSMUSG00000047443,0,0,0,0,0,0,1,0,0,0,1,0
ENSMUSG00000040732,12,75,58,46,66,66,52,58,72,82,92,107
ENSMUSG00000021252,2,27,21,14,31,23,38,33,19,28,35,50
ENSMUSG00000001576,10,121,104,72,123,102,111,142,118,87,143,206
ENSMUSG00000030304,8,95,93,59,88,81,96,97,119,121,126,175
ENSMUSG00000005881,28,202,199,162,202,232,273,301,240,296,332,429
ENSMUSG00000021131,7,99,90,52,88,89,85,98,101,82,101,140
ENSMUSG00000031527,0,28,24,17,31,23,23,27,37,24,28,40
ENSMUSG00000030929,0,10,4,1,5,8,10,4,3,1,8,8
ENSMUSG00000033423,36,278,257,224,260,281,307,304,280,327,374,463
ENSMUSG00000051978,0,10,9,7,10,7,14,13,15,10,6,11
ENSMUSG00000075302,0,0,0,0,0,0,0,1,0,1,1,0
ENSMUSG00000078161,0,1,0,1,1,2,1,0,1,2,0,3
ENSMUSG00000074261,0,0,0,0,0,0,0,0,2,0,0,1
ENSMUSG00000044726,0,0,0,0,0,0,0,0,1,0,0,0
ENSMUSG00000070471,0,0,0,0,0,0,0,0,0,0,0,0
ENSMUSG00000020311,7,134,114,83,121,118,115,150,122,142,166,217
ENSMUSG00000025198,0,14,16,8,20,19,19,24,15,12,23,28
ENSMUSG00000031483,4,59,58,28,53,50,68,54,43,44,54,62
ENSMUSG00000028644,0,0,1,0,0,0,0,0,0,0,1,1
ENSMUSG00000036552,4,64,48,35,70,67,74,68,73,84,87,98
ENSMUSG00000026830,0,0,0,0,0,0,0,0,0,0,0,0
ENSMUSG00000046324,3,32,28,18,27,22,28,22,23,21,38,42
ENSMUSG00000020715,1,20,28,5,15,22,27,21,29,16,27,23
ENSMUSG00000021831,1,37,28,20,42,30,32,40,33,34,37,44
ENSMUSG00000057069,4,19,16,13,20,12,19,12,18,9,18,25
ENSMUSG00000030219,0,3,0,1,2,3,1,3,1,2,1,1
ENSMUSG00000029616,20,218,192,130,181,212,213,271,211,234,260,359
ENSMUSG00000028343,8,101,95,70,95,93,109,100,107,92,102,171
ENSMUSG00000028967,10,143,64,112,131,186,100,150,132,75,169,197
ENSMUSG00000037482,0,0,0,0,0,0,0,0,0,0,0,0
ENSMUSG00000001946,39,186,168,98,178,162,188,200,179,188,217,270
ENSMUSG00000024293,0,19,9,6,17,10,18,15,31,16,30,22
ENSMUSG00000022034,0,2,0,1,1,0,2,2,0,1,1,2
ENSMUSG00000021996,33,446,414,295,425,434,612,658,562,482,636,895
ENSMUSG00000045624,3,32,37,29,44,53,48,40,30,31,42,66
ENSMUSG00000042379,2,5,7,2,7,12,5,6,1,4,5,3
ENSMUSG00000092244,0,0,1,0,0,0,0,0,0,0,0,0
ENSMUSG00000058290,0,2,2,0,1,3,3,5,2,6,2,6
ENSMUSG00000028943,2,9,13,14,18,13,13,16,13,18,11,18
ENSMUSG00000049515,0,0,3,0,0,1,0,2,0,0,1,0
ENSMUSG00000019768,1,2,3,4,2,1,2,1,2,4,7,2
ENSMUSG00000084128,1,1,2,2,3,2,4,2,1,1,5,2
ENSMUSG00000021255,6,97,79,44,86,86,92,73,101,106,110,107
ENSMUSG00000026610,4,84,65,43,78,60,64,45,67,31,43,72
ENSMUSG00000023443,0,0,0,0,0,0,0,0,0,0,0,0
ENSMUSG00000025366,11,112,84,76,106,94,168,173,118,125,150,228
ENSMUSG00000021171,7,83,85,60,75,75,103,89,92,72,77,131
ENSMUSG00000037681,0,1,0,0,0,0,0,0,1,0,0,0
ENSMUSG00000016984,0,5,7,4,7,11,7,9,9,9,5,10
ENSMUSG00000024360,32,337,307,210,299,336,431,417,416,349,498,651
ENSMUSG00000032314,82,1582,1418,959,1485,1459,1235,1403,1520,1428,1415,1977
ENSMUSG00000039958,2,26,38,37,47,29,50,48,61,49,42,93
ENSMUSG00000027809,50,1241,1133,866,1272,1168,1175,1084,1265,1274,1039,1502
ENSMUSG00000040370,8,275,254,157,252,266,277,223,277,267,265,325
ENSMUSG00000064254,9,212,171,154,165,200,143,161,177,203,181,253
ENSMUSG00000036617,19,142,102,77,137,136,145,83,102,76,106,115
ENSMUSG00000030275,10,99,61,59,79,63,91,82,68,73,84,113
ENSMUSG00000070644,0,3,2,1,2,1,0,3,2,1,3,1
ENSMUSG00000019232,0,0,0,0,0,0,0,0,0,0,1,0
ENSMUSG00000032035,8,107,77,43,89,85,78,66,66,74,112,101
ENSMUSG00000022895,43,351,271,199,301,294,339,251,286,262,368,453
ENSMUSG00000004151,3,32,31,13,30,46,33,33,40,28,26,44
ENSMUSG00000006311,0,0,0,0,0,0,0,0,0,0,0,1
ENSMUSG00000003382,4,40,52,27,57,68,50,51,67,51,52,50
ENSMUSG00000017724,0,0,3,1,3,3,3,3,1,2,0,5
ENSMUSG00000013089,4,60,67,40,55,87,111,78,84,91,88,106
ENSMUSG00000030199,5,29,21,24,24,37,35,37,23,22,31,60
ENSMUSG00000035104,0,11,8,4,9,10,10,6,11,11,10,10
ENSMUSG00000050212,20,96,65,51,61,62,79,98,86,80,92,137
ENSMUSG00000039903,2,6,0,0,7,5,7,15,13,13,8,10
ENSMUSG00000029122,2,22,12,6,14,15,27,27,10,21,26,30
ENSMUSG00000050248,3,15,19,11,22,32,25,20,23,26,22,21
ENSMUSG00000078771,2,17,15,5,13,6,19,55,11,6,9,49
ENSMUSG00000011831,1,35,39,24,31,36,38,40,38,47,38,47
ENSMUSG00000011832,2,68,61,43,61,62,45,53,50,79,63,73
ENSMUSG00000021262,17,85,79,66,85,84,84,114,87,115,94,189
ENSMUSG00000034282,0,3,2,4,0,1,0,1,3,2,1,0
ENSMUSG00000009079,16,178,122,117,165,158,175,180,206,178,178,266
ENSMUSG00000048647,0,2,2,2,3,2,2,1,2,1,1,3
ENSMUSG00000032705,1,43,34,22,35,37,54,39,43,57,50,56
ENSMUSG00000039748,0,1,1,0,0,0,2,0,1,1,0,0
ENSMUSG00000028629,0,4,4,4,9,3,4,3,5,6,3,7
ENSMUSG00000036435,4,31,29,26,36,36,46,59,38,49,41,72
ENSMUSG00000021357,1,32,27,32,39,36,37,31,45,37,48,45
ENSMUSG00000034152,13,226,208,141,217,190,192,220,212,250,265,298
ENSMUSG00000043251,14,15,14,8,14,16,28,22,16,18,20,23
ENSMUSG00000011263,1,3,4,2,1,4,0,2,2,2,3,6
ENSMUSG00000021280,0,17,11,4,10,19,14,30,19,10,15,35
ENSMUSG00000029763,8,131,140,83,132,116,150,126,128,122,124,175
ENSMUSG00000061244,10,68,92,37,79,70,95,78,62,80,79,134
ENSMUSG00000053799,3,49,43,24,46,41,51,43,41,40,49,76
ENSMUSG00000033769,4,62,71,38,60,61,70,55,65,79,71,83
ENSMUSG00000020792,13,152,120,107,136,141,188,193,215,231,280,298
ENSMUSG00000074030,6,59,39,35,51,59,55,49,62,68,82,96
ENSMUSG00000042787,2,9,12,5,6,6,5,16,5,13,13,15
ENSMUSG00000034321,6,28,44,13,33,29,68,47,64,70,75,68
ENSMUSG00000017264,14,124,133,90,113,106,164,164,196,211,263,271
ENSMUSG00000039356,2,16,16,8,17,20,23,30,26,25,29,27
ENSMUSG00000028322,3,35,30,28,36,33,33,40,38,33,44,55
ENSMUSG00000034259,15,179,107,83,112,117,165,174,232,192,287,257
ENSMUSG00000061286,8,74,61,52,70,66,80,104,101,110,121,154
ENSMUSG00000025785,4,70,58,50,68,75,64,58,85,74,101,109
ENSMUSG00000027752,3,40,41,31,55,42,60,54,66,54,65,94
ENSMUSG00000027714,5,64,43,38,56,51,54,61,53,55,72,78
ENSMUSG00000034584,0,0,2,2,0,2,1,2,0,0,1,0
ENSMUSG00000061731,7,92,70,40,88,111,78,62,72,97,69,122
ENSMUSG00000027198,8,80,87,49,97,96,116,114,89,79,106,136
ENSMUSG00000028838,4,76,61,55,49,58,48,45,26,43,57,69
ENSMUSG00000027963,2,56,41,27,40,34,33,38,37,41,40,59
ENSMUSG00000021978,9,124,130,83,133,127,133,113,104,107,130,172
ENSMUSG00000025932,1,6,4,0,8,2,3,5,5,5,2,6
ENSMUSG00000017897,1,5,4,5,6,7,10,14,9,3,10,8
ENSMUSG00000028886,3,76,76,46,50,72,75,59,64,61,76,93
ENSMUSG00000010461,2,0,1,0,1,0,1,1,0,0,0,1
ENSMUSG00000006920,19,105,108,86,131,120,157,174,218,207,188,228
ENSMUSG00000029687,5,12,13,5,8,12,9,15,9,9,12,24
ENSMUSG00000052397,15,221,186,145,193,210,225,269,223,263,296,341
ENSMUSG00000031444,3,2,3,1,0,0,10,10,2,2,0,16
ENSMUSG00000031645,0,0,0,0,0,0,1,0,0,0,0,0
ENSMUSG00000038235,12,105,96,67,112,108,121,127,133,117,115,177
ENSMUSG00000021492,0,0,0,0,0,0,0,0,0,1,0,0
ENSMUSG00000039109,6,88,69,40,78,75,79,107,54,45,67,119
ENSMUSG00000026368,0,0,0,0,0,0,0,0,0,0,0,0
ENSMUSG00000027249,0,0,0,0,1,0,0,0,0,0,0,0
ENSMUSG00000048376,5,80,65,51,68,69,70,71,84,60,71,93
ENSMUSG00000021678,0,0,7,2,1,1,1,0,0,0,2,5
ENSMUSG00000021675,0,3,0,0,1,0,0,2,1,2,0,1
ENSMUSG00000050147,1,0,2,0,1,2,3,2,1,0,0,2
ENSMUSG00000028128,4,38,36,18,22,30,44,44,34,33,42,43
ENSMUSG00000026579,5,4,3,0,10,1,0,3,4,1,1,1
ENSMUSG00000031443,1,2,3,1,1,0,7,3,0,4,0,10
ENSMUSG00000031196,0,5,1,4,1,1,6,2,4,2,2,3
ENSMUSG00000090942,2,30,28,27,21,39,92,355,544,100,88,619
ENSMUSG00000078317,3,33,27,17,32,25,40,20,33,28,28,45
ENSMUSG00000031138,0,0,0,0,0,0,0,2,0,0,0,0
ENSMUSG00000033579,1,0,0,0,0,0,1,1,1,1,0,2
ENSMUSG00000034171,0,0,0,0,1,1,1,3,2,1,1,2
ENSMUSG00000025384,9,62,51,40,37,60,66,46,64,44,65,79
ENSMUSG00000073684,10,37,43,22,33,29,51,60,50,51,67,92
ENSMUSG00000030493,1,10,8,1,6,10,11,6,14,9,15,22
ENSMUSG00000054422,0,0,0,0,0,0,1,0,0,1,0,1
ENSMUSG00000027530,0,0,0,0,2,0,0,0,1,0,0,0
ENSMUSG00000028773,762,18089,15212,11749,15757,16054,15931,16031,18309,17749,15764,21874
ENSMUSG00000062515,393,2331,2223,1810,2910,2479,2363,2759,3348,2746,2341,3728
ENSMUSG00000027533,16,63,56,38,65,52,62,78,44,44,62,119
ENSMUSG00000019874,0,5,0,0,5,0,2,0,1,0,7,1
ENSMUSG00000027528,0,0,0,0,1,0,0,0,0,0,0,0
ENSMUSG00000031077,10,90,64,52,62,85,108,95,107,93,127,146
ENSMUSG00000010663,5,54,48,38,55,56,60,66,65,77,79,101
ENSMUSG00000024665,0,0,3,1,0,0,0,0,0,2,3,2
ENSMUSG00000024664,8,145,141,86,104,116,214,208,196,225,269,376
ENSMUSG00000044788,0,6,10,3,6,10,16,2,5,2,10,7
ENSMUSG00000010517,24,349,248,202,293,262,355,309,387,370,467,473
ENSMUSG00000025873,2,50,41,25,29,35,53,59,37,52,41,63
ENSMUSG00000030630,2,111,95,71,80,69,75,98,95,150,126,148
ENSMUSG00000045316,7,226,181,141,158,171,139,185,193,177,136,240
ENSMUSG00000027371,9,134,166,91,144,146,126,116,117,160,144,181
ENSMUSG00000032463,2,16,14,15,18,17,20,21,26,30,24,30
ENSMUSG00000023011,0,0,0,0,0,0,0,0,0,0,3,0
ENSMUSG00000096316,0,0,0,0,0,1,1,0,0,1,0,0
ENSMUSG00000039157,3,23,31,14,23,22,29,22,44,27,45,33
ENSMUSG00000040339,2,34,24,23,25,41,48,43,29,45,34,46
ENSMUSG00000038646,8,67,51,38,58,68,59,74,90,56,75,100
ENSMUSG00000041629,12,95,90,61,96,101,105,138,115,132,149,184
ENSMUSG00000056069,2,8,7,4,1,6,13,14,12,5,8,23
ENSMUSG00000021750,5,12,10,10,7,18,28,28,63,77,24,81
ENSMUSG00000026655,3,20,16,12,9,10,27,19,13,16,29,26
ENSMUSG00000044134,2,34,32,30,43,42,43,47,35,52,59,50
ENSMUSG00000049687,0,4,3,4,4,0,1,0,0,2,5,4
ENSMUSG00000027459,3,24,20,9,19,11,23,14,12,22,27,17
ENSMUSG00000049119,0,37,26,18,33,20,34,22,28,23,42,37
ENSMUSG00000036136,0,0,0,0,1,0,0,1,0,1,0,0
ENSMUSG00000024691,1,19,9,10,14,12,27,27,10,12,14,32
ENSMUSG00000029185,4,29,26,10,27,29,31,25,19,19,28,52
ENSMUSG00000020523,20,166,181,87,175,188,231,178,249,156,203,232
ENSMUSG00000038893,6,25,27,9,12,14,13,17,12,21,26,20
ENSMUSG00000041040,10,43,54,43,31,52,61,65,78,87,35,101
ENSMUSG00000022434,2,16,15,15,24,23,30,17,22,21,22,34
ENSMUSG00000050471,4,38,40,27,24,32,51,41,34,36,30,67
ENSMUSG00000038014,19,242,206,139,209,203,226,160,187,138,185,263
ENSMUSG00000014763,6,77,71,46,70,76,89,63,84,80,64,90
ENSMUSG00000025262,0,0,0,0,0,0,1,0,1,0,0,3
ENSMUSG00000074922,4,70,67,46,71,81,83,69,92,77,87,109
ENSMUSG00000036022,0,5,3,6,4,5,5,7,11,8,5,18
ENSMUSG00000036013,0,0,1,0,0,0,0,0,0,0,0,0
ENSMUSG00000035184,7,27,18,15,17,22,25,28,25,29,36,35
ENSMUSG00000043230,0,0,0,1,0,0,0,0,0,0,2,0
ENSMUSG00000028995,3,77,74,64,74,114,98,82,85,83,70,92
ENSMUSG00000038174,3,34,53,42,57,57,66,55,62,37,47,62
ENSMUSG00000026483,3,27,29,28,42,30,51,46,38,31,44,52
ENSMUSG00000026796,12,77,76,56,87,86,98,121,89,109,119,175
ENSMUSG00000043243,1,2,1,5,1,1,1,1,1,3,1,3
ENSMUSG00000050821,3,87,67,46,67,53,33,44,27,46,36,47
ENSMUSG00000029861,0,1,1,1,1,0,2,2,1,1,1,4
ENSMUSG00000006218,0,6,1,2,0,2,2,0,1,6,1,3
ENSMUSG00000058503,9,24,21,14,30,25,32,26,33,22,21,34
ENSMUSG00000026153,3,52,33,28,38,58,44,37,54,33,31,64
ENSMUSG00000057497,10,117,95,67,83,83,110,120,110,86,136,163
ENSMUSG00000037709,4,55,40,33,65,68,75,55,87,47,52,65
ENSMUSG00000036501,2,5,7,6,7,10,4,8,5,8,6,9
ENSMUSG00000043259,0,12,8,11,19,14,14,21,19,9,10,11
ENSMUSG00000070044,2,21,13,13,14,20,15,13,11,12,13,22
ENSMUSG00000039599,4,70,56,47,67,61,70,53,69,56,70,88
ENSMUSG00000034871,0,1,2,0,0,0,1,0,0,0,0,1
ENSMUSG00000034334,0,9,7,3,4,8,10,13,15,8,7,24
ENSMUSG00000079157,0,0,0,0,0,0,0,0,0,0,0,1
ENSMUSG00000059816,0,0,1,0,0,1,0,0,0,2,0,0
ENSMUSG00000044465,5,54,48,30,43,49,51,39,42,49,57,73
ENSMUSG00000033478,5,63,48,35,47,56,64,51,54,54,49,60
ENSMUSG00000022095,7,76,82,55,68,60,81,70,72,74,99,98
ENSMUSG00000049811,0,3,8,4,8,9,5,4,1,9,8,3
ENSMUSG00000021234,1,20,11,13,22,15,27,25,24,36,23,34
ENSMUSG00000003955,31,556,478,382,509,569,463,538,480,558,551,764
ENSMUSG00000015484,0,0,0,0,0,0,0,0,0,0,0,0
ENSMUSG00000009216,0,4,4,1,4,0,2,1,0,3,0,0
ENSMUSG00000026969,0,5,5,3,3,3,6,7,2,4,3,5
ENSMUSG00000042788,0,0,0,0,0,0,0,0,1,0,0,0
ENSMUSG00000035095,0,0,1,0,0,0,0,0,1,0,0,0
ENSMUSG00000050493,0,6,2,0,0,2,3,5,3,0,5,4
ENSMUSG00000029461,4,81,75,49,64,66,99,68,73,89,87,117
ENSMUSG00000037503,13,122,91,67,88,117,112,96,98,109,147,153
ENSMUSG00000041817,0,6,1,5,4,3,3,4,2,8,1,5
ENSMUSG00000074071,0,1,2,0,0,0,0,3,0,0,1,0
ENSMUSG00000078127,0,0,0,0,0,0,0,0,0,0,0,0
ENSMUSG00000050530,6,67,53,57,50,56,65,49,43,47,47,68
ENSMUSG00000034685,2,15,12,7,13,13,15,16,8,11,17,22
ENSMUSG00000048388,1,0,2,5,3,5,3,5,4,0,1,3
ENSMUSG00000064138,3,32,26,25,16,31,23,31,32,37,26,37
ENSMUSG00000057411,8,174,154,99,169,150,172,177,173,171,160,253
ENSMUSG00000039065,0,44,38,26,39,43,47,50,35,33,58,69
ENSMUSG00000051185,9,165,143,85,129,155,135,152,136,141,141,203
ENSMUSG00000078670,60,1063,1010,877,1052,1200,1335,1285,1268,1708,1811,2172
ENSMUSG00000095595,15,75,60,56,87,87,91,119,127,121,122,167
ENSMUSG00000046337,0,0,1,2,1,1,2,2,0,0,0,2
ENSMUSG00000047420,0,2,0,0,1,1,0,2,1,0,1,1
ENSMUSG00000096753,0,0,0,0,0,0,0,0,1,0,0,0
ENSMUSG00000051515,3,15,12,6,11,8,13,16,19,15,25,21
ENSMUSG00000049154,0,0,0,1,1,0,0,0,0,0,0,0
ENSMUSG00000019856,0,5,7,0,3,2,5,2,4,3,2,4
ENSMUSG00000015879,0,0,0,1,0,0,1,0,0,0,0,0
ENSMUSG00000047221,2,31,33,23,41,41,32,24,46,39,47,45
ENSMUSG00000045350,0,1,0,0,0,0,0,0,1,0,0,0
ENSMUSG00000078907,0,0,0,0,0,0,0,0,0,0,0,0
ENSMUSG00000046826,0,0,0,0,0,0,0,2,0,1,0,1
ENSMUSG00000030518,0,0,0,0,0,0,0,0,0,0,0,0
ENSMUSG00000071604,25,213,200,142,212,258,258,302,270,212,216,344
ENSMUSG00000032657,0,15,10,9,15,11,14,9,14,8,9,26
ENSMUSG00000031774,6,80,58,65,74,74,101,91,108,82,124,163
ENSMUSG00000037210,10,40,30,31,43,41,42,40,35,52,60,47
ENSMUSG00000021495,23,74,58,37,75,78,94,63,78,65,87,104
ENSMUSG00000073805,5,6,8,8,12,11,13,5,7,4,9,19
ENSMUSG00000069911,0,0,0,0,0,0,0,0,0,0,1,0
ENSMUSG00000038233,0,3,1,0,0,0,0,2,2,1,2,4
ENSMUSG00000027955,10,62,56,55,82,68,65,68,45,57,58,85
ENSMUSG00000042595,0,19,13,8,10,16,13,18,10,7,16,18
ENSMUSG00000059187,0,0,0,0,0,0,0,0,0,0,0,0
ENSMUSG00000044071,0,0,0,0,0,0,1,2,0,1,0,2
ENSMUSG00000055865,3,4,10,3,9,3,3,2,2,2,1,5
ENSMUSG00000054863,0,17,23,14,14,25,19,21,18,39,20,23
ENSMUSG00000057858,1,23,39,19,16,28,14,18,24,33,23,28
ENSMUSG00000093996,0,0,0,0,0,0,0,0,0,0,3,0
ENSMUSG00000078746,0,0,0,0,0,0,0,0,0,0,0,1
ENSMUSG00000050141,0,0,0,2,0,0,3,0,1,1,0,0
ENSMUSG00000038827,2,11,10,6,7,10,16,10,7,7,7,13
ENSMUSG00000032977,3,35,41,24,48,36,51,56,60,63,49,94
ENSMUSG00000040651,7,31,39,32,52,41,46,57,54,49,37,56
ENSMUSG00000033799,1,9,10,8,14,14,9,21,12,10,11,5
ENSMUSG00000027505,0,1,0,0,0,3,0,0,0,0,0,2
ENSMUSG00000020614,4,19,19,17,18,21,32,23,23,17,37,24
ENSMUSG00000033557,9,189,133,92,138,155,131,142,120,117,133,188
ENSMUSG00000025854,0,63,53,31,53,55,48,54,45,42,49,72
ENSMUSG00000038121,21,369,330,224,376,329,323,286,333,291,265,342
ENSMUSG00000027495,5,40,34,26,45,57,31,47,59,43,60,58
ENSMUSG00000042106,5,46,29,19,26,25,37,19,16,21,25,17
ENSMUSG00000048458,0,49,47,49,38,63,54,45,63,40,54,63
ENSMUSG00000021792,16,106,61,54,83,65,72,75,110,92,112,101
ENSMUSG00000029059,34,515,518,331,495,509,553,602,558,673,949,894
ENSMUSG00000034858,4,59,65,64,84,86,80,85,121,119,61,130
ENSMUSG00000036002,9,80,83,66,80,105,111,92,83,118,102,139
ENSMUSG00000029463,2,30,14,11,35,21,22,20,22,41,32,41
ENSMUSG00000021414,0,0,0,0,0,0,0,2,0,2,1,0
ENSMUSG00000070476,4,72,66,41,70,65,61,77,61,55,62,98
ENSMUSG00000028439,8,41,43,45,55,41,80,67,52,88,73,71
ENSMUSG00000032305,6,65,61,43,61,60,64,42,55,48,47,86
ENSMUSG00000083012,43,330,218,144,286,217,276,308,267,259,370,349
ENSMUSG00000047115,0,1,1,0,1,0,2,2,3,1,0,2
ENSMUSG00000043633,13,224,196,139,172,175,197,199,192,162,171,287
ENSMUSG00000041930,0,6,3,8,7,5,1,2,1,4,7,3
ENSMUSG00000037750,3,24,31,17,27,37,35,40,32,23,30,56
ENSMUSG00000042564,3,3,0,0,3,2,7,3,4,2,4,5
ENSMUSG00000027209,0,0,0,0,0,1,0,0,0,0,0,1
ENSMUSG00000079177,0,3,2,3,1,1,0,0,1,4,1,0
ENSMUSG00000050545,1,6,5,4,16,11,15,11,15,13,5,10
ENSMUSG00000078554,0,0,2,0,1,0,0,1,0,0,1,1
ENSMUSG00000051736,1,20,25,13,13,18,24,19,24,19,36,36
ENSMUSG00000024187,20,349,324,241,331,325,334,320,354,347,315,398
ENSMUSG00000030207,0,11,5,7,11,9,14,15,11,7,13,18
ENSMUSG00000030859,0,1,0,0,0,0,0,0,0,0,0,0
ENSMUSG00000043681,0,0,1,0,0,1,0,0,0,0,0,0
ENSMUSG00000039508,0,0,0,0,0,0,0,0,0,0,0,0
ENSMUSG00000049872,0,7,10,1,12,5,11,10,17,12,10,18
ENSMUSG00000046031,0,2,2,0,1,1,4,7,4,3,1,29
ENSMUSG00000003039,4,68,64,35,78,64,82,86,75,94,72,109
ENSMUSG00000041471,1,18,12,7,10,14,12,8,8,14,14,18
ENSMUSG00000031399,5,72,56,51,74,70,79,89,76,82,96,124
ENSMUSG00000022938,0,0,0,0,0,0,0,0,0,0,0,4
ENSMUSG00000029672,7,63,48,39,51,69,63,55,53,61,36,82
ENSMUSG00000046546,11,85,83,46,79,50,70,46,56,61,88,68
ENSMUSG00000024993,4,34,26,17,22,27,36,29,24,24,25,45
ENSMUSG00000032265,4,39,38,42,48,71,96,134,99,65,58,164
ENSMUSG00000046694,1,2,4,1,3,4,8,15,13,17,5,23
ENSMUSG00000044468,37,85,47,26,49,30,14,15,17,8,13,53
ENSMUSG00000078315,0,0,0,0,0,0,0,0,0,0,0,0
ENSMUSG00000020589,0,11,11,13,17,11,16,18,13,16,12,32
ENSMUSG00000022378,3,65,46,32,39,58,83,73,59,61,62,104
ENSMUSG00000037339,5,75,71,42,71,72,63,62,81,73,64,99
ENSMUSG00000030956,12,100,86,48,83,73,69,69,65,76,111,97
ENSMUSG00000034300,3,41,57,40,57,55,58,59,52,50,66,75
ENSMUSG00000069808,0,7,6,8,4,7,7,9,8,7,6,8
ENSMUSG00000058966,10,59,52,36,37,37,61,56,44,88,60,77
ENSMUSG00000049489,6,67,69,44,64,44,54,58,52,62,72,91
ENSMUSG00000039985,1,4,4,1,2,2,0,4,3,2,2,6
ENSMUSG00000029270,1,19,18,6,20,17,17,15,17,13,17,32
ENSMUSG00000047992,0,0,0,0,0,0,1,0,0,0,0,0
ENSMUSG00000020401,0,0,0,0,0,0,0,0,0,0,0,0
ENSMUSG00000056987,0,0,0,0,0,0,0,0,0,0,1,1
ENSMUSG00000051113,0,12,14,10,7,13,11,20,11,20,14,18
ENSMUSG00000079652,0,2,1,2,0,1,0,2,1,0,1,1
ENSMUSG00000055184,0,4,1,3,7,5,2,8,12,4,2,12
ENSMUSG00000028878,8,78,80,69,88,101,133,93,95,101,99,147
ENSMUSG00000037808,1,28,36,15,34,32,40,32,43,49,34,50
ENSMUSG00000050592,5,97,90,49,51,65,56,51,52,52,73,67
ENSMUSG00000060568,4,6,5,5,4,8,7,4,7,7,2,8
ENSMUSG00000032224,3,35,21,22,32,29,11,9,14,24,16,27
ENSMUSG00000109228,0,0,0,0,1,0,0,1,0,0,0,0
ENSMUSG00000051225,1,0,0,0,0,1,0,0,0,2,0,0
ENSMUSG00000074647,0,0,0,0,0,0,0,0,0,0,1,0
ENSMUSG00000027654,0,2,0,0,0,0,1,2,0,0,2,1
ENSMUSG00000054161,0,1,1,1,0,2,1,1,2,1,2,0
ENSMUSG00000022408,0,0,0,1,0,0,0,0,1,1,1,1
ENSMUSG00000042377,0,2,1,1,2,0,0,0,1,3,2,1
ENSMUSG00000046761,0,3,0,2,3,2,3,1,4,2,1,4
ENSMUSG00000020607,0,2,1,1,3,5,1,2,0,4,0,3
ENSMUSG00000072568,0,20,19,12,31,22,16,8,11,10,22,22
ENSMUSG00000043068,0,5,5,2,6,5,2,5,4,3,7,3
ENSMUSG00000069237,11,99,92,81,108,87,133,113,116,103,118,176
ENSMUSG00000043549,0,0,0,0,0,0,0,0,0,0,0,0
ENSMUSG00000037119,3,46,26,19,28,33,23,35,39,33,41,48
ENSMUSG00000028218,4,52,36,39,43,50,45,59,77,38,38,61
ENSMUSG00000032381,6,121,130,76,116,114,123,133,120,133,155,202
ENSMUSG00000031879,11,204,216,162,201,195,265,301,280,245,285,445
ENSMUSG00000002017,5,124,114,75,101,113,146,130,122,69,139,153
ENSMUSG00000027349,4,74,67,34,57,58,59,68,66,55,62,106
ENSMUSG00000030590,5,73,72,40,62,71,81,80,67,60,101,118
ENSMUSG00000033458,0,0,0,0,0,0,1,1,0,0,1,0
ENSMUSG00000032815,1,4,2,0,2,5,1,5,0,6,3,9
ENSMUSG00000047757,0,3,5,1,6,4,4,0,2,3,2,5
ENSMUSG00000021461,3,19,17,7,12,4,9,16,23,8,15,18
ENSMUSG00000034023,0,0,0,0,0,2,1,0,3,1,2,1
ENSMUSG00000033963,0,0,0,0,0,0,0,0,0,0,0,0
ENSMUSG00000007570,1,35,33,15,32,27,31,37,32,42,30,54
ENSMUSG00000092118,1,13,5,2,11,5,9,5,7,9,9,12
ENSMUSG00000028453,0,6,6,4,3,1,8,5,8,5,5,8
ENSMUSG00000039187,0,0,0,0,2,1,2,2,3,3,2,3
ENSMUSG00000004018,1,30,20,22,28,26,26,19,40,30,28,46
ENSMUSG00000055884,0,5,4,1,5,7,4,3,3,3,2,7
ENSMUSG00000053111,0,0,0,0,0,0,0,0,0,1,0,0
ENSMUSG00000000392,1,11,11,4,12,14,6,10,8,6,7,17
ENSMUSG00000030759,5,48,41,27,55,49,60,40,49,31,37,67
ENSMUSG00000030303,0,1,0,0,0,0,1,2,2,0,0,3
ENSMUSG00000025555,4,23,21,21,30,25,31,27,22,19,35,44
ENSMUSG00000034066,6,61,45,43,57,61,64,73,60,72,70,68
ENSMUSG00000021420,15,244,220,147,187,198,182,190,221,241,249,307
ENSMUSG00000026245,12,185,176,115,125,154,222,174,216,171,224,262
ENSMUSG00000024778,10,50,24,31,40,46,42,60,56,59,38,120
ENSMUSG00000000817,0,0,0,0,0,0,0,0,0,1,0,2
ENSMUSG00000025153,2,56,64,50,59,61,72,59,50,58,83,85
ENSMUSG00000027086,1,49,44,35,51,50,60,53,56,54,47,56
ENSMUSG00000025962,3,76,87,43,69,69,74,68,76,45,57,98
ENSMUSG00000021532,2,15,15,13,20,15,29,20,22,21,26,26
ENSMUSG00000079043,0,18,26,11,22,18,27,11,15,18,16,28
ENSMUSG00000070047,2,34,33,19,42,41,40,36,27,21,32,40
ENSMUSG00000055333,1,0,0,0,0,2,0,0,0,0,0,0
ENSMUSG00000074505,1,1,0,0,0,0,0,1,0,0,0,1
ENSMUSG00000046743,0,15,7,2,9,9,11,6,4,5,11,4
ENSMUSG00000053593,0,1,0,0,0,0,0,0,0,0,0,0
ENSMUSG00000038274,119,720,705,558,672,673,1033,1118,1090,1232,1313,1630
ENSMUSG00000028246,1,0,0,0,0,0,0,0,0,2,0,2
ENSMUSG00000020776,4,29,25,30,29,29,33,30,30,39,40,36
ENSMUSG00000046865,7,36,28,14,29,27,40,48,38,32,36,59
ENSMUSG00000006219,25,748,541,385,562,604,420,405,467,454,458,614
ENSMUSG00000051062,0,0,0,0,0,0,0,0,0,0,0,0
ENSMUSG00000006369,25,282,245,217,329,293,318,329,341,454,458,596
ENSMUSG00000064080,19,154,153,101,186,175,241,246,149,205,182,311
ENSMUSG00000021186,3,66,59,38,63,67,65,76,66,62,76,89
ENSMUSG00000027386,0,0,0,0,1,0,0,1,0,0,2,1
ENSMUSG00000027204,12,175,127,54,180,101,197,202,72,72,109,205
ENSMUSG00000024598,0,3,3,0,8,4,5,3,2,0,4,6
ENSMUSG00000069805,0,0,0,2,0,0,0,0,2,2,0,1
ENSMUSG00000021456,10,185,142,112,157,149,217,192,279,254,175,282
ENSMUSG00000043323,9,123,123,65,123,137,145,105,106,119,160,168
ENSMUSG00000066892,3,34,22,14,29,33,35,24,35,21,31,38
ENSMUSG00000048520,0,0,1,0,0,2,1,1,0,1,0,1
ENSMUSG00000030019,2,27,39,25,26,32,36,43,30,30,45,65
ENSMUSG00000025226,0,33,32,17,34,24,18,23,27,22,36,38
ENSMUSG00000025738,0,3,9,7,10,5,2,6,4,8,4,6
ENSMUSG00000023965,6,70,54,45,59,51,77,59,81,56,82,87
ENSMUSG00000066640,1,26,17,24,18,13,27,18,23,24,26,24
ENSMUSG00000030811,4,12,14,7,9,12,19,19,13,9,19,21
ENSMUSG00000032507,1,3,0,0,2,0,3,1,0,3,2,2
ENSMUSG00000020883,3,42,53,35,59,52,61,52,64,45,46,65
ENSMUSG00000035509,0,1,0,1,1,2,2,2,1,0,2,0
ENSMUSG00000050503,27,546,517,419,533,577,259,323,347,296,363,576
ENSMUSG00000022124,12,161,131,104,154,134,169,135,153,151,165,173
ENSMUSG00000040410,2,22,21,9,24,18,25,29,35,22,29,41
ENSMUSG00000039753,12,109,104,61,108,114,112,133,173,139,113,162
ENSMUSG00000022559,1,35,35,18,40,38,41,35,39,17,36,47
ENSMUSG00000033313,2,14,9,11,9,10,10,9,11,12,16,20
ENSMUSG00000048232,0,30,25,20,19,26,33,28,21,22,29,24
ENSMUSG00000005371,6,87,57,45,69,69,90,68,86,70,56,91
ENSMUSG00000034532,0,0,2,3,1,0,0,3,3,6,4,7
ENSMUSG00000030598,0,1,1,2,3,5,5,2,5,3,5,7
ENSMUSG00000058594,10,164,120,108,132,141,162,157,159,136,150,187
ENSMUSG00000041556,0,0,1,0,4,0,2,0,1,0,1,2
ENSMUSG00000032898,4,69,59,62,104,99,98,103,126,96,75,130
ENSMUSG00000032309,10,117,92,67,74,89,109,99,99,110,118,143
ENSMUSG00000089984,0,1,0,1,1,2,0,0,3,1,1,0
ENSMUSG00000038365,4,36,33,25,38,31,39,38,27,28,31,53
ENSMUSG00000037463,0,0,0,0,0,0,0,1,0,1,2,2
ENSMUSG00000047539,5,51,43,34,51,45,62,62,54,59,53,79
ENSMUSG00000027180,13,237,223,179,234,259,257,221,248,278,194,330
ENSMUSG00000047648,2,58,48,35,57,58,80,64,48,46,55,70
ENSMUSG00000052934,22,331,314,228,312,304,528,491,593,539,471,629
ENSMUSG00000022358,26,308,311,240,328,294,422,402,526,400,427,601
ENSMUSG00000035329,3,25,23,12,28,27,28,19,24,20,15,29
ENSMUSG00000037536,0,15,15,5,19,12,11,12,4,8,12,14
ENSMUSG00000073633,1,11,8,8,5,8,7,16,12,8,16,13
ENSMUSG00000042211,3,54,42,35,45,45,53,54,62,58,45,74
ENSMUSG00000022184,1,26,27,17,18,25,22,31,29,27,30,40
ENSMUSG00000047746,30,700,582,409,602,629,719,598,574,715,749,775
ENSMUSG00000047013,0,0,0,0,0,0,0,0,0,0,0,0
ENSMUSG00000028920,2,30,23,38,33,36,31,40,40,32,39,56
ENSMUSG00000048230,0,0,0,0,0,2,0,0,0,0,0,0
ENSMUSG00000029001,4,83,62,58,68,65,78,60,83,104,101,119
ENSMUSG00000035764,8,43,57,25,59,33,42,30,55,59,46,53
ENSMUSG00000050428,1,11,15,6,24,17,13,21,24,22,28,21
ENSMUSG00000070336,0,0,0,0,0,0,0,0,2,0,0,1
ENSMUSG00000044966,0,0,0,0,0,0,0,0,0,0,0,0
ENSMUSG00000019773,2,2,1,2,3,3,4,6,1,1,1,10
ENSMUSG00000055401,10,159,142,129,150,129,182,181,206,224,208,301
ENSMUSG00000001786,4,52,42,30,46,38,69,44,71,80,66,105
ENSMUSG00000038206,4,117,109,62,118,108,103,124,151,118,130,155
ENSMUSG00000001366,8,94,73,58,85,71,65,89,77,96,105,119
ENSMUSG00000020271,10,104,82,58,102,86,93,95,106,98,103,154
ENSMUSG00000049314,0,0,0,0,1,0,0,0,0,0,0,0
ENSMUSG00000074060,0,0,0,0,0,0,0,1,0,0,0,0
ENSMUSG00000037816,1,4,12,5,9,6,15,24,12,14,17,37
ENSMUSG00000074061,0,0,0,0,0,1,0,1,0,0,1,0
ENSMUSG00000035949,12,100,72,67,88,110,123,105,107,82,100,137
ENSMUSG00000062275,0,0,0,0,0,0,0,0,0,0,0,0
ENSMUSG00000054087,0,0,0,0,0,0,0,0,0,0,0,0
ENSMUSG00000040913,5,108,106,63,84,92,109,99,116,108,124,159
ENSMUSG00000015095,25,346,310,224,291,279,297,284,274,337,363,392
ENSMUSG00000028086,12,166,138,99,157,127,130,75,127,87,122,154
ENSMUSG00000032867,17,181,162,144,176,161,199,204,196,225,264,279
ENSMUSG00000005339,0,0,0,0,0,0,0,0,0,1,0,0
ENSMUSG00000058715,10,119,66,53,65,86,326,524,232,131,167,692
ENSMUSG00000005540,0,2,2,0,1,3,0,1,1,0,2,1
ENSMUSG00000021243,5,56,45,39,61,51,119,98,133,65,98,145
ENSMUSG00000047730,0,1,0,0,0,1,0,0,0,0,0,0
ENSMUSG00000015947,3,18,14,8,13,22,77,156,33,38,41,247
ENSMUSG00000026656,1,29,17,12,21,19,55,61,34,40,32,101
ENSMUSG00000059498,7,67,49,39,61,60,142,193,111,111,91,255
ENSMUSG00000059089,2,10,7,5,10,15,52,143,38,34,32,227
ENSMUSG00000003420,30,340,279,251,339,335,365,368,396,421,445,583
ENSMUSG00000070000,0,0,2,0,0,3,5,8,1,6,2,7
ENSMUSG00000041685,7,71,43,40,62,58,73,53,70,65,63,85
ENSMUSG00000038524,0,7,8,6,6,5,5,2,3,8,5,8
ENSMUSG00000030691,3,35,38,32,49,37,48,32,42,25,41,52
ENSMUSG00000042474,1,5,2,0,1,1,3,1,5,5,4,2
ENSMUSG00000026938,0,17,14,9,7,4,15,11,5,8,9,17
ENSMUSG00000026835,0,0,0,0,0,0,0,0,0,0,0,0
ENSMUSG00000089665,0,0,0,0,1,0,1,1,1,2,1,1
ENSMUSG00000059994,0,1,2,0,0,0,1,1,2,1,0,2
ENSMUSG00000048031,0,0,0,0,0,0,0,0,0,1,0,0
ENSMUSG00000070504,0,0,0,0,0,0,0,0,0,0,0,0
ENSMUSG00000038421,0,1,2,1,3,1,0,0,1,1,0,0
ENSMUSG00000070524,0,0,0,0,0,0,0,0,0,0,0,0
ENSMUSG00000015852,1,43,30,10,28,16,26,29,14,21,26,50
ENSMUSG00000021273,10,117,134,100,157,128,139,155,271,236,184,189
ENSMUSG00000059743,1,15,9,5,16,9,16,11,11,12,8,15
ENSMUSG00000032051,8,304,297,193,304,280,270,274,324,287,377,464
ENSMUSG00000037845,0,13,10,6,7,9,7,12,18,13,11,18
ENSMUSG00000018861,4,49,28,22,37,31,42,38,28,44,50,66
ENSMUSG00000024588,58,445,430,308,403,372,392,357,359,419,411,549
ENSMUSG00000043683,42,818,754,551,768,751,798,799,859,1010,1033,1156
ENSMUSG00000032244,3,52,28,27,41,48,67,71,61,55,52,84
ENSMUSG00000033319,2,65,37,31,54,54,40,68,46,56,68,67
ENSMUSG00000024742,1,14,13,9,11,12,15,13,15,23,12,35
ENSMUSG00000000127,1,44,41,21,41,32,43,31,46,53,38,60
ENSMUSG00000037432,0,0,0,0,0,0,1,0,1,1,1,1
ENSMUSG00000037106,1,0,4,1,1,2,0,1,1,1,0,1
ENSMUSG00000037712,47,333,317,215,357,361,389,343,363,264,246,389
ENSMUSG00000024965,7,15,20,9,19,11,36,43,23,18,24,68
ENSMUSG00000053158,5,38,27,24,25,23,47,58,27,37,50,74
ENSMUSG00000022871,0,1,0,0,1,2,4,5,9,7,8,6
ENSMUSG00000032118,0,6,5,3,6,4,4,4,2,6,6,3
ENSMUSG00000056121,20,264,220,159,211,202,183,215,196,228,238,352
ENSMUSG00000044453,0,0,0,0,2,3,2,1,2,0,2,1
ENSMUSG00000051314,0,1,1,2,0,0,1,1,0,1,3,0
ENSMUSG00000054200,0,0,0,0,0,0,0,0,0,0,0,0
ENSMUSG00000028001,0,0,0,0,0,0,0,0,0,0,0,0
ENSMUSG00000033831,0,0,0,0,0,0,0,0,0,0,0,0
ENSMUSG00000025265,0,27,15,15,28,20,12,21,17,21,25,23
ENSMUSG00000024013,1,12,15,8,11,12,20,37,23,27,23,53
ENSMUSG00000037946,0,2,5,1,4,3,7,15,8,4,4,13
ENSMUSG00000022788,0,51,30,26,55,39,44,37,41,39,48,54
ENSMUSG00000034037,18,89,58,44,50,62,73,43,67,71,81,72
ENSMUSG00000020021,0,11,17,4,16,8,11,10,6,6,11,8
ENSMUSG00000036585,30,596,570,420,592,588,559,521,486,633,562,823
ENSMUSG00000021732,0,1,0,0,1,1,3,0,3,1,3,1
ENSMUSG00000042826,0,14,8,8,8,8,10,9,13,11,8,16
ENSMUSG00000022523,0,0,2,2,0,2,0,2,0,2,1,1
ENSMUSG00000031137,9,140,130,101,128,185,174,169,194,164,150,271
ENSMUSG00000025551,0,3,0,0,3,0,5,3,0,2,1,6
ENSMUSG00000031230,1,71,61,47,40,71,33,35,43,31,41,60
ENSMUSG00000022101,0,0,0,2,0,0,0,0,0,0,0,1
ENSMUSG00000057967,1,0,3,1,0,1,5,2,1,0,3,2
ENSMUSG00000037225,2,28,30,13,28,22,38,41,22,37,20,63
ENSMUSG00000030827,0,1,0,0,0,0,0,0,0,0,0,0
ENSMUSG00000020327,0,1,0,0,0,0,1,0,0,2,0,2
ENSMUSG00000029337,0,0,0,0,0,0,0,0,0,0,0,0
ENSMUSG00000000183,0,0,1,2,3,6,0,1,1,2,0,6
ENSMUSG00000027208,0,4,2,0,5,7,4,4,8,3,5,8
ENSMUSG00000021974,2,32,35,17,50,32,53,26,21,25,28,34
ENSMUSG00000048373,0,0,0,0,0,0,0,1,0,0,0,0
ENSMUSG00000047632,0,6,8,2,7,5,6,10,8,7,13,14
ENSMUSG00000031565,11,55,45,35,71,47,62,63,60,62,64,112
ENSMUSG00000069135,3,49,50,29,36,46,38,48,44,42,42,50
ENSMUSG00000040242,12,169,141,98,132,134,129,140,120,150,122,200
ENSMUSG00000030849,0,1,0,0,2,3,0,0,0,0,2,1
ENSMUSG00000054252,6,14,16,15,16,23,9,16,36,32,18,43
ENSMUSG00000005320,0,0,0,1,0,0,0,0,0,0,0,0
ENSMUSG00000008090,1,46,51,41,64,50,55,46,66,62,64,80
ENSMUSG00000033860,0,0,0,0,0,0,0,0,0,1,0,0
ENSMUSG00000028573,0,19,22,10,12,12,15,19,17,17,25,30
ENSMUSG00000031594,0,3,3,0,0,2,3,2,1,0,6,2
ENSMUSG00000039899,10,87,77,64,88,89,258,257,132,137,111,368
ENSMUSG00000028874,0,4,1,0,3,3,6,15,2,3,3,24
ENSMUSG00000026526,77,1508,1354,1054,1414,1479,1420,1468,1573,1678,1811,2248
ENSMUSG00000051435,0,0,0,1,1,0,6,4,3,1,2,4
ENSMUSG00000041842,1,0,0,0,0,0,0,1,0,0,0,2
ENSMUSG00000060579,1,6,6,5,6,8,7,7,6,6,8,11
ENSMUSG00000023092,20,266,218,194,273,261,350,378,284,312,260,469
ENSMUSG00000008136,248,5346,4934,3509,4373,5027,3073,3669,4722,4537,5473,6993
ENSMUSG00000032643,0,17,16,9,14,27,19,19,10,10,13,24
ENSMUSG00000050035,0,1,2,1,2,3,1,1,1,1,2,1
ENSMUSG00000028259,0,0,0,0,0,0,0,0,0,1,0,0
ENSMUSG00000014778,1,11,15,18,14,17,24,15,20,23,17,30
ENSMUSG00000034295,36,594,511,334,506,626,442,442,455,571,433,658
ENSMUSG00000026841,0,0,0,0,0,0,0,0,0,0,1,0
ENSMUSG00000074971,1,20,29,15,27,27,34,30,39,34,27,33
ENSMUSG00000024911,15,143,113,84,125,123,150,178,143,153,179,240
ENSMUSG00000053334,1,40,28,20,25,30,30,30,28,37,47,49
ENSMUSG00000038417,5,98,103,78,115,91,97,131,159,122,116,187
ENSMUSG00000075324,4,46,45,26,55,44,46,35,24,38,37,55
ENSMUSG00000035455,0,0,1,1,2,2,2,4,2,0,1,2
ENSMUSG00000095440,1,9,14,7,6,8,15,12,8,9,8,12
ENSMUSG00000034898,5,61,48,45,62,47,71,59,109,88,89,108
ENSMUSG00000043336,8,26,24,20,21,32,35,29,23,35,33,36
ENSMUSG00000029227,11,78,70,42,57,75,76,77,80,67,86,96
ENSMUSG00000019054,41,460,433,328,435,481,446,522,473,529,561,752
ENSMUSG00000022215,43,873,898,681,717,863,536,648,697,646,684,1082
ENSMUSG00000048486,40,621,584,454,620,676,607,488,612,620,635,815
ENSMUSG00000061374,4,55,67,45,58,70,96,69,109,81,94,118
ENSMUSG00000075012,1,0,0,1,0,0,0,0,2,1,0,2
ENSMUSG00000001555,5,95,67,81,90,104,138,139,118,140,91,174
ENSMUSG00000003355,1,21,14,11,10,13,19,15,19,33,37,55
ENSMUSG00000038074,0,7,22,13,20,21,14,14,10,19,20,26
ENSMUSG00000066151,4,49,50,34,43,51,48,81,57,54,60,100
ENSMUSG00000032966,76,700,621,447,595,668,713,791,648,631,716,1069
ENSMUSG00000020635,0,7,5,1,4,1,9,5,3,4,2,8
ENSMUSG00000056629,10,126,96,65,115,124,117,130,132,136,228,245
ENSMUSG00000020949,47,1014,984,592,918,995,833,1017,1160,1183,1144,1461
ENSMUSG00000030357,70,1680,1429,1102,1322,1413,963,964,1061,1167,1110,1427
ENSMUSG00000024222,7,43,39,34,35,34,100,95,152,177,95,189
ENSMUSG00000040013,0,0,0,0,0,0,0,0,0,0,0,0
ENSMUSG00000002732,4,78,65,44,45,47,57,51,86,78,71,98
ENSMUSG00000019428,44,469,431,287,445,421,534,529,477,612,577,818
ENSMUSG00000029781,13,196,189,128,195,207,213,210,210,195,201,332
ENSMUSG00000033739,1,14,24,12,22,19,24,33,33,39,29,51
ENSMUSG00000048920,4,141,98,85,150,113,122,108,106,150,114,232
ENSMUSG00000028414,5,44,44,38,44,51,47,36,39,24,36,54
ENSMUSG00000032633,8,110,120,69,108,120,134,117,159,131,141,153
ENSMUSG00000016087,12,96,76,43,86,54,85,71,85,55,55,87
ENSMUSG00000002812,25,289,257,193,274,292,315,315,292,311,335,453
ENSMUSG00000031328,100,209,253,181,260,211,270,271,250,255,266,436
ENSMUSG00000025278,25,65,72,38,44,73,76,41,38,65,63,97
ENSMUSG00000068699,38,649,681,446,640,698,797,794,535,611,752,1169
ENSMUSG00000059714,37,644,631,380,618,615,916,989,705,765,796,1452
ENSMUSG00000061981,16,280,264,198,216,233,314,322,254,360,316,470
ENSMUSG00000047787,1,2,0,0,1,0,0,1,0,1,1,1
ENSMUSG00000047414,3,5,9,5,17,9,10,9,4,6,7,12
ENSMUSG00000051379,0,1,0,0,0,1,0,0,1,0,0,2
ENSMUSG00000029648,139,262,331,246,299,379,446,343,385,539,353,540
ENSMUSG00000042817,0,0,0,0,0,1,1,0,2,0,1,1
ENSMUSG00000020357,6,51,36,24,39,41,31,34,38,44,49,64
ENSMUSG00000040097,13,11,17,10,22,22,36,22,22,15,29,21
ENSMUSG00000023911,0,4,3,2,0,2,1,5,3,5,6,5
ENSMUSG00000019689,25,877,844,596,858,795,768,889,1009,904,1066,1340
ENSMUSG00000044042,1,2,0,1,1,0,4,3,0,1,2,3
ENSMUSG00000028354,0,1,0,0,0,0,1,0,0,0,0,1
ENSMUSG00000055805,16,54,49,27,44,45,53,81,48,67,76,94
ENSMUSG00000036053,0,19,12,8,18,13,21,16,20,22,16,27
ENSMUSG00000023008,13,81,56,53,61,54,76,47,66,72,96,100
ENSMUSG00000040181,26,127,108,91,117,120,139,144,167,173,166,225
ENSMUSG00000040170,12,35,53,56,49,76,110,93,161,190,67,178
ENSMUSG00000026691,0,0,0,0,0,0,0,0,0,0,0,0
ENSMUSG00000026692,0,0,0,0,0,1,0,0,1,0,1,1
ENSMUSG00000028088,5,43,45,24,37,42,49,57,60,55,57,81
ENSMUSG00000095576,0,0,1,0,0,0,1,0,0,0,1,0
ENSMUSG00000041559,1,5,10,6,4,8,3,6,6,4,5,6
ENSMUSG00000000838,2,25,26,19,23,33,46,24,36,31,35,67
ENSMUSG00000062170,1,6,1,2,0,9,1,4,5,1,0,14
ENSMUSG00000026193,9,73,70,48,82,64,120,141,63,90,72,199
ENSMUSG00000025175,4,116,123,107,129,116,109,124,155,169,179,165
ENSMUSG00000039253,1,18,8,6,7,4,6,7,7,10,8,15
ENSMUSG00000075415,15,180,144,92,140,151,190,160,159,153,188,196
ENSMUSG00000039735,4,42,29,19,50,39,47,41,59,49,32,54
ENSMUSG00000008200,4,25,38,20,31,39,49,46,33,49,38,60
ENSMUSG00000071984,0,18,31,6,21,21,29,29,19,23,13,35
ENSMUSG00000074738,2,14,9,11,8,4,13,9,14,13,13,18
ENSMUSG00000047841,0,0,0,0,0,1,0,0,1,0,0,0
ENSMUSG00000033487,1,36,28,20,22,24,37,34,29,40,38,63
ENSMUSG00000039286,6,89,84,44,71,82,89,80,66,71,81,108
ENSMUSG00000033737,0,0,0,0,0,0,0,0,0,0,0,0
ENSMUSG00000038552,0,14,13,8,20,11,6,10,6,14,15,15
ENSMUSG00000001334,103,2624,2392,1730,2148,2288,1425,1464,1726,2164,2437,2756
ENSMUSG00000045326,0,0,0,1,1,1,0,0,1,0,0,0
ENSMUSG00000018844,0,0,1,0,0,0,0,0,2,1,0,1
ENSMUSG00000048721,0,0,0,0,0,0,0,0,0,0,0,0
ENSMUSG00000035992,9,114,120,70,148,139,120,93,162,113,109,139
ENSMUSG00000061175,2,34,24,12,29,35,56,29,26,30,43,40
ENSMUSG00000015994,13,252,235,193,251,259,255,268,268,263,286,399
ENSMUSG00000033373,2,28,29,27,22,24,32,40,57,44,40,50
ENSMUSG00000038368,1,34,37,18,27,24,42,31,41,50,41,53
ENSMUSG00000001773,0,0,0,0,0,0,0,0,0,0,0,0
ENSMUSG00000001827,0,0,1,0,0,0,1,1,0,0,0,0
ENSMUSG00000032725,3,65,46,26,36,37,63,82,43,37,53,122
ENSMUSG00000022677,16,307,319,233,289,256,271,316,303,349,371,429
ENSMUSG00000021250,21,243,165,73,270,249,102,271,363,210,404,333
ENSMUSG00000003545,3,17,16,19,28,24,11,21,40,18,32,18
ENSMUSG00000024912,0,0,0,1,1,0,2,2,0,4,0,7
ENSMUSG00000029135,8,77,56,45,116,113,125,138,101,64,109,170
ENSMUSG00000035451,0,0,1,0,0,0,0,0,0,0,0,0
ENSMUSG00000040891,0,0,0,0,0,0,0,0,0,0,0,0
ENSMUSG00000050295,3,16,15,8,15,17,16,11,25,20,20,37
ENSMUSG00000046714,1,2,2,4,6,7,6,6,5,7,8,9
ENSMUSG00000078302,0,1,0,1,3,0,0,0,0,0,0,0
ENSMUSG00000055210,0,0,1,3,3,2,1,0,0,4,6,0
ENSMUSG00000067261,0,0,0,0,1,0,1,2,5,0,1,3
ENSMUSG00000051490,0,0,0,0,0,0,0,0,0,0,0,0
ENSMUSG00000070990,0,0,0,0,0,0,0,0,0,0,0,0
ENSMUSG00000042812,0,3,0,1,1,0,1,3,2,1,1,2
ENSMUSG00000038402,0,0,0,1,0,0,1,0,0,0,0,1
ENSMUSG00000020950,0,0,0,0,0,0,0,0,0,1,1,0
ENSMUSG00000034227,0,1,0,1,1,1,0,1,1,0,1,0
ENSMUSG00000032998,7,48,41,34,61,51,62,59,87,51,60,72
ENSMUSG00000056493,4,38,25,25,31,41,46,50,43,47,54,64
ENSMUSG00000039275,4,54,39,41,56,42,51,48,34,52,53,67
ENSMUSG00000097084,0,0,0,1,0,0,0,1,0,1,0,0
ENSMUSG00000050397,0,0,0,0,0,0,0,0,0,0,0,0
ENSMUSG00000001517,0,2,3,3,0,3,4,3,1,0,0,6
ENSMUSG00000034998,1,21,23,17,21,23,35,24,28,18,22,45
ENSMUSG00000033713,27,235,242,162,254,265,275,205,277,219,255,260
ENSMUSG00000042002,0,0,0,0,0,0,0,0,0,0,0,0
ENSMUSG00000044167,15,118,111,78,153,113,146,130,136,105,105,136
ENSMUSG00000048756,17,175,188,135,164,191,206,200,328,226,185,335
ENSMUSG00000042903,14,149,138,107,143,128,154,124,145,159,171,208
ENSMUSG00000052135,1,11,7,5,5,8,6,7,9,6,8,9
ENSMUSG00000029563,3,15,14,8,15,14,23,19,14,12,16,13
ENSMUSG00000039521,1,0,0,0,0,1,0,0,0,1,0,4
ENSMUSG00000023991,7,41,41,31,43,40,61,36,62,60,74,80
ENSMUSG00000038415,0,0,0,0,0,0,0,0,0,0,0,0
ENSMUSG00000074397,0,0,0,0,0,0,0,0,0,0,0,0
ENSMUSG00000039048,13,192,187,122,189,169,135,171,171,144,174,208
ENSMUSG00000016552,0,2,1,3,2,4,4,1,3,4,2,2
ENSMUSG00000074676,0,15,10,2,11,6,8,7,6,5,11,4
ENSMUSG00000009566,1,17,14,14,22,9,13,10,22,22,21,24
ENSMUSG00000053870,0,28,28,21,13,27,24,21,19,20,30,35
ENSMUSG00000045551,0,0,1,1,2,0,5,9,4,1,5,5
ENSMUSG00000052270,3,2,3,0,1,0,6,23,10,5,1,16
ENSMUSG00000054237,6,47,52,23,48,50,50,45,52,46,51,68
ENSMUSG00000034687,0,0,1,0,0,1,0,0,0,0,1,0
ENSMUSG00000067199,0,8,10,5,5,10,8,4,16,5,3,7
ENSMUSG00000047604,4,11,10,5,8,17,11,11,16,9,19,18
ENSMUSG00000059049,0,0,1,1,0,0,2,0,0,0,0,1
ENSMUSG00000037016,2,11,15,11,7,11,11,17,8,4,10,12
ENSMUSG00000042353,0,0,0,0,0,0,0,0,0,0,0,0
ENSMUSG00000031590,7,71,60,41,49,43,53,75,64,74,59,89
ENSMUSG00000087385,0,9,6,5,7,3,9,2,0,6,3,5
ENSMUSG00000019779,0,3,2,0,4,4,4,0,3,1,2,6
ENSMUSG00000049122,1,1,0,0,0,0,1,0,0,0,1,0
ENSMUSG00000026657,5,65,50,29,56,45,58,55,43,40,59,73
ENSMUSG00000030064,3,35,17,17,25,36,34,42,33,27,21,41
ENSMUSG00000027238,12,277,291,169,254,256,387,427,402,382,394,461
ENSMUSG00000048285,5,70,58,56,73,62,57,54,43,33,70,76
ENSMUSG00000036131,0,0,0,0,0,0,0,0,0,0,0,0
ENSMUSG00000024816,2,20,32,18,26,20,34,31,42,29,37,59
ENSMUSG00000035615,0,0,0,0,0,1,0,1,0,0,0,0
ENSMUSG00000108841,0,0,0,0,0,0,0,0,0,0,0,0
ENSMUSG00000042425,0,18,17,19,18,14,10,8,20,10,5,10
ENSMUSG00000049176,0,0,0,0,0,0,0,0,0,0,0,0
ENSMUSG00000033386,2,21,14,9,11,17,13,22,6,14,7,28
ENSMUSG00000045589,0,0,1,0,0,2,2,0,0,0,1,0
ENSMUSG00000020170,5,49,60,29,68,69,78,68,41,69,57,74
ENSMUSG00000023266,0,9,12,8,13,12,7,7,8,8,13,16
ENSMUSG00000056602,26,147,158,98,143,173,169,168,193,218,159,242
ENSMUSG00000070733,8,57,50,47,59,69,98,81,62,54,84,84
ENSMUSG00000027004,0,16,12,3,10,9,28,29,15,12,15,45
ENSMUSG00000094595,0,1,1,0,0,0,0,1,0,0,1,0
ENSMUSG00000029581,28,172,128,70,144,115,80,100,45,73,101,118
ENSMUSG00000025380,0,0,0,0,0,0,1,0,1,0,0,0
ENSMUSG00000011589,0,0,0,0,1,0,1,0,0,0,1,1
ENSMUSG00000054752,1,96,75,61,85,79,74,72,90,77,68,98
ENSMUSG00000038663,33,504,418,319,406,437,406,363,399,418,456,525
ENSMUSG00000027344,0,0,0,0,0,0,0,0,0,0,0,0
ENSMUSG00000075249,0,0,0,0,0,0,0,1,0,0,0,0
ENSMUSG00000021765,0,2,1,2,5,1,0,1,3,0,3,2
ENSMUSG00000022816,27,205,149,130,218,195,260,264,118,105,152,389
ENSMUSG00000020325,5,32,27,17,23,29,66,55,38,46,44,79
ENSMUSG00000036264,1,0,3,2,4,4,10,1,6,5,9,14
ENSMUSG00000034098,0,0,0,0,0,0,0,1,0,0,0,0
ENSMUSG00000001155,0,0,2,0,1,2,2,0,1,1,2,1
ENSMUSG00000024661,707,10496,9869,7483,9567,9439,11413,13402,11648,15670,16125,19894
ENSMUSG00000035491,0,0,0,0,0,0,0,0,0,0,0,0
ENSMUSG00000050708,51,266,245,168,236,226,392,469,354,457,541,669
ENSMUSG00000055932,22,260,240,158,228,252,294,250,282,283,269,338
ENSMUSG00000031171,6,46,42,38,56,57,68,40,56,58,44,68
ENSMUSG00000020706,7,59,67,50,67,60,111,99,103,100,117,167
ENSMUSG00000028034,13,69,103,45,108,105,126,129,115,97,108,156
ENSMUSG00000026843,5,22,29,17,29,26,28,27,26,26,31,53
ENSMUSG00000028673,13,99,95,63,91,100,129,136,107,132,135,210
ENSMUSG00000019810,35,541,523,360,534,568,468,589,453,452,452,973
ENSMUSG00000033703,2,19,25,20,16,19,24,13,10,23,23,21
ENSMUSG00000025040,4,83,59,44,68,72,77,58,83,58,75,92
ENSMUSG00000031198,18,618,542,397,538,562,579,628,664,590,650,878
ENSMUSG00000025466,9,181,150,129,153,149,146,177,179,185,189,307
ENSMUSG00000030530,23,263,268,202,231,250,256,282,256,288,262,445
ENSMUSG00000030795,31,347,349,237,413,366,382,413,454,283,310,542
ENSMUSG00000008461,0,0,0,0,0,0,0,0,0,0,0,0
ENSMUSG00000046152,0,7,2,5,3,9,6,9,11,11,5,16
ENSMUSG00000039357,2,29,30,16,27,32,43,37,29,34,31,45
ENSMUSG00000055978,1,7,6,4,4,2,8,9,3,7,6,8
ENSMUSG00000049307,0,5,2,2,1,4,4,1,0,2,0,3
ENSMUSG00000036587,0,0,1,0,0,0,1,1,1,0,2,0
ENSMUSG00000021065,6,44,40,26,26,23,38,50,32,46,52,59
ENSMUSG00000055373,0,0,0,0,0,1,0,0,0,0,0,0
ENSMUSG00000011658,4,53,70,44,31,48,46,61,55,52,47,90
ENSMUSG00000070583,0,0,1,0,0,0,1,2,0,1,2,1
ENSMUSG00000059363,17,141,114,89,129,126,149,169,160,159,183,225
ENSMUSG00000027680,21,366,340,222,360,391,362,455,463,429,424,624
ENSMUSG00000018765,23,294,269,221,284,277,323,346,315,460,475,491
ENSMUSG00000036570,130,2820,2566,1985,2732,2648,2619,3053,2938,3263,3457,4730
ENSMUSG00000059412,1,14,13,6,9,10,14,16,10,15,18,17
ENSMUSG00000057092,0,2,0,0,2,0,1,2,1,2,1,2
ENSMUSG00000004988,0,0,0,0,0,0,0,0,0,1,0,0
ENSMUSG00000009687,23,75,78,49,94,78,144,213,115,109,115,410
ENSMUSG00000066705,22,122,94,62,99,110,133,164,110,116,140,216
ENSMUSG00000036578,1,2,5,6,3,8,8,13,4,11,10,9
ENSMUSG00000078612,0,0,0,0,0,0,0,0,0,0,0,0
ENSMUSG00000025241,42,760,776,517,651,782,775,646,664,797,791,859
ENSMUSG00000019843,10,89,92,65,101,122,100,114,103,90,116,149
ENSMUSG00000022800,6,147,135,103,143,131,186,158,164,146,149,193
ENSMUSG00000044674,2,26,13,12,18,5,14,14,8,13,15,35
ENSMUSG00000081683,0,0,0,0,1,0,0,0,0,0,0,0
ENSMUSG00000050288,1,11,18,9,10,7,18,26,14,11,22,28
ENSMUSG00000007989,1,2,1,4,7,3,6,2,8,1,3,7
ENSMUSG00000049791,13,67,78,68,69,96,94,85,99,86,62,147
ENSMUSG00000045005,2,22,9,7,13,7,12,11,7,8,7,10
ENSMUSG00000022297,3,12,12,4,16,12,19,12,11,11,15,19
ENSMUSG00000041075,0,13,8,9,15,11,16,4,4,10,6,20
ENSMUSG00000036904,1,15,23,18,35,24,25,16,27,23,28,34
ENSMUSG00000049551,1,6,11,4,7,5,8,5,6,6,5,13
ENSMUSG00000020235,8,140,113,97,146,128,123,121,130,135,163,198
ENSMUSG00000009633,2,156,138,134,148,150,154,124,183,141,169,250
ENSMUSG00000035293,1,14,11,3,6,7,11,20,12,13,12,21
ENSMUSG00000018583,26,388,304,231,302,320,354,309,291,252,275,387
ENSMUSG00000029405,4,95,91,75,103,93,103,111,96,66,91,179
ENSMUSG00000073414,3,1,2,0,3,3,2,0,3,3,1,2
ENSMUSG00000078650,0,0,0,0,0,0,1,0,0,0,0,0
ENSMUSG00000034793,9,234,235,157,201,185,178,223,219,211,273,328
ENSMUSG00000089992,0,1,0,1,0,0,2,1,0,1,0,1
ENSMUSG00000031400,2,21,23,20,23,28,32,52,23,30,31,59
ENSMUSG00000025579,22,412,401,307,470,448,489,480,505,658,732,726
ENSMUSG00000031714,7,137,140,92,152,148,136,138,125,121,191,163
ENSMUSG00000004508,7,50,43,29,47,26,63,51,44,58,51,71
ENSMUSG00000032750,2,5,6,6,5,7,6,12,12,5,6,14
ENSMUSG00000018567,126,1328,1176,927,1112,1266,1704,1787,1880,1759,2400,2816
ENSMUSG00000030161,29,379,337,225,370,364,445,454,667,519,584,646
ENSMUSG00000031950,16,202,212,142,190,199,197,247,223,233,285,316
ENSMUSG00000024462,19,26,26,14,20,25,34,33,31,26,34,39
ENSMUSG00000039809,0,0,0,0,0,0,0,0,0,0,0,0
ENSMUSG00000008976,5,68,79,49,62,64,83,70,71,81,83,103
ENSMUSG00000027361,5,29,23,16,37,32,27,19,29,33,17,41
ENSMUSG00000038766,1,37,36,20,44,33,34,35,25,37,39,38
ENSMUSG00000010803,0,0,0,0,1,0,0,0,1,0,2,1
ENSMUSG00000000560,0,1,0,0,0,1,0,0,1,0,0,0
ENSMUSG00000031343,0,2,1,4,1,4,4,6,2,3,0,1
ENSMUSG00000029211,0,0,0,0,0,0,0,0,0,0,0,0
ENSMUSG00000020428,0,0,0,0,0,0,0,0,0,0,0,0
ENSMUSG00000029212,0,0,0,0,1,0,0,0,2,0,0,2
ENSMUSG00000033676,0,1,0,0,1,0,0,1,0,0,0,0
ENSMUSG00000029054,0,0,0,0,1,0,3,0,0,0,0,1
ENSMUSG00000031340,0,3,4,2,1,2,2,1,5,5,2,5
ENSMUSG00000020436,0,0,0,0,0,0,0,0,0,0,0,0
ENSMUSG00000055026,0,0,0,0,0,1,0,0,0,0,0,0
ENSMUSG00000020159,0,0,0,0,0,0,0,0,0,0,0,0
ENSMUSG00000031344,0,0,0,0,0,2,0,0,0,1,0,0
ENSMUSG00000028280,0,0,0,0,0,0,0,0,0,0,0,0
ENSMUSG00000023267,1,7,8,3,8,7,9,2,9,16,4,9
ENSMUSG00000070880,1,1,0,0,0,1,1,1,2,0,0,0
ENSMUSG00000026787,0,0,0,0,0,0,0,0,0,0,0,0
ENSMUSG00000036390,12,93,81,43,83,67,61,73,102,84,69,103
ENSMUSG00000015312,11,53,51,58,48,73,57,140,128,132,102,167
ENSMUSG00000021453,5,96,54,78,63,60,67,167,122,143,108,217
ENSMUSG00000033751,24,423,379,341,348,417,336,416,489,458,510,617
ENSMUSG00000056880,0,1,1,2,1,2,1,0,3,1,1,5
ENSMUSG00000062234,9,43,52,27,40,48,73,60,57,69,50,90
ENSMUSG00000024907,0,1,0,0,0,0,0,1,0,1,1,0
ENSMUSG00000049721,0,1,0,0,0,0,0,0,0,1,0,0
ENSMUSG00000094651,0,1,1,0,0,0,1,0,0,0,1,2
ENSMUSG00000093805,0,1,0,1,0,1,0,0,2,0,0,1
ENSMUSG00000073608,0,6,8,5,8,13,8,4,4,4,11,13
ENSMUSG00000047658,3,35,32,32,24,37,27,28,27,20,21,43
ENSMUSG00000021003,4,24,30,12,33,17,31,13,25,30,29,30
ENSMUSG00000028671,1,1,2,3,3,1,6,4,3,6,4,4
ENSMUSG00000020766,2,63,53,39,51,54,63,67,93,64,63,106
ENSMUSG00000027207,1,27,29,19,30,21,32,37,23,19,37,47
ENSMUSG00000035473,3,83,67,40,54,55,56,47,57,39,63,50
ENSMUSG00000015027,0,19,16,14,16,7,20,29,6,26,16,36
ENSMUSG00000000420,21,207,178,112,192,195,207,175,191,172,195,257
ENSMUSG00000020520,5,35,25,20,22,34,24,29,37,35,32,38
ENSMUSG00000038072,1,29,30,8,23,23,25,34,28,15,19,27
ENSMUSG00000039774,0,0,1,1,5,1,3,4,3,1,1,5
ENSMUSG00000024064,0,0,0,0,1,0,0,0,0,0,0,0
ENSMUSG00000021903,19,101,107,90,129,117,183,164,159,212,184,244
ENSMUSG00000021130,1,12,13,10,15,13,11,12,9,16,18,22
ENSMUSG00000038296,5,28,30,11,26,33,28,26,29,32,38,33
ENSMUSG00000026994,0,0,1,0,0,0,1,0,0,0,0,0
ENSMUSG00000090035,0,12,12,7,5,12,14,10,6,13,10,14
ENSMUSG00000026828,0,0,0,0,0,0,0,0,0,0,0,0
ENSMUSG00000037280,1,0,1,0,1,1,3,5,4,2,6,9
ENSMUSG00000031608,2,7,13,16,19,9,19,25,32,15,14,25
ENSMUSG00000033316,0,0,0,0,0,0,0,0,0,0,1,1
ENSMUSG00000096914,0,2,1,0,1,0,1,0,0,0,0,0
ENSMUSG00000024553,0,0,0,0,0,0,0,0,0,0,0,0
ENSMUSG00000020793,0,0,0,0,0,0,0,0,0,0,0,1
ENSMUSG00000036073,7,143,133,89,112,122,174,160,188,163,229,262
ENSMUSG00000020150,3,40,38,35,42,42,38,22,35,28,39,47
ENSMUSG00000052557,6,37,22,19,24,26,25,33,21,23,21,32
ENSMUSG00000071650,12,126,87,61,110,120,120,118,110,115,111,165
ENSMUSG00000047261,0,0,2,0,0,0,0,1,0,1,0,1
ENSMUSG00000057666,56,1913,1786,1472,1791,1742,1633,1577,1649,1875,2382,2563
ENSMUSG00000061099,0,0,1,0,0,1,1,0,0,0,0,0
ENSMUSG00000046006,0,0,0,1,0,1,3,1,0,1,1,7
ENSMUSG00000026867,17,89,94,73,101,91,132,106,95,77,93,116
ENSMUSG00000028010,7,45,36,20,41,44,58,73,58,39,49,85
ENSMUSG00000042680,2,24,17,24,40,32,28,31,37,28,28,29
ENSMUSG00000044576,0,0,0,0,0,1,2,0,0,0,0,0
ENSMUSG00000038860,3,12,9,2,15,10,8,9,8,8,10,17
ENSMUSG00000029777,21,222,191,144,169,189,288,237,269,264,288,361
ENSMUSG00000022962,4,134,114,94,98,115,140,160,136,153,169,188
ENSMUSG00000052957,3,79,64,40,75,85,85,74,75,59,87,88
ENSMUSG00000030498,2,10,11,9,10,13,15,9,4,10,10,20
ENSMUSG00000034201,9,49,45,34,56,40,66,45,41,66,54,81
ENSMUSG00000020686,0,0,0,0,0,0,0,0,0,0,0,0
ENSMUSG00000074802,0,3,1,2,2,4,9,3,3,4,1,8
ENSMUSG00000031451,29,292,280,189,273,322,344,378,288,314,310,521
ENSMUSG00000033066,3,19,15,9,25,18,30,30,13,19,23,36
ENSMUSG00000040220,1,15,19,10,15,17,11,21,26,19,31,32
ENSMUSG00000017165,0,0,0,0,0,0,0,0,0,0,0,0
ENSMUSG00000031162,0,0,0,0,0,0,2,2,0,0,0,0
ENSMUSG00000015053,14,35,46,41,44,37,59,52,65,74,51,71
ENSMUSG00000015619,0,6,2,1,5,5,6,8,6,3,3,8
ENSMUSG00000021944,20,408,391,224,396,345,395,314,343,327,429,411
ENSMUSG00000015627,0,0,0,0,0,0,0,1,0,0,0,1
ENSMUSG00000005836,12,136,146,108,137,169,215,194,205,159,183,228
ENSMUSG00000007415,12,309,263,197,291,279,276,284,308,264,328,429
ENSMUSG00000036180,17,138,105,83,124,113,153,160,118,117,138,181
ENSMUSG00000042390,5,90,92,62,123,113,139,120,135,83,61,146
ENSMUSG00000028085,8,172,136,86,128,159,134,132,170,172,179,218
ENSMUSG00000029536,4,72,52,49,60,57,86,60,102,84,101,109
ENSMUSG00000051007,5,56,41,25,38,42,61,40,64,43,57,101
ENSMUSG00000027199,1,4,9,2,2,2,7,9,6,2,2,14
ENSMUSG00000015944,9,101,77,63,93,97,54,81,69,66,49,94
ENSMUSG00000020424,8,30,21,24,30,29,42,33,38,51,31,44
ENSMUSG00000028048,6,35,44,16,34,41,71,90,53,48,51,117
ENSMUSG00000028467,15,52,49,33,64,45,55,48,76,64,66,92
ENSMUSG00000022707,6,124,93,82,108,97,103,109,82,142,132,159
ENSMUSG00000025224,13,133,110,85,117,129,119,129,123,126,152,169
ENSMUSG00000026829,0,0,0,0,0,0,1,0,0,0,0,0
ENSMUSG00000105096,0,1,0,1,2,2,1,6,4,2,0,5
ENSMUSG00000092021,0,1,0,0,0,0,0,3,0,2,0,1
ENSMUSG00000028270,10,70,56,45,52,49,135,286,166,138,138,571
ENSMUSG00000040264,0,0,0,0,0,0,0,0,1,1,1,2
ENSMUSG00000028268,9,37,32,24,37,27,94,148,132,75,88,261
ENSMUSG00000079363,9,62,38,32,65,33,95,161,130,88,100,285
ENSMUSG00000105504,1,23,17,10,12,12,31,51,29,18,21,84
ENSMUSG00000104713,17,112,75,60,102,87,345,555,783,364,424,1081
ENSMUSG00000040253,8,50,32,24,52,42,102,195,190,97,89,366
ENSMUSG00000034438,1,0,0,1,0,0,1,5,5,4,3,6
ENSMUSG00000067724,0,0,0,0,0,0,0,0,0,0,0,0
ENSMUSG00000034486,0,0,0,0,0,0,0,0,0,0,2,1
ENSMUSG00000035540,0,0,0,0,0,0,0,0,0,0,0,0
ENSMUSG00000026893,0,38,28,24,42,32,54,43,51,33,37,53
ENSMUSG00000006378,3,67,54,54,45,58,53,49,58,43,107,84
ENSMUSG00000029708,1,25,20,12,22,27,25,17,15,19,23,31
ENSMUSG00000038039,4,15,18,13,24,15,19,16,25,18,25,37
ENSMUSG00000003809,14,219,199,120,178,177,181,174,192,209,221,274
ENSMUSG00000035125,1,8,7,11,9,6,14,9,12,19,14,16
ENSMUSG00000000394,0,0,0,0,0,0,0,0,0,0,0,0
ENSMUSG00000025127,0,4,1,2,2,1,0,1,0,1,0,5
ENSMUSG00000037580,2,20,13,17,22,22,33,32,32,26,20,53
ENSMUSG00000046814,11,51,43,32,49,28,11,20,34,29,37,40
ENSMUSG00000041798,3,74,77,46,51,45,58,23,40,75,40,47
ENSMUSG00000059434,0,1,0,0,0,0,0,0,0,0,0,1
ENSMUSG00000032350,1,30,28,19,28,23,26,28,27,28,29,39
ENSMUSG00000023333,0,1,0,0,0,0,0,0,0,0,0,0
ENSMUSG00000041638,18,70,68,48,67,66,92,96,70,110,120,109
ENSMUSG00000038843,0,6,7,6,6,8,15,20,18,15,13,26
ENSMUSG00000021360,1,14,23,9,18,10,20,21,31,18,20,48
ENSMUSG00000032226,0,1,0,0,0,0,0,0,0,0,1,1
ENSMUSG00000091387,0,1,0,0,0,1,1,0,0,0,1,0
ENSMUSG00000074569,0,0,0,0,0,0,0,0,0,0,0,0
ENSMUSG00000022659,0,0,3,0,1,0,2,1,1,0,0,0
ENSMUSG00000034424,11,201,219,161,170,230,182,217,192,162,180,287
ENSMUSG00000058624,24,49,29,19,33,27,58,64,29,25,39,112
ENSMUSG00000025777,1,1,0,0,1,0,0,1,0,0,0,0
ENSMUSG00000017943,0,1,0,0,0,1,2,1,0,0,0,1
ENSMUSG00000027865,1,32,29,28,40,34,34,41,47,38,38,64
ENSMUSG00000033917,11,172,153,103,140,146,140,157,157,146,187,229
ENSMUSG00000021943,1,3,1,2,5,5,4,2,9,7,13,13
ENSMUSG00000025352,0,6,10,5,4,8,6,6,5,7,5,11
ENSMUSG00000038508,2,12,11,5,5,12,88,82,34,47,80,75
ENSMUSG00000072625,0,0,0,0,0,0,0,0,0,0,0,0
ENSMUSG00000030117,0,0,0,0,0,0,0,3,0,0,0,1
ENSMUSG00000051279,0,3,1,1,3,1,2,5,2,1,0,5
ENSMUSG00000018238,0,2,0,0,0,0,1,1,0,2,0,1
ENSMUSG00000015291,18,168,193,131,196,205,200,192,219,212,173,322
ENSMUSG00000021218,67,677,605,475,642,668,771,840,824,937,889,1185
ENSMUSG00000022144,0,2,1,0,0,2,1,3,0,0,0,1
ENSMUSG00000061666,2,74,40,28,35,48,56,61,65,48,69,58
ENSMUSG00000019359,0,0,0,0,0,0,1,0,0,0,0,0
ENSMUSG00000030703,2,5,7,9,10,8,10,10,6,9,10,14
ENSMUSG00000035314,4,74,60,44,68,54,47,50,44,62,85,70
ENSMUSG00000050973,1,5,3,1,6,1,4,1,2,0,3,8
ENSMUSG00000028214,2,7,10,13,16,15,17,17,17,19,15,28
ENSMUSG00000060121,1,20,16,13,11,19,21,28,23,18,20,36
ENSMUSG00000049396,0,1,0,0,0,0,0,0,2,0,0,0
ENSMUSG00000037275,6,43,42,23,47,40,54,55,35,38,49,65
ENSMUSG00000055760,1,7,6,3,11,6,22,25,16,15,11,19
ENSMUSG00000044709,5,104,84,77,85,102,87,122,114,105,118,196
ENSMUSG00000040621,2,6,3,4,10,5,9,7,3,6,8,10
ENSMUSG00000051235,1,3,6,3,0,2,6,2,2,0,3,2
ENSMUSG00000025858,7,98,107,68,115,116,105,145,133,139,189,207
ENSMUSG00000020932,0,0,0,0,0,0,0,0,0,0,0,0
ENSMUSG00000040888,4,101,83,77,109,104,158,129,126,164,175,204
ENSMUSG00000029275,0,0,0,0,0,0,0,0,0,1,2,0
ENSMUSG00000026815,0,0,0,0,0,0,0,1,3,0,0,0
ENSMUSG00000027774,22,384,318,218,336,343,311,301,328,312,343,468
ENSMUSG00000021666,15,146,122,101,139,124,118,112,127,120,122,154
ENSMUSG00000051335,11,108,72,58,99,101,119,83,95,96,110,128
ENSMUSG00000013150,0,12,14,10,14,6,10,12,17,12,13,28
ENSMUSG00000029992,3,51,46,30,51,57,66,46,45,43,46,67
ENSMUSG00000020363,5,53,25,19,44,32,30,39,26,23,50,57
ENSMUSG00000025089,3,16,15,22,20,18,23,26,18,18,30,40
ENSMUSG00000022103,2,7,5,2,6,6,4,8,3,6,9,9
ENSMUSG00000024366,1,6,2,4,5,7,3,7,9,8,3,8
ENSMUSG00000030872,7,130,142,108,132,147,180,159,183,177,182,243
ENSMUSG00000020740,7,42,37,23,40,36,61,39,45,61,67,69
ENSMUSG00000041625,1,40,39,23,29,39,30,34,25,18,15,36
ENSMUSG00000002797,7,93,92,64,88,83,98,114,130,107,138,151
ENSMUSG00000053460,0,40,41,20,35,46,24,29,26,20,18,53
ENSMUSG00000073987,3,35,26,27,25,33,42,44,37,37,28,47
ENSMUSG00000031493,0,0,0,0,1,1,0,1,0,0,1,1
ENSMUSG00000048731,8,213,205,151,182,186,130,140,189,190,223,243
ENSMUSG00000020530,45,188,185,126,180,216,301,213,313,227,256,311
ENSMUSG00000021302,3,75,48,38,63,64,75,80,78,75,91,106
ENSMUSG00000006345,0,2,0,0,0,0,1,0,1,2,1,1
ENSMUSG00000006344,3,39,27,26,31,43,70,61,54,56,50,88
ENSMUSG00000040471,0,0,0,0,0,0,0,0,0,0,0,0
ENSMUSG00000027603,1,2,3,4,12,2,9,3,4,7,5,7
ENSMUSG00000035778,4,32,29,19,33,34,40,31,27,24,38,51
ENSMUSG00000020713,0,0,1,0,0,0,0,0,0,0,0,0
ENSMUSG00000017747,3,28,30,21,25,30,46,31,33,41,37,50
ENSMUSG00000041028,64,1267,1163,820,1187,1163,1262,1355,1448,1373,1406,1888
ENSMUSG00000055737,17,337,311,222,333,343,318,333,355,350,379,475
ENSMUSG00000027643,0,0,0,0,0,0,0,0,0,0,0,0
ENSMUSG00000064177,0,1,2,1,0,1,1,1,0,0,0,0
ENSMUSG00000018415,11,156,135,60,103,118,119,89,110,116,127,164
ENSMUSG00000027573,5,112,91,76,108,120,95,93,99,114,111,145
ENSMUSG00000024682,0,0,0,0,0,0,0,0,0,0,0,0
ENSMUSG00000029714,13,98,84,72,107,91,130,95,103,105,116,147
ENSMUSG00000048000,10,74,79,45,72,61,74,64,71,57,52,93
ENSMUSG00000039264,0,4,1,1,1,3,3,14,8,2,9,16
ENSMUSG00000054435,22,89,67,50,77,68,110,114,101,60,85,149
ENSMUSG00000043505,4,11,10,4,12,8,12,16,17,7,7,9
ENSMUSG00000047867,60,172,128,85,173,158,206,168,159,135,227,257
ENSMUSG00000043931,0,0,0,1,0,0,6,9,1,1,0,6
ENSMUSG00000064262,4,21,16,21,29,27,30,33,18,21,18,36
ENSMUSG00000051124,0,8,3,5,9,5,9,9,4,3,14,16
ENSMUSG00000026333,3,27,28,25,23,17,29,19,32,35,32,38
ENSMUSG00000040006,15,265,213,167,210,230,260,251,258,266,319,411
ENSMUSG00000027454,0,8,7,10,12,5,10,9,4,7,15,23
ENSMUSG00000031821,0,7,2,4,6,3,5,11,3,2,6,11
ENSMUSG00000031669,1,2,2,4,4,5,2,3,5,3,1,7
ENSMUSG00000031546,5,49,53,35,51,43,63,75,87,74,68,114
ENSMUSG00000019433,2,63,66,36,61,72,79,67,79,87,118,139
ENSMUSG00000039131,2,9,8,9,9,15,15,16,16,8,29,34
ENSMUSG00000034872,13,32,24,27,27,36,20,26,21,36,30,45
ENSMUSG00000030406,1,1,0,2,0,2,0,1,0,1,0,0
ENSMUSG00000011877,35,246,219,147,236,230,244,271,286,269,402,387
ENSMUSG00000041890,21,69,69,58,80,89,80,62,78,78,73,111
ENSMUSG00000050953,66,1302,929,570,1160,993,1347,1047,622,615,931,1384
ENSMUSG00000048582,1,38,26,23,30,41,32,33,41,33,46,57
ENSMUSG00000050234,4,37,37,33,37,32,56,38,55,53,65,93
ENSMUSG00000057123,1,6,4,3,9,3,5,3,7,3,3,8
ENSMUSG00000055691,0,0,0,0,0,0,0,0,1,0,0,0
ENSMUSG00000049908,0,0,0,0,0,1,0,0,0,0,1,1
ENSMUSG00000047797,0,0,0,0,0,0,0,0,0,0,0,0
ENSMUSG00000046352,0,2,0,0,0,0,0,0,1,0,0,0
ENSMUSG00000042367,0,0,0,0,0,0,0,0,0,2,0,0
ENSMUSG00000046623,0,0,0,0,0,0,0,1,0,0,0,0
ENSMUSG00000042357,1,1,0,0,1,0,0,2,0,0,0,1
ENSMUSG00000034520,4,27,30,29,32,47,50,49,44,46,23,65
ENSMUSG00000043448,0,5,6,2,5,3,3,2,3,5,7,5
ENSMUSG00000056966,1,1,4,0,0,0,0,1,2,2,2,0
ENSMUSG00000019867,0,0,0,0,0,0,1,0,0,0,0,0
ENSMUSG00000025059,4,61,59,42,61,74,84,77,56,47,52,83
ENSMUSG00000050553,0,0,0,0,0,0,0,0,0,0,0,1
ENSMUSG00000041440,0,6,3,3,11,3,5,7,8,9,3,5
ENSMUSG00000021552,6,54,48,37,56,58,56,65,69,62,70,89
ENSMUSG00000030048,1,0,6,1,2,4,1,2,2,1,3,6
ENSMUSG00000031266,1,8,8,4,8,5,20,19,9,9,10,35
ENSMUSG00000045594,3,42,36,22,37,49,37,56,36,45,45,77
ENSMUSG00000026200,2,3,0,5,4,4,4,4,2,6,5,12
ENSMUSG00000036395,0,2,0,0,0,1,0,0,0,1,0,0
ENSMUSG00000031966,0,0,0,0,0,0,0,0,1,0,0,0
ENSMUSG00000029638,1,3,5,3,4,4,3,4,3,1,2,0
ENSMUSG00000032252,4,27,21,19,33,15,27,25,29,33,42,48
ENSMUSG00000024827,1,0,1,0,0,0,0,2,3,5,0,6
ENSMUSG00000046167,0,0,0,0,0,0,1,0,0,0,0,0
ENSMUSG00000019715,16,76,75,44,80,70,102,67,98,80,81,100
ENSMUSG00000003316,9,70,70,59,131,117,141,93,143,73,89,139
ENSMUSG00000025407,1,3,2,2,0,2,0,3,6,3,3,4
ENSMUSG00000048402,0,0,1,2,1,4,3,1,1,1,2,2
ENSMUSG00000021318,1,8,6,1,9,4,10,5,2,5,7,11
ENSMUSG00000056888,0,6,2,5,4,4,17,28,14,8,15,34
ENSMUSG00000028480,4,12,12,11,14,16,28,42,14,17,24,51
ENSMUSG00000034762,0,0,1,0,0,1,1,0,0,2,1,3
ENSMUSG00000014303,1,10,31,13,30,17,21,20,20,26,25,44
ENSMUSG00000052942,0,2,0,0,1,0,1,2,0,1,2,2
ENSMUSG00000029276,4,18,10,7,17,14,14,12,12,16,12,26
ENSMUSG00000001418,10,141,135,92,144,110,180,189,154,166,178,273
ENSMUSG00000024026,15,308,250,197,223,269,243,242,230,281,282,357
ENSMUSG00000031163,0,0,0,0,0,0,0,0,0,0,0,0
ENSMUSG00000049928,0,0,0,0,0,0,0,0,0,0,0,0
ENSMUSG00000018589,0,0,0,0,0,0,0,0,0,0,0,0
ENSMUSG00000038257,0,0,0,0,0,0,0,1,0,0,0,0
ENSMUSG00000028020,0,0,0,0,1,2,1,0,0,1,0,1
ENSMUSG00000062310,2,3,1,1,1,2,3,3,1,0,0,4
ENSMUSG00000021591,3,98,91,63,92,82,144,90,131,74,108,177
ENSMUSG00000018196,6,135,157,84,159,149,151,184,210,140,160,254
ENSMUSG00000031068,34,602,557,394,482,588,730,646,763,765,851,961
ENSMUSG00000021102,27,460,377,284,384,372,328,361,366,362,343,524
ENSMUSG00000026103,7,136,132,93,143,135,155,113,143,154,143,191
ENSMUSG00000044005,0,2,1,4,1,1,2,0,1,1,1,0
ENSMUSG00000049971,0,0,1,0,0,0,0,0,0,0,0,0
ENSMUSG00000031286,0,16,10,5,10,10,15,11,16,17,10,14
ENSMUSG00000021916,2,71,62,54,64,77,86,82,95,72,91,123
ENSMUSG00000020251,0,8,5,5,6,4,5,1,4,7,4,11
ENSMUSG00000011884,8,72,38,43,46,42,65,72,50,57,72,117
ENSMUSG00000046811,0,0,0,0,0,0,0,0,0,0,0,0
ENSMUSG00000021794,17,359,360,256,272,350,305,326,312,390,366,515
ENSMUSG00000063683,0,0,0,0,0,0,0,0,0,0,0,0
ENSMUSG00000091043,0,0,0,0,0,0,0,0,0,0,0,0
ENSMUSG00000022491,0,0,0,0,0,0,0,0,0,0,0,0
ENSMUSG00000020258,0,7,6,8,7,6,5,2,7,8,10,8
ENSMUSG00000022536,17,101,97,81,93,88,89,102,96,86,119,140
ENSMUSG00000110444,3,40,33,22,28,35,36,17,35,26,19,47
ENSMUSG00000058246,0,4,3,2,0,1,2,2,4,3,4,1
ENSMUSG00000058927,38,1045,952,630,950,919,720,925,925,837,795,1241
ENSMUSG00000063412,3,92,91,56,87,99,112,108,85,88,94,141
ENSMUSG00000063656,0,0,0,0,0,0,0,0,0,0,0,0
ENSMUSG00000066878,1,23,20,13,19,29,12,21,17,18,22,35
ENSMUSG00000067698,0,0,0,0,0,1,1,0,0,0,0,0
ENSMUSG00000069117,17,68,63,32,61,57,74,120,91,90,162,191
ENSMUSG00000069804,3,8,11,5,7,6,6,4,2,7,8,10
ENSMUSG00000070713,3,59,49,41,60,57,66,72,76,65,72,106
ENSMUSG00000096294,0,0,0,0,0,0,0,0,0,0,0,0
ENSMUSG00000094632,0,0,0,0,0,0,0,0,0,0,0,0
ENSMUSG00000095909,0,0,0,0,0,0,0,0,0,0,0,0
ENSMUSG00000112858,0,1,1,1,1,1,2,0,2,1,1,0
ENSMUSG00000094706,0,0,0,0,0,0,1,0,0,0,0,0
ENSMUSG00000071613,0,0,3,0,0,0,0,0,0,0,0,0
ENSMUSG00000072188,0,0,0,0,0,0,0,1,0,0,0,0
ENSMUSG00000110469,26,483,463,368,425,450,406,411,432,493,539,652
ENSMUSG00000093985,0,0,0,1,4,0,1,1,2,0,1,3
ENSMUSG00000072739,0,0,1,0,0,0,0,0,0,0,0,0
ENSMUSG00000096488,0,2,0,1,0,0,0,0,0,0,0,1
ENSMUSG00000095533,0,0,0,0,0,0,0,0,0,0,0,0
ENSMUSG00000066027,0,0,0,0,0,0,0,0,0,0,0,0
ENSMUSG00000072923,0,0,0,0,0,0,0,0,1,0,0,0
ENSMUSG00000096596,0,1,0,0,0,0,0,0,0,0,0,0
ENSMUSG00000074179,0,2,3,0,0,1,1,4,1,4,6,3
ENSMUSG00000074215,0,17,11,11,9,9,8,6,6,11,5,12
ENSMUSG00000095388,0,0,0,0,0,0,0,0,0,0,0,0
ENSMUSG00000095251,0,0,0,0,0,0,0,0,0,0,1,0
ENSMUSG00000074826,0,3,1,2,2,3,6,7,3,3,6,6
ENSMUSG00000074847,0,0,0,0,0,0,1,0,0,0,0,0
ENSMUSG00000096856,1,1,1,3,3,6,7,5,5,5,7,10
ENSMUSG00000094475,1,8,1,2,5,5,5,3,6,2,3,9
ENSMUSG00000078895,0,0,0,0,0,1,1,0,0,0,0,0
ENSMUSG00000079644,0,0,0,1,1,0,0,1,0,0,0,0
ENSMUSG00000079357,0,1,3,2,1,2,2,2,4,1,1,4
ENSMUSG00000079492,0,0,0,0,0,0,0,0,0,1,1,1
ENSMUSG00000084782,0,1,0,0,0,0,1,0,0,1,0,0
ENSMUSG00000044860,0,0,0,0,0,0,0,0,0,0,0,0
ENSMUSG00000096700,0,0,0,1,0,0,0,2,1,2,0,1
ENSMUSG00000094116,0,1,1,2,0,0,2,0,0,2,0,1
ENSMUSG00000095935,0,0,0,0,0,0,0,0,0,0,0,0
ENSMUSG00000095048,0,0,2,1,0,0,2,1,0,1,0,0
ENSMUSG00000079941,96,3005,2745,2111,2648,2737,2271,2593,2871,3136,3650,4410
ENSMUSG00000073130,0,0,0,0,0,1,0,0,1,1,0,0
ENSMUSG00000066137,0,0,0,0,0,0,1,0,0,0,0,0
ENSMUSG00000085007,0,0,0,0,0,0,0,0,0,0,0,0
ENSMUSG00000085486,1,4,2,3,3,1,3,6,1,2,1,5
ENSMUSG00000093962,1,3,7,2,3,6,5,8,5,11,7,8
ENSMUSG00000096750,0,4,4,3,2,6,6,4,2,2,2,3
ENSMUSG00000096530,0,6,8,5,8,6,5,7,4,2,8,7
ENSMUSG00000068240,181,1999,1937,1423,1963,2012,2047,2398,2562,2531,3366,3678
ENSMUSG00000086587,0,9,6,5,4,8,17,15,17,8,11,8
ENSMUSG00000040978,1,4,4,1,3,4,2,0,4,1,6,4
ENSMUSG00000069899,1,25,15,11,18,17,18,16,19,16,16,29
ENSMUSG00000078154,18,180,138,117,170,136,199,185,177,164,206,250
ENSMUSG00000086962,0,0,0,0,0,0,0,0,1,0,1,0
ENSMUSG00000058287,0,0,0,0,0,0,0,0,0,0,0,0
ENSMUSG00000072915,1,4,2,3,5,3,6,7,3,2,3,4
ENSMUSG00000078722,0,0,0,1,2,0,0,1,0,0,0,0
ENSMUSG00000066107,3,7,13,3,6,13,5,7,9,7,5,8
ENSMUSG00000078626,0,0,0,0,0,0,0,0,0,0,1,0
ENSMUSG00000070890,0,0,0,0,0,0,0,0,0,0,0,0
ENSMUSG00000068860,0,0,0,0,0,0,0,0,0,0,0,0
ENSMUSG00000078513,0,0,0,0,0,0,0,0,0,0,0,0
ENSMUSG00000073723,0,0,0,0,0,0,0,0,0,0,0,0
ENSMUSG00000056718,0,0,0,1,3,0,0,0,0,1,0,2
ENSMUSG00000078502,1,16,12,8,22,20,27,29,41,23,29,37
ENSMUSG00000096591,0,1,0,0,2,0,0,0,0,0,0,0
ENSMUSG00000099545,0,0,0,0,0,0,0,0,0,0,0,0
ENSMUSG00000100234,0,0,0,0,0,0,0,0,0,0,0,0
ENSMUSG00000099420,0,0,0,0,0,0,0,0,0,0,0,0
ENSMUSG00000095101,0,0,0,0,0,1,0,0,0,0,0,0
ENSMUSG00000070908,0,0,0,0,1,0,0,0,0,0,0,0
ENSMUSG00000096582,0,0,0,0,0,0,0,0,0,0,0,0
ENSMUSG00000094271,0,0,0,0,0,0,0,0,0,0,0,0
ENSMUSG00000073878,0,8,15,13,10,16,10,24,24,18,46,36
ENSMUSG00000073876,1,11,11,11,10,9,7,10,9,13,25,18
ENSMUSG00000073877,0,2,4,1,1,1,2,7,4,2,5,7
ENSMUSG00000087364,0,0,0,0,0,0,0,0,0,0,0,0
ENSMUSG00000079497,0,0,0,0,0,0,0,0,0,0,0,0
ENSMUSG00000079247,0,0,1,0,0,0,0,0,0,0,0,0
ENSMUSG00000094336,0,0,0,0,0,0,0,0,0,0,0,0
ENSMUSG00000096484,0,0,0,0,0,0,0,0,0,0,0,0
ENSMUSG00000094125,0,0,0,0,0,0,0,0,0,0,0,0
ENSMUSG00000086338,0,0,0,0,0,1,0,0,0,0,0,0
ENSMUSG00000089859,0,0,0,0,0,0,0,0,0,0,0,1
ENSMUSG00000096333,0,1,2,4,4,5,5,4,4,6,10,3
ENSMUSG00000087006,4,53,36,29,47,32,44,90,40,33,83,130
ENSMUSG00000079051,0,0,0,0,0,0,0,0,0,0,0,1
ENSMUSG00000079071,4,15,8,8,13,13,12,13,10,9,17,12
ENSMUSG00000079008,0,0,0,0,0,0,0,0,0,0,0,0
ENSMUSG00000055926,0,0,0,0,0,0,0,0,0,0,0,0
ENSMUSG00000078889,0,14,12,6,16,12,16,19,11,9,11,22
ENSMUSG00000078877,0,15,10,2,6,17,11,14,10,13,15,23
ENSMUSG00000074527,0,18,7,11,6,10,16,7,16,17,18,16
ENSMUSG00000078878,2,8,9,3,7,12,12,14,15,7,14,18
ENSMUSG00000078880,2,9,11,5,7,5,6,8,12,5,11,12
ENSMUSG00000078864,1,6,6,4,3,9,6,9,5,15,9,10
ENSMUSG00000095362,0,8,2,1,4,5,4,4,6,3,5,12
ENSMUSG00000078862,1,9,8,8,9,5,13,8,13,13,11,15
ENSMUSG00000074521,0,7,8,7,10,3,5,3,9,6,9,12
ENSMUSG00000078903,1,6,2,0,1,0,6,4,7,7,6,6
ENSMUSG00000078905,1,1,1,3,5,1,3,6,8,5,4,8
ENSMUSG00000090093,0,3,8,3,3,2,5,5,7,10,3,12
ENSMUSG00000078872,0,2,0,1,0,0,2,0,0,0,2,2
ENSMUSG00000094786,0,14,13,6,4,6,10,14,19,12,11,14
ENSMUSG00000078865,0,0,0,0,1,0,1,0,1,0,0,0
ENSMUSG00000078876,0,0,0,0,0,1,0,3,2,2,2,0
ENSMUSG00000078869,0,0,0,0,0,0,0,0,0,1,1,1
ENSMUSG00000078870,0,8,4,2,5,5,4,2,6,2,14,15
ENSMUSG00000078868,0,2,1,0,1,0,1,1,1,3,0,1
ENSMUSG00000078867,1,7,9,4,9,9,10,8,7,9,15,17
ENSMUSG00000078875,0,11,7,2,7,5,4,9,11,10,11,18
ENSMUSG00000078881,2,7,3,1,7,5,5,7,10,9,15,16
ENSMUSG00000089951,0,11,5,4,11,10,10,4,5,8,10,12
ENSMUSG00000078901,0,15,8,5,9,7,8,7,4,10,10,13
ENSMUSG00000078902,0,0,1,0,3,1,0,0,2,2,1,0
ENSMUSG00000078906,0,0,1,0,0,1,0,0,0,2,0,0
ENSMUSG00000074417,0,0,0,0,0,0,4,0,0,3,2,0
ENSMUSG00000091556,0,0,0,0,0,0,0,0,0,0,0,0
ENSMUSG00000079593,7,64,51,39,69,66,47,62,66,54,83,73
ENSMUSG00000067771,0,0,0,0,0,0,0,0,0,0,0,0
ENSMUSG00000071748,1,28,23,28,38,44,33,32,33,36,25,44
ENSMUSG00000082976,0,0,0,0,0,0,0,2,0,0,0,5
ENSMUSG00000095082,0,0,0,0,0,0,0,0,0,1,0,0
ENSMUSG00000094378,0,0,0,0,0,0,0,0,0,0,0,0
ENSMUSG00000055109,0,0,0,0,0,0,0,0,0,0,0,0
ENSMUSG00000108981,0,0,0,0,2,0,0,0,0,2,0,0
ENSMUSG00000074655,0,0,0,0,0,1,0,0,0,0,0,0
ENSMUSG00000074449,0,0,0,0,0,0,0,0,0,0,0,0
ENSMUSG00000090015,1,10,8,11,13,11,23,14,12,13,13,14
ENSMUSG00000074419,0,0,0,0,0,0,0,0,0,0,0,1
ENSMUSG00000081665,0,0,0,1,0,1,3,7,1,2,1,9
ENSMUSG00000087610,0,4,3,2,3,4,9,5,3,9,6,6
ENSMUSG00000024571,20,173,145,123,141,159,169,194,196,205,201,296
ENSMUSG00000113489,2,17,11,10,12,19,13,13,16,11,21,27
ENSMUSG00000096230,0,0,0,0,0,0,0,0,0,0,0,1
ENSMUSG00000091476,0,0,0,0,0,0,0,0,0,0,0,0
ENSMUSG00000095015,0,0,0,0,1,0,0,1,1,0,0,0
ENSMUSG00000110622,0,0,1,0,2,2,0,0,0,0,0,0
ENSMUSG00000095996,0,0,0,0,0,0,0,1,0,0,0,0
ENSMUSG00000070858,6,34,24,18,26,29,11,25,17,18,33,30
ENSMUSG00000093954,0,4,4,2,8,5,1,3,3,3,4,6
ENSMUSG00000041035,1,71,64,46,65,76,68,85,74,100,107,120
ENSMUSG00000091594,0,1,0,0,0,0,0,0,0,0,0,0
ENSMUSG00000090439,0,0,0,0,1,0,1,1,0,0,0,0
ENSMUSG00000090963,0,3,0,1,3,2,1,2,2,4,3,1
ENSMUSG00000091034,0,0,0,0,0,0,0,0,0,0,0,0
ENSMUSG00000109739,1,0,0,0,1,2,2,2,1,0,0,3
ENSMUSG00000092216,0,0,0,0,0,1,0,0,0,0,0,0
ENSMUSG00000109372,0,3,4,2,4,4,9,5,6,8,8,8
ENSMUSG00000092277,0,0,0,0,0,0,0,1,0,0,0,1
ENSMUSG00000091049,0,0,0,0,0,0,0,0,0,0,0,0
ENSMUSG00000078193,175,1196,1138,890,1068,1133,1438,1794,1606,1890,2172,2757
ENSMUSG00000095648,0,8,11,3,2,6,12,7,10,10,9,17
ENSMUSG00000094932,1,3,1,3,5,2,7,5,7,2,16,8
ENSMUSG00000110218,0,2,4,1,5,9,0,2,1,4,1,3
ENSMUSG00000078886,0,4,9,9,6,15,13,7,8,13,19,22
ENSMUSG00000083628,0,0,0,0,0,0,0,0,0,0,0,0
ENSMUSG00000100622,1,7,4,1,0,3,5,2,3,1,1,3
ENSMUSG00000021139,0,2,1,0,0,1,1,0,1,1,4,1
ENSMUSG00000023984,1,4,0,0,4,1,3,8,0,6,2,1
ENSMUSG00000096887,6,18,13,18,20,16,32,15,19,10,9,21
ENSMUSG00000041716,2,24,19,16,18,33,19,32,17,29,29,42
ENSMUSG00000029720,0,0,0,0,0,0,0,0,0,0,0,1
ENSMUSG00000030068,0,0,0,0,0,0,1,0,0,0,1,0
ENSMUSG00000093993,0,0,0,0,0,0,0,0,0,0,0,0
ENSMUSG00000094813,0,0,0,0,0,0,0,0,0,0,0,0
ENSMUSG00000095452,0,0,0,0,0,0,0,0,0,0,0,0
ENSMUSG00000101146,0,0,0,0,0,0,0,0,0,0,0,0
ENSMUSG00000100240,0,0,0,0,0,0,0,0,0,0,0,0
ENSMUSG00000101928,0,0,0,0,0,0,0,0,0,0,0,1
ENSMUSG00000101933,0,0,0,0,0,0,0,0,0,0,0,0
ENSMUSG00000096178,0,0,0,0,0,0,0,0,0,0,0,0
ENSMUSG00000096902,0,0,0,0,0,0,0,0,0,0,0,0
ENSMUSG00000100902,0,1,0,0,0,0,0,0,0,0,0,0
ENSMUSG00000095793,0,0,0,0,0,0,0,0,0,0,0,0
ENSMUSG00000099531,0,0,0,0,0,0,0,0,0,0,0,0
ENSMUSG00000078747,0,1,2,1,0,3,4,3,8,2,5,3
ENSMUSG00000102122,0,0,0,0,0,0,0,0,0,0,0,0
ENSMUSG00000100055,0,0,0,0,0,0,0,0,0,0,0,0
ENSMUSG00000096650,0,0,0,0,0,0,0,0,0,1,0,0
ENSMUSG00000099782,0,0,0,0,0,0,0,0,0,0,1,0
ENSMUSG00000099856,0,0,0,0,0,0,1,0,0,0,0,0
ENSMUSG00000099894,0,0,0,0,0,0,0,1,0,0,0,0
ENSMUSG00000094746,0,0,0,0,0,0,0,0,0,0,0,0
ENSMUSG00000100485,0,0,0,0,0,0,0,0,0,0,0,0
ENSMUSG00000100045,0,0,0,0,0,0,0,0,0,0,0,0
ENSMUSG00000096016,0,0,0,0,0,0,0,0,0,0,0,0
ENSMUSG00000095153,0,0,0,0,0,0,0,0,0,0,0,0
ENSMUSG00000094811,0,2,0,0,0,0,0,0,0,0,0,0
ENSMUSG00000095294,0,0,0,0,0,0,0,0,0,0,0,0
ENSMUSG00000099762,0,1,0,0,1,0,0,0,0,0,0,0
ENSMUSG00000097789,0,3,0,1,2,1,2,0,1,1,1,4
ENSMUSG00000100708,0,0,0,0,0,0,0,0,0,0,0,0
ENSMUSG00000095609,1,4,2,2,4,2,17,33,10,8,8,32
ENSMUSG00000106445,0,0,0,0,0,0,1,0,0,0,0,0
ENSMUSG00000094484,1,0,0,0,0,0,0,0,0,0,0,0
ENSMUSG00000095606,0,0,0,0,0,0,0,0,0,0,0,0
ENSMUSG00000102045,0,0,0,0,0,0,0,0,0,0,0,0
ENSMUSG00000095032,0,0,0,0,0,0,0,0,0,0,0,0
ENSMUSG00000101286,0,0,0,0,0,0,0,0,0,0,0,0
ENSMUSG00000095724,0,0,0,0,0,0,0,0,0,0,0,0
ENSMUSG00000095029,0,0,0,0,0,0,0,0,0,0,0,0
ENSMUSG00000045699,0,0,0,0,0,0,0,0,0,0,1,0
ENSMUSG00000099541,0,0,0,0,0,0,0,0,0,0,0,0
ENSMUSG00000094065,1,9,7,17,10,18,10,26,28,25,31,41
ENSMUSG00000095234,0,1,1,0,3,3,3,4,5,5,6,7
ENSMUSG00000100856,0,0,0,0,0,0,0,0,0,0,0,0
ENSMUSG00000104824,0,0,0,0,0,0,0,1,0,0,0,0
ENSMUSG00000095550,0,0,0,0,0,0,0,0,0,0,0,0
ENSMUSG00000106627,0,0,0,0,0,0,0,1,1,0,0,0
ENSMUSG00000096045,0,0,0,0,0,0,0,0,1,0,1,0
ENSMUSG00000095948,0,0,0,0,0,0,0,0,0,0,1,0
ENSMUSG00000058932,1,2,1,0,0,4,2,2,1,4,0,3
ENSMUSG00000095578,0,0,0,0,0,0,0,0,0,0,0,0
ENSMUSG00000094027,0,0,0,0,0,0,0,0,0,0,0,0
ENSMUSG00000095135,0,0,0,0,0,0,0,0,0,0,0,0
ENSMUSG00000093895,0,0,0,0,0,0,0,0,0,1,0,0
ENSMUSG00000096223,0,0,0,0,0,0,0,0,0,0,0,0
ENSMUSG00000094091,0,0,3,0,0,0,0,0,0,0,0,0
ENSMUSG00000094695,0,0,1,3,3,1,3,1,4,6,6,3
ENSMUSG00000093979,0,2,1,2,0,0,0,1,0,0,0,2
ENSMUSG00000092225,0,0,0,0,1,0,0,0,0,0,0,0
ENSMUSG00000108695,0,0,0,0,0,0,0,0,0,0,0,1
ENSMUSG00000010529,0,2,3,1,0,4,2,0,2,2,2,1
ENSMUSG00000096968,0,1,2,2,0,2,0,2,1,1,3,1
ENSMUSG00000097239,2,1,13,8,10,5,5,9,8,9,9,9
ENSMUSG00000099041,0,0,1,0,0,0,0,0,0,0,0,0
ENSMUSG00000098715,0,0,0,0,0,0,0,0,0,0,0,0
ENSMUSG00000094789,0,0,0,0,0,0,0,0,0,0,0,0
ENSMUSG00000099913,0,1,0,0,3,1,0,2,0,3,0,0
ENSMUSG00000100972,0,0,0,0,0,0,0,0,0,0,0,0
ENSMUSG00000100645,0,0,1,0,0,0,0,0,0,0,0,0
ENSMUSG00000099925,0,0,0,0,0,0,0,0,1,0,0,0
ENSMUSG00000100338,0,0,0,0,0,0,0,0,0,0,0,0
ENSMUSG00000090487,0,0,0,0,0,0,0,0,0,0,0,0
ENSMUSG00000101243,0,0,0,0,0,0,0,0,0,0,0,0
ENSMUSG00000079410,0,1,0,0,0,0,1,1,0,0,0,1
ENSMUSG00000100939,0,0,0,0,1,0,0,0,0,0,0,0
ENSMUSG00000101528,0,0,0,0,0,1,0,0,0,0,0,0
ENSMUSG00000100962,0,0,0,0,0,0,0,0,0,0,1,0
ENSMUSG00000101471,0,0,0,0,0,0,0,0,0,0,0,0
ENSMUSG00000101904,0,3,2,1,2,0,2,1,0,3,2,3
ENSMUSG00000100231,0,0,0,0,0,1,0,0,0,0,0,0
ENSMUSG00000096574,0,0,0,1,1,1,2,0,1,0,0,1
ENSMUSG00000099792,0,0,0,0,0,0,0,0,0,0,0,0
ENSMUSG00000101678,0,0,1,3,0,0,1,1,0,3,0,0
ENSMUSG00000079391,1,1,1,1,2,0,0,0,3,1,0,1
ENSMUSG00000108976,2,2,0,0,0,1,0,1,0,1,1,0
ENSMUSG00000102668,0,0,0,0,0,0,0,0,0,0,0,0
ENSMUSG00000000594,12,122,101,97,106,126,158,197,167,132,159,267
ENSMUSG00000096793,0,0,0,1,0,1,0,0,0,0,0,2
ENSMUSG00000095195,0,1,0,0,0,1,0,0,0,0,2,0
ENSMUSG00000095368,0,1,0,0,0,0,0,0,0,0,0,0
ENSMUSG00000079402,0,0,1,0,0,0,0,0,0,2,1,0
ENSMUSG00000096901,0,1,0,0,0,1,0,0,0,0,0,0
ENSMUSG00000090472,0,1,0,1,1,0,0,0,0,0,1,0
ENSMUSG00000104191,0,0,0,0,0,0,0,0,0,0,0,0
ENSMUSG00000091756,0,0,0,0,1,0,0,0,0,0,2,0
ENSMUSG00000095686,0,0,0,0,0,0,1,0,1,0,0,0
ENSMUSG00000090764,0,0,0,0,0,0,1,0,0,0,0,0
ENSMUSG00000095074,0,0,0,0,0,0,0,0,0,0,0,0
ENSMUSG00000079389,0,0,0,1,0,0,0,0,0,0,0,0
ENSMUSG00000103528,0,0,0,0,0,0,0,0,0,0,0,0
ENSMUSG00000091418,0,0,1,0,1,0,1,0,0,0,0,0
ENSMUSG00000079386,0,0,0,0,0,0,0,0,0,0,0,0
ENSMUSG00000091148,0,1,0,0,0,0,0,0,0,0,0,0
ENSMUSG00000094825,0,2,0,0,0,2,0,1,1,0,0,0
ENSMUSG00000094132,0,0,0,0,0,0,0,0,0,0,0,0
ENSMUSG00000091494,0,0,0,0,0,0,0,0,0,0,0,0
ENSMUSG00000110266,0,0,1,0,0,0,0,0,0,0,0,0
ENSMUSG00000109113,0,0,0,0,0,0,0,0,0,0,0,0
ENSMUSG00000094370,0,1,0,1,1,1,0,1,1,0,0,1
ENSMUSG00000096520,0,0,0,0,0,0,0,0,0,0,0,0
ENSMUSG00000096629,1,0,0,0,1,1,0,0,1,0,0,1
ENSMUSG00000079396,0,0,0,0,0,0,1,2,1,0,0,0
ENSMUSG00000090512,0,0,0,0,0,0,0,1,0,0,0,0
ENSMUSG00000103476,9,269,258,158,193,326,222,239,241,193,97,352
ENSMUSG00000079710,0,2,0,0,1,1,1,2,1,1,2,2
ENSMUSG00000095295,0,0,0,0,2,1,0,0,0,2,0,0
ENSMUSG00000096003,1,0,1,1,2,1,0,0,0,0,0,1
ENSMUSG00000090363,1,0,4,0,1,2,0,3,1,1,0,1
ENSMUSG00000103371,0,0,0,0,0,0,0,0,0,0,0,0
ENSMUSG00000109771,0,0,0,0,1,0,0,0,3,0,3,2
ENSMUSG00000109179,0,2,0,1,3,5,3,3,3,1,2,3
ENSMUSG00000096023,0,0,0,0,0,0,0,0,0,0,0,0
ENSMUSG00000078240,3,16,13,10,16,26,31,37,22,27,26,39
ENSMUSG00000107504,0,0,0,0,0,0,0,0,0,0,0,1
ENSMUSG00000079364,0,1,1,0,0,0,0,0,0,0,1,1
ENSMUSG00000105078,0,0,0,0,0,1,0,0,1,1,0,1
ENSMUSG00000095360,0,0,0,0,0,0,0,0,0,0,0,0
ENSMUSG00000108763,0,4,5,0,5,0,1,0,1,2,2,0
ENSMUSG00000094942,1,2,3,0,5,2,1,2,4,2,4,4
ENSMUSG00000110221,0,1,0,0,0,0,1,0,1,0,0,1
ENSMUSG00000096685,1,0,0,0,0,0,0,0,0,0,1,0
ENSMUSG00000090691,0,3,2,0,2,1,0,1,0,0,0,0
ENSMUSG00000094021,0,0,0,0,0,0,1,0,0,0,0,0
ENSMUSG00000092167,0,0,0,0,0,1,0,0,0,0,2,0
ENSMUSG00000091472,0,3,1,1,1,1,1,1,1,1,1,2
ENSMUSG00000091617,1,0,1,2,0,1,0,1,0,1,0,0
ENSMUSG00000111709,1,14,20,8,13,11,22,25,19,39,29,45
ENSMUSG00000097148,19,435,415,357,393,352,394,390,363,467,510,559
ENSMUSG00000103766,0,0,0,0,0,0,0,0,1,0,0,0
ENSMUSG00000000948,0,1,0,0,0,0,0,0,0,0,0,0
ENSMUSG00000109398,0,1,1,2,3,1,1,2,4,2,0,3
ENSMUSG00000081443,0,0,0,0,0,0,0,0,0,0,0,0
ENSMUSG00000078606,5,50,38,22,40,27,49,99,78,43,55,157
ENSMUSG00000100486,0,0,0,0,0,0,0,1,0,0,0,0
ENSMUSG00000108348,0,0,0,1,1,1,2,0,0,0,0,1
ENSMUSG00000105867,0,3,2,2,4,3,4,2,2,1,3,2
ENSMUSG00000095341,0,1,0,1,0,0,0,0,0,0,1,1
ENSMUSG00000105340,0,0,0,0,0,1,0,1,0,0,0,0
ENSMUSG00000106447,0,0,1,0,2,2,0,0,0,0,0,0
ENSMUSG00000089922,0,0,0,0,0,0,0,0,0,0,0,0
ENSMUSG00000107252,0,0,0,0,0,0,0,0,0,0,0,0
ENSMUSG00000090817,0,0,0,0,0,0,0,0,0,0,0,0
ENSMUSG00000109368,0,0,0,0,0,0,0,0,0,0,0,0
ENSMUSG00000110332,0,0,0,0,1,0,0,0,0,0,0,0
ENSMUSG00000110344,8,79,64,54,76,85,76,131,70,89,67,114
ENSMUSG00000109858,1,0,0,0,0,0,0,0,0,0,0,0
ENSMUSG00000110277,3,7,5,10,9,15,14,9,11,8,10,12
ENSMUSG00000051396,1,2,2,1,2,6,1,3,4,1,2,4
ENSMUSG00000078899,0,10,7,10,7,6,8,10,9,5,8,9
ENSMUSG00000078897,0,5,6,2,3,2,3,5,4,2,6,15
ENSMUSG00000048087,0,20,15,14,24,24,28,34,30,33,22,42
ENSMUSG00000058717,0,0,0,0,0,0,1,0,0,0,0,1
ENSMUSG00000094076,0,6,4,2,6,4,10,5,3,2,10,10
ENSMUSG00000045010,0,0,0,0,0,0,0,0,0,0,0,0
ENSMUSG00000072974,0,4,0,0,0,0,2,0,0,0,0,0
ENSMUSG00000070594,0,0,0,1,0,0,2,0,0,1,1,1
ENSMUSG00000068606,21,69,57,47,56,67,220,955,1345,409,228,2303
ENSMUSG00000051081,0,0,0,0,0,0,0,0,0,0,1,0
ENSMUSG00000068113,0,0,0,0,0,0,0,0,0,1,0,0
ENSMUSG00000073427,3,4,6,1,5,3,4,3,6,5,8,6
ENSMUSG00000073555,2,6,10,3,8,10,17,63,28,22,14,81
ENSMUSG00000071633,0,0,0,0,0,0,1,0,0,0,0,0
ENSMUSG00000085601,0,0,1,0,0,0,0,0,0,0,0,0
ENSMUSG00000079871,0,0,0,0,0,0,0,0,0,0,0,0
ENSMUSG00000093847,0,0,0,0,0,0,0,0,0,0,0,0
ENSMUSG00000048398,0,0,0,0,0,0,0,1,0,0,0,0
ENSMUSG00000069324,0,0,1,0,0,0,0,0,0,0,0,0
ENSMUSG00000073010,0,0,0,0,0,0,0,0,0,1,0,0
ENSMUSG00000033255,0,0,0,0,0,0,0,0,0,0,0,0
ENSMUSG00000112039,0,3,2,0,1,2,2,0,0,0,4,6
ENSMUSG00000091183,0,3,2,1,1,3,5,2,2,2,3,2
ENSMUSG00000058174,0,3,1,1,1,2,3,3,3,4,2,5
ENSMUSG00000078780,0,1,0,0,0,0,1,2,0,0,1,1
ENSMUSG00000091014,0,0,0,0,0,1,2,0,4,0,0,2
ENSMUSG00000072553,0,1,0,0,0,0,0,1,0,0,0,0
ENSMUSG00000047227,0,0,6,4,0,1,1,3,1,1,3,3
ENSMUSG00000094504,0,0,0,0,0,0,0,0,0,0,0,0
ENSMUSG00000091318,0,0,0,0,0,0,1,0,0,1,0,0
ENSMUSG00000094733,0,0,0,0,0,0,0,0,0,0,0,0
ENSMUSG00000096486,0,3,0,0,2,0,0,1,0,1,1,0
ENSMUSG00000058163,0,5,2,2,6,3,4,16,4,7,3,19
ENSMUSG00000095024,0,0,0,0,0,0,0,0,0,0,0,0
ENSMUSG00000079597,0,0,0,0,0,0,0,1,2,1,0,0
ENSMUSG00000107906,0,0,0,0,1,2,3,1,0,0,1,3
ENSMUSG00000042293,4,134,127,102,120,146,130,127,139,192,216,194
ENSMUSG00000079534,0,0,0,0,0,0,0,0,0,0,0,0
ENSMUSG00000079029,0,0,0,0,0,0,0,0,1,0,0,0
ENSMUSG00000082815,0,7,9,5,7,3,9,6,7,4,6,11
ENSMUSG00000070577,0,0,0,0,0,0,1,1,1,0,1,3
ENSMUSG00000109392,1,0,0,0,0,0,0,0,0,0,0,1
ENSMUSG00000095845,0,0,0,0,1,0,0,0,0,0,0,0
ENSMUSG00000079409,0,0,0,0,0,0,0,0,0,0,0,0
ENSMUSG00000096775,0,0,0,0,1,0,0,0,0,0,2,0
ENSMUSG00000072726,0,1,0,0,0,0,0,0,0,0,0,1
ENSMUSG00000067700,0,0,0,0,0,0,0,0,0,0,0,0
ENSMUSG00000084063,0,0,0,0,0,0,0,0,1,0,0,0
ENSMUSG00000079531,0,0,0,0,0,0,0,0,0,0,0,0
ENSMUSG00000053182,0,0,1,0,0,0,0,0,0,0,0,0
ENSMUSG00000090451,5,47,32,30,37,27,37,58,47,52,69,74
ENSMUSG00000057762,10,78,92,55,84,99,122,146,83,119,109,183
ENSMUSG00000048621,0,2,0,0,1,0,3,2,2,1,0,9
ENSMUSG00000064016,0,0,1,0,0,0,0,0,1,0,0,0
ENSMUSG00000094215,2,0,0,0,0,0,0,0,0,0,0,0
ENSMUSG00000104043,1,2,2,4,0,1,3,4,0,3,4,5
ENSMUSG00000086361,0,3,0,1,3,0,1,2,5,6,6,7
ENSMUSG00000051503,0,0,2,0,0,0,0,0,0,0,0,0
ENSMUSG00000096869,0,0,0,0,0,0,1,1,0,0,0,1
ENSMUSG00000078887,0,9,4,4,9,14,7,14,14,10,17,12
ENSMUSG00000097427,0,0,0,0,0,0,0,0,0,0,0,0
ENSMUSG00000070637,1,1,3,1,3,4,10,10,3,10,11,18
ENSMUSG00000094649,0,1,0,0,0,0,1,0,0,0,1,0
ENSMUSG00000073077,0,0,0,0,1,0,0,0,0,0,0,0
ENSMUSG00000049235,0,1,2,0,1,0,1,0,0,1,1,3
ENSMUSG00000073117,0,0,0,0,1,0,1,0,0,0,0,0
ENSMUSG00000059645,0,0,0,0,0,0,0,0,0,0,0,0
ENSMUSG00000079457,0,0,0,1,0,1,1,0,0,0,0,3
ENSMUSG00000090667,0,0,0,0,0,0,0,0,0,0,1,0
ENSMUSG00000102752,0,14,24,11,23,21,18,20,31,15,13,34
ENSMUSG00000033036,0,1,1,0,4,1,1,0,1,2,2,3
ENSMUSG00000091563,0,0,0,1,0,1,0,1,1,1,0,3
ENSMUSG00000089901,0,11,15,4,15,15,7,7,6,8,13,10
ENSMUSG00000094258,0,0,0,0,1,0,0,0,0,0,0,0
ENSMUSG00000091568,0,0,1,0,0,1,0,0,2,2,1,0
ENSMUSG00000095797,0,0,0,0,0,0,0,0,0,0,0,0
ENSMUSG00000091844,1,0,0,0,0,0,0,0,0,0,1,0
ENSMUSG00000074623,2,19,23,21,23,20,8,28,20,11,24,24
ENSMUSG00000079378,0,1,1,1,0,0,0,0,0,0,0,0
ENSMUSG00000090827,1,2,0,0,0,1,0,0,0,0,0,0
ENSMUSG00000095799,0,0,0,0,0,0,0,0,0,0,0,0
ENSMUSG00000058470,0,0,0,0,1,1,2,2,3,1,0,5
ENSMUSG00000023120,0,0,0,0,0,0,0,0,0,0,0,0
ENSMUSG00000050157,2,2,3,7,7,4,4,3,2,2,1,6
ENSMUSG00000097878,0,0,0,0,0,0,0,0,0,0,0,0
ENSMUSG00000094918,0,0,0,0,0,0,0,0,0,0,0,0
ENSMUSG00000073234,0,0,0,0,0,0,0,0,0,0,0,0
ENSMUSG00000103034,69,702,643,451,640,626,946,986,1007,967,1112,1256
ENSMUSG00000073402,0,0,0,0,2,0,0,1,1,0,0,0
ENSMUSG00000094973,0,2,0,2,2,2,1,2,0,1,2,3
ENSMUSG00000072476,1,7,4,1,4,3,11,5,6,7,4,6
ENSMUSG00000071691,0,1,1,2,3,0,2,0,1,1,1,4
ENSMUSG00000047361,0,0,0,0,0,0,0,0,0,0,0,1
ENSMUSG00000078783,0,0,0,0,0,0,0,0,0,0,1,1
ENSMUSG00000021148,0,0,0,0,0,0,0,0,0,0,0,0
ENSMUSG00000042165,17,177,135,107,165,177,175,188,211,239,233,291
ENSMUSG00000045886,5,242,254,189,212,230,258,272,294,267,376,460
ENSMUSG00000049230,0,0,0,0,0,1,0,0,0,0,0,0
ENSMUSG00000091955,54,131,110,77,116,107,140,293,136,127,201,441
ENSMUSG00000097050,0,0,0,0,0,0,0,0,0,0,0,0
ENSMUSG00000029419,1,1,1,1,2,1,0,0,1,1,1,0
ENSMUSG00000001157,1,11,19,16,12,14,15,18,24,16,10,23
ENSMUSG00000038372,2,16,13,11,10,14,22,14,14,24,29,32
ENSMUSG00000028901,1,35,19,14,15,23,29,21,11,25,27,23
ENSMUSG00000038705,6,15,15,14,15,19,35,20,24,16,23,29
ENSMUSG00000062014,9,67,77,43,78,71,97,83,112,76,74,145
ENSMUSG00000060791,2,6,8,7,5,7,12,26,7,5,12,28
ENSMUSG00000036246,3,11,11,8,16,10,27,27,14,13,18,26
ENSMUSG00000068428,0,0,0,0,0,0,0,0,0,0,0,0
ENSMUSG00000006715,2,157,151,98,154,132,154,131,183,181,150,237
ENSMUSG00000033021,15,129,124,95,145,123,150,152,145,171,213,251
ENSMUSG00000070284,1,22,22,7,16,14,20,25,12,28,23,41
ENSMUSG00000000253,36,534,536,417,441,583,480,662,627,530,550,904
ENSMUSG00000002326,5,34,49,30,35,36,50,56,46,48,56,56
ENSMUSG00000027823,12,128,123,71,115,98,106,84,101,123,117,151
ENSMUSG00000034781,51,275,294,184,295,294,357,329,333,308,365,449
ENSMUSG00000000149,20,394,295,265,313,312,391,292,301,384,356,471
ENSMUSG00000020611,4,96,64,40,84,87,94,110,92,85,99,153
ENSMUSG00000024697,0,2,0,0,1,2,0,0,0,0,0,0
ENSMUSG00000034792,0,4,3,2,3,2,5,5,7,1,2,14
ENSMUSG00000057614,0,5,9,5,7,8,6,5,12,3,14,10
ENSMUSG00000032562,162,980,897,635,957,871,1188,1176,830,1058,1145,1823
ENSMUSG00000000001,3,53,32,26,37,55,43,54,45,38,36,82
ENSMUSG00000024524,1,41,35,18,44,40,35,43,43,33,34,68
ENSMUSG00000031748,6,77,56,38,65,95,67,72,56,48,71,90
ENSMUSG00000024639,6,68,44,41,58,58,86,64,72,51,51,74
ENSMUSG00000027523,323,3342,3142,2248,3061,3200,3173,3601,3592,4238,4207,5699
ENSMUSG00000034837,0,0,1,2,1,2,0,0,0,1,0,1
ENSMUSG00000009108,0,0,0,1,0,0,0,0,0,0,0,0
ENSMUSG00000028777,0,1,0,0,1,1,1,0,0,0,0,1
ENSMUSG00000040009,4,7,4,3,7,6,5,4,2,7,2,9
ENSMUSG00000029064,39,282,228,148,275,273,274,274,248,218,225,432
ENSMUSG00000000884,2,15,6,5,12,10,11,16,21,23,20,22
ENSMUSG00000029713,66,488,403,306,451,469,463,605,565,524,670,900
ENSMUSG00000023439,4,52,54,23,51,46,49,55,46,70,82,59
ENSMUSG00000027669,7,35,34,22,38,31,30,34,29,26,32,39
ENSMUSG00000032192,2,98,77,57,86,66,66,59,61,62,64,87
ENSMUSG00000028479,3,56,37,44,50,41,47,46,53,56,66,82
ENSMUSG00000038607,0,0,0,0,0,0,0,0,0,1,0,0
ENSMUSG00000032766,123,342,271,148,288,234,292,270,286,293,400,377
ENSMUSG00000036402,9,114,88,60,87,74,140,135,98,114,140,190
ENSMUSG00000025739,0,1,1,1,2,1,0,0,2,0,1,1
ENSMUSG00000043004,2,18,11,4,15,18,22,38,22,22,12,55
ENSMUSG00000071658,0,0,1,1,0,0,0,0,0,0,2,1
ENSMUSG00000021303,0,0,0,0,0,1,0,0,0,0,0,0
ENSMUSG00000068523,27,427,325,227,355,359,354,421,396,455,434,656
ENSMUSG00000048240,0,11,3,5,4,1,0,1,2,4,6,4
ENSMUSG00000063594,0,3,0,0,1,2,1,1,2,4,0,3
ENSMUSG00000029663,0,0,0,0,0,0,0,0,0,0,0,0
ENSMUSG00000038811,18,69,55,21,49,45,79,94,71,61,102,125
ENSMUSG00000024429,12,152,117,95,117,151,166,177,190,167,188,273
ENSMUSG00000028869,7,96,96,61,87,107,146,139,185,144,174,195
ENSMUSG00000042354,6,45,42,35,53,55,83,82,86,84,86,119
ENSMUSG00000025266,6,91,78,43,79,85,112,74,106,87,96,139
ENSMUSG00000002769,1,21,17,20,12,17,29,22,33,38,42,16
ENSMUSG00000031985,38,674,637,447,623,629,695,588,698,724,685,954
ENSMUSG00000052102,2,29,19,11,17,14,24,18,25,26,27,33
ENSMUSG00000029209,1,29,17,13,12,22,31,29,20,18,15,34
ENSMUSG00000037722,4,53,45,37,39,56,61,59,53,43,60,83
ENSMUSG00000035311,3,59,61,40,52,54,78,73,72,71,55,90
ENSMUSG00000035521,4,32,34,33,36,27,58,48,43,42,71,80
ENSMUSG00000015812,1,11,4,4,5,8,3,6,6,8,4,2
ENSMUSG00000029255,0,0,0,0,0,0,0,0,0,0,0,0
ENSMUSG00000034707,30,356,309,229,292,322,467,438,358,441,491,711
ENSMUSG00000026754,4,43,41,18,40,33,44,36,34,46,39,48
ENSMUSG00000002546,19,180,184,151,216,177,243,224,251,261,275,318
ENSMUSG00000029502,2,145,155,118,146,142,157,145,165,177,216,217
ENSMUSG00000038708,31,486,438,320,498,469,605,468,519,493,560,713
ENSMUSG00000021192,2,29,35,29,39,36,48,46,56,58,60,68
ENSMUSG00000015341,4,35,34,24,38,60,56,47,62,53,59,79
ENSMUSG00000042532,1,4,2,3,5,3,6,2,5,4,5,5
ENSMUSG00000034243,9,94,92,73,73,89,116,88,88,101,137,135
ENSMUSG00000034109,2,52,53,42,39,36,46,47,47,42,49,54
ENSMUSG00000021556,0,22,19,5,27,24,21,30,14,16,19,36
ENSMUSG00000022200,7,121,98,79,108,119,116,115,131,113,126,186
ENSMUSG00000030245,6,48,51,31,50,53,58,44,52,46,55,86
ENSMUSG00000054199,6,54,51,37,51,68,57,51,39,56,90,69
ENSMUSG00000019861,2,38,33,24,36,38,34,35,41,29,28,61
ENSMUSG00000040124,0,7,7,1,3,2,4,12,4,2,5,7
ENSMUSG00000032513,6,97,85,72,89,74,102,85,135,129,158,166
ENSMUSG00000014959,17,223,232,144,208,242,259,285,231,275,299,415
ENSMUSG00000010392,1,50,24,21,40,28,47,54,45,44,52,67
ENSMUSG00000020946,6,69,61,36,54,78,73,82,79,55,87,120
ENSMUSG00000025190,104,2177,1977,1437,1883,1887,1835,2038,2362,2308,2538,3090
ENSMUSG00000039720,0,0,0,0,0,0,0,0,0,0,0,0
ENSMUSG00000031672,141,3011,2813,2154,2675,2746,2834,2723,2893,3479,3338,4039
ENSMUSG00000050675,0,9,11,4,5,9,8,6,3,8,14,8
ENSMUSG00000050761,13,8,9,1,12,7,9,11,11,16,4,11
ENSMUSG00000047953,6,3,4,0,0,2,3,2,2,2,0,2
ENSMUSG00000078810,1,3,1,0,1,2,0,3,4,1,1,0
ENSMUSG00000030054,22,10,6,3,6,1,8,4,7,9,2,12
ENSMUSG00000000544,0,0,0,0,0,0,0,0,0,0,0,1
ENSMUSG00000022561,16,97,108,89,78,104,107,111,90,125,105,150
ENSMUSG00000022008,3,50,36,26,49,44,48,44,43,37,58,79
ENSMUSG00000024978,3,10,17,11,19,10,22,20,18,20,11,21
ENSMUSG00000092417,4,34,30,20,38,28,33,31,58,45,44,45
ENSMUSG00000046338,0,0,0,0,0,0,2,0,0,0,0,2
ENSMUSG00000029314,1,52,48,31,50,59,62,56,44,43,49,59
ENSMUSG00000031545,11,114,121,75,155,145,126,141,144,151,159,201
ENSMUSG00000063808,3,34,21,16,23,31,31,37,39,29,34,50
ENSMUSG00000050668,4,57,47,36,53,60,56,71,44,51,58,87
ENSMUSG00000039210,0,22,18,10,25,31,28,17,25,30,28,32
ENSMUSG00000021254,3,24,26,23,23,23,37,25,45,33,31,49
ENSMUSG00000028850,2,11,3,5,9,11,18,11,6,10,21,17
ENSMUSG00000028069,3,44,36,25,26,32,58,61,63,51,70,68
ENSMUSG00000034621,3,42,41,32,59,46,48,48,34,49,41,54
ENSMUSG00000064272,0,0,0,0,0,0,0,0,0,0,0,0
ENSMUSG00000032745,8,127,125,99,122,145,128,110,130,158,144,198
ENSMUSG00000034042,10,64,83,53,75,65,84,56,94,52,62,95
ENSMUSG00000034220,50,1119,892,672,949,911,1009,892,993,625,673,1361
ENSMUSG00000055653,1,10,8,4,5,4,3,7,8,5,4,11
ENSMUSG00000031119,2,32,29,18,32,36,40,45,37,26,38,76
ENSMUSG00000058571,1,23,25,12,15,28,28,33,29,33,15,36
ENSMUSG00000027346,37,613,610,621,490,599,738,576,852,859,530,956
ENSMUSG00000023019,8,239,197,141,205,189,312,257,215,290,303,360
ENSMUSG00000050627,9,172,169,102,174,168,202,182,181,180,194,249
ENSMUSG00000026827,1,38,35,25,39,41,45,24,44,37,41,41
ENSMUSG00000053647,2,7,4,5,2,5,10,7,4,2,5,10
ENSMUSG00000024784,0,0,0,0,0,0,0,0,0,0,0,1
ENSMUSG00000047454,2,54,35,36,59,51,63,57,68,38,60,66
ENSMUSG00000036427,93,1417,1229,1018,1313,1345,1551,1596,1570,1652,1972,2212
ENSMUSG00000022579,201,433,429,443,482,514,526,538,781,814,488,947
ENSMUSG00000031148,2,42,34,34,40,36,52,42,51,50,41,66
ENSMUSG00000021340,2,15,9,7,13,8,12,5,15,11,11,10
ENSMUSG00000031517,1,1,5,2,6,5,4,3,6,9,11,4
ENSMUSG00000031342,3,44,42,24,57,54,87,66,53,44,64,125
ENSMUSG00000064037,3,55,62,33,66,57,62,73,53,59,65,91
ENSMUSG00000028848,2,14,21,15,14,14,18,21,33,33,20,37
ENSMUSG00000029464,1,32,31,26,36,39,32,41,50,41,39,50
ENSMUSG00000029816,3,9,11,7,15,18,67,77,19,18,30,122
ENSMUSG00000046856,0,0,1,0,0,1,0,0,0,0,0,1
ENSMUSG00000036357,0,0,0,0,0,0,0,0,1,0,0,0
ENSMUSG00000000194,12,104,109,59,91,81,104,82,95,113,117,151
ENSMUSG00000005823,12,122,112,88,108,106,156,136,158,147,170,235
ENSMUSG00000051209,0,0,0,0,0,0,0,0,0,0,0,0
ENSMUSG00000041468,0,1,0,0,0,0,1,0,0,0,1,0
ENSMUSG00000021298,0,2,2,5,5,6,10,14,5,0,7,20
ENSMUSG00000043398,0,4,4,6,3,2,3,0,2,2,1,6
ENSMUSG00000024958,8,136,125,100,87,91,96,116,82,100,109,171
ENSMUSG00000021306,6,13,23,14,25,14,22,18,18,18,29,27
ENSMUSG00000049092,0,0,1,2,2,1,2,0,0,1,0,1
ENSMUSG00000053101,0,1,0,0,1,1,1,8,2,0,0,7
ENSMUSG00000025333,0,0,0,0,0,1,0,0,0,0,0,0
ENSMUSG00000044197,9,287,259,168,250,286,392,353,319,321,368,567
ENSMUSG00000043441,0,0,0,0,0,0,0,0,0,0,0,0
ENSMUSG00000047293,0,0,0,0,0,0,0,0,0,0,0,0
ENSMUSG00000045509,1,0,0,0,0,0,0,0,1,0,0,0
ENSMUSG00000042816,0,0,0,0,0,0,0,0,0,0,0,0
ENSMUSG00000044724,0,0,1,0,0,0,0,0,0,0,1,0
ENSMUSG00000042804,0,41,34,25,35,31,46,49,24,35,32,63
ENSMUSG00000041762,2,40,36,35,39,39,36,29,39,40,32,52
ENSMUSG00000046961,0,0,0,1,0,0,0,0,0,0,0,0
ENSMUSG00000047875,5,118,88,56,92,85,99,75,99,85,128,123
ENSMUSG00000045967,0,1,0,0,1,0,0,0,0,0,0,0
ENSMUSG00000037661,2,2,7,5,6,9,9,15,13,14,8,23
ENSMUSG00000040836,1,1,4,2,2,3,3,5,0,3,3,2
ENSMUSG00000038390,0,1,0,1,1,3,2,3,1,0,4,6
ENSMUSG00000031210,0,0,0,0,0,0,0,0,0,0,0,0
ENSMUSG00000052229,0,1,2,0,0,0,0,0,1,0,0,0
ENSMUSG00000050075,0,0,3,0,6,0,1,4,1,0,4,13
ENSMUSG00000056679,0,4,3,1,3,4,2,3,3,2,3,4
ENSMUSG00000073008,0,0,0,3,1,2,0,3,1,0,0,0
ENSMUSG00000040133,0,2,0,0,1,0,4,3,0,1,0,6
ENSMUSG00000070337,0,0,0,2,1,2,0,1,0,1,1,0
ENSMUSG00000050350,0,0,0,0,0,0,1,3,3,1,0,6
ENSMUSG00000022131,5,35,62,43,59,47,55,48,58,45,66,82
ENSMUSG00000058396,3,15,18,13,23,17,32,17,19,18,23,34
ENSMUSG00000051212,0,0,4,3,0,4,2,2,1,5,1,10
ENSMUSG00000032641,1,15,11,8,11,10,11,4,10,13,19,13
ENSMUSG00000045281,0,2,3,2,5,5,5,2,3,3,6,2
ENSMUSG00000053164,0,1,0,0,0,0,0,0,2,1,0,2
ENSMUSG00000044067,4,97,75,64,66,62,42,41,36,41,38,73
ENSMUSG00000040125,0,0,0,0,0,0,0,0,0,0,0,0
ENSMUSG00000072875,2,60,56,26,50,49,46,64,45,46,59,71
ENSMUSG00000049649,0,0,2,0,0,0,1,0,1,0,0,0
ENSMUSG00000035148,0,2,0,0,0,0,0,0,0,0,0,0
ENSMUSG00000040229,2,5,3,3,3,7,4,2,6,1,3,2
ENSMUSG00000026271,0,0,1,0,2,1,9,8,1,0,4,18
ENSMUSG00000039904,0,0,0,1,0,1,0,0,0,0,0,0
ENSMUSG00000026424,0,3,1,2,7,3,1,2,5,8,3,6
ENSMUSG00000026343,0,0,0,0,0,0,2,5,2,3,0,4
ENSMUSG00000044317,8,33,48,25,42,42,40,26,33,24,34,54
ENSMUSG00000041907,0,0,0,1,0,0,1,0,0,0,0,1
ENSMUSG00000049608,0,0,0,0,0,0,0,0,0,0,0,0
ENSMUSG00000091735,0,2,1,0,0,1,2,5,0,0,4,2
ENSMUSG00000040372,0,0,0,0,0,0,0,1,0,0,0,0
ENSMUSG00000021886,0,2,4,5,10,6,21,22,16,7,8,26
ENSMUSG00000047415,0,3,0,2,1,0,4,3,2,0,0,2
ENSMUSG00000043999,0,0,0,1,1,1,0,1,0,2,0,1
ENSMUSG00000047678,0,0,0,0,0,0,0,0,0,0,0,1
ENSMUSG00000031932,0,0,1,0,0,0,0,0,0,0,0,0
ENSMUSG00000063234,0,0,0,0,1,0,1,7,1,0,1,3
ENSMUSG00000048216,0,0,1,0,0,2,2,2,0,0,2,1
ENSMUSG00000068696,0,0,0,1,1,2,0,1,1,0,1,0
ENSMUSG00000028096,3,61,55,36,56,44,52,57,48,53,70,69
ENSMUSG00000043384,4,29,35,22,39,54,44,51,40,39,42,50
ENSMUSG00000072966,0,2,1,3,1,1,1,1,2,4,7,6
ENSMUSG00000046733,0,1,0,0,5,0,4,2,3,3,4,3
ENSMUSG00000008734,1,40,33,20,31,28,41,46,39,37,30,68
ENSMUSG00000051043,2,27,23,11,23,16,28,22,29,19,26,28
ENSMUSG00000030205,0,0,0,1,0,0,0,0,0,0,0,0
ENSMUSG00000069227,1,0,0,0,0,0,0,0,0,0,0,0
ENSMUSG00000045441,0,0,0,0,0,0,1,1,1,0,0,0
ENSMUSG00000025156,10,83,99,67,89,98,95,114,89,107,123,167
ENSMUSG00000023170,36,160,160,110,144,157,252,239,251,240,302,302
ENSMUSG00000026930,27,520,542,387,449,545,455,447,596,505,599,745
ENSMUSG00000027883,1,8,4,2,3,6,4,9,3,0,3,4
ENSMUSG00000034786,2,30,25,13,19,21,43,48,20,30,42,80
ENSMUSG00000022546,6,151,130,107,133,117,67,77,95,109,104,137
ENSMUSG00000031700,6,69,74,60,65,79,54,54,72,55,67,91
ENSMUSG00000063856,102,452,473,285,431,345,481,638,445,488,522,950
ENSMUSG00000042808,0,0,0,0,0,0,0,0,0,0,0,0
ENSMUSG00000018339,98,852,825,742,884,927,1773,2044,1633,1775,1978,3050
ENSMUSG00000075706,144,2187,2067,1433,1835,1909,1992,2513,2132,2611,3471,3821
ENSMUSG00000004344,0,0,0,0,1,0,0,0,0,0,0,0
ENSMUSG00000028597,1,33,30,25,37,26,56,52,48,32,47,80
ENSMUSG00000021760,7,101,91,60,95,84,187,171,180,162,244,261
ENSMUSG00000001248,22,99,89,79,87,83,110,124,126,131,139,199
ENSMUSG00000040111,9,110,91,70,111,108,104,78,83,105,85,115
ENSMUSG00000036292,0,3,2,0,2,3,3,1,0,1,1,3
ENSMUSG00000074259,0,1,0,0,0,0,0,0,0,0,0,0
ENSMUSG00000001700,4,64,47,32,55,56,44,60,57,40,63,62
ENSMUSG00000035900,7,82,67,43,74,76,60,68,76,77,86,101
ENSMUSG00000004837,11,46,43,37,53,59,39,48,40,57,63,61
ENSMUSG00000042351,0,0,0,0,0,0,1,2,1,0,1,2
ENSMUSG00000000531,12,49,38,31,52,51,57,39,70,67,70,68
ENSMUSG00000020176,8,151,146,104,152,162,161,118,135,110,154,209
ENSMUSG00000026888,25,490,434,326,464,475,327,322,467,309,352,590
ENSMUSG00000059923,27,275,257,189,245,293,288,297,363,280,313,488
ENSMUSG00000019312,0,0,0,0,0,0,1,0,0,0,0,1
ENSMUSG00000036523,0,2,0,2,1,4,1,5,3,2,2,3
ENSMUSG00000042942,0,2,4,1,0,2,3,1,3,0,1,2
ENSMUSG00000074934,0,0,0,0,0,0,0,0,0,0,0,0
ENSMUSG00000050069,0,0,0,0,0,0,0,0,0,0,1,1
ENSMUSG00000020656,0,1,1,2,1,2,3,1,5,1,1,3
ENSMUSG00000022286,0,11,3,5,15,2,9,0,4,4,4,3
ENSMUSG00000037188,0,0,0,0,0,0,0,0,0,0,0,0
ENSMUSG00000035637,18,279,209,182,230,229,260,276,315,323,444,376
ENSMUSG00000020524,0,0,1,0,2,0,1,0,0,1,0,0
ENSMUSG00000025892,0,0,0,0,0,0,1,0,0,0,0,0
ENSMUSG00000041078,0,0,0,0,0,0,0,0,0,0,0,0
ENSMUSG00000071424,0,0,0,0,0,0,0,0,0,0,0,0
ENSMUSG00000036586,0,0,0,0,1,0,0,0,0,0,0,0
ENSMUSG00000022935,0,0,0,0,0,0,0,0,0,0,0,0
ENSMUSG00000056073,0,1,0,0,0,1,2,3,1,0,1,0
ENSMUSG00000001985,0,1,0,0,0,0,1,0,0,0,2,0
ENSMUSG00000032017,0,0,0,0,1,1,0,0,0,1,0,0
ENSMUSG00000003378,3,18,20,18,34,24,24,25,23,24,25,33
ENSMUSG00000026959,0,0,0,0,0,0,0,0,0,0,0,0
ENSMUSG00000059003,0,1,1,0,0,1,1,0,1,0,1,0
ENSMUSG00000030209,0,0,0,0,0,0,0,0,0,0,0,0
ENSMUSG00000020734,0,3,0,3,2,0,7,4,8,4,10,8
ENSMUSG00000002771,3,17,4,3,8,7,7,10,9,11,9,8
ENSMUSG00000039579,0,1,0,0,0,0,0,0,0,0,0,1
ENSMUSG00000035745,0,7,2,1,3,6,6,2,2,4,3,5
ENSMUSG00000022564,45,364,282,226,362,355,408,526,501,577,592,767
ENSMUSG00000034813,0,1,0,1,1,1,0,4,0,0,0,0
ENSMUSG00000030098,15,81,55,32,70,53,45,30,46,59,70,49
ENSMUSG00000031153,5,64,67,49,64,67,91,76,64,86,83,109
ENSMUSG00000031450,0,0,0,0,0,0,0,0,0,0,0,0
ENSMUSG00000024858,22,200,172,148,187,173,210,247,219,220,265,332
ENSMUSG00000042249,2,40,18,23,22,29,29,27,35,25,43,38
ENSMUSG00000052783,0,4,4,3,5,1,2,7,4,3,5,9
ENSMUSG00000003228,3,18,16,17,32,27,38,32,37,27,54,62
ENSMUSG00000019828,3,75,51,24,47,62,54,39,39,35,29,42
ENSMUSG00000023192,0,0,0,0,0,0,0,0,0,0,0,0
ENSMUSG00000003974,0,1,0,0,0,0,1,0,0,0,0,1
ENSMUSG00000063239,0,0,0,0,0,0,0,0,0,0,0,1
ENSMUSG00000049583,0,0,0,0,0,1,0,0,0,0,0,1
ENSMUSG00000000617,0,0,0,0,0,0,0,0,1,0,0,0
ENSMUSG00000056755,0,0,0,0,0,0,0,0,0,0,0,0
ENSMUSG00000034708,44,383,327,227,347,335,704,957,520,480,511,1314
ENSMUSG00000029198,25,431,392,286,386,380,401,401,434,381,404,637
ENSMUSG00000024580,2,58,52,50,54,50,83,48,69,70,76,85
ENSMUSG00000050105,2,15,17,9,15,15,28,38,27,26,38,67
ENSMUSG00000044221,24,428,431,270,404,403,368,389,419,433,418,546
ENSMUSG00000038515,0,25,22,24,23,30,26,14,9,24,15,27
ENSMUSG00000053801,0,40,26,32,27,29,50,57,50,62,59,83
ENSMUSG00000039934,0,7,3,2,2,4,8,6,5,2,7,17
ENSMUSG00000017204,0,0,0,0,0,1,1,0,3,0,2,2
ENSMUSG00000079025,0,0,1,0,0,0,0,0,0,0,0,0
ENSMUSG00000056293,0,0,0,0,0,0,0,0,0,0,0,0
ENSMUSG00000022575,9,38,33,22,30,35,30,71,46,65,58,94
ENSMUSG00000031822,6,39,39,22,40,37,41,44,43,48,56,71
ENSMUSG00000030206,0,1,0,1,0,0,1,1,0,1,0,2
ENSMUSG00000046182,3,36,31,25,36,35,17,25,20,29,27,36
ENSMUSG00000057177,26,317,277,211,279,271,291,336,318,343,365,454
ENSMUSG00000022812,9,88,67,55,84,77,89,54,93,45,50,103
ENSMUSG00000044715,3,42,33,22,31,36,42,42,43,42,45,75
ENSMUSG00000026879,204,3014,2878,1850,2969,3197,3010,3029,3487,3925,4191,4385
ENSMUSG00000062203,14,136,123,81,139,120,155,183,165,134,143,248
ENSMUSG00000071723,1,2,2,2,1,2,0,4,2,3,1,3
ENSMUSG00000031584,3,62,45,40,77,62,96,73,67,52,62,106
ENSMUSG00000027610,4,42,55,39,63,49,82,67,70,73,89,105
ENSMUSG00000074183,2,6,12,7,16,17,27,38,13,57,50,46
ENSMUSG00000057933,0,4,2,1,3,3,4,6,0,5,7,7
ENSMUSG00000025934,4,28,32,26,19,19,23,42,73,90,30,115
ENSMUSG00000032348,23,488,399,332,397,420,421,473,482,599,627,757
ENSMUSG00000028018,0,9,3,2,3,3,7,6,5,1,2,7
ENSMUSG00000029864,31,517,493,401,434,471,330,348,462,477,524,654
ENSMUSG00000058135,138,1335,1199,971,1347,1309,1577,1539,1528,2069,2111,2367
ENSMUSG00000040562,29,394,399,279,386,407,440,430,489,517,698,774
ENSMUSG00000004038,0,0,0,0,0,0,0,0,0,0,0,0
ENSMUSG00000027890,3,41,43,31,44,34,48,57,66,37,57,46
ENSMUSG00000004032,14,252,237,190,249,215,218,233,293,220,328,418
ENSMUSG00000068762,1,10,5,4,13,7,7,6,1,7,5,12
ENSMUSG00000004035,9,171,166,103,166,161,113,115,127,123,163,202
ENSMUSG00000025068,35,853,822,645,830,803,782,981,1098,960,1086,1334
ENSMUSG00000025069,1,9,10,5,4,3,5,13,6,8,9,5
ENSMUSG00000060803,11,192,169,156,195,167,186,197,210,246,237,317
ENSMUSG00000038155,15,195,164,143,194,166,170,190,194,239,263,289
ENSMUSG00000058216,1,0,0,0,0,0,0,0,1,0,2,0
ENSMUSG00000001663,8,49,74,59,72,67,58,63,77,65,55,72
ENSMUSG00000033318,9,43,51,34,58,54,55,60,67,75,63,81
ENSMUSG00000001665,3,17,17,13,11,19,12,15,8,13,16,16
ENSMUSG00000009093,0,0,0,0,0,0,0,1,0,1,0,0
ENSMUSG00000021033,8,142,125,82,127,140,91,102,117,101,130,166
ENSMUSG00000036890,3,29,12,18,33,32,33,41,28,31,30,36
ENSMUSG00000020962,3,58,53,36,58,46,65,51,56,52,49,71
ENSMUSG00000033543,9,175,166,106,178,158,227,216,203,146,156,311
ENSMUSG00000028271,4,47,38,24,46,52,62,51,56,65,82,72
ENSMUSG00000022828,1,20,22,10,12,21,19,14,18,13,18,31
ENSMUSG00000031585,1,39,34,27,32,25,40,42,41,39,59,58
ENSMUSG00000002658,9,65,68,54,51,66,102,97,83,104,105,135
ENSMUSG00000067995,4,41,36,22,43,43,49,51,46,55,42,60
ENSMUSG00000006599,4,50,36,23,30,48,54,38,41,51,28,57
ENSMUSG00000021639,6,22,28,23,31,25,23,22,41,28,23,42
ENSMUSG00000029387,2,41,29,26,42,39,28,30,29,38,24,52
ENSMUSG00000001524,5,46,42,35,52,44,49,43,40,48,53,73
ENSMUSG00000034345,18,210,191,187,176,222,222,240,256,240,254,359
ENSMUSG00000060261,33,429,425,333,447,462,460,449,467,572,591,606
ENSMUSG00000023079,2,34,22,15,18,20,27,19,24,14,29,23
ENSMUSG00000015942,1,25,28,11,14,21,18,25,19,22,32,34
ENSMUSG00000016503,9,134,111,67,109,117,124,130,146,148,161,238
ENSMUSG00000032777,7,112,101,83,140,130,128,116,142,113,153,162
ENSMUSG00000041303,9,20,33,25,36,26,29,32,31,38,19,44
ENSMUSG00000035666,4,32,26,21,24,36,37,24,28,38,27,46
ENSMUSG00000026816,3,41,35,29,39,32,43,34,36,44,45,61
ENSMUSG00000019837,7,125,94,72,103,125,116,166,120,121,143,203
ENSMUSG00000042535,8,101,98,71,85,90,147,95,118,113,137,178
ENSMUSG00000040464,3,22,13,12,15,19,10,12,14,11,19,16
ENSMUSG00000023952,18,120,97,88,117,120,149,152,131,135,182,165
ENSMUSG00000007610,3,25,20,18,29,38,36,34,21,23,29,39
ENSMUSG00000021149,5,99,104,76,88,108,156,127,150,128,98,162
ENSMUSG00000033434,8,48,42,33,57,42,55,70,67,80,81,104
ENSMUSG00000022668,2,30,25,14,30,24,45,22,46,27,41,32
ENSMUSG00000022385,0,0,0,1,0,0,0,4,2,3,1,1
ENSMUSG00000022487,0,0,0,0,0,0,0,1,1,1,0,1
ENSMUSG00000023982,0,0,0,0,1,1,1,5,5,0,5,7
ENSMUSG00000023979,0,1,3,1,0,0,3,1,2,2,2,3
ENSMUSG00000023247,0,0,0,0,0,0,0,1,0,0,1,1
ENSMUSG00000032978,0,0,0,0,1,1,0,0,0,1,3,3
ENSMUSG00000033416,14,113,98,72,78,78,107,105,116,121,123,152
ENSMUSG00000041624,0,0,2,0,1,0,1,0,1,4,0,1
ENSMUSG00000033910,4,35,38,30,57,44,54,48,61,38,52,47
ENSMUSG00000021933,0,1,0,0,0,0,0,0,0,0,2,0
ENSMUSG00000028005,1,35,23,34,51,43,35,30,35,40,30,50
ENSMUSG00000042638,0,0,0,0,0,0,0,0,1,0,0,0
ENSMUSG00000074003,0,0,1,0,0,0,0,0,0,1,0,0
ENSMUSG00000020890,0,0,0,0,0,0,1,0,0,0,0,0
ENSMUSG00000055523,0,0,1,0,3,1,0,1,2,0,0,1
ENSMUSG00000029208,12,100,93,57,87,98,82,96,83,74,86,127
ENSMUSG00000020444,27,497,395,343,393,429,473,430,443,517,546,678
ENSMUSG00000034450,0,0,0,0,0,0,0,0,0,1,0,0
ENSMUSG00000056870,0,12,6,13,5,5,9,8,9,13,7,8
ENSMUSG00000025534,6,87,57,43,72,57,72,103,68,62,76,123
ENSMUSG00000045868,11,39,25,30,34,26,61,96,74,49,40,130
ENSMUSG00000036197,8,35,29,23,42,30,29,33,27,37,44,40
ENSMUSG00000030074,1,4,14,5,17,6,18,8,14,11,13,14
ENSMUSG00000019528,31,534,469,407,464,493,568,526,508,567,603,839
ENSMUSG00000051839,8,6,6,2,7,1,0,0,5,0,0,6
ENSMUSG00000090523,6,133,110,68,115,100,125,122,121,129,128,199
ENSMUSG00000003865,16,399,355,277,339,384,338,363,371,431,474,467
ENSMUSG00000030244,0,0,0,0,0,0,0,0,0,0,0,0
ENSMUSG00000027439,4,53,39,30,62,49,49,34,64,38,39,66
ENSMUSG00000023132,0,8,7,2,10,8,34,96,79,27,111,149
ENSMUSG00000015437,2,1,3,0,2,0,12,40,12,7,25,61
ENSMUSG00000079186,0,0,0,0,0,0,0,0,0,0,1,1
ENSMUSG00000059256,0,0,0,0,0,0,0,0,0,0,0,0
ENSMUSG00000022156,0,0,0,0,0,0,0,0,0,0,0,0
ENSMUSG00000042385,0,0,0,0,0,0,3,0,1,0,1,4
ENSMUSG00000054206,4,39,34,27,22,35,36,21,36,50,25,42
ENSMUSG00000019188,18,191,152,120,148,152,224,253,218,258,311,412
ENSMUSG00000096210,37,368,319,233,335,280,327,368,394,342,404,451
ENSMUSG00000042279,0,0,0,0,0,0,1,0,0,0,0,0
ENSMUSG00000044927,4,16,8,6,11,17,18,16,29,23,24,18
ENSMUSG00000036594,18,264,241,179,264,283,141,372,175,198,134,541
ENSMUSG00000073421,18,225,201,131,216,235,138,318,187,182,148,462
ENSMUSG00000073406,0,1,0,0,2,1,0,3,1,0,1,2
ENSMUSG00000073411,153,686,549,425,633,594,1837,2093,2136,1596,2063,3111
ENSMUSG00000037649,2,25,21,18,16,24,27,60,32,33,34,101
ENSMUSG00000079547,1,22,20,6,14,15,22,47,15,14,12,40
ENSMUSG00000037548,2,5,2,5,1,5,4,3,5,7,3,4
ENSMUSG00000060586,8,217,172,172,198,235,164,282,162,139,119,456
ENSMUSG00000067341,0,0,0,0,0,0,0,0,0,0,0,0
ENSMUSG00000061232,73,613,435,361,484,529,1830,2139,2486,1424,2065,3331
ENSMUSG00000073422,0,2,4,1,0,0,1,5,3,1,7,2
ENSMUSG00000016283,1,0,0,0,0,0,0,1,0,0,0,0
ENSMUSG00000016206,4,27,11,13,11,18,39,60,40,32,44,84
ENSMUSG00000024459,0,2,0,0,1,1,2,0,0,0,0,1
ENSMUSG00000024334,0,1,2,3,0,0,1,5,1,0,1,3
ENSMUSG00000041538,0,4,2,2,3,5,3,2,5,2,2,0
ENSMUSG00000079507,0,1,1,3,0,0,0,1,0,0,1,2
ENSMUSG00000067235,0,3,1,3,3,5,7,7,3,3,6,12
ENSMUSG00000091705,0,0,0,0,0,0,0,0,0,0,0,0
ENSMUSG00000035929,7,28,17,22,19,33,44,72,78,46,53,79
ENSMUSG00000055413,0,0,1,1,3,2,2,5,5,1,1,14
ENSMUSG00000073409,5,24,20,14,18,24,63,52,67,72,115,125
ENSMUSG00000060550,15,69,43,41,67,75,270,224,207,144,197,395
ENSMUSG00000079491,2,13,17,9,14,16,40,42,56,29,44,66
ENSMUSG00000056116,11,58,44,35,61,63,204,215,232,104,176,345
ENSMUSG00000067212,5,24,21,18,16,12,57,93,82,52,77,193
ENSMUSG00000053835,1,3,5,1,5,3,1,1,1,0,1,10
ENSMUSG00000054128,0,0,0,0,0,0,0,0,0,0,0,0
ENSMUSG00000060032,19,242,222,153,201,218,193,271,267,335,375,471
ENSMUSG00000041126,15,278,263,216,276,294,231,293,296,348,329,447
ENSMUSG00000049932,4,30,21,29,36,30,44,40,39,36,38,61
ENSMUSG00000015937,23,104,113,93,98,107,136,153,100,105,103,169
ENSMUSG00000020086,3,18,10,15,9,16,27,15,17,18,24,21
ENSMUSG00000037894,20,100,115,74,99,110,94,141,119,102,124,197
ENSMUSG00000100626,0,0,0,0,0,0,0,0,0,0,0,0
ENSMUSG00000101819,0,0,0,0,0,0,0,0,0,0,0,0
ENSMUSG00000096097,0,0,0,0,0,0,0,0,0,0,0,1
ENSMUSG00000094904,0,0,0,0,0,0,0,0,0,0,0,0
ENSMUSG00000095662,0,0,0,0,0,0,0,0,0,0,0,0
ENSMUSG00000095445,0,0,0,0,0,0,0,0,0,0,0,0
ENSMUSG00000100448,0,0,0,1,0,0,0,0,0,0,1,0
ENSMUSG00000100200,0,0,0,0,0,0,0,0,0,1,0,0
ENSMUSG00000078346,0,0,0,0,0,0,0,0,0,0,0,0
ENSMUSG00000060743,40,354,268,226,268,290,287,378,333,358,305,485
ENSMUSG00000016559,34,418,375,251,462,360,563,602,597,460,617,896
ENSMUSG00000091618,0,0,0,0,0,0,0,0,0,0,0,0
ENSMUSG00000028980,6,66,51,64,81,69,93,66,83,97,72,127
ENSMUSG00000000673,0,0,0,0,0,0,2,6,4,0,2,1
ENSMUSG00000025075,1,8,4,6,5,3,10,5,7,7,4,7
ENSMUSG00000021476,13,176,195,110,201,162,212,194,174,203,243,295
ENSMUSG00000063275,9,194,199,127,169,207,144,156,102,140,127,203
ENSMUSG00000035376,1,29,24,20,27,21,35,27,21,31,23,46
ENSMUSG00000033629,3,47,50,33,52,50,54,55,61,53,46,72
ENSMUSG00000028497,8,22,17,9,22,23,41,32,19,20,21,38
ENSMUSG00000038822,0,8,17,10,12,15,13,12,11,13,8,9
ENSMUSG00000027984,98,2187,1992,1359,1976,2015,1754,1744,2107,1971,1790,2318
ENSMUSG00000025745,187,4551,4280,3214,4320,4637,4684,4824,5145,5648,5324,6112
ENSMUSG00000059447,169,3278,2866,1965,2982,3185,2941,2931,2986,3380,2456,3861
ENSMUSG00000024158,12,285,221,169,239,256,197,221,258,241,274,367
ENSMUSG00000061046,4,57,39,30,44,37,61,51,48,54,47,72
ENSMUSG00000020017,0,0,0,0,1,0,0,0,1,0,0,0
ENSMUSG00000050440,0,0,1,1,0,0,3,2,0,4,2,0
ENSMUSG00000056978,0,0,1,3,2,1,3,2,3,3,4,1
ENSMUSG00000038193,11,226,177,174,236,329,312,254,215,216,267,304
ENSMUSG00000027261,0,0,0,0,0,0,0,0,0,0,0,0
ENSMUSG00000027870,0,0,0,0,0,1,0,0,0,0,0,0
ENSMUSG00000006930,0,5,3,4,3,7,11,17,5,6,10,22
ENSMUSG00000021613,0,0,0,0,0,0,0,0,0,0,0,0
ENSMUSG00000030606,1,0,2,0,2,0,2,0,1,1,3,0
ENSMUSG00000007594,0,0,0,0,0,0,0,0,0,0,0,1
ENSMUSG00000027243,2,19,13,14,31,13,23,19,27,28,16,21
ENSMUSG00000001380,4,126,95,84,111,123,186,135,148,148,157,216
ENSMUSG00000019143,5,80,48,29,54,36,51,46,44,45,50,75
ENSMUSG00000003665,0,0,0,1,1,0,0,2,0,0,0,3
ENSMUSG00000022367,0,0,0,1,2,2,0,0,0,2,1,2
ENSMUSG00000031910,0,3,5,6,3,4,1,5,4,4,3,3
ENSMUSG00000050107,1,1,0,0,0,1,0,0,2,1,1,0
ENSMUSG00000027018,5,66,74,40,58,65,59,72,85,61,87,108
ENSMUSG00000041840,4,48,45,30,44,43,47,75,56,80,74,71
ENSMUSG00000027285,0,35,34,23,41,38,43,36,46,38,40,52
ENSMUSG00000079555,1,11,8,5,16,9,9,9,10,12,11,18
ENSMUSG00000022177,0,12,12,5,9,11,16,8,12,14,10,21
ENSMUSG00000078762,1,11,13,9,4,7,14,16,19,19,24,24
ENSMUSG00000038047,2,10,10,9,15,11,18,18,16,17,11,25
ENSMUSG00000031371,4,30,19,19,31,25,51,38,47,29,41,56
ENSMUSG00000035439,3,63,47,45,77,69,66,76,94,79,93,115
ENSMUSG00000040405,0,0,0,0,0,0,0,0,0,0,0,0
ENSMUSG00000020399,0,1,1,0,1,1,5,12,2,2,4,13
ENSMUSG00000027944,8,48,50,55,43,57,74,72,56,58,68,91
ENSMUSG00000069919,12107,22198,16484,6097,15837,9073,1605,2160,5804,3468,6916,9279
ENSMUSG00000069917,11007,20193,15069,5586,14434,8282,1465,2003,5140,3326,6220,8560
ENSMUSG00000052217,0,0,0,0,0,0,0,0,0,0,0,0
ENSMUSG00000052305,9025,27147,20019,7267,18909,10526,2064,2771,6769,4811,9320,12125
ENSMUSG00000073940,2837,7275,4879,1719,4665,2436,456,617,1805,1213,2409,3132
ENSMUSG00000052187,0,0,0,0,0,0,0,0,0,0,0,0
ENSMUSG00000024486,2,67,76,41,59,82,92,84,72,53,85,79
ENSMUSG00000002996,12,246,249,164,228,234,318,264,303,302,317,388
ENSMUSG00000020295,1,2,1,2,2,0,0,1,0,0,0,1
ENSMUSG00000073063,2,0,1,2,1,0,0,0,0,0,0,2
ENSMUSG00000019977,12,182,143,113,166,162,170,178,192,173,209,269
ENSMUSG00000026874,0,0,0,0,0,0,0,0,0,0,0,0
ENSMUSG00000049241,0,0,0,0,1,0,1,2,1,0,1,0
ENSMUSG00000045502,0,0,0,0,0,0,1,1,2,1,1,2
ENSMUSG00000031352,5,127,121,98,150,124,102,87,94,85,89,134
ENSMUSG00000031386,2,86,80,54,78,87,94,78,66,78,77,100
ENSMUSG00000023904,70,988,1069,660,942,1018,1014,1222,1171,1143,1483,1737
ENSMUSG00000020246,1,50,49,26,44,43,46,50,44,47,53,58
ENSMUSG00000003283,0,4,5,4,7,3,32,52,18,17,16,90
ENSMUSG00000022831,6,32,27,12,34,36,76,100,45,53,53,144
ENSMUSG00000021730,0,1,0,4,0,4,3,0,2,0,0,6
ENSMUSG00000020331,11,188,150,112,126,136,78,116,78,120,171,204
ENSMUSG00000028051,0,0,0,0,0,0,0,0,2,0,0,0
ENSMUSG00000032338,0,38,35,28,30,36,19,27,33,29,28,29
ENSMUSG00000045471,0,0,0,0,0,0,0,0,0,0,0,0
ENSMUSG00000028778,0,0,0,0,0,0,0,0,1,0,0,0
ENSMUSG00000032360,0,0,0,0,1,0,0,0,0,0,0,0
ENSMUSG00000064109,0,4,5,3,3,5,7,18,14,8,13,15
ENSMUSG00000028800,4,54,32,31,34,50,61,62,49,43,49,75
ENSMUSG00000062906,6,52,32,19,34,34,32,47,35,48,49,60
ENSMUSG00000034245,1,89,77,42,73,74,74,66,98,102,88,91
ENSMUSG00000019777,8,116,121,65,120,106,114,90,105,112,102,173
ENSMUSG00000024454,3,86,66,60,95,75,67,76,83,65,63,105
ENSMUSG00000026313,24,168,174,163,146,163,145,157,192,172,149,240
ENSMUSG00000031161,5,47,40,35,41,46,45,71,47,60,50,70
ENSMUSG00000022475,32,131,125,86,118,135,186,118,111,138,164,188
ENSMUSG00000067567,1,15,15,8,10,6,9,11,6,10,15,10
ENSMUSG00000004698,2,29,22,20,40,19,35,24,17,34,27,26
ENSMUSG00000027360,1,9,2,1,5,9,11,12,6,4,8,18
ENSMUSG00000000295,0,12,11,8,12,5,17,16,26,19,16,25
ENSMUSG00000030532,3,16,15,12,26,21,21,16,9,21,20,17
ENSMUSG00000004897,46,470,444,331,449,453,553,465,543,454,517,771
ENSMUSG00000045835,2,1,0,0,0,0,0,1,0,0,0,1
ENSMUSG00000002833,16,173,116,97,114,153,161,192,182,155,215,266
ENSMUSG00000025104,2,32,13,15,35,24,29,31,35,23,33,60
ENSMUSG00000025421,2,95,84,67,107,97,90,65,69,84,107,131
ENSMUSG00000038422,0,13,10,11,4,3,4,6,4,8,7,11
ENSMUSG00000058979,2,31,20,14,26,33,36,20,28,20,17,18
ENSMUSG00000034088,78,1365,1208,955,1302,1329,1323,1157,1300,1596,1636,1801
ENSMUSG00000034551,0,0,1,0,0,0,1,1,0,0,2,1
ENSMUSG00000050244,2,32,22,16,24,28,41,19,22,23,25,40
ENSMUSG00000031657,2,66,67,48,72,65,87,58,62,78,67,99
ENSMUSG00000090843,0,1,0,0,0,0,0,1,0,0,0,0
ENSMUSG00000035181,3,44,34,25,49,47,41,38,33,31,37,35
ENSMUSG00000039414,4,74,63,45,57,70,86,69,73,70,64,63
ENSMUSG00000000976,0,20,18,18,24,27,24,15,24,24,30,30
ENSMUSG00000042770,3,35,38,20,33,45,46,68,69,65,49,73
ENSMUSG00000019853,1,4,3,5,4,3,1,3,4,3,4,9
ENSMUSG00000039879,7,86,75,59,100,67,96,73,84,65,56,115
ENSMUSG00000035247,21,215,217,140,241,249,296,244,235,266,241,340
ENSMUSG00000041180,2,5,10,1,1,7,10,7,7,2,2,14
ENSMUSG00000046861,3,61,51,44,57,59,73,67,67,76,65,107
ENSMUSG00000042744,9,108,98,43,59,64,95,68,67,84,102,106
ENSMUSG00000021301,0,0,0,0,0,0,1,1,0,0,0,0
ENSMUSG00000042807,3,27,24,17,26,23,33,32,39,38,25,52
ENSMUSG00000075254,26,269,265,193,250,240,260,219,233,257,298,377
ENSMUSG00000020228,0,26,15,19,31,21,48,33,43,21,32,41
ENSMUSG00000025001,0,0,3,0,0,1,0,4,1,1,1,3
ENSMUSG00000035266,2,1,2,0,4,6,3,5,3,5,3,7
ENSMUSG00000047171,0,15,15,8,5,3,4,0,5,4,9,3
ENSMUSG00000020721,7,66,55,32,92,80,66,47,50,43,47,67
ENSMUSG00000027580,13,30,40,25,32,43,65,77,37,53,49,122
ENSMUSG00000028332,0,0,0,1,0,0,0,0,1,0,1,0
ENSMUSG00000032579,6,58,51,42,56,54,41,35,57,67,71,82
ENSMUSG00000045662,0,0,0,0,0,0,0,1,0,0,0,0
ENSMUSG00000046240,0,0,0,0,0,0,0,0,0,1,0,0
ENSMUSG00000044156,0,0,0,0,0,0,0,1,0,2,0,0
ENSMUSG00000031209,0,5,5,5,4,4,2,7,6,3,8,3
ENSMUSG00000031936,0,0,0,0,1,0,0,1,0,0,1,0
ENSMUSG00000038664,13,93,112,87,98,108,104,124,109,105,88,124
ENSMUSG00000030451,9,66,83,65,64,84,86,65,58,87,82,91
ENSMUSG00000029804,3,89,75,45,70,102,98,80,93,72,63,103
ENSMUSG00000020064,6,56,42,32,65,67,83,86,73,65,54,114
ENSMUSG00000029798,4,18,11,17,16,18,47,65,27,22,17,95
ENSMUSG00000031770,51,623,612,600,547,761,873,904,1825,1470,1003,1547
ENSMUSG00000008429,11,92,99,82,119,110,156,132,136,128,114,162
ENSMUSG00000022528,8,100,95,41,116,108,89,75,100,72,81,110
ENSMUSG00000028940,0,0,0,0,0,0,0,0,0,0,0,0
ENSMUSG00000028946,0,0,0,0,0,0,0,0,0,0,0,0
ENSMUSG00000048001,0,1,0,0,0,0,0,0,0,0,0,0
ENSMUSG00000067071,5,67,59,54,68,56,58,87,77,75,85,97
ENSMUSG00000023781,0,1,1,1,0,0,1,0,0,0,2,4
ENSMUSG00000040726,0,1,1,0,1,1,0,0,1,0,0,1
ENSMUSG00000025232,17,231,207,163,239,204,326,349,316,304,415,497
ENSMUSG00000021665,5,68,59,39,58,61,92,118,95,68,92,177
ENSMUSG00000039307,8,28,22,20,30,37,35,28,20,27,32,48
ENSMUSG00000048878,14,95,96,43,93,101,77,97,73,74,86,104
ENSMUSG00000043372,0,3,1,2,4,4,4,7,12,4,8,8
ENSMUSG00000040289,0,25,21,24,26,32,22,18,27,40,34,34
ENSMUSG00000019789,1,15,16,8,11,10,13,5,16,8,13,15
ENSMUSG00000032744,7,102,89,66,87,64,63,52,48,69,101,66
ENSMUSG00000006611,7,119,120,97,144,111,120,150,114,122,148,219
ENSMUSG00000038403,28,700,613,451,591,570,470,435,416,443,505,731
ENSMUSG00000043410,0,0,0,0,0,0,0,0,0,0,0,0
ENSMUSG00000022821,0,0,0,0,0,2,0,0,0,1,0,1
ENSMUSG00000028864,0,0,0,0,0,0,0,0,0,0,0,0
ENSMUSG00000029102,0,1,2,0,1,1,2,0,1,1,0,1
ENSMUSG00000022554,1,20,16,11,9,14,16,24,20,29,18,45
ENSMUSG00000025793,17,113,112,65,106,91,168,161,176,171,172,178
ENSMUSG00000037260,8,55,49,33,65,56,89,76,66,93,88,119
ENSMUSG00000037375,0,1,3,3,5,5,4,4,9,7,3,12
ENSMUSG00000032523,20,536,514,383,540,501,342,432,454,463,446,678
ENSMUSG00000024986,0,6,6,6,8,4,7,7,9,8,11,7
ENSMUSG00000064325,0,0,0,0,0,0,1,0,0,0,0,0
ENSMUSG00000021260,2,7,4,4,8,9,4,7,13,12,4,16
ENSMUSG00000053461,0,0,0,0,0,0,0,0,0,0,0,1
ENSMUSG00000029776,21,725,523,434,644,610,538,505,594,616,554,779
ENSMUSG00000041426,7,228,224,143,208,211,180,187,215,202,185,247
ENSMUSG00000043099,2,52,55,27,58,42,56,47,41,45,67,90
ENSMUSG00000050240,0,12,6,2,7,13,2,6,10,9,4,9
ENSMUSG00000034586,2,6,3,8,7,10,7,5,9,8,12,9
ENSMUSG00000021109,10,164,124,77,154,154,269,186,162,189,222,215
ENSMUSG00000036450,2,72,69,52,79,84,82,65,65,78,67,85
ENSMUSG00000004328,1,0,1,3,3,6,10,2,5,14,2,6
ENSMUSG00000038412,24,469,422,268,356,405,304,315,335,386,351,488
ENSMUSG00000020928,11,42,47,35,48,45,35,37,50,63,53,61
ENSMUSG00000025868,42,685,636,408,623,625,513,574,578,546,630,803
ENSMUSG00000062797,5,113,79,74,81,68,94,102,113,120,121,148
ENSMUSG00000043421,0,12,12,12,21,19,13,16,23,27,17,18
ENSMUSG00000032119,2,19,26,20,15,25,17,16,18,11,17,25
ENSMUSG00000020267,66,1016,907,661,885,907,901,1235,1128,1166,1273,1724
ENSMUSG00000028470,33,625,658,430,587,610,564,698,736,722,928,1052
ENSMUSG00000019791,19,286,273,162,232,237,273,343,341,332,409,516
ENSMUSG00000039959,9,47,42,38,66,54,70,74,74,48,66,121
ENSMUSG00000000915,15,43,36,37,33,51,59,53,61,57,71,80
ENSMUSG00000008730,20,135,141,105,127,165,174,181,160,196,139,235
ENSMUSG00000061436,6,78,87,43,88,101,122,111,107,45,56,114
ENSMUSG00000040424,1,0,1,0,0,0,1,2,0,0,3,3
ENSMUSG00000022702,4,14,16,9,12,18,10,15,13,9,18,21
ENSMUSG00000042606,4,18,16,18,14,23,22,15,15,20,23,31
ENSMUSG00000049539,0,0,0,0,0,0,0,0,0,0,0,0
ENSMUSG00000058773,0,1,0,0,0,0,0,0,0,1,0,1
ENSMUSG00000036181,29,311,296,200,380,313,503,632,1056,464,594,794
ENSMUSG00000052565,0,0,0,4,4,2,1,1,4,6,2,4
ENSMUSG00000051627,0,2,1,2,2,3,2,3,6,2,1,1
ENSMUSG00000036211,0,0,0,0,0,0,0,0,0,0,0,0
ENSMUSG00000060081,0,0,0,0,0,0,0,0,1,0,0,0
ENSMUSG00000061615,0,3,3,1,7,1,2,9,8,5,7,17
ENSMUSG00000069270,1,3,11,4,6,6,8,11,13,9,6,22
ENSMUSG00000071478,0,5,3,1,1,3,6,10,7,3,5,28
ENSMUSG00000069272,2,6,4,0,5,0,8,10,9,3,7,17
ENSMUSG00000061991,0,2,0,1,1,0,1,5,7,0,2,10
ENSMUSG00000069301,0,5,0,1,2,1,7,14,8,4,4,16
ENSMUSG00000069302,0,5,3,2,2,2,6,8,7,3,6,12
ENSMUSG00000071516,0,1,1,4,3,4,8,15,5,1,4,21
ENSMUSG00000063021,0,2,3,1,0,0,4,12,5,2,5,9
ENSMUSG00000069309,1,3,1,1,1,2,3,7,9,4,2,10
ENSMUSG00000094248,3,6,7,7,8,12,27,38,22,14,15,64
ENSMUSG00000094777,0,8,8,6,10,7,32,46,25,4,18,59
ENSMUSG00000050799,0,0,0,0,0,0,1,4,1,2,0,0
ENSMUSG00000075031,0,0,1,1,1,0,0,0,2,0,1,0
ENSMUSG00000018102,36,388,333,211,378,326,323,424,530,460,637,653
ENSMUSG00000069268,0,1,0,0,0,0,0,2,0,0,0,0
ENSMUSG00000058385,0,0,0,0,0,0,1,1,1,0,1,3
ENSMUSG00000114456,0,6,0,0,0,2,3,1,3,4,1,0
ENSMUSG00000069300,0,1,0,0,0,0,0,0,7,0,2,1
ENSMUSG00000062727,0,0,1,0,0,0,0,0,1,1,0,0
ENSMUSG00000094338,1,0,0,0,0,0,0,0,1,1,0,1
ENSMUSG00000114279,0,0,0,0,0,0,0,0,2,0,0,0
ENSMUSG00000095217,0,1,0,0,0,0,0,0,2,0,0,1
ENSMUSG00000069308,1,0,2,0,1,0,0,3,0,0,2,0
ENSMUSG00000069307,0,0,4,0,0,3,1,2,2,2,1,3
ENSMUSG00000069303,3,1,1,2,0,1,4,2,3,1,1,3
ENSMUSG00000069265,0,0,0,0,0,0,0,1,0,0,0,0
ENSMUSG00000069267,0,0,0,0,0,0,0,0,0,0,0,0
ENSMUSG00000069310,0,0,0,0,0,0,1,0,0,0,0,1
ENSMUSG00000099583,0,5,0,0,0,0,1,0,1,1,1,2
ENSMUSG00000069273,0,2,1,3,0,0,2,1,1,1,1,1
ENSMUSG00000100210,0,3,6,3,1,2,0,2,1,2,2,3
ENSMUSG00000099517,0,0,0,0,0,0,0,1,0,0,0,2
ENSMUSG00000060093,0,6,7,3,12,6,7,7,12,15,20,19
ENSMUSG00000069266,1,10,3,6,7,8,5,9,9,9,16,20
ENSMUSG00000060678,0,1,6,2,2,3,3,3,9,6,17,15
ENSMUSG00000061482,1,2,2,2,4,3,2,8,9,2,3,6
ENSMUSG00000069274,0,8,7,8,4,9,4,12,14,15,34,22
ENSMUSG00000060981,10,113,91,88,129,147,124,174,183,218,326,282
ENSMUSG00000060639,5,17,12,11,29,24,37,36,32,25,57,53
ENSMUSG00000067455,0,1,6,2,10,3,7,8,11,10,25,17
ENSMUSG00000064288,1,3,4,3,9,5,3,11,12,14,22,11
ENSMUSG00000069306,0,2,1,3,2,1,0,1,3,0,1,2
ENSMUSG00000069305,0,0,1,0,1,2,2,2,3,1,2,4
ENSMUSG00000063954,12,188,188,123,169,200,186,201,217,252,324,340
ENSMUSG00000063689,0,0,0,0,0,2,0,0,0,0,0,0
ENSMUSG00000068855,1,1,0,1,0,2,0,0,0,2,2,3
ENSMUSG00000068854,2,31,20,10,22,19,17,24,16,24,16,25
ENSMUSG00000074403,0,1,0,1,0,0,0,0,1,0,0,0
ENSMUSG00000081058,1,23,19,7,21,17,8,7,24,12,33,19
ENSMUSG00000091405,0,2,0,0,0,0,1,0,5,0,0,1
ENSMUSG00000056895,0,3,2,2,1,1,8,1,0,2,0,4
ENSMUSG00000080712,0,0,0,0,0,0,0,0,0,0,0,0
ENSMUSG00000096010,0,3,1,1,1,0,0,0,1,1,0,3
ENSMUSG00000021366,6,54,45,26,49,42,36,44,35,45,53,62
ENSMUSG00000015501,4,60,55,42,60,63,70,49,72,59,46,87
ENSMUSG00000028634,2,26,19,11,16,16,50,53,38,30,24,59
ENSMUSG00000044783,13,43,44,33,53,46,63,44,47,57,59,84
ENSMUSG00000037012,17,387,312,232,382,397,482,464,382,423,509,736
ENSMUSG00000000628,46,723,746,423,693,783,578,472,574,386,619,723
ENSMUSG00000025877,1,3,2,1,2,5,13,19,6,6,7,42
ENSMUSG00000040820,1,9,15,10,11,17,18,15,12,14,14,27
ENSMUSG00000003949,6,56,85,82,59,95,46,76,120,62,53,137
ENSMUSG00000002428,3,44,29,21,35,40,41,39,39,35,38,54
ENSMUSG00000039377,6,39,34,14,57,35,27,24,27,31,32,42
ENSMUSG00000021972,3,45,55,28,32,44,50,42,42,45,41,52
ENSMUSG00000032126,3,97,82,66,76,82,100,85,75,71,95,123
ENSMUSG00000030060,3,24,25,16,11,19,30,28,35,20,35,26
ENSMUSG00000066842,5,21,25,12,33,21,12,12,23,18,11,17
ENSMUSG00000055632,5,22,25,14,26,17,12,23,10,15,16,20
ENSMUSG00000032329,4,60,71,34,52,72,73,59,68,61,65,100
ENSMUSG00000020232,21,158,152,117,137,157,144,189,168,138,176,294
ENSMUSG00000046711,4,99,87,72,81,106,86,111,109,86,117,140
ENSMUSG00000078249,4,100,69,64,74,69,89,105,84,86,103,138
ENSMUSG00000056758,0,2,0,0,0,0,1,5,1,2,0,2
ENSMUSG00000066551,12,78,98,49,86,94,96,112,97,82,85,157
ENSMUSG00000054717,5,37,24,10,31,33,41,42,65,28,43,65
ENSMUSG00000015217,7,147,118,94,124,143,121,104,113,89,110,175
ENSMUSG00000028672,11,205,159,123,189,167,160,188,180,183,180,264
ENSMUSG00000007908,0,0,0,0,0,0,0,0,0,0,1,0
ENSMUSG00000021670,1,16,9,10,14,21,16,21,12,13,13,19
ENSMUSG00000093930,5,110,110,72,102,83,109,75,73,90,94,120
ENSMUSG00000027875,4,44,29,40,47,38,64,58,64,59,34,54
ENSMUSG00000040681,17,166,122,107,153,160,186,213,196,166,196,267
ENSMUSG00000003038,8,89,62,33,71,72,80,76,102,70,77,109
ENSMUSG00000066456,10,21,12,11,14,21,17,33,24,24,22,39
ENSMUSG00000031245,4,31,41,25,43,46,34,38,27,41,45,65
ENSMUSG00000024622,7,41,39,29,43,45,42,37,38,43,47,60
ENSMUSG00000034518,3,11,15,14,15,18,20,16,19,18,22,20
ENSMUSG00000020330,0,0,1,0,0,0,2,4,0,1,0,5
ENSMUSG00000005413,2,25,27,18,26,25,83,96,62,54,47,120
ENSMUSG00000004070,19,292,247,192,277,284,323,307,330,340,373,467
ENSMUSG00000050100,0,0,0,0,0,0,0,1,0,0,0,0
ENSMUSG00000024165,1,13,6,6,12,18,21,24,12,18,26,37
ENSMUSG00000029556,0,1,0,0,0,0,0,0,0,0,0,0
ENSMUSG00000020679,0,0,0,0,0,0,0,0,0,0,0,0
ENSMUSG00000017950,0,0,0,0,0,0,0,0,0,0,0,0
ENSMUSG00000026986,5,49,31,23,36,42,50,61,60,42,53,58
ENSMUSG00000007836,23,309,282,203,298,315,354,366,379,202,225,434
ENSMUSG00000046434,13,113,67,45,100,129,147,141,181,70,72,124
ENSMUSG00000004980,62,904,789,569,848,839,694,978,788,951,914,1277
ENSMUSG00000059005,16,167,124,91,125,144,198,168,143,116,169,261
ENSMUSG00000020358,42,465,455,304,444,448,564,566,525,564,613,898
ENSMUSG00000060373,21,236,249,157,277,250,303,264,258,196,264,405
ENSMUSG00000000568,10,141,91,79,123,130,159,137,158,71,57,141
ENSMUSG00000029328,22,247,200,159,214,248,220,247,221,216,211,345
ENSMUSG00000042079,9,77,62,52,75,72,71,108,65,65,91,132
ENSMUSG00000007850,14,222,166,144,204,215,207,201,204,178,236,294
ENSMUSG00000045427,1,41,40,17,39,22,32,29,31,26,54,52
ENSMUSG00000020069,12,127,124,86,137,153,145,178,189,152,204,242
ENSMUSG00000021546,41,464,386,287,450,444,528,543,513,439,466,753
ENSMUSG00000015165,25,365,377,238,412,379,460,404,396,299,360,553
ENSMUSG00000024095,6,56,48,25,46,56,54,65,63,64,61,81
ENSMUSG00000066037,19,105,91,65,116,106,117,98,103,115,112,162
ENSMUSG00000039630,23,261,236,152,229,238,321,297,335,300,362,437
ENSMUSG00000040725,12,199,139,114,175,192,205,192,216,152,150,283
ENSMUSG00000071659,13,175,185,130,217,201,212,225,194,185,235,290
ENSMUSG00000025176,1,2,0,0,0,1,3,3,2,1,3,2
ENSMUSG00000007617,6,122,121,98,129,113,150,80,102,133,109,155
ENSMUSG00000025813,11,232,269,143,202,269,194,185,192,189,204,261
ENSMUSG00000003573,8,22,23,21,30,26,23,33,25,35,23,54
ENSMUSG00000057156,0,8,9,12,8,14,11,9,13,22,13,11
ENSMUSG00000028572,1,46,30,24,39,33,46,31,23,37,28,38
ENSMUSG00000052566,0,32,18,8,15,23,24,21,30,32,26,41
ENSMUSG00000037234,10,114,91,72,104,136,141,98,100,107,101,143
ENSMUSG00000059325,69,1413,1270,900,1272,1368,951,1182,1146,1158,1262,1648
ENSMUSG00000028109,0,0,0,0,0,0,0,0,0,0,0,0
ENSMUSG00000020419,0,0,0,0,0,0,0,0,0,0,0,0
ENSMUSG00000029844,0,1,1,0,1,0,0,0,1,0,1,1
ENSMUSG00000000938,0,0,0,0,0,1,0,0,0,0,0,0
ENSMUSG00000038203,0,0,1,0,0,0,0,0,0,0,0,0
ENSMUSG00000014704,0,1,0,0,0,0,0,0,3,0,0,2
ENSMUSG00000079560,1,1,0,1,0,0,0,1,7,1,4,2
ENSMUSG00000000942,0,0,0,1,3,1,1,0,2,1,2,6
ENSMUSG00000038253,1,0,1,0,10,4,1,1,8,1,0,2
ENSMUSG00000038236,2,4,1,1,3,0,0,2,2,0,0,4
ENSMUSG00000038227,0,0,0,0,0,0,0,0,0,0,0,0
ENSMUSG00000018973,0,0,0,0,0,0,0,0,0,0,0,0
ENSMUSG00000075588,2,3,7,2,4,6,7,2,7,4,3,9
ENSMUSG00000048763,0,0,2,1,1,2,3,0,3,3,4,2
ENSMUSG00000038692,0,4,5,3,6,6,2,4,9,2,4,12
ENSMUSG00000038700,0,0,1,1,0,0,0,0,2,1,2,3
ENSMUSG00000000690,0,0,0,0,0,0,0,0,1,1,0,1
ENSMUSG00000038721,0,0,0,0,0,0,0,0,0,1,0,1
ENSMUSG00000056648,0,0,1,0,0,0,0,0,0,0,0,1
ENSMUSG00000020875,0,0,0,0,0,0,0,0,0,0,0,0
ENSMUSG00000022484,3,0,0,0,0,0,0,0,0,0,0,0
ENSMUSG00000001655,0,0,0,0,0,0,0,0,0,0,0,0
ENSMUSG00000075394,1,0,0,0,0,0,0,0,0,0,0,0
ENSMUSG00000022485,0,0,0,0,0,0,0,0,0,0,0,0
ENSMUSG00000001661,0,0,0,0,0,0,0,0,0,0,0,0
ENSMUSG00000001657,0,0,0,0,0,0,0,0,0,0,0,0
ENSMUSG00000036139,0,0,0,0,0,0,0,0,0,0,0,0
ENSMUSG00000042448,0,0,0,0,1,0,0,0,0,0,0,0
ENSMUSG00000042499,0,1,0,0,0,0,0,0,0,0,0,0
ENSMUSG00000001819,0,0,0,0,0,0,0,0,0,1,0,0
ENSMUSG00000027102,2,3,1,4,8,3,1,3,4,3,6,5
ENSMUSG00000043342,0,1,0,0,0,0,0,1,1,1,1,1
ENSMUSG00000031722,0,6,7,1,1,3,11,24,5,7,3,31
ENSMUSG00000028759,19,238,221,173,242,224,300,252,264,234,265,353
ENSMUSG00000028785,0,0,1,0,0,1,0,0,0,1,0,2
ENSMUSG00000071379,21,71,53,31,51,52,81,111,95,105,80,144
ENSMUSG00000046093,0,0,2,0,0,0,0,0,0,0,1,2
ENSMUSG00000029445,0,1,0,0,0,0,0,0,0,0,0,0
ENSMUSG00000043155,1,19,18,10,18,15,9,9,12,10,8,16
ENSMUSG00000038005,9,119,75,79,81,105,98,98,93,116,139,176
ENSMUSG00000031613,0,21,17,14,22,11,29,25,28,20,25,24
ENSMUSG00000029919,0,6,7,4,6,8,7,10,7,4,8,14
ENSMUSG00000001249,0,12,10,3,3,11,13,3,12,10,7,10
ENSMUSG00000025630,15,221,205,123,202,191,224,263,252,220,243,358
ENSMUSG00000025188,0,10,8,3,10,9,11,3,8,13,8,16
ENSMUSG00000027615,0,22,15,14,23,20,42,24,22,27,20,31
ENSMUSG00000042328,4,24,32,16,24,45,32,31,40,38,31,49
ENSMUSG00000014418,1,13,13,11,9,15,16,14,11,25,9,23
ENSMUSG00000074811,1,15,12,10,12,13,13,16,13,22,14,29
ENSMUSG00000035273,0,0,1,0,3,4,4,14,6,2,1,18
ENSMUSG00000030895,0,0,0,0,0,0,0,1,0,5,2,4
ENSMUSG00000022096,2,23,35,22,28,26,13,21,13,19,24,28
ENSMUSG00000025499,42,291,269,209,285,260,296,303,277,319,361,491
ENSMUSG00000022525,2,91,84,53,92,89,78,74,79,70,78,97
ENSMUSG00000024973,0,0,0,0,0,0,0,0,0,0,0,0
ENSMUSG00000038239,227,3886,3744,2827,3593,3596,2434,2541,3257,3427,3747,4051
ENSMUSG00000071001,15,19,25,20,24,19,32,34,34,48,41,50
ENSMUSG00000053004,0,1,2,0,0,0,2,1,0,1,0,0
ENSMUSG00000034987,0,5,0,1,6,3,3,3,6,1,4,3
ENSMUSG00000039059,0,0,1,0,0,0,0,0,1,0,1,0
ENSMUSG00000046607,0,7,2,2,6,2,7,2,1,1,4,4
ENSMUSG00000020605,2,37,35,36,48,45,37,34,44,52,62,71
ENSMUSG00000040151,1,47,26,24,33,24,52,39,45,39,44,69
ENSMUSG00000051022,1,14,5,8,11,5,4,7,9,9,11,13
ENSMUSG00000047759,0,1,6,2,2,7,5,3,5,4,5,5
ENSMUSG00000070407,1,2,2,5,5,4,1,2,6,3,1,4
ENSMUSG00000078591,2,1,0,0,1,2,0,0,0,0,0,2
ENSMUSG00000044499,0,7,7,7,5,7,8,7,8,9,9,5
ENSMUSG00000039628,0,0,0,0,0,0,0,1,0,0,0,0
ENSMUSG00000045216,9,70,78,44,60,59,88,66,70,72,79,110
ENSMUSG00000062184,0,1,0,1,1,1,0,2,1,0,0,4
ENSMUSG00000031839,34,560,488,342,526,527,584,589,634,590,714,919
ENSMUSG00000078963,0,34,23,19,22,13,19,17,33,26,37,20
ENSMUSG00000043510,3,67,47,40,57,58,75,61,76,61,80,114
ENSMUSG00000016194,6,75,72,46,58,56,153,145,125,182,112,257
ENSMUSG00000031891,0,0,0,0,0,0,0,0,0,1,0,0
ENSMUSG00000019301,0,1,1,0,1,0,2,0,0,1,2,0
ENSMUSG00000025260,56,914,843,646,839,887,1021,972,1189,1157,1435,1472
ENSMUSG00000029311,14,108,126,97,135,129,168,185,178,192,145,294
ENSMUSG00000027195,5,62,46,37,54,55,64,53,48,43,31,77
ENSMUSG00000034528,0,0,0,0,0,0,0,0,0,0,1,0
ENSMUSG00000030825,0,1,0,0,0,1,0,3,1,1,0,3
ENSMUSG00000031844,0,0,0,0,0,0,0,0,0,1,0,0
ENSMUSG00000033122,0,0,0,0,0,0,0,0,0,0,0,0
ENSMUSG00000024507,6,244,217,152,247,228,206,233,192,246,212,349
ENSMUSG00000026675,2,38,47,44,43,59,47,27,24,25,20,42
ENSMUSG00000027871,0,0,0,0,1,0,0,0,0,0,0,0
ENSMUSG00000062410,0,0,0,0,1,0,0,0,0,0,0,0
ENSMUSG00000095143,0,0,0,0,0,0,0,0,0,0,0,0
ENSMUSG00000027869,0,0,0,0,0,0,1,0,0,1,0,0
ENSMUSG00000034189,8,65,39,43,62,61,49,67,65,66,61,78
ENSMUSG00000028383,35,597,539,408,548,606,571,498,553,603,474,655
ENSMUSG00000022556,5,89,80,59,75,91,106,94,89,81,94,124
ENSMUSG00000019878,3,27,32,28,41,38,39,31,32,26,23,51
ENSMUSG00000002076,0,1,1,2,2,1,2,1,3,3,0,3
ENSMUSG00000045802,0,0,0,0,0,0,1,0,0,0,0,0
ENSMUSG00000033249,3,26,16,16,10,18,17,18,35,35,20,23
ENSMUSG00000070345,0,0,0,0,0,0,0,0,2,0,0,0
ENSMUSG00000062007,0,1,0,2,0,0,0,3,1,0,1,4
ENSMUSG00000021270,30,128,133,75,136,171,175,197,184,137,160,247
ENSMUSG00000023944,295,2689,2504,1805,2941,3049,3151,3294,3103,2710,3198,4204
ENSMUSG00000020048,42,590,539,473,561,587,698,636,462,569,1310,1576
ENSMUSG00000025092,3,74,68,49,74,77,67,34,52,34,62,69
ENSMUSG00000074793,24,97,82,72,88,82,116,88,92,76,118,129
ENSMUSG00000032932,3,41,30,23,36,32,51,24,37,29,40,61
ENSMUSG00000091971,3,23,32,13,50,144,17,19,58,21,19,44
ENSMUSG00000090877,3,11,36,10,36,117,15,23,25,8,16,38
ENSMUSG00000007033,0,16,16,9,11,14,23,14,25,13,13,16
ENSMUSG00000020361,25,408,328,260,359,375,395,380,360,343,352,580
ENSMUSG00000025757,5,118,112,83,114,124,97,96,110,84,97,150
ENSMUSG00000026864,92,1189,950,792,1094,1205,1280,1067,901,878,2900,2457
ENSMUSG00000024359,52,1630,1554,1067,1535,1492,1578,1507,1585,1443,1573,2051
ENSMUSG00000004951,66,994,946,726,1121,1065,1405,1571,1687,1384,1443,2125
ENSMUSG00000063172,2,32,24,18,27,29,26,28,25,22,39,28
ENSMUSG00000051456,2,67,45,33,42,43,40,62,40,50,51,84
ENSMUSG00000006221,322,6285,6306,4488,5994,7232,8694,7250,8459,5943,4575,8353
ENSMUSG00000017832,0,0,0,0,0,0,0,0,0,0,0,0
ENSMUSG00000022849,0,3,7,6,3,4,4,5,9,8,7,10
ENSMUSG00000063802,5,133,105,86,131,116,97,118,100,116,123,191
ENSMUSG00000025980,30,561,528,426,570,587,532,459,510,440,476,720
ENSMUSG00000073676,26,573,532,386,535,541,453,544,577,551,589,800
ENSMUSG00000028763,196,789,787,540,752,718,635,682,500,691,784,995
ENSMUSG00000029657,6,83,77,56,103,86,67,60,67,78,77,100
ENSMUSG00000039745,6,77,81,64,93,76,102,121,110,123,144,181
ENSMUSG00000067873,17,171,160,102,149,127,178,191,168,194,185,217
ENSMUSG00000070687,0,0,0,1,0,0,1,0,0,0,0,0
ENSMUSG00000034997,0,0,0,0,0,0,0,0,0,0,0,0
ENSMUSG00000026228,0,0,0,1,0,0,0,0,0,0,0,2
ENSMUSG00000041380,0,0,0,0,0,0,0,0,1,0,0,0
ENSMUSG00000032269,0,0,0,0,0,0,0,1,0,0,1,0
ENSMUSG00000028747,0,0,0,0,0,0,0,0,0,0,0,0
ENSMUSG00000024798,0,2,1,3,2,0,0,2,1,2,3,5
ENSMUSG00000006205,26,343,331,247,306,309,209,299,285,290,328,472
ENSMUSG00000068329,8,82,84,77,90,103,120,130,103,147,122,174
ENSMUSG00000029096,26,334,310,213,302,282,344,351,280,355,409,466
ENSMUSG00000037406,3,12,6,2,5,6,7,15,7,11,8,13
ENSMUSG00000029104,6,45,50,32,50,42,60,61,43,38,59,71
ENSMUSG00000053414,0,5,2,2,1,3,0,2,2,2,0,3
ENSMUSG00000020413,3,19,14,13,21,16,26,25,18,19,12,27
ENSMUSG00000076430,0,0,0,0,0,0,0,0,0,1,0,0
ENSMUSG00000025261,30,310,298,193,289,295,320,279,323,267,283,418
ENSMUSG00000064267,0,8,2,2,7,4,10,13,7,8,14,19
ENSMUSG00000010047,10,65,67,76,67,57,68,86,96,94,83,120
ENSMUSG00000029679,0,0,0,0,0,0,0,0,0,0,0,0
ENSMUSG00000059854,0,4,3,2,3,1,0,1,1,0,1,4
ENSMUSG00000006395,2,26,24,13,24,17,36,37,23,25,34,39
ENSMUSG00000035878,1,8,5,1,4,1,8,7,2,0,6,5
ENSMUSG00000050555,0,1,2,2,3,2,6,4,0,2,2,3
ENSMUSG00000032115,4,39,29,15,39,29,43,35,19,27,26,54
ENSMUSG00000027245,9,94,90,64,82,95,122,116,138,100,93,148
ENSMUSG00000073794,0,0,0,0,0,0,0,0,0,0,0,0
ENSMUSG00000074342,12,8,2,4,10,1,7,11,1,1,2,19
ENSMUSG00000062054,3,47,52,46,64,45,55,66,56,45,66,90
ENSMUSG00000037851,5,116,119,78,82,103,135,132,130,99,106,144
ENSMUSG00000026618,8,168,196,133,193,197,191,211,179,220,189,260
ENSMUSG00000049287,1,69,64,63,92,87,95,67,83,97,98,143
ENSMUSG00000035941,12,73,53,56,66,69,64,59,50,55,41,72
ENSMUSG00000062995,7,30,30,21,30,39,31,31,28,26,47,53
ENSMUSG00000026018,0,0,0,0,0,1,0,0,1,0,1,1
ENSMUSG00000037405,14,26,36,18,36,48,74,90,57,49,93,170
ENSMUSG00000001029,18,136,85,67,91,100,107,113,99,118,129,161
ENSMUSG00000001014,0,4,3,0,5,4,0,4,0,4,3,2
ENSMUSG00000032174,0,0,1,0,0,0,0,0,0,0,0,0
ENSMUSG00000034525,7,69,38,47,61,63,61,62,40,61,69,75
ENSMUSG00000032235,1,21,13,9,17,5,15,12,9,12,8,13
ENSMUSG00000009828,5,31,48,24,36,37,48,53,45,30,49,65
ENSMUSG00000039662,5,88,63,62,79,86,71,66,49,74,82,102
ENSMUSG00000026009,0,0,0,0,0,1,0,1,1,1,2,3
ENSMUSG00000000732,3,10,21,15,19,25,26,20,24,17,13,42
ENSMUSG00000042745,22,122,80,116,111,166,157,190,167,194,150,227
ENSMUSG00000020644,5,22,17,18,28,26,47,58,37,39,56,85
ENSMUSG00000007872,42,226,180,183,256,272,256,426,382,451,435,610
ENSMUSG00000021379,0,3,3,3,6,2,2,0,5,2,3,0
ENSMUSG00000056999,9,112,74,62,74,94,131,149,154,104,151,129
ENSMUSG00000025950,11,177,156,120,140,148,162,161,137,142,116,193
ENSMUSG00000030541,345,6760,6723,4733,6759,7834,7668,7886,8848,10071,11219,11631
ENSMUSG00000032279,59,1608,1513,1053,1400,1406,1058,1281,1325,1390,1385,1762
ENSMUSG00000027406,184,3339,3029,2266,2917,2983,2798,2959,3270,3700,3492,4556
ENSMUSG00000002010,117,2418,2160,1657,2003,2247,2294,2138,2425,2640,2612,3538
ENSMUSG00000058258,0,7,6,2,7,8,16,13,6,5,5,13
ENSMUSG00000033520,0,0,0,0,0,0,0,0,0,0,1,0
ENSMUSG00000050002,6,92,76,63,78,67,125,159,171,157,175,293
ENSMUSG00000031551,0,1,1,0,1,1,0,3,0,3,4,2
ENSMUSG00000031549,0,0,1,0,0,0,0,0,1,0,0,1
ENSMUSG00000035847,3,56,69,30,58,45,51,50,68,67,81,74
ENSMUSG00000033540,6,61,59,51,59,57,73,68,83,75,89,94
ENSMUSG00000053560,46,288,234,166,373,374,105,279,264,252,509,436
ENSMUSG00000003541,9,111,122,143,103,147,184,271,204,230,187,450
ENSMUSG00000056708,12,98,105,75,86,118,163,272,237,198,167,296
ENSMUSG00000089762,11,21,32,20,22,29,32,31,14,27,34,61
ENSMUSG00000038271,9,45,47,35,48,39,72,47,41,70,43,64
ENSMUSG00000041025,1,32,16,8,22,22,24,12,9,19,18,27
ENSMUSG00000026535,1,0,0,0,2,0,1,1,1,1,1,0
ENSMUSG00000073489,4,23,22,15,26,15,61,149,33,40,47,201
ENSMUSG00000054203,6,32,24,19,43,30,83,133,85,123,64,259
ENSMUSG00000037849,1,2,2,2,0,1,18,33,4,9,6,41
ENSMUSG00000073490,1,14,16,14,24,24,63,107,50,54,45,116
ENSMUSG00000066677,0,0,0,0,0,0,6,2,1,0,2,3
ENSMUSG00000043263,0,3,5,3,3,4,37,51,11,23,9,72
ENSMUSG00000026536,5,27,20,25,27,29,78,145,45,73,52,233
ENSMUSG00000073491,1,9,7,1,2,13,19,44,6,13,4,62
ENSMUSG00000070501,0,0,1,0,1,0,2,4,0,1,2,14
ENSMUSG00000064215,29,195,161,115,178,178,609,582,786,699,679,1017
ENSMUSG00000079017,35,270,200,113,175,155,617,936,300,300,412,1847
ENSMUSG00000021208,0,1,3,1,0,0,2,5,0,1,0,2
ENSMUSG00000031838,2,18,21,12,21,18,56,92,14,27,40,96
ENSMUSG00000010358,19,100,85,67,92,102,211,342,235,192,226,526
ENSMUSG00000028037,4,23,22,7,16,11,63,123,41,36,32,217
ENSMUSG00000039146,1,0,0,0,0,0,0,0,0,0,0,0
ENSMUSG00000026896,2,34,33,23,36,23,79,130,67,57,79,210
ENSMUSG00000034459,20,103,74,54,82,74,311,1008,270,259,277,2021
ENSMUSG00000079339,1,12,19,13,13,8,21,22,12,29,17,46
ENSMUSG00000067297,0,11,11,5,9,12,14,11,8,11,12,20
ENSMUSG00000045932,3,24,28,20,21,22,159,276,99,67,131,426
ENSMUSG00000074896,20,117,94,66,88,115,678,1579,620,479,674,3202
ENSMUSG00000062488,4,44,32,18,45,31,263,407,189,130,214,694
ENSMUSG00000025491,2,18,22,19,19,25,50,54,45,52,43,119
ENSMUSG00000045777,2,2,6,6,11,4,9,12,6,14,11,26
ENSMUSG00000025492,130,720,626,516,632,583,1597,2207,1020,1222,1296,3951
ENSMUSG00000059108,0,1,1,1,0,2,8,8,6,3,4,25
ENSMUSG00000065968,0,0,0,0,0,1,0,1,0,1,0,0
ENSMUSG00000100079,0,0,0,0,0,0,0,0,0,0,0,0
ENSMUSG00000022967,3,24,38,27,28,30,47,45,39,19,49,44
ENSMUSG00000048806,0,0,0,0,1,0,0,1,0,0,0,0
ENSMUSG00000055170,0,0,0,0,0,0,0,0,0,1,1,6
ENSMUSG00000020009,17,156,131,99,125,128,190,178,191,195,167,264
ENSMUSG00000022965,46,903,804,548,708,804,702,662,730,622,641,1100
ENSMUSG00000042993,0,0,0,0,0,0,0,0,0,0,0,0
ENSMUSG00000059128,0,0,0,0,0,0,0,0,0,0,0,0
ENSMUSG00000062157,0,13,13,3,7,6,21,10,10,9,13,10
ENSMUSG00000096854,0,0,0,0,0,0,0,0,0,0,0,0
ENSMUSG00000001627,9,102,84,81,115,166,186,151,231,160,235,206
ENSMUSG00000010048,14,272,222,179,237,227,241,226,285,292,272,357
ENSMUSG00000030323,7,39,39,22,38,27,25,21,23,24,24,24
ENSMUSG00000024169,2,6,8,13,16,13,11,10,9,17,8,16
ENSMUSG00000038564,15,94,73,60,86,107,114,96,91,130,132,118
ENSMUSG00000001105,18,216,208,144,190,173,182,200,150,197,251,284
ENSMUSG00000007987,3,43,41,15,35,26,36,41,48,57,37,68
ENSMUSG00000016637,5,47,58,23,43,54,55,62,45,54,70,82
ENSMUSG00000007867,4,99,69,41,67,87,82,92,88,106,81,148
ENSMUSG00000002031,8,61,67,43,64,55,54,65,60,84,64,94
ENSMUSG00000017858,4,52,52,36,49,56,57,52,58,51,51,86
ENSMUSG00000032965,1,23,28,17,43,25,31,37,40,33,42,38
ENSMUSG00000028576,1,14,19,12,19,14,20,19,22,18,14,23
ENSMUSG00000027778,0,6,10,4,8,8,11,7,6,4,10,12
ENSMUSG00000029469,12,169,168,94,187,172,172,149,249,176,218,266
ENSMUSG00000040040,0,14,14,12,13,13,17,15,19,20,14,21
ENSMUSG00000031221,9,132,115,99,124,129,166,184,201,183,226,249
ENSMUSG00000032394,0,0,0,0,0,1,0,1,1,0,0,1
ENSMUSG00000032816,1,35,32,24,32,33,26,15,20,24,16,30
ENSMUSG00000020053,10,46,52,35,67,60,83,94,60,58,68,91
ENSMUSG00000005533,3,51,45,34,58,56,81,70,76,72,83,97
ENSMUSG00000048583,7,53,56,78,95,80,85,82,93,78,97,151
ENSMUSG00000013415,2,0,0,0,0,2,1,1,0,1,0,1
ENSMUSG00000033581,0,16,12,5,16,11,15,14,5,10,14,9
ENSMUSG00000029814,0,5,3,1,1,4,1,2,6,5,0,4
ENSMUSG00000023830,12,219,172,123,201,234,220,215,236,144,231,310
ENSMUSG00000046070,1,25,19,16,13,22,12,10,15,12,28,30
ENSMUSG00000039323,0,1,0,0,1,0,0,0,0,0,0,0
ENSMUSG00000020427,8,60,70,33,52,58,102,72,71,59,91,85
ENSMUSG00000017493,50,287,273,191,278,353,430,437,329,474,452,619
ENSMUSG00000026185,11,180,165,106,156,154,139,99,105,104,167,155
ENSMUSG00000023046,5,73,73,39,59,57,56,69,73,69,103,77
ENSMUSG00000036256,85,754,708,499,723,642,714,954,736,752,835,1469
ENSMUSG00000035551,0,1,1,0,2,1,2,3,1,0,0,2
ENSMUSG00000024831,0,6,3,5,7,6,17,16,18,14,18,13
ENSMUSG00000110185,3,52,49,42,52,59,47,52,49,56,65,61
ENSMUSG00000013367,0,0,2,0,0,1,1,1,0,0,2,3
ENSMUSG00000031111,4,88,80,31,49,72,24,28,35,37,23,52
ENSMUSG00000036334,2,7,4,3,8,7,13,16,12,6,6,18
ENSMUSG00000022790,0,2,0,2,2,0,1,0,0,0,0,4
ENSMUSG00000040972,0,1,1,0,5,1,0,0,0,0,1,1
ENSMUSG00000040498,2,4,4,1,2,4,7,7,3,7,8,8
ENSMUSG00000042035,1,44,28,17,32,36,40,25,22,22,32,45
ENSMUSG00000035004,0,7,5,3,3,2,5,22,8,12,6,23
ENSMUSG00000038034,1,36,29,27,30,45,37,49,54,44,53,94
ENSMUSG00000037995,0,1,3,0,0,1,1,1,4,0,0,2
ENSMUSG00000034275,0,14,5,4,8,10,5,13,6,3,12,6
ENSMUSG00000006538,0,0,0,0,1,1,1,0,0,1,1,0
ENSMUSG00000054072,40,293,220,170,246,232,462,2041,2274,810,497,3691
ENSMUSG00000024474,15,219,203,119,186,200,207,245,284,310,325,368
ENSMUSG00000019975,4,36,34,18,30,32,30,44,40,39,38,57
ENSMUSG00000028431,7,55,48,17,44,54,57,50,73,72,75,75
ENSMUSG00000031537,12,56,42,42,38,49,54,55,60,80,59,92
ENSMUSG00000042349,3,5,0,2,4,4,14,15,1,6,9,23
ENSMUSG00000004221,7,79,75,65,101,73,76,78,91,77,84,123
ENSMUSG00000018654,1,4,6,3,6,5,9,14,8,7,12,32
ENSMUSG00000025997,2,21,15,15,29,17,20,18,15,9,9,19
ENSMUSG00000018168,0,1,1,0,1,0,1,2,2,1,0,3
ENSMUSG00000002578,0,4,5,1,3,2,8,3,3,5,3,8
ENSMUSG00000040167,5,45,38,32,43,43,70,42,61,43,54,70
ENSMUSG00000016529,0,0,0,0,0,0,1,1,1,0,0,2
ENSMUSG00000032089,1,9,4,8,11,10,34,37,15,22,22,60
ENSMUSG00000022969,27,451,410,241,397,453,446,439,472,420,462,672
ENSMUSG00000004371,0,0,0,0,2,0,2,2,1,0,1,3
ENSMUSG00000073889,24,195,214,158,225,242,208,219,249,251,293,314
ENSMUSG00000027776,0,1,0,0,1,2,0,0,1,0,0,2
ENSMUSG00000000791,1,0,0,0,1,1,1,3,0,0,1,3
ENSMUSG00000018341,0,0,0,0,1,0,0,1,1,0,0,1
ENSMUSG00000017057,2,111,92,80,94,88,142,159,139,100,116,224
ENSMUSG00000031289,0,0,0,0,0,0,0,0,0,0,0,0
ENSMUSG00000031712,4,101,110,74,103,134,84,109,91,92,87,188
ENSMUSG00000023206,4,46,50,38,36,33,53,45,50,54,40,94
ENSMUSG00000001741,3,26,16,9,22,16,32,28,21,27,30,40
ENSMUSG00000024578,0,0,0,1,0,0,0,0,0,0,0,0
ENSMUSG00000050222,1,23,19,10,12,20,11,18,16,21,21,27
ENSMUSG00000041872,0,0,1,0,0,0,0,0,0,0,0,0
ENSMUSG00000002897,1,14,10,9,10,13,23,37,8,15,17,46
ENSMUSG00000015966,2,0,2,1,0,0,0,0,0,1,1,2
ENSMUSG00000030281,3,31,37,23,26,25,37,44,35,41,49,67
ENSMUSG00000040717,0,12,23,2,15,13,10,13,15,14,10,9
ENSMUSG00000043088,0,6,1,7,0,4,3,3,1,6,2,6
ENSMUSG00000039217,0,2,0,3,1,5,3,12,0,1,8,12
ENSMUSG00000070427,6,47,47,35,38,43,108,156,107,66,92,279
ENSMUSG00000026070,0,2,0,1,1,0,0,2,4,0,2,0
ENSMUSG00000026068,0,0,1,0,1,1,2,8,5,2,4,7
ENSMUSG00000016524,0,2,0,0,0,0,0,0,0,0,0,1
ENSMUSG00000027399,0,0,0,0,0,0,0,0,0,0,0,0
ENSMUSG00000027398,1,6,2,3,7,4,15,11,7,3,12,26
ENSMUSG00000044103,0,0,0,0,0,0,0,0,0,0,0,0
ENSMUSG00000026072,2,20,26,19,20,25,38,49,25,40,35,54
ENSMUSG00000026073,0,0,1,0,0,1,0,3,1,1,1,6
ENSMUSG00000022514,0,8,9,5,5,4,9,8,2,3,11,15
ENSMUSG00000052372,0,1,0,0,0,0,0,0,0,0,0,0
ENSMUSG00000059203,0,0,0,0,0,0,0,0,0,0,0,0
ENSMUSG00000026069,2,2,3,1,4,4,3,2,2,1,1,3
ENSMUSG00000070942,0,5,5,2,5,4,3,4,3,7,3,9
ENSMUSG00000026981,0,2,2,1,1,3,15,35,5,6,1,66
ENSMUSG00000027720,6,47,41,31,36,38,49,47,65,49,47,67
ENSMUSG00000020007,0,0,0,0,0,0,0,0,0,0,1,0
ENSMUSG00000044244,2,2,7,10,3,4,5,9,5,7,5,11
ENSMUSG00000027718,0,0,0,0,0,0,0,0,0,0,0,0
ENSMUSG00000030745,0,2,0,3,3,2,10,13,5,5,7,23
ENSMUSG00000037157,0,0,0,0,0,0,0,0,1,0,0,0
ENSMUSG00000039760,0,0,0,0,0,0,0,0,0,0,1,0
ENSMUSG00000025383,0,1,1,0,2,0,0,0,0,1,0,2
ENSMUSG00000040770,0,0,0,0,3,1,0,0,0,0,1,0
ENSMUSG00000044701,0,0,0,0,0,0,2,1,0,0,0,6
ENSMUSG00000005465,1,7,6,5,4,7,9,5,2,5,9,5
ENSMUSG00000026770,0,3,2,5,5,8,6,8,8,4,7,5
ENSMUSG00000068227,2,3,0,0,5,2,7,14,14,3,6,15
ENSMUSG00000031304,5,36,37,22,33,26,44,75,36,35,42,109
ENSMUSG00000029437,0,0,0,0,0,0,0,0,0,0,0,0
ENSMUSG00000024810,1,5,5,13,8,11,20,30,21,18,8,64
ENSMUSG00000031750,0,8,18,18,8,17,14,11,13,16,21,29
ENSMUSG00000068758,3,14,7,8,16,13,18,31,17,16,13,34
ENSMUSG00000000869,1,2,4,2,2,1,2,3,3,3,2,2
ENSMUSG00000030748,8,35,33,19,33,39,75,85,38,66,53,149
ENSMUSG00000036117,0,0,0,0,0,0,0,0,0,0,0,0
ENSMUSG00000005364,0,0,0,0,0,0,0,1,0,0,0,0
ENSMUSG00000025746,0,0,1,1,0,0,1,0,1,2,0,1
ENSMUSG00000027947,1,20,10,5,14,8,28,39,25,15,11,23
ENSMUSG00000021756,27,354,323,202,320,346,476,414,405,408,459,561
ENSMUSG00000040329,1,4,7,2,3,6,11,8,12,4,8,11
ENSMUSG00000003882,0,1,1,0,2,0,3,6,2,0,1,12
ENSMUSG00000020279,0,0,0,0,0,1,0,0,0,0,0,0
ENSMUSG00000022900,0,0,0,0,1,0,0,0,1,0,0,1
ENSMUSG00000040612,0,1,2,0,1,0,0,0,2,2,1,1
ENSMUSG00000001016,8,70,65,34,81,71,91,61,84,38,72,108
ENSMUSG00000032178,5,60,41,44,45,49,68,46,55,57,55,86
ENSMUSG00000030890,44,286,277,194,284,300,297,311,236,297,304,445
ENSMUSG00000026309,10,136,107,77,111,109,147,130,162,106,135,214
ENSMUSG00000032763,5,93,95,67,117,93,114,143,145,147,114,166
ENSMUSG00000042670,10,218,208,160,199,217,217,242,278,249,247,353
ENSMUSG00000056899,5,118,98,82,101,82,94,101,139,163,146,184
ENSMUSG00000052337,69,1296,1236,892,1200,1191,1064,1171,1199,1259,1358,1678
ENSMUSG00000032288,13,175,167,130,203,210,209,204,234,222,247,378
ENSMUSG00000026127,12,83,76,54,96,90,91,92,91,96,108,134
ENSMUSG00000024525,6,82,88,70,74,76,77,98,106,91,68,92
ENSMUSG00000024423,5,49,44,23,54,56,63,53,60,47,66,78
ENSMUSG00000066324,9,163,125,100,104,133,136,106,120,118,106,175
ENSMUSG00000003500,8,82,86,73,79,80,97,67,90,86,100,105
ENSMUSG00000062867,6,32,29,23,41,38,40,44,37,43,47,63
ENSMUSG00000035270,0,0,0,0,0,0,1,0,0,0,0,0
ENSMUSG00000034336,0,0,0,0,0,0,0,0,0,0,0,1
ENSMUSG00000091811,19,95,75,62,83,109,137,114,129,113,154,169
ENSMUSG00000074918,10,77,80,82,107,104,102,94,103,88,68,168
ENSMUSG00000057054,4,15,16,23,16,17,18,18,32,26,28,30
ENSMUSG00000024660,1,14,5,6,5,14,10,17,6,7,13,27
ENSMUSG00000037679,17,72,56,38,66,59,93,53,70,95,72,95
ENSMUSG00000045969,5,60,62,46,69,70,67,62,86,68,81,85
ENSMUSG00000063049,4,17,23,14,20,16,21,23,25,17,17,23
ENSMUSG00000029670,3,28,16,22,25,28,32,29,26,20,29,28
ENSMUSG00000026283,5,26,17,21,27,37,46,37,39,39,41,39
ENSMUSG00000032968,5,33,26,23,21,20,14,13,16,24,21,23
ENSMUSG00000041324,1,1,1,1,2,3,3,6,1,2,1,5
ENSMUSG00000037035,0,18,11,6,13,12,15,18,19,3,8,26
ENSMUSG00000025405,0,0,0,0,0,1,0,2,0,0,0,0
ENSMUSG00000047492,0,0,0,0,0,0,0,0,0,0,0,0
ENSMUSG00000038544,3,24,36,23,26,28,20,24,26,41,30,42
ENSMUSG00000003477,4,34,59,60,56,103,99,111,164,222,210,123
ENSMUSG00000034154,8,22,34,13,22,30,27,25,27,25,41,35
ENSMUSG00000030034,10,74,64,54,65,65,56,71,81,104,99,124
ENSMUSG00000047989,5,85,68,55,69,78,91,85,80,73,83,123
ENSMUSG00000040865,11,51,52,23,58,63,62,38,67,40,48,74
ENSMUSG00000030689,6,58,60,29,55,41,51,59,75,63,91,108
ENSMUSG00000026102,9,39,50,20,36,43,52,46,40,33,42,53
ENSMUSG00000026113,4,52,28,22,30,35,27,30,44,17,21,48
ENSMUSG00000037940,0,66,52,40,71,58,89,62,74,49,50,73
ENSMUSG00000025477,55,1028,919,687,845,837,908,838,839,883,1101,1322
ENSMUSG00000028894,6,29,34,10,30,36,34,34,32,40,29,55
ENSMUSG00000026288,5,21,25,16,19,21,67,66,35,31,23,65
ENSMUSG00000026925,4,82,75,65,70,75,78,65,53,71,64,92
ENSMUSG00000042105,0,24,27,16,33,18,29,21,25,30,23,30
ENSMUSG00000034570,1,82,44,39,57,46,42,58,36,42,72,80
ENSMUSG00000006127,11,92,92,63,91,98,115,122,147,139,139,175
ENSMUSG00000032737,33,397,325,293,366,355,293,269,269,346,371,429
ENSMUSG00000035804,0,0,0,0,1,0,0,2,0,0,0,0
ENSMUSG00000048782,0,1,0,0,0,1,1,2,0,1,0,2
ENSMUSG00000045294,1,32,36,20,39,31,49,19,48,26,21,34
ENSMUSG00000003721,5,126,103,81,132,121,113,92,141,136,119,169
ENSMUSG00000079019,0,0,0,0,0,0,0,0,1,0,0,0
ENSMUSG00000050957,0,3,0,0,2,1,3,3,1,2,1,2
ENSMUSG00000068154,0,0,0,0,0,0,0,0,0,0,0,1
ENSMUSG00000045440,0,0,1,0,1,1,0,2,0,0,0,2
ENSMUSG00000005534,21,215,220,139,245,273,302,286,349,242,296,319
ENSMUSG00000005640,0,0,1,0,0,0,0,1,1,0,1,1
ENSMUSG00000029547,9,105,124,81,105,108,96,120,118,124,130,172
ENSMUSG00000031864,1,40,42,24,49,50,38,42,38,41,42,57
ENSMUSG00000029034,7,63,46,50,51,64,86,77,63,69,79,106
ENSMUSG00000028016,1,32,26,21,31,17,43,32,56,41,44,47
ENSMUSG00000040250,4,49,34,25,30,39,41,36,42,33,37,56
ENSMUSG00000034263,1,37,36,30,42,35,38,44,26,43,30,63
ENSMUSG00000018068,2,11,4,5,15,7,5,10,8,4,7,9
ENSMUSG00000027933,5,58,56,44,49,57,55,44,48,61,77,86
ENSMUSG00000025133,8,119,103,74,125,98,197,151,162,179,233,222
ENSMUSG00000071652,0,44,27,27,49,28,25,38,32,26,19,44
ENSMUSG00000035161,4,50,42,32,20,34,42,39,46,31,37,46
ENSMUSG00000035967,4,21,22,17,21,16,29,21,14,29,19,36
ENSMUSG00000037461,4,29,38,16,37,27,28,17,36,20,30,30
ENSMUSG00000040738,2,16,21,17,18,22,24,19,12,20,23,32
ENSMUSG00000021975,8,47,48,27,41,44,65,49,60,38,60,80
ENSMUSG00000060798,7,41,48,33,46,64,39,46,54,53,40,58
ENSMUSG00000028344,5,12,11,1,17,12,10,11,9,8,6,15
ENSMUSG00000032594,33,164,145,118,158,158,190,172,182,211,244,242
ENSMUSG00000032599,1,13,15,9,14,20,34,24,30,26,24,33
ENSMUSG00000024210,3,45,35,18,29,28,18,31,23,32,19,47
ENSMUSG00000064065,0,1,0,0,0,1,4,6,2,2,1,3
ENSMUSG00000060733,2,35,40,15,36,18,26,22,29,25,28,39
ENSMUSG00000042590,12,60,68,43,83,67,82,92,82,87,80,123
ENSMUSG00000033365,9,196,212,169,209,225,214,178,226,201,197,255
ENSMUSG00000030662,28,432,403,287,374,421,542,416,436,532,568,695
ENSMUSG00000066232,16,260,208,167,238,269,264,257,265,238,210,321
ENSMUSG00000040029,4,58,56,28,51,64,65,63,50,51,52,88
ENSMUSG00000041879,9,69,61,43,79,68,94,76,96,66,72,115
ENSMUSG00000028696,0,13,9,5,9,9,7,11,17,13,6,14
ENSMUSG00000021385,3,13,11,13,20,18,16,19,27,16,22,31
ENSMUSG00000026301,0,0,0,0,0,0,0,0,0,0,0,0
ENSMUSG00000022837,5,43,34,28,29,49,43,48,68,62,56,64
ENSMUSG00000040795,2,29,40,23,23,32,21,38,35,27,39,35
ENSMUSG00000029601,0,0,0,0,0,1,0,0,0,0,1,0
ENSMUSG00000036555,0,11,13,9,17,12,19,20,14,18,21,13
ENSMUSG00000035578,0,0,3,3,6,1,3,1,4,2,2,2
ENSMUSG00000037801,0,1,0,0,0,0,0,0,0,0,0,0
ENSMUSG00000073856,0,0,3,2,0,2,0,2,2,2,1,4
ENSMUSG00000031620,0,0,1,0,0,0,1,0,0,1,0,0
ENSMUSG00000030536,40,137,131,100,134,181,198,203,161,127,154,268
ENSMUSG00000021676,0,3,7,2,2,3,6,5,9,1,5,9
ENSMUSG00000028068,0,2,0,1,0,2,2,5,0,3,2,7
ENSMUSG00000034312,24,239,203,149,211,212,221,220,212,199,249,275
ENSMUSG00000041115,19,291,259,193,228,238,215,200,225,253,251,341
ENSMUSG00000040797,0,2,8,3,3,3,6,2,3,5,7,3
ENSMUSG00000046192,0,1,0,0,0,1,1,1,0,0,0,1
ENSMUSG00000031392,39,335,315,245,307,341,376,295,270,327,310,415
ENSMUSG00000032251,3,21,26,16,31,22,21,19,42,27,26,32
ENSMUSG00000060477,3,23,19,23,21,17,28,28,22,27,26,46
ENSMUSG00000020227,0,9,12,7,8,8,16,28,15,22,18,48
ENSMUSG00000059883,1,5,9,4,6,11,12,5,16,12,11,18
ENSMUSG00000032293,6,79,62,41,83,61,82,62,68,44,63,104
ENSMUSG00000018899,8,50,43,33,49,54,89,186,117,100,95,360
ENSMUSG00000031627,7,78,57,39,55,56,57,75,87,46,56,112
ENSMUSG00000044030,7,74,68,48,64,83,85,65,83,69,75,120
ENSMUSG00000051495,12,191,188,179,173,197,242,254,307,240,236,350
ENSMUSG00000034168,5,103,69,56,84,93,107,100,129,47,90,137
ENSMUSG00000003184,30,87,115,88,127,112,135,134,161,152,148,206
ENSMUSG00000021356,0,1,2,1,1,2,3,3,5,4,2,4
ENSMUSG00000029771,1,12,10,8,11,8,45,54,23,33,22,95
ENSMUSG00000026638,1,0,0,3,2,1,3,1,1,1,1,2
ENSMUSG00000025498,55,293,220,166,234,227,2116,1883,2281,1546,2860,3116
ENSMUSG00000041515,3,14,24,17,30,20,49,66,36,30,33,143
ENSMUSG00000062028,0,1,0,0,0,1,1,0,0,0,0,0
ENSMUSG00000046879,21,147,111,77,121,107,413,777,1109,405,363,1530
ENSMUSG00000069874,10,99,62,65,91,75,167,476,588,218,169,902
ENSMUSG00000041037,3,74,53,51,53,51,49,39,46,50,68,75
ENSMUSG00000055980,3,104,77,28,103,82,71,55,56,80,68,72
ENSMUSG00000038894,4,53,29,25,43,73,92,124,96,35,108,65
ENSMUSG00000047182,0,3,1,0,3,2,2,3,6,2,2,3
ENSMUSG00000060969,1,34,36,13,21,37,39,40,28,45,29,27
ENSMUSG00000001504,3,50,25,7,20,32,18,28,16,32,16,11
ENSMUSG00000031734,4,125,169,89,149,148,133,174,154,164,134,266
ENSMUSG00000021604,6,146,115,57,92,119,145,109,91,110,158,153
ENSMUSG00000031737,2,34,39,21,49,51,32,29,29,32,39,54
ENSMUSG00000031738,0,0,0,0,0,0,0,0,0,0,0,0
ENSMUSG00000044792,33,598,485,330,485,519,490,482,570,503,475,683
ENSMUSG00000021241,8,271,191,168,237,225,193,211,188,185,213,321
ENSMUSG00000025825,17,325,288,198,311,271,249,307,241,318,359,416
ENSMUSG00000035692,13,68,36,19,51,25,174,439,117,110,121,706
ENSMUSG00000039236,15,36,37,21,33,27,44,82,37,28,47,123
ENSMUSG00000048039,0,11,21,21,18,19,17,24,18,15,16,26
ENSMUSG00000032318,0,2,0,1,0,0,1,0,0,0,0,0
ENSMUSG00000037206,3,129,127,53,113,104,81,102,83,94,119,127
ENSMUSG00000051243,1,2,4,0,3,2,1,4,2,5,2,0
ENSMUSG00000074766,0,1,1,0,1,3,1,2,4,3,3,5
ENSMUSG00000050671,0,0,0,0,0,0,0,0,0,0,0,0
ENSMUSG00000024601,1,17,19,8,9,14,20,28,22,15,15,33
ENSMUSG00000086784,12,284,206,195,262,241,206,219,240,261,308,328
ENSMUSG00000052605,2,27,22,13,24,20,26,22,21,25,35,29
ENSMUSG00000043153,1,8,13,6,12,17,13,9,16,18,12,22
ENSMUSG00000031729,11,108,100,76,103,119,127,129,136,133,106,176
ENSMUSG00000030056,2,44,44,40,45,52,45,53,52,58,70,98
ENSMUSG00000019139,6,67,73,45,60,73,63,85,80,95,110,131
ENSMUSG00000027598,5,22,35,23,29,23,37,37,46,39,37,53
ENSMUSG00000031703,3,127,121,81,114,141,124,117,116,112,104,182
ENSMUSG00000001518,2,55,44,38,47,40,53,27,66,63,69,53
ENSMUSG00000032243,2,10,5,6,2,7,12,5,2,5,7,7
ENSMUSG00000015533,0,2,3,0,0,2,0,2,1,1,1,3
ENSMUSG00000034664,31,21,8,2,19,9,17,8,14,16,5,11
ENSMUSG00000001507,0,25,27,17,26,28,29,22,22,30,42,50
ENSMUSG00000027009,1,2,9,4,5,7,20,13,12,7,13,29
ENSMUSG00000000555,14,134,115,79,129,119,172,181,142,177,169,285
ENSMUSG00000027111,29,162,185,133,162,180,132,100,92,139,122,145
ENSMUSG00000025348,16,386,372,314,376,345,598,511,381,557,503,846
ENSMUSG00000026768,2,4,6,12,7,11,11,14,12,5,17,19
ENSMUSG00000039115,6,73,88,63,81,69,77,56,52,63,45,103
ENSMUSG00000070369,0,0,2,3,2,1,1,0,3,0,2,2
ENSMUSG00000005947,1,1,2,1,0,0,1,4,0,0,0,2
ENSMUSG00000030830,2,8,3,3,5,4,11,19,10,5,12,28
ENSMUSG00000027087,4,78,64,39,51,76,86,59,54,52,38,109
ENSMUSG00000030789,0,3,1,1,6,5,16,19,9,8,9,32
ENSMUSG00000025809,49,799,745,505,753,739,881,839,721,650,696,1180
ENSMUSG00000062352,10,95,93,83,100,108,143,132,127,160,191,193
ENSMUSG00000031312,36,692,646,455,584,631,368,382,445,526,450,652
ENSMUSG00000000290,2,26,12,14,14,21,55,77,24,25,14,75
ENSMUSG00000000157,0,0,0,0,0,0,0,0,0,0,0,0
ENSMUSG00000020689,13,9,7,2,7,4,9,10,10,4,10,15
ENSMUSG00000028549,1,28,23,18,27,20,22,31,27,28,39,27
ENSMUSG00000020758,3,5,1,4,3,5,0,9,9,8,7,8
ENSMUSG00000022817,28,337,304,201,343,353,479,544,529,451,500,598
ENSMUSG00000026971,1,38,31,17,49,27,27,14,10,17,12,34
ENSMUSG00000001281,1,3,4,3,5,4,7,24,3,4,2,18
ENSMUSG00000025321,0,0,2,3,2,3,3,1,1,2,0,1
ENSMUSG00000032925,1,16,13,19,18,14,21,23,23,15,17,34
ENSMUSG00000037254,0,1,0,0,2,0,0,1,0,0,0,2
ENSMUSG00000006522,0,0,0,1,1,2,0,1,0,1,3,1
ENSMUSG00000021922,1,4,12,3,7,6,10,3,2,2,6,11
ENSMUSG00000025780,0,4,13,8,15,17,15,17,11,6,12,15
ENSMUSG00000087149,0,0,0,0,0,0,0,1,0,0,0,0
ENSMUSG00000020395,0,2,2,0,0,0,3,0,0,3,1,4
ENSMUSG00000031239,3,36,32,19,34,30,28,47,28,31,40,53
ENSMUSG00000022108,172,2447,2073,1623,2418,2331,3169,3509,3566,3400,3634,4964
ENSMUSG00000026223,19,275,251,211,238,225,246,257,247,281,327,514
ENSMUSG00000074797,5,74,96,56,78,82,74,71,71,61,89,119
ENSMUSG00000057963,6,34,24,24,30,22,36,35,31,32,46,59
ENSMUSG00000027296,0,0,0,1,3,1,1,1,3,0,2,1
ENSMUSG00000038855,72,297,227,164,254,263,284,199,178,185,245,261
ENSMUSG00000003752,0,12,16,6,16,20,40,19,22,21,23,33
ENSMUSG00000030102,13,86,57,54,86,64,80,64,80,73,89,96
ENSMUSG00000030287,31,46,42,29,63,49,42,44,55,49,42,61
ENSMUSG00000042644,2,25,18,18,16,28,20,20,24,37,28,50
ENSMUSG00000074825,2,24,26,22,34,25,45,49,47,26,24,56
ENSMUSG00000095115,18,116,105,80,103,103,127,113,102,89,144,145
ENSMUSG00000022957,13,108,111,51,101,74,104,95,68,89,92,111
ENSMUSG00000020640,4,67,62,46,62,55,79,65,72,82,70,92
ENSMUSG00000027332,54,780,748,536,774,801,635,679,713,756,801,1061
ENSMUSG00000023150,190,2886,2615,1959,2706,2808,3575,3238,3890,3153,3193,4044
ENSMUSG00000024384,3,40,38,21,61,37,50,38,28,45,46,50
ENSMUSG00000019762,0,0,0,0,0,0,1,0,0,0,0,0
ENSMUSG00000031933,0,1,0,0,0,0,1,1,1,0,0,1
ENSMUSG00000055862,2,13,24,13,18,17,26,20,23,32,34,38
ENSMUSG00000025764,8,94,103,67,106,107,122,92,116,93,119,121
ENSMUSG00000020387,9,43,48,57,49,68,98,93,89,122,81,169
ENSMUSG00000037315,1,1,2,1,0,0,8,7,6,1,3,6
ENSMUSG00000027276,8,28,31,15,25,39,35,25,31,20,23,54
ENSMUSG00000002799,24,87,66,44,90,94,69,49,83,73,80,104
ENSMUSG00000051256,5,97,97,74,95,114,116,118,114,96,115,190
ENSMUSG00000028530,17,309,264,159,234,259,323,300,458,315,353,404
ENSMUSG00000024789,5,56,43,40,75,57,64,66,72,57,53,97
ENSMUSG00000063646,0,0,0,1,0,0,1,4,1,0,0,2
ENSMUSG00000024502,0,0,0,0,0,0,0,0,0,0,0,0
ENSMUSG00000056856,0,0,0,0,0,0,2,0,0,1,0,0
ENSMUSG00000053062,41,425,349,268,371,316,341,363,455,419,422,574
ENSMUSG00000031990,6,71,56,38,67,67,56,54,43,55,44,88
ENSMUSG00000048534,1,1,0,1,1,3,2,9,3,1,3,11
ENSMUSG00000038518,13,69,65,54,66,63,64,53,59,53,69,93
ENSMUSG00000063568,2,3,4,3,5,8,7,6,4,5,5,7
ENSMUSG00000033960,36,127,127,90,116,116,152,76,120,110,85,152
ENSMUSG00000067149,0,2,2,0,4,0,2,2,1,1,2,1
ENSMUSG00000034271,4,19,11,15,16,29,29,36,36,30,25,57
ENSMUSG00000005078,15,153,150,104,172,147,166,151,150,137,158,178
ENSMUSG00000037876,6,66,80,45,72,75,87,68,74,95,75,77
ENSMUSG00000036819,2,19,29,17,25,14,22,16,25,24,25,24
ENSMUSG00000056962,3,77,62,38,69,64,79,76,71,65,87,92
ENSMUSG00000098789,2,7,12,11,10,19,14,20,7,13,6,23
ENSMUSG00000025736,14,98,102,75,89,85,98,83,83,104,107,110
ENSMUSG00000021690,8,107,118,63,103,119,119,115,114,111,131,136
ENSMUSG00000022426,3,109,78,62,59,95,80,98,86,100,105,131
ENSMUSG00000042686,2,48,43,39,38,46,80,46,62,50,49,94
ENSMUSG00000017817,47,1107,1006,800,988,1150,700,851,812,786,778,1276
ENSMUSG00000025318,0,0,0,0,1,1,0,0,1,0,1,0
ENSMUSG00000022208,0,1,1,1,0,0,2,0,0,0,1,0
ENSMUSG00000020737,16,334,270,208,308,324,440,571,504,405,630,832
ENSMUSG00000046380,1,8,9,3,5,8,9,8,4,4,12,12
ENSMUSG00000079083,1,18,16,13,12,16,20,15,20,10,13,25
ENSMUSG00000020216,0,2,2,5,7,2,4,2,2,2,3,8
ENSMUSG00000027937,15,213,174,136,177,198,195,204,195,175,236,325
ENSMUSG00000052684,19,218,179,114,286,238,179,232,345,203,295,294
ENSMUSG00000052837,32,301,285,145,495,387,188,396,441,266,596,578
ENSMUSG00000071076,17,207,158,131,195,198,181,243,206,196,264,314
ENSMUSG00000001552,60,800,786,606,757,758,783,821,849,974,911,1295
ENSMUSG00000102018,0,1,0,0,0,0,1,0,2,0,0,2
ENSMUSG00000061751,6,26,22,13,30,26,34,23,30,25,21,39
ENSMUSG00000032702,5,77,80,41,80,59,106,97,87,83,94,116
ENSMUSG00000032194,14,283,207,158,231,227,266,211,233,237,299,335
ENSMUSG00000042099,45,191,180,142,176,158,217,175,232,274,211,282
ENSMUSG00000035407,0,4,3,0,0,2,0,1,3,1,3,6
ENSMUSG00000026004,5,46,34,30,32,54,36,38,43,34,38,52
ENSMUSG00000022992,6,82,85,55,75,90,101,93,94,88,78,134
ENSMUSG00000010453,12,113,114,88,127,125,148,104,125,155,140,178
ENSMUSG00000087403,0,17,12,5,12,12,22,14,21,10,15,16
ENSMUSG00000032758,2,5,5,1,4,6,5,6,6,6,0,0
ENSMUSG00000031948,18,320,295,210,287,319,454,432,417,330,497,605
ENSMUSG00000027425,8,65,58,50,56,75,67,70,74,88,75,95
ENSMUSG00000020918,10,54,51,47,60,50,67,62,60,59,58,99
ENSMUSG00000000708,3,185,172,124,179,179,228,215,205,208,202,285
ENSMUSG00000024926,7,60,60,54,89,76,86,65,75,90,94,114
ENSMUSG00000031540,5,64,65,45,63,58,65,52,64,72,47,114
ENSMUSG00000021767,5,41,47,33,51,36,43,30,53,34,52,49
ENSMUSG00000038909,7,87,96,81,99,101,122,109,88,116,107,163
ENSMUSG00000030801,10,37,40,26,50,43,80,46,64,68,74,88
ENSMUSG00000019794,6,43,28,21,34,38,35,46,36,34,37,65
ENSMUSG00000041298,1,37,35,18,36,40,34,25,45,44,44,43
ENSMUSG00000025420,0,0,0,0,0,0,0,0,1,0,0,1
ENSMUSG00000031787,0,40,22,20,23,17,14,23,19,34,29,42
ENSMUSG00000027132,2,9,12,9,15,18,19,15,16,12,16,31
ENSMUSG00000025213,3,19,13,7,14,12,15,15,23,20,20,31
ENSMUSG00000040606,4,8,8,5,5,8,10,15,15,16,10,15
ENSMUSG00000055675,0,3,5,6,8,4,13,6,4,12,10,11
ENSMUSG00000033182,1,25,24,15,30,29,35,40,31,30,36,37
ENSMUSG00000054978,0,16,8,6,11,6,6,4,10,14,20,9
ENSMUSG00000059486,4,69,51,49,71,62,69,60,79,48,68,84
ENSMUSG00000025893,9,99,90,65,76,91,83,85,90,75,85,107
ENSMUSG00000005505,1,23,20,16,29,25,20,25,24,32,37,40
ENSMUSG00000075502,0,0,0,0,0,2,0,0,0,0,0,0
ENSMUSG00000043881,1,23,14,10,18,24,23,31,17,25,15,23
ENSMUSG00000030031,0,0,0,2,2,2,3,0,2,1,0,3
ENSMUSG00000055239,25,361,324,233,346,362,420,356,392,355,369,534
ENSMUSG00000047976,0,2,0,0,0,0,1,2,0,2,2,0
ENSMUSG00000040724,3,2,2,2,4,4,4,3,9,5,10,6
ENSMUSG00000042604,0,6,5,2,2,3,4,5,1,2,1,6
ENSMUSG00000045534,12,24,33,41,33,44,56,60,59,61,34,76
ENSMUSG00000038077,1,3,0,9,3,2,2,6,0,6,4,7
ENSMUSG00000038201,0,8,5,3,6,7,9,6,8,3,5,8
ENSMUSG00000027827,1,1,4,2,8,6,2,5,3,3,2,6
ENSMUSG00000028931,0,9,10,5,8,2,14,11,6,7,12,33
ENSMUSG00000018470,1,3,1,0,3,0,0,0,0,0,1,3
ENSMUSG00000050556,23,134,147,84,105,114,107,85,80,89,94,128
ENSMUSG00000092083,0,0,0,0,0,0,0,0,0,0,0,0
ENSMUSG00000058975,0,0,0,1,0,0,2,0,3,2,3,0
ENSMUSG00000035681,0,1,1,0,2,0,0,1,0,2,0,2
ENSMUSG00000062785,1,14,9,3,10,8,13,5,9,3,4,7
ENSMUSG00000027895,1,1,0,1,0,0,0,0,0,1,0,2
ENSMUSG00000009731,0,2,2,2,2,2,2,2,1,2,1,5
ENSMUSG00000060882,4,51,32,35,52,31,34,27,44,38,28,62
ENSMUSG00000040896,1,34,16,19,25,32,32,22,27,27,35,30
ENSMUSG00000039639,1,47,37,16,30,24,13,41,39,30,30,21
ENSMUSG00000090122,0,2,0,0,2,1,2,2,1,0,0,5
ENSMUSG00000039672,0,0,0,0,0,0,0,0,0,0,0,0
ENSMUSG00000035165,0,2,0,4,1,0,0,4,0,0,2,1
ENSMUSG00000047330,0,8,6,6,6,10,12,9,10,13,9,13
ENSMUSG00000074575,0,1,0,0,0,0,0,1,0,0,0,0
ENSMUSG00000059852,26,447,404,334,414,442,451,451,389,513,604,825
ENSMUSG00000045246,0,0,1,1,1,1,0,1,3,0,1,1
ENSMUSG00000058248,0,0,0,0,0,0,0,0,1,0,0,0
ENSMUSG00000038319,10,154,136,143,132,150,116,150,172,195,185,267
ENSMUSG00000037579,0,0,0,1,0,0,0,0,0,1,0,0
ENSMUSG00000035355,0,0,0,0,0,0,0,0,0,0,0,0
ENSMUSG00000001901,0,0,0,0,0,0,0,1,0,0,0,1
ENSMUSG00000059742,0,7,1,5,4,4,4,10,5,5,2,4
ENSMUSG00000035580,0,0,0,0,0,0,0,0,0,0,1,0
ENSMUSG00000053519,0,0,0,2,1,3,1,4,1,0,1,2
ENSMUSG00000025221,32,737,671,617,688,671,365,540,703,711,604,734
ENSMUSG00000079056,2,11,5,6,6,14,3,6,12,15,9,14
ENSMUSG00000029088,0,0,0,0,0,0,0,0,0,0,0,0
ENSMUSG00000044708,0,0,1,1,0,0,0,0,0,0,1,1
ENSMUSG00000096146,25,526,489,341,503,508,568,485,528,635,745,760
ENSMUSG00000042529,2,31,22,21,23,31,24,16,23,20,22,25
ENSMUSG00000079436,0,0,0,0,0,0,0,0,0,0,0,1
ENSMUSG00000058743,1,4,2,4,2,1,1,2,1,0,2,2
ENSMUSG00000062609,0,0,3,0,0,6,0,0,0,0,2,1
ENSMUSG00000051497,0,0,0,0,0,0,1,0,0,0,1,0
ENSMUSG00000041695,1,68,49,63,94,67,67,55,78,46,46,85
ENSMUSG00000026824,3,108,118,81,102,118,69,77,106,89,72,135
ENSMUSG00000044216,0,2,1,0,1,1,1,1,2,1,2,4
ENSMUSG00000032034,5,153,141,128,139,167,153,130,125,149,157,213
ENSMUSG00000043301,0,0,0,0,0,0,0,0,0,0,0,0
ENSMUSG00000030247,4,153,124,129,153,129,161,156,179,173,193,255
ENSMUSG00000033998,0,2,0,0,0,2,3,2,2,3,0,1
ENSMUSG00000033854,0,0,0,0,0,0,0,1,0,0,0,0
ENSMUSG00000050138,0,0,0,0,0,0,0,0,0,0,1,0
ENSMUSG00000045404,0,0,3,0,3,2,5,5,2,1,1,12
ENSMUSG00000037624,2,15,9,12,20,16,10,10,13,10,13,12
ENSMUSG00000049265,76,1620,1382,1080,1610,1493,1347,1276,1388,1392,1814,1937
ENSMUSG00000023243,0,1,3,3,1,1,2,4,3,2,1,3
ENSMUSG00000046410,1,14,11,4,15,8,14,11,14,10,11,20
ENSMUSG00000024936,0,0,0,0,0,0,0,0,0,0,1,1
ENSMUSG00000063142,0,0,0,2,0,0,0,0,1,0,0,1
ENSMUSG00000020155,0,4,3,6,5,3,9,5,6,6,9,2
ENSMUSG00000037610,0,0,0,0,0,0,0,0,0,0,0,0
ENSMUSG00000091091,1,0,2,0,2,0,0,0,0,0,0,0
ENSMUSG00000054934,0,0,1,1,1,2,1,0,2,3,0,0
ENSMUSG00000002908,2,29,21,27,30,24,20,30,20,23,32,33
ENSMUSG00000054477,2,47,25,28,31,53,33,34,21,42,45,52
ENSMUSG00000000794,0,1,1,0,1,0,4,1,3,1,4,0
ENSMUSG00000054342,0,3,1,3,3,6,5,7,6,3,6,19
ENSMUSG00000009545,6,98,87,55,96,118,87,119,98,92,124,189
ENSMUSG00000016346,0,0,1,0,0,0,0,0,0,0,0,0
ENSMUSG00000056258,0,0,0,0,0,0,0,0,0,0,0,0
ENSMUSG00000028631,3,16,16,17,19,22,21,25,16,23,14,18
ENSMUSG00000028033,0,0,0,0,0,0,0,0,1,2,0,3
ENSMUSG00000046168,0,0,2,0,0,0,0,2,1,0,1,0
ENSMUSG00000040164,0,1,0,0,1,0,0,0,0,0,1,1
ENSMUSG00000043673,0,0,0,1,0,0,0,2,0,1,0,1
ENSMUSG00000058740,1,0,3,5,1,1,3,2,0,5,1,4
ENSMUSG00000052726,0,5,6,3,9,5,9,3,5,13,5,7
ENSMUSG00000031576,0,0,0,0,0,0,0,0,1,1,1,1
ENSMUSG00000047298,4,15,21,10,18,6,14,18,18,15,15,7
ENSMUSG00000059022,3,12,13,6,18,9,5,9,6,11,10,13
ENSMUSG00000036225,3,36,25,25,23,41,34,32,27,21,38,51
ENSMUSG00000001098,22,147,127,103,137,143,169,154,137,148,170,202
ENSMUSG00000046731,3,14,9,10,13,11,19,21,9,19,15,28
ENSMUSG00000041633,8,38,26,22,35,25,30,28,23,25,22,29
ENSMUSG00000051727,0,0,2,1,1,0,0,1,1,0,3,0
ENSMUSG00000030499,1,5,7,5,9,7,2,6,5,8,13,10
ENSMUSG00000051401,0,0,0,1,0,0,0,1,0,0,0,0
ENSMUSG00000033287,1,0,1,2,0,2,2,3,2,0,2,3
ENSMUSG00000054770,2,28,26,18,19,23,36,19,26,35,22,25
ENSMUSG00000051648,0,0,0,0,0,0,2,1,2,3,2,0
ENSMUSG00000016940,7,95,93,73,86,100,113,122,113,117,145,138
ENSMUSG00000005936,13,77,81,50,87,69,100,89,85,72,84,113
ENSMUSG00000044952,0,16,16,10,14,13,18,12,7,11,15,21
ENSMUSG00000026608,1,30,20,17,25,30,30,27,31,25,32,34
ENSMUSG00000046523,0,0,0,0,1,0,1,0,0,0,0,2
ENSMUSG00000016946,3,35,39,19,31,22,39,35,31,35,32,53
ENSMUSG00000021752,2,35,33,15,33,20,44,49,59,41,40,56
ENSMUSG00000034110,2,9,9,5,6,8,11,6,7,9,12,7
ENSMUSG00000037653,0,1,0,0,0,0,0,1,0,0,2,1
ENSMUSG00000034327,11,246,254,170,224,219,282,232,229,234,225,295
ENSMUSG00000034487,3,32,14,16,18,21,25,32,36,28,15,40
ENSMUSG00000002778,35,477,490,373,442,459,526,572,569,623,849,885
ENSMUSG00000079111,6,127,119,83,109,102,130,149,110,98,137,230
ENSMUSG00000010830,2,20,25,8,14,16,20,17,12,13,14,26
ENSMUSG00000037600,0,0,0,0,0,0,1,0,0,0,0,0
ENSMUSG00000036940,3,44,45,29,71,53,72,48,65,57,55,69
ENSMUSG00000038080,3,31,16,17,23,34,31,25,32,33,16,28
ENSMUSG00000054611,16,83,79,59,115,117,143,101,108,76,73,110
ENSMUSG00000029475,3,19,30,14,20,33,41,30,30,23,24,31
ENSMUSG00000053470,3,37,35,23,33,34,48,33,48,34,47,45
ENSMUSG00000038773,3,12,6,13,12,22,23,20,13,22,19,25
ENSMUSG00000033326,5,56,71,51,66,67,70,83,81,32,32,93
ENSMUSG00000024201,5,67,65,53,79,78,102,64,89,100,90,147
ENSMUSG00000028397,1,25,21,9,31,14,32,17,22,26,25,35
ENSMUSG00000053914,0,0,0,0,0,1,0,0,1,0,1,0
ENSMUSG00000030180,10,55,48,44,64,64,80,63,68,64,68,80
ENSMUSG00000042207,3,29,31,17,30,19,33,24,26,20,22,42
ENSMUSG00000025332,2,56,44,33,54,37,59,57,49,56,46,82
ENSMUSG00000056673,1,21,21,15,15,22,21,21,22,18,18,23
ENSMUSG00000037369,2,23,19,10,24,16,14,22,28,23,18,29
ENSMUSG00000018476,17,74,82,47,84,113,88,72,82,92,89,135
ENSMUSG00000042599,15,121,134,71,174,140,161,157,141,101,148,200
ENSMUSG00000030752,1,7,13,8,14,9,18,8,11,9,8,25
ENSMUSG00000062960,48,378,257,167,363,286,291,225,204,254,327,267
ENSMUSG00000009905,7,28,30,27,25,33,45,34,53,44,53,52
ENSMUSG00000003308,14,185,180,135,166,184,208,217,220,232,250,315
ENSMUSG00000024694,0,0,0,0,0,0,0,0,0,0,0,0
ENSMUSG00000029866,0,0,2,0,0,0,0,0,1,0,0,1
ENSMUSG00000067750,0,0,2,0,0,0,0,0,0,0,1,2
ENSMUSG00000085079,0,0,0,0,0,0,0,0,0,0,0,1
ENSMUSG00000041722,0,0,0,0,0,0,0,0,0,0,0,0
ENSMUSG00000092622,0,0,0,0,0,1,0,0,0,1,0,0
ENSMUSG00000028790,7,112,102,85,101,104,134,121,130,101,124,180
ENSMUSG00000026058,2,0,0,0,0,0,0,0,1,0,0,0
ENSMUSG00000022332,5,155,131,104,133,151,124,126,136,122,111,209
ENSMUSG00000029162,5,105,100,53,72,73,108,113,115,135,151,165
ENSMUSG00000047153,2,16,5,3,4,9,10,8,9,10,9,11
ENSMUSG00000007670,10,117,115,76,103,115,129,130,130,132,152,174
ENSMUSG00000036333,16,174,166,108,162,154,225,184,183,223,235,204
ENSMUSG00000012443,1,1,0,1,0,1,3,2,0,0,2,1
ENSMUSG00000028357,0,0,0,0,0,0,0,0,0,0,0,0
ENSMUSG00000021375,9,162,140,104,166,160,159,126,178,174,153,209
ENSMUSG00000060012,7,51,29,21,42,32,19,38,23,27,40,54
ENSMUSG00000041498,0,0,0,0,0,0,4,1,0,1,0,3
ENSMUSG00000036768,0,1,1,1,1,5,4,4,3,1,1,3
ENSMUSG00000038844,9,100,78,62,93,77,85,74,88,60,78,87
ENSMUSG00000028758,0,1,0,0,0,1,1,0,0,0,0,0
ENSMUSG00000027115,0,3,0,1,2,4,0,5,3,1,2,4
ENSMUSG00000051378,0,0,0,0,0,0,1,1,1,0,1,2
ENSMUSG00000010021,0,0,0,0,0,0,0,0,0,0,0,0
ENSMUSG00000014602,0,1,2,2,1,5,4,5,1,3,1,4
ENSMUSG00000063077,36,376,323,220,398,355,397,242,303,343,344,402
ENSMUSG00000036955,1,87,87,58,91,97,84,111,107,102,97,145
ENSMUSG00000020821,71,1046,1051,692,994,999,945,949,965,1076,1080,1430
ENSMUSG00000003779,0,4,3,2,7,2,7,8,5,5,2,8
ENSMUSG00000024795,0,2,0,0,0,0,0,0,2,0,1,3
ENSMUSG00000022629,0,32,24,9,24,29,27,30,23,31,25,25
ENSMUSG00000041642,0,2,4,3,2,2,9,6,1,4,5,12
ENSMUSG00000030677,0,4,3,4,7,4,6,0,1,4,5,15
ENSMUSG00000032254,0,2,4,1,4,5,4,6,2,4,2,6
ENSMUSG00000028438,0,0,0,2,0,1,1,1,2,1,0,2
ENSMUSG00000021294,13,35,34,24,29,28,45,23,28,22,24,28
ENSMUSG00000026494,1,8,7,4,6,9,8,8,6,13,14,14
ENSMUSG00000060176,0,0,1,0,0,0,0,0,0,0,0,0
ENSMUSG00000021693,10,71,65,29,60,77,66,60,57,65,66,66
ENSMUSG00000028678,0,0,1,1,0,1,0,3,0,0,1,9
ENSMUSG00000018395,23,151,176,122,127,138,88,146,144,151,141,168
ENSMUSG00000027475,0,22,17,17,26,26,16,22,25,19,24,53
ENSMUSG00000020668,1,10,12,14,20,8,18,22,21,10,15,14
ENSMUSG00000034311,0,2,1,1,0,3,3,3,2,0,4,5
ENSMUSG00000074657,0,0,1,1,4,2,0,3,1,0,2,2
ENSMUSG00000006740,28,223,263,146,258,259,255,237,252,209,224,348
ENSMUSG00000026764,0,4,5,3,5,4,6,2,5,0,3,2
ENSMUSG00000023999,2,15,7,8,10,6,18,9,16,16,22,21
ENSMUSG00000050382,0,2,3,2,5,2,2,3,3,2,2,4
ENSMUSG00000032489,0,1,0,1,2,2,3,1,1,1,2,2
ENSMUSG00000026585,2,77,66,55,71,78,81,70,73,101,95,116
ENSMUSG00000079553,0,0,1,1,0,0,1,5,1,2,0,0
ENSMUSG00000004187,7,26,21,14,16,17,30,16,14,28,19,23
ENSMUSG00000031788,18,149,151,92,127,147,176,154,136,131,208,210
ENSMUSG00000024301,1,2,1,0,0,0,0,1,1,0,0,0
ENSMUSG00000037262,1,24,18,18,13,13,31,34,24,22,27,15
ENSMUSG00000041734,1,10,16,12,7,15,21,14,18,19,13,14
ENSMUSG00000036915,0,0,1,0,0,0,0,0,0,0,0,0
ENSMUSG00000032036,1,0,1,2,1,1,1,0,1,0,1,3
ENSMUSG00000035773,0,1,0,2,2,4,1,0,1,2,0,3
ENSMUSG00000005672,5,15,21,3,13,8,6,5,3,4,10,11
ENSMUSG00000019966,15,115,110,71,98,85,87,92,117,117,91,135
ENSMUSG00000074749,10,169,159,106,138,123,183,170,198,218,213,232
ENSMUSG00000058488,0,0,0,0,0,0,0,1,0,0,0,0
ENSMUSG00000021288,32,222,189,143,244,232,253,238,198,264,279,329
ENSMUSG00000024862,14,153,165,109,157,150,141,157,136,171,177,226
ENSMUSG00000040714,1,0,0,0,1,0,1,1,1,0,0,2
ENSMUSG00000003546,8,102,93,79,75,95,106,105,101,103,112,139
ENSMUSG00000054191,0,0,0,0,1,0,0,1,0,1,0,0
ENSMUSG00000037465,2,37,32,12,39,25,38,30,65,51,24,40
ENSMUSG00000020653,6,40,22,21,47,39,43,30,30,38,35,34
ENSMUSG00000072294,0,1,0,0,0,3,0,0,0,0,0,0
ENSMUSG00000052040,17,103,86,81,102,117,139,126,170,99,62,206
ENSMUSG00000073209,0,0,0,1,3,0,1,1,0,1,0,1
ENSMUSG00000030087,6,94,132,81,99,139,156,160,210,203,187,217
ENSMUSG00000035397,5,21,16,18,18,18,21,34,16,17,29,25
ENSMUSG00000055148,39,294,229,233,355,514,466,592,392,379,548,538
ENSMUSG00000029178,18,93,74,62,88,78,98,82,108,88,99,126
ENSMUSG00000003032,10,62,57,33,84,86,64,83,63,76,80,86
ENSMUSG00000005148,0,1,0,1,1,0,1,2,3,0,2,4
ENSMUSG00000000078,11,94,75,63,74,120,134,148,124,146,107,220
ENSMUSG00000041649,0,0,0,0,0,0,0,0,0,1,1,0
ENSMUSG00000033863,18,120,121,93,183,211,245,203,280,142,114,236
ENSMUSG00000051890,10,125,121,75,117,137,124,128,148,149,138,192
ENSMUSG00000029775,11,121,132,92,106,113,110,95,102,116,99,134
ENSMUSG00000020978,13,228,210,179,204,223,263,258,296,248,231,364
ENSMUSG00000063576,21,244,241,224,228,289,280,310,317,372,300,389
ENSMUSG00000040263,2,41,45,20,34,36,37,56,43,46,52,98
ENSMUSG00000078234,0,13,4,7,5,3,11,12,6,6,18,13
ENSMUSG00000042115,1,137,89,39,105,90,41,48,31,42,58,46
ENSMUSG00000032609,7,39,24,19,19,33,27,26,24,36,32,41
ENSMUSG00000045259,0,0,0,0,1,0,3,2,1,0,1,1
ENSMUSG00000022076,1,0,0,0,0,0,0,0,0,0,0,0
ENSMUSG00000001558,0,4,2,0,4,3,2,2,2,4,1,4
ENSMUSG00000048732,0,1,0,1,0,1,0,1,3,0,1,0
ENSMUSG00000026455,1,61,51,40,57,57,45,49,54,47,54,67
ENSMUSG00000036782,0,44,39,27,39,43,36,37,42,36,37,61
ENSMUSG00000043929,3,18,10,4,11,13,12,10,8,11,9,18
ENSMUSG00000054792,6,41,35,17,30,36,47,37,35,37,49,66
ENSMUSG00000031605,2,15,15,20,12,20,25,18,22,30,13,37
ENSMUSG00000026705,0,21,16,13,13,10,27,13,21,18,20,33
ENSMUSG00000073700,11,264,243,179,242,223,246,200,321,295,263,334
ENSMUSG00000022750,4,49,56,39,60,46,69,76,71,75,65,107
ENSMUSG00000042155,3,99,78,39,79,71,60,43,50,61,58,79
ENSMUSG00000062901,15,161,166,116,185,182,231,202,242,192,198,215
ENSMUSG00000055652,1,5,12,14,12,13,16,9,18,17,9,23
ENSMUSG00000055707,4,35,31,23,34,32,32,29,33,42,49,48
ENSMUSG00000020948,1,27,29,16,26,32,32,31,19,19,22,29
ENSMUSG00000020627,1,5,0,3,2,1,2,3,2,2,5,6
ENSMUSG00000014164,3,23,22,12,19,22,16,15,26,17,25,26
ENSMUSG00000026308,10,229,180,100,162,174,127,122,103,121,131,177
ENSMUSG00000044938,19,373,403,262,420,386,353,332,414,332,277,472
ENSMUSG00000040387,1,15,15,11,18,17,18,23,9,8,13,22
ENSMUSG00000090799,0,0,0,1,0,1,0,2,3,2,0,1
ENSMUSG00000047485,0,0,0,0,0,0,0,1,1,0,0,1
ENSMUSG00000035298,0,2,0,2,0,1,1,0,1,2,0,0
ENSMUSG00000031828,1,13,7,6,6,9,13,12,10,15,8,9
ENSMUSG00000022357,1,9,13,10,9,9,11,12,17,11,10,10
ENSMUSG00000025597,0,13,6,6,8,3,7,7,5,4,7,6
ENSMUSG00000074001,5,118,105,66,113,103,130,135,145,137,174,225
ENSMUSG00000075307,5,165,166,125,184,177,189,199,239,180,163,268
ENSMUSG00000040102,1,7,7,10,8,19,10,11,22,14,14,21
ENSMUSG00000054920,5,27,38,17,50,35,32,39,23,20,40,36
ENSMUSG00000043008,13,29,21,23,25,21,35,45,32,33,37,67
ENSMUSG00000028986,5,77,71,31,79,73,78,72,90,82,72,94
ENSMUSG00000029312,1,29,30,19,30,23,25,26,27,36,31,49
ENSMUSG00000070923,5,145,121,96,133,125,149,130,140,111,99,164
ENSMUSG00000063903,0,1,0,0,0,0,0,1,0,0,1,1
ENSMUSG00000030693,1,1,0,0,1,1,0,0,1,2,3,0
ENSMUSG00000067616,0,0,0,0,0,0,0,0,0,0,0,0
ENSMUSG00000054046,0,0,0,0,0,0,0,1,0,0,1,0
ENSMUSG00000044737,1,1,3,0,1,2,2,3,1,2,5,2
ENSMUSG00000044485,0,0,0,0,0,0,0,0,1,0,0,0
ENSMUSG00000038968,0,0,0,0,0,0,0,0,0,1,0,0
ENSMUSG00000066516,0,0,0,0,0,0,1,0,0,0,0,0
ENSMUSG00000063713,0,0,0,0,0,0,0,0,0,1,0,0
ENSMUSG00000053719,0,2,4,2,1,1,9,5,5,6,6,2
ENSMUSG00000063177,0,0,0,0,0,0,0,0,0,0,0,0
ENSMUSG00000066512,0,0,0,0,0,0,0,0,0,0,0,0
ENSMUSG00000050063,0,0,0,0,0,0,0,0,0,0,0,0
ENSMUSG00000030713,0,2,0,0,0,1,2,1,0,0,1,0
ENSMUSG00000064023,7,18,24,19,12,16,24,13,28,17,29,35
ENSMUSG00000047884,0,0,0,1,0,1,0,0,0,0,0,0
ENSMUSG00000079853,0,0,0,0,0,0,0,3,1,0,2,3
ENSMUSG00000072718,0,1,0,0,0,0,0,0,0,0,0,0
ENSMUSG00000014543,0,0,0,0,1,0,0,1,0,0,0,1
ENSMUSG00000030187,0,1,0,1,2,1,7,11,8,5,5,21
ENSMUSG00000067591,0,3,2,2,1,0,0,7,2,2,2,2
ENSMUSG00000079852,0,4,0,1,0,0,4,6,6,2,3,4
ENSMUSG00000030173,0,0,0,0,0,0,0,0,0,0,0,1
ENSMUSG00000061769,0,0,0,0,0,0,0,1,0,1,0,0
ENSMUSG00000067599,0,1,1,1,0,2,5,8,8,0,11,4
ENSMUSG00000089727,0,2,0,1,2,0,4,11,5,1,3,6
ENSMUSG00000033024,2,9,4,1,6,6,5,7,7,9,12,12
ENSMUSG00000079299,0,0,0,0,0,0,0,1,0,0,0,0
ENSMUSG00000030361,0,1,0,1,0,0,2,1,2,1,0,0
ENSMUSG00000079298,0,0,0,1,0,0,2,3,0,1,4,2
ENSMUSG00000030325,0,1,1,1,1,0,6,17,8,2,4,13
ENSMUSG00000030154,0,0,0,0,0,0,1,0,0,0,0,0
ENSMUSG00000030167,1,0,0,1,0,0,1,0,2,0,2,2
ENSMUSG00000052736,0,0,0,1,0,0,2,0,5,0,1,3
ENSMUSG00000033027,0,0,0,0,0,0,0,0,0,0,0,0
ENSMUSG00000030165,0,1,0,2,2,1,2,13,7,2,4,8
ENSMUSG00000050241,0,0,0,1,1,1,4,3,4,1,3,8
ENSMUSG00000030114,0,0,0,0,0,0,3,3,4,0,4,7
ENSMUSG00000071537,0,3,0,1,0,3,0,1,0,1,1,1
ENSMUSG00000067610,0,0,0,0,0,0,0,0,0,0,0,0
ENSMUSG00000043932,1,0,0,0,0,0,0,2,2,0,2,3
ENSMUSG00000030149,0,2,3,1,0,2,14,13,6,5,15,24
ENSMUSG00000039783,0,3,3,0,0,2,3,2,1,3,6,4
ENSMUSG00000002028,12,68,66,47,84,74,108,73,69,71,76,96
ENSMUSG00000006307,12,44,55,43,60,54,65,67,60,79,101,80
ENSMUSG00000038056,18,69,74,55,85,72,91,82,93,68,80,86
ENSMUSG00000048154,19,126,96,76,128,116,126,104,99,74,83,167
ENSMUSG00000029004,80,170,203,124,193,229,242,203,199,153,183,217
ENSMUSG00000049327,31,532,547,358,486,541,582,521,537,546,597,767
ENSMUSG00000045098,6,65,40,43,56,77,59,49,56,52,61,72
ENSMUSG00000059851,2,26,19,22,17,24,30,22,26,24,32,29
ENSMUSG00000066129,0,0,0,1,0,0,0,0,0,0,0,1
ENSMUSG00000022875,0,0,0,0,0,0,0,0,0,0,0,0
ENSMUSG00000060459,0,0,0,0,0,0,0,0,0,1,0,0
ENSMUSG00000027326,1,0,0,0,1,0,1,0,0,0,1,0
ENSMUSG00000030980,18,54,41,39,49,53,61,50,50,51,49,61
ENSMUSG00000027331,1,1,0,1,1,1,3,5,2,0,0,6
ENSMUSG00000029414,0,0,1,0,0,0,1,1,0,0,0,1
ENSMUSG00000022905,14,227,249,153,259,258,247,217,196,199,227,292
ENSMUSG00000018362,2,14,32,14,17,18,22,27,26,17,14,38
ENSMUSG00000021929,5,180,165,130,144,137,178,149,134,137,124,230
ENSMUSG00000027782,11,221,190,129,207,176,210,181,188,163,176,242
ENSMUSG00000003731,12,154,118,104,122,159,150,118,130,119,125,180
ENSMUSG00000038770,1,2,1,1,2,1,1,1,0,1,0,0
ENSMUSG00000001440,22,231,189,168,254,227,242,247,261,245,274,374
ENSMUSG00000006021,9,74,64,35,58,64,55,62,61,54,78,60
ENSMUSG00000030265,11,98,81,72,92,105,106,99,100,86,86,109
ENSMUSG00000042810,5,53,43,36,56,56,68,43,67,87,70,81
ENSMUSG00000020393,11,181,198,114,167,156,187,180,191,173,176,260
ENSMUSG00000040680,0,2,2,0,1,0,4,2,2,0,3,7
ENSMUSG00000035047,10,45,55,17,47,42,82,60,82,68,79,109
ENSMUSG00000063334,5,48,39,49,37,51,61,67,61,57,48,80
ENSMUSG00000046834,0,0,0,0,0,0,0,0,0,0,1,0
ENSMUSG00000019761,14,13,15,16,12,6,9,7,8,8,14,13
ENSMUSG00000020912,0,0,0,0,0,0,0,0,0,0,0,1
ENSMUSG00000044041,5,0,0,0,0,0,0,0,0,0,0,0
ENSMUSG00000045545,2,0,0,0,0,0,0,0,0,0,0,0
ENSMUSG00000054146,0,0,0,0,0,0,0,0,0,0,0,0
ENSMUSG00000035557,1,0,0,0,0,0,0,0,0,0,0,0
ENSMUSG00000023043,1,4,1,3,5,4,3,5,3,6,4,6
ENSMUSG00000020911,0,4,3,1,2,1,0,1,1,4,1,0
ENSMUSG00000035775,5,0,0,0,0,0,0,1,0,0,0,0
ENSMUSG00000035849,4,63,77,55,58,98,57,55,73,63,56,74
ENSMUSG00000017588,0,0,1,0,0,0,0,0,0,0,0,0
ENSMUSG00000059668,0,0,0,0,0,0,0,0,1,0,0,0
ENSMUSG00000061527,0,0,0,0,0,0,0,0,0,0,0,0
ENSMUSG00000023039,0,1,1,0,2,0,0,0,0,2,0,1
ENSMUSG00000022986,0,0,0,0,0,0,0,0,0,0,0,0
ENSMUSG00000050463,0,0,0,0,0,0,0,0,0,0,0,1
ENSMUSG00000061397,0,3,2,2,2,0,1,0,0,1,1,1
ENSMUSG00000049382,0,2,0,0,1,2,1,0,1,0,0,1
ENSMUSG00000037185,0,0,0,0,0,0,0,0,0,0,0,1
ENSMUSG00000049548,0,0,0,0,0,0,1,0,0,0,0,0
ENSMUSG00000067613,0,0,0,0,0,0,0,0,0,0,0,0
ENSMUSG00000067614,0,0,0,0,0,0,0,0,0,0,0,0
ENSMUSG00000062400,0,0,0,0,0,0,0,0,0,0,0,0
ENSMUSG00000049809,0,0,0,0,0,0,0,0,0,0,0,0
ENSMUSG00000042747,37,327,306,218,297,282,357,346,335,303,441,560
ENSMUSG00000029149,3,13,1,6,7,11,4,6,7,4,9,6
ENSMUSG00000018334,4,16,21,4,13,24,25,18,21,16,24,29
ENSMUSG00000061578,1,1,0,1,1,0,1,0,1,0,0,0
ENSMUSG00000073775,4,65,53,29,66,46,48,60,74,52,60,83
ENSMUSG00000021843,50,559,538,317,566,585,611,542,576,565,581,762
ENSMUSG00000035606,3,55,67,42,41,55,31,25,29,34,47,57
ENSMUSG00000039648,7,129,124,92,113,113,107,106,115,149,124,178
ENSMUSG00000040213,8,106,96,72,104,94,89,85,99,114,108,163
ENSMUSG00000026866,0,1,1,1,0,0,0,0,1,0,0,2
ENSMUSG00000031391,2,4,7,7,10,13,5,7,7,4,10,19
ENSMUSG00000020988,4,52,41,54,58,52,45,52,61,48,63,76
ENSMUSG00000019718,0,27,22,9,21,16,24,23,22,18,18,27
ENSMUSG00000035576,0,0,0,1,0,0,0,0,0,0,0,0
ENSMUSG00000022394,3,36,28,20,34,43,52,36,43,51,58,56
ENSMUSG00000039089,0,25,12,12,17,20,15,13,28,20,13,24
ENSMUSG00000044350,1,10,11,6,12,13,27,28,18,21,15,39
ENSMUSG00000032370,5,53,45,42,43,54,58,38,45,46,43,68
ENSMUSG00000025937,3,57,48,49,66,48,59,50,55,62,74,65
ENSMUSG00000041782,1,16,16,3,16,19,38,37,51,20,50,42
ENSMUSG00000030124,6,10,5,4,4,12,7,15,3,7,11,19
ENSMUSG00000015289,7,79,91,43,60,75,89,88,88,88,108,127
ENSMUSG00000055541,0,16,7,7,4,5,23,37,20,12,7,66
ENSMUSG00000022991,0,1,0,0,0,0,0,0,0,0,0,1
ENSMUSG00000032796,0,0,0,0,0,0,0,0,0,0,0,0
ENSMUSG00000019899,6,151,176,95,139,168,193,156,186,177,180,223
ENSMUSG00000024421,1,2,1,1,4,1,5,1,2,2,3,1
ENSMUSG00000019846,53,175,137,112,167,140,154,150,113,159,167,177
ENSMUSG00000002900,18,220,161,121,200,192,198,188,151,201,198,238
ENSMUSG00000052911,99,1031,911,782,913,992,1269,1144,1124,1465,1505,1497
ENSMUSG00000026639,3,35,34,35,32,35,34,38,38,56,48,59
ENSMUSG00000026478,25,268,265,165,295,255,281,243,210,238,252,322
ENSMUSG00000026479,0,11,7,7,9,16,27,25,13,18,23,27
ENSMUSG00000026840,0,1,1,6,2,2,1,0,1,0,0,1
ENSMUSG00000031447,90,1233,1236,767,1192,1137,1210,1301,1128,1075,1318,1799
ENSMUSG00000016534,23,388,320,263,376,365,513,531,477,420,459,749
ENSMUSG00000041247,0,1,0,0,1,0,1,0,3,0,0,1
ENSMUSG00000027270,1,0,0,0,0,0,0,0,0,0,0,0
ENSMUSG00000030842,15,327,331,233,349,295,276,331,315,279,367,524
ENSMUSG00000028062,14,269,276,166,249,293,311,296,342,244,315,480
ENSMUSG00000091512,10,162,157,101,158,157,151,171,160,182,189,251
ENSMUSG00000050552,21,334,318,235,271,308,300,319,381,335,401,471
ENSMUSG00000087260,19,216,181,149,195,191,209,246,243,274,272,348
ENSMUSG00000026000,10,106,114,77,101,114,127,119,133,90,156,178
ENSMUSG00000062190,5,26,29,16,34,33,32,38,42,23,21,53
ENSMUSG00000047344,2,2,5,0,1,2,3,1,1,0,0,2
ENSMUSG00000024903,0,0,0,0,0,0,0,0,0,0,0,1
ENSMUSG00000039682,5,178,159,115,172,153,183,230,218,161,187,286
ENSMUSG00000020585,104,1393,1232,923,1243,1247,1264,1461,1466,1075,1249,2118
ENSMUSG00000022257,7,250,217,186,248,241,221,229,246,285,253,318
ENSMUSG00000028581,13,105,79,32,72,87,205,268,129,113,128,359
ENSMUSG00000004383,11,140,99,95,131,102,123,112,137,103,139,177
ENSMUSG00000040434,0,0,0,0,0,1,0,0,0,0,1,0
ENSMUSG00000037331,12,190,188,120,200,171,280,202,218,187,199,298
ENSMUSG00000025762,5,105,107,62,118,121,117,108,96,119,110,162
ENSMUSG00000023025,6,86,71,42,72,87,101,64,69,64,73,89
ENSMUSG00000033499,36,507,445,314,438,472,480,372,381,379,441,493
ENSMUSG00000034839,0,5,5,2,3,5,3,7,6,18,11,13
ENSMUSG00000027968,7,84,81,54,93,80,74,85,106,89,104,127
ENSMUSG00000024493,3,114,108,82,139,129,186,170,159,147,192,214
ENSMUSG00000035202,2398,12353,10515,7632,11076,10880,10904,10574,11646,10861,7577,11833
ENSMUSG00000057421,14,102,107,105,122,128,153,152,165,187,209,211
ENSMUSG00000038366,15,109,86,68,116,83,119,113,97,105,129,173
ENSMUSG00000030742,1,2,2,1,2,1,7,4,8,5,5,11
ENSMUSG00000040751,3,12,7,7,4,7,26,42,12,10,17,57
ENSMUSG00000040021,3,31,27,15,38,28,37,31,31,16,31,39
ENSMUSG00000051998,0,1,0,1,0,2,1,0,5,0,2,0
ENSMUSG00000060594,0,11,12,8,7,8,5,10,11,7,14,19
ENSMUSG00000024063,71,1562,1630,1086,1617,1792,1581,1797,1431,1355,1696,2235
ENSMUSG00000016024,4,28,17,22,24,15,29,43,32,35,34,68
ENSMUSG00000004880,8,61,70,55,61,60,93,78,82,56,71,100
ENSMUSG00000025216,0,0,0,0,0,0,0,0,1,1,0,0
ENSMUSG00000034968,0,4,8,2,6,4,1,2,1,2,11,11
ENSMUSG00000032258,1,8,1,4,3,4,2,1,3,7,3,5
ENSMUSG00000045275,0,5,5,4,3,4,9,4,8,6,3,11
ENSMUSG00000035237,2,12,7,5,10,4,10,8,4,8,12,14
ENSMUSG00000042124,0,0,0,0,0,0,0,0,0,0,0,0
ENSMUSG00000086848,0,0,0,0,0,0,0,0,0,0,0,0
ENSMUSG00000000409,0,2,2,0,1,1,10,13,8,3,9,8
ENSMUSG00000054469,12,214,217,140,213,258,256,263,269,199,243,351
ENSMUSG00000030763,6,106,97,70,102,99,86,103,126,80,122,120
ENSMUSG00000074890,4,45,33,26,43,42,49,42,48,44,61,78
ENSMUSG00000026943,0,0,0,0,0,0,0,0,0,0,1,0
ENSMUSG00000026822,6,31,25,34,49,36,660,366,126,215,214,986
ENSMUSG00000026919,0,0,0,0,0,0,0,0,0,0,0,0
ENSMUSG00000026937,0,0,1,0,1,0,0,0,0,2,1,0
ENSMUSG00000036449,0,1,1,0,0,0,0,0,0,1,1,0
ENSMUSG00000025019,0,2,2,2,7,8,2,5,10,2,2,4
ENSMUSG00000015882,0,10,10,11,6,13,17,8,19,11,12,13
ENSMUSG00000021998,9,63,59,34,57,47,184,210,84,59,96,260
ENSMUSG00000002699,2,8,3,2,2,3,15,19,6,10,6,25
ENSMUSG00000026354,0,0,0,0,0,0,0,0,0,0,0,0
ENSMUSG00000032401,0,1,0,0,1,1,0,0,0,0,0,0
ENSMUSG00000037669,3,76,79,59,76,85,89,85,73,79,86,101
ENSMUSG00000025223,10,115,124,97,139,147,156,179,177,161,214,252
ENSMUSG00000039706,0,20,16,12,21,16,20,15,14,10,23,29
ENSMUSG00000021798,142,3246,3264,2444,3103,3453,2918,3005,3168,3528,3851,4532
ENSMUSG00000063229,147,2062,1918,1281,2043,1932,2370,2446,2682,2286,2613,3720
ENSMUSG00000101959,0,0,0,0,0,0,2,0,0,1,0,1
ENSMUSG00000030246,289,7978,7073,5210,7145,7058,5869,6188,7389,7630,8191,8907
ENSMUSG00000030851,0,0,0,1,0,0,1,0,0,1,0,0
ENSMUSG00000031958,12,194,150,161,160,167,155,168,173,236,199,264
ENSMUSG00000032193,10,30,17,26,17,17,49,45,18,20,43,49
ENSMUSG00000070877,0,0,0,1,0,0,1,0,0,0,0,0
ENSMUSG00000048058,3,13,16,7,11,21,7,6,4,9,3,9
ENSMUSG00000024544,2,17,18,17,20,13,25,15,29,18,19,36
ENSMUSG00000037295,4,54,52,22,60,35,57,59,47,48,75,78
ENSMUSG00000057615,0,4,2,0,0,0,0,2,0,0,0,1
ENSMUSG00000055745,4,20,23,16,26,30,23,29,24,30,30,44
ENSMUSG00000036216,0,2,1,0,0,1,0,2,0,0,0,0
ENSMUSG00000021539,0,0,0,0,0,0,1,0,0,0,1,2
ENSMUSG00000027985,0,6,4,0,1,2,0,0,4,2,3,3
ENSMUSG00000038793,3,5,8,9,8,4,6,7,7,5,6,10
ENSMUSG00000066652,0,0,1,0,0,0,0,0,0,0,0,0
ENSMUSG00000074579,1,8,1,4,6,6,7,7,6,4,3,4
ENSMUSG00000079330,0,0,0,0,0,2,0,0,0,1,0,0
ENSMUSG00000044857,9,111,123,76,131,132,142,148,170,165,195,198
ENSMUSG00000048661,2,29,21,12,23,32,25,41,35,23,21,28
ENSMUSG00000078173,0,0,0,0,0,0,0,0,0,1,0,0
ENSMUSG00000078813,6,150,159,117,142,136,215,196,296,275,349,404
ENSMUSG00000035545,16,135,114,76,119,118,147,126,112,118,111,138
ENSMUSG00000043432,2,22,16,14,32,27,16,22,29,28,15,29
ENSMUSG00000042487,2,48,23,12,27,29,31,22,27,24,31,48
ENSMUSG00000057722,0,4,2,1,4,0,2,4,5,6,2,1
ENSMUSG00000035212,9,58,59,53,50,53,81,82,57,69,83,125
ENSMUSG00000031513,8,101,98,77,105,110,114,119,117,102,127,201
ENSMUSG00000005299,13,332,330,205,244,278,188,228,209,266,255,330
ENSMUSG00000037363,2,18,19,24,14,23,34,15,34,32,28,37
ENSMUSG00000037353,6,14,20,16,24,13,20,23,26,38,26,35
ENSMUSG00000054362,0,0,0,0,0,0,0,0,0,0,0,0
ENSMUSG00000029570,2,9,16,7,19,15,41,31,30,28,26,61
ENSMUSG00000068220,117,1396,1223,929,1233,1462,1305,1487,1184,1130,1355,2539
ENSMUSG00000024972,0,0,1,0,0,0,0,0,0,0,0,0
ENSMUSG00000043501,0,0,0,0,2,1,1,1,1,4,1,0
ENSMUSG00000050335,4,24,18,17,24,26,276,372,82,73,107,488
ENSMUSG00000033880,27,216,188,102,192,163,703,900,394,513,472,1369
ENSMUSG00000053964,28,194,156,161,250,214,228,158,160,218,153,201
ENSMUSG00000053522,0,2,0,0,2,0,1,0,1,0,0,0
ENSMUSG00000057554,7,89,70,53,93,65,135,107,122,106,128,182
ENSMUSG00000001123,30,141,100,91,112,93,227,300,143,151,162,462
ENSMUSG00000042363,7,79,79,48,61,89,92,88,106,98,78,140
ENSMUSG00000067242,2,28,30,24,13,37,17,22,22,25,12,29
ENSMUSG00000039252,1,4,5,5,6,5,7,8,4,5,6,10
ENSMUSG00000033595,0,9,6,7,8,14,12,8,8,8,7,10
ENSMUSG00000036560,0,8,13,3,18,10,14,9,11,16,28,28
ENSMUSG00000021190,9,178,161,115,157,161,336,381,198,199,176,550
ENSMUSG00000050199,8,62,50,46,53,66,64,45,44,47,54,86
ENSMUSG00000020140,0,1,0,0,0,0,0,1,0,1,1,0
ENSMUSG00000042793,6,138,127,78,129,133,121,129,140,134,117,140
ENSMUSG00000050217,0,0,0,0,0,0,0,0,0,0,0,0
ENSMUSG00000100916,0,1,0,0,0,0,1,0,0,0,0,0
ENSMUSG00000024107,0,0,0,0,0,0,0,0,0,1,0,0
ENSMUSG00000048332,8,103,91,72,105,112,139,146,107,92,123,192
ENSMUSG00000045312,0,13,12,4,18,11,13,14,6,6,14,30
ENSMUSG00000106379,0,0,0,0,0,0,1,0,0,1,1,0
ENSMUSG00000042873,0,1,1,1,1,2,0,1,2,2,0,0
ENSMUSG00000062252,0,0,0,0,0,0,0,0,0,0,0,0
ENSMUSG00000030946,3,71,57,50,50,67,64,66,66,73,59,93
ENSMUSG00000018698,0,0,0,0,0,0,0,0,0,0,0,0
ENSMUSG00000000247,0,0,0,0,1,0,0,1,0,0,0,0
ENSMUSG00000026934,0,0,0,0,0,1,0,0,0,0,0,0
ENSMUSG00000026468,5,27,20,28,30,24,18,29,23,33,17,32
ENSMUSG00000026890,1,12,5,2,10,9,14,6,7,12,9,9
ENSMUSG00000019230,0,0,0,0,0,0,0,2,0,0,0,0
ENSMUSG00000029199,20,179,139,102,167,151,193,157,226,157,177,215
ENSMUSG00000034394,0,1,2,0,1,0,0,0,0,0,0,0
ENSMUSG00000054263,8,98,79,72,97,103,95,106,112,97,68,153
ENSMUSG00000056394,1,7,10,6,8,9,17,21,10,16,17,24
ENSMUSG00000020697,0,42,41,22,50,40,37,32,39,43,59,57
ENSMUSG00000049717,2,6,5,4,13,14,6,9,9,6,8,7
ENSMUSG00000112023,1,14,18,13,15,13,72,91,30,38,32,131
ENSMUSG00000070873,1,5,6,2,3,5,13,6,10,7,8,18
ENSMUSG00000030427,0,1,0,0,1,0,0,2,1,0,0,2
ENSMUSG00000023022,7,46,44,40,43,36,68,58,72,75,51,100
ENSMUSG00000037736,33,390,361,274,426,431,431,389,422,404,405,550
ENSMUSG00000025239,7,203,199,118,186,196,340,216,302,259,248,357
ENSMUSG00000040699,17,137,136,108,130,125,195,201,177,150,178,265
ENSMUSG00000090077,0,0,0,0,0,0,0,0,0,0,0,0
ENSMUSG00000029674,2,19,13,17,14,23,18,14,23,12,23,34
ENSMUSG00000020451,7,55,35,27,42,41,57,47,43,46,58,79
ENSMUSG00000019920,19,212,189,132,217,232,228,231,238,162,189,269
ENSMUSG00000024395,129,291,276,265,269,270,334,285,396,388,390,519
ENSMUSG00000050966,0,0,0,0,0,0,0,0,0,1,0,0
ENSMUSG00000063804,0,1,2,1,1,2,4,0,2,3,1,4
ENSMUSG00000036845,4,52,32,28,33,30,45,58,47,57,57,77
ENSMUSG00000085793,3,22,13,16,21,27,33,17,18,16,20,32
ENSMUSG00000019906,0,1,0,1,1,1,1,0,1,2,0,4
ENSMUSG00000003872,0,3,2,5,7,3,1,2,3,3,6,4
ENSMUSG00000027162,10,113,92,69,108,126,120,109,119,104,133,142
ENSMUSG00000058729,1,4,9,3,3,2,6,7,9,2,4,10
ENSMUSG00000049556,0,2,2,5,1,3,1,1,1,0,1,3
ENSMUSG00000051067,0,68,35,22,48,42,23,25,17,19,34,45
ENSMUSG00000044505,0,4,4,4,3,6,5,3,5,8,3,8
ENSMUSG00000053091,1,13,10,7,6,6,14,15,8,15,15,16
ENSMUSG00000024781,9,59,59,30,62,59,102,91,92,73,65,120
ENSMUSG00000032207,0,0,0,0,0,0,1,0,0,0,0,0
ENSMUSG00000003123,24,108,100,97,150,129,207,197,242,270,160,311
ENSMUSG00000053846,0,0,0,0,0,1,1,12,2,2,2,10
ENSMUSG00000044626,1,0,0,0,0,0,0,0,0,0,0,0
ENSMUSG00000056078,0,0,0,0,0,0,0,0,0,0,0,0
ENSMUSG00000024770,0,0,0,0,0,0,0,0,0,0,0,0
ENSMUSG00000079342,0,0,0,0,0,0,0,0,0,0,0,0
ENSMUSG00000087303,0,0,0,0,0,0,0,0,1,0,0,1
ENSMUSG00000079344,0,0,0,0,1,0,0,0,0,0,0,0
ENSMUSG00000037216,0,22,24,11,32,23,24,22,21,22,29,25
ENSMUSG00000030725,3,28,31,12,23,30,27,34,23,28,30,24
ENSMUSG00000022500,18,44,51,43,76,59,114,145,52,57,71,186
ENSMUSG00000047786,1,22,19,11,16,12,14,5,12,13,14,16
ENSMUSG00000049288,3,117,114,75,129,128,128,123,121,93,142,187
ENSMUSG00000020536,5,27,32,24,41,28,47,40,47,34,42,59
ENSMUSG00000020782,4,39,31,18,23,26,34,39,44,26,23,50
ENSMUSG00000020224,5,47,39,22,32,37,48,72,58,49,53,74
ENSMUSG00000041891,9,148,162,105,125,173,153,171,143,119,165,206
ENSMUSG00000056271,1,2,4,0,3,2,8,7,5,1,5,13
ENSMUSG00000021484,23,277,225,176,217,242,261,241,212,228,265,425
ENSMUSG00000001143,7,75,93,49,88,89,95,73,91,115,122,154
ENSMUSG00000010721,1,40,36,22,46,48,38,35,56,32,34,55
ENSMUSG00000022999,6,29,31,27,42,51,64,55,56,33,74,64
ENSMUSG00000073725,10,128,114,78,130,133,141,147,156,157,160,226
ENSMUSG00000039704,0,0,0,0,2,0,2,0,0,0,1,0
ENSMUSG00000057604,6,182,141,109,182,164,159,174,145,165,207,299
ENSMUSG00000002279,7,125,93,84,97,107,93,94,95,120,101,144
ENSMUSG00000022614,17,122,87,59,84,87,128,120,105,124,139,159
ENSMUSG00000022802,0,14,9,4,8,3,6,4,7,9,4,4
ENSMUSG00000028063,42,483,381,326,380,392,526,603,493,563,669,884
ENSMUSG00000024590,1,8,2,3,10,10,16,16,10,5,8,25
ENSMUSG00000062075,0,17,17,9,20,14,14,11,10,18,14,29
ENSMUSG00000054966,0,5,1,3,4,3,2,1,1,1,1,2
ENSMUSG00000025500,0,0,0,0,0,1,0,0,0,1,0,0
ENSMUSG00000036111,1,7,14,8,11,16,5,11,13,19,23,26
ENSMUSG00000032698,1,85,90,65,82,62,108,120,103,106,126,152
ENSMUSG00000028266,15,145,133,76,153,166,119,144,179,81,96,202
ENSMUSG00000033060,74,751,708,497,802,890,1057,900,1110,839,852,1153
ENSMUSG00000048096,2,6,6,5,16,11,7,15,20,20,17,17
ENSMUSG00000029683,47,606,720,483,670,774,791,943,1149,767,860,1165
ENSMUSG00000044086,22,318,299,189,273,286,242,252,340,256,357,387
ENSMUSG00000038970,5,59,54,48,76,68,64,51,58,58,53,83
ENSMUSG00000062044,0,0,0,0,0,0,0,0,1,1,0,2
ENSMUSG00000026686,0,0,0,0,0,0,0,0,0,0,0,0
ENSMUSG00000038765,0,0,0,0,0,1,0,0,0,0,0,0
ENSMUSG00000109588,0,0,0,0,1,0,0,0,0,0,0,0
ENSMUSG00000023845,3,19,32,17,26,34,31,31,20,27,35,62
ENSMUSG00000009207,0,23,12,12,16,18,22,23,15,18,14,30
ENSMUSG00000029228,6,26,38,21,30,39,35,40,38,48,35,51
ENSMUSG00000016520,5,23,24,22,38,26,36,43,27,27,37,42
ENSMUSG00000041168,26,426,425,306,377,428,443,487,431,601,626,781
ENSMUSG00000047866,11,253,207,140,204,223,247,253,254,270,260,357
ENSMUSG00000039633,2,19,22,18,20,25,26,27,34,28,19,35
ENSMUSG00000048814,0,14,13,10,19,10,8,13,10,13,10,15
ENSMUSG00000016239,0,0,0,1,1,0,0,1,3,0,4,0
ENSMUSG00000043165,0,1,0,0,1,2,1,0,0,0,0,0
ENSMUSG00000024529,1,7,4,6,8,4,23,42,16,13,9,44
ENSMUSG00000032818,0,0,0,0,0,0,0,0,0,0,0,0
ENSMUSG00000032334,11,155,144,85,180,125,181,252,92,101,166,320
ENSMUSG00000034205,6,34,45,14,37,42,48,52,28,27,19,80
ENSMUSG00000000693,2,11,15,5,7,21,23,31,20,15,18,55
ENSMUSG00000025185,0,0,0,1,0,1,0,1,3,1,0,1
ENSMUSG00000038668,1,22,30,18,27,15,40,30,24,25,22,47
ENSMUSG00000031861,0,1,0,1,1,5,0,1,0,0,4,0
ENSMUSG00000036832,0,0,2,0,0,2,1,1,4,1,1,4
ENSMUSG00000049929,1,6,9,5,7,7,8,7,6,4,4,7
ENSMUSG00000067714,0,0,0,0,0,0,0,1,0,0,0,0
ENSMUSG00000033446,9,31,31,13,36,28,44,27,40,29,36,41
ENSMUSG00000021608,6,43,38,29,29,30,37,34,40,35,57,61
ENSMUSG00000033192,0,2,0,5,2,4,9,8,10,3,1,11
ENSMUSG00000004270,8,110,115,109,96,125,111,124,113,124,109,172
ENSMUSG00000027134,0,5,7,1,5,5,4,1,4,5,4,11
ENSMUSG00000026623,10,256,197,145,204,234,218,187,162,226,232,301
ENSMUSG00000020593,27,662,538,335,535,567,493,389,518,484,558,646
ENSMUSG00000024052,4,16,21,10,14,14,23,18,17,16,19,24
ENSMUSG00000027412,4,13,17,12,5,7,13,16,12,12,8,28
ENSMUSG00000015568,1118,21540,20375,13970,19813,21056,25291,25030,26786,26302,33294,37674
ENSMUSG00000033306,17,103,94,64,157,162,139,147,108,80,120,159
ENSMUSG00000024696,0,3,4,1,2,4,7,28,5,7,6,27
ENSMUSG00000028003,2,1,3,5,4,2,0,2,0,0,1,3
ENSMUSG00000028080,2,71,55,41,68,55,59,82,67,90,69,81
ENSMUSG00000068015,2,37,45,27,36,35,44,41,32,51,44,63
ENSMUSG00000031290,1,6,2,2,6,8,2,7,2,1,4,7
ENSMUSG00000022801,5,40,44,26,49,50,58,52,42,51,52,63
ENSMUSG00000030600,1,2,0,2,2,0,1,1,1,0,1,1
ENSMUSG00000040490,0,1,1,0,1,1,0,0,2,0,2,0
ENSMUSG00000036957,0,6,4,3,5,8,7,11,3,4,9,5
ENSMUSG00000045045,3,59,38,26,56,46,47,48,34,38,56,43
ENSMUSG00000037095,20,348,263,220,300,287,903,654,471,526,532,1293
ENSMUSG00000056215,0,0,0,0,0,0,0,0,1,0,0,0
ENSMUSG00000032913,2,34,23,20,23,23,24,25,24,20,32,35
ENSMUSG00000020105,1,7,2,1,1,2,7,3,3,3,2,9
ENSMUSG00000041044,0,0,0,0,0,0,0,0,0,0,0,0
ENSMUSG00000093865,0,0,0,0,0,0,0,0,0,0,0,0
ENSMUSG00000063458,0,1,1,0,1,1,3,0,5,2,3,6
ENSMUSG00000030263,0,8,5,2,5,9,13,13,8,7,8,13
ENSMUSG00000040249,23,179,212,138,229,203,272,308,211,286,325,442
ENSMUSG00000022175,19,268,198,147,216,242,259,285,239,296,299,375
ENSMUSG00000019796,0,4,4,6,5,3,5,9,7,4,4,5
ENSMUSG00000022305,0,9,7,4,14,7,8,11,7,7,8,13
ENSMUSG00000049252,0,0,1,0,0,1,0,1,0,0,1,0
ENSMUSG00000027070,0,0,1,1,1,0,0,0,0,1,0,0
ENSMUSG00000031637,0,1,2,1,1,3,1,1,2,2,0,4
ENSMUSG00000001802,2,32,35,14,45,22,34,25,28,42,34,60
ENSMUSG00000027253,1,3,5,7,4,10,7,6,14,5,5,12
ENSMUSG00000024913,8,76,61,43,83,79,99,79,76,76,78,97
ENSMUSG00000030201,6,98,76,49,74,80,85,68,71,81,76,117
ENSMUSG00000028613,0,5,3,2,1,4,5,3,1,4,2,9
ENSMUSG00000029103,17,237,223,151,213,258,244,276,273,253,333,388
ENSMUSG00000024120,15,309,339,186,332,338,322,285,305,317,302,380
ENSMUSG00000034883,0,0,0,0,0,0,0,1,0,1,0,0
ENSMUSG00000032352,3,83,61,47,50,62,58,51,50,43,67,75
ENSMUSG00000060187,73,721,808,536,594,855,1728,1621,2539,2270,2967,2568
ENSMUSG00000090291,0,1,4,1,1,3,1,0,3,0,1,1
ENSMUSG00000033728,4,33,31,26,38,32,32,27,26,24,36,46
ENSMUSG00000021579,10,296,265,180,221,244,188,155,218,190,235,265
ENSMUSG00000052316,0,6,1,3,3,6,0,3,4,2,4,6
ENSMUSG00000039883,21,161,143,90,143,127,73,136,91,175,192,238
ENSMUSG00000041673,2,0,0,0,1,0,1,1,0,0,1,1
ENSMUSG00000049799,0,1,0,0,0,0,0,0,0,0,0,0
ENSMUSG00000032495,70,1443,1369,782,1326,1387,2173,1958,2047,1921,2381,2624
ENSMUSG00000037151,4,184,150,89,131,129,107,111,128,131,136,139
ENSMUSG00000030125,0,0,2,1,0,0,2,1,0,1,1,3
ENSMUSG00000033707,19,333,299,230,264,287,245,249,286,302,330,400
ENSMUSG00000049988,0,15,3,3,3,5,23,36,8,25,11,59
ENSMUSG00000015980,2,26,33,21,24,21,15,14,17,23,23,25
ENSMUSG00000030556,4,35,32,23,33,33,31,37,45,30,35,54
ENSMUSG00000041679,0,2,0,1,1,0,1,1,1,3,0,2
ENSMUSG00000051652,0,2,3,0,0,2,2,1,1,1,1,1
ENSMUSG00000073375,1,1,0,0,10,2,4,0,3,0,2,3
ENSMUSG00000074653,0,0,0,0,0,0,0,0,0,0,0,0
ENSMUSG00000090958,2,49,33,31,47,54,66,56,49,60,102,81
ENSMUSG00000027702,0,0,0,0,0,0,0,0,0,0,0,0
ENSMUSG00000054320,2,2,1,1,7,3,4,0,2,6,3,2
ENSMUSG00000028584,0,0,0,0,0,0,0,0,0,1,0,0
ENSMUSG00000027961,12,306,255,210,283,304,358,295,346,333,356,423
ENSMUSG00000045201,3,67,42,29,61,49,30,18,35,27,35,46
ENSMUSG00000049939,0,2,0,0,0,1,0,1,1,0,0,4
ENSMUSG00000063052,4,24,22,12,28,22,31,40,21,32,46,37
ENSMUSG00000028703,1,67,52,48,66,65,104,70,82,73,94,91
ENSMUSG00000028617,5,29,22,12,23,19,28,17,20,18,20,31
ENSMUSG00000063409,0,0,0,0,0,0,0,0,0,0,0,0
ENSMUSG00000025145,9,22,22,9,28,24,22,17,22,33,22,34
ENSMUSG00000020878,0,0,1,1,2,0,1,6,3,0,0,3
ENSMUSG00000029028,7,109,85,99,97,116,108,104,125,170,135,173
ENSMUSG00000047766,0,7,11,7,13,9,11,11,11,9,13,12
ENSMUSG00000047085,5,107,104,76,98,96,101,62,88,83,169,91
ENSMUSG00000050587,0,1,2,2,1,3,0,0,1,2,2,1
ENSMUSG00000064307,2,18,15,13,14,16,12,20,11,24,26,21
ENSMUSG00000040485,0,4,2,1,2,1,3,3,2,4,5,1
ENSMUSG00000075224,0,3,3,0,1,1,1,1,1,1,0,0
ENSMUSG00000038637,2,7,9,7,10,12,12,11,6,10,17,24
ENSMUSG00000027286,1,44,47,40,51,52,53,51,50,44,43,59
ENSMUSG00000020869,12,101,112,65,98,102,121,165,117,96,137,239
ENSMUSG00000022375,0,0,0,0,0,0,0,0,0,0,0,0
ENSMUSG00000073096,5,38,29,17,32,39,48,38,57,37,29,50
ENSMUSG00000021997,0,0,0,0,0,0,0,0,0,0,0,0
ENSMUSG00000067206,0,0,0,0,1,0,0,0,0,0,0,0
ENSMUSG00000023151,0,2,0,2,2,2,2,2,1,1,2,3
ENSMUSG00000028176,0,1,0,0,1,0,0,0,0,0,0,1
ENSMUSG00000023084,1,1,3,1,1,4,1,2,0,2,0,5
ENSMUSG00000020545,0,0,0,0,0,0,0,0,0,0,0,0
ENSMUSG00000071073,0,2,0,1,1,3,0,1,1,2,2,1
ENSMUSG00000022759,0,0,0,0,0,0,0,0,0,0,0,0
ENSMUSG00000046417,3,10,15,6,9,16,15,11,21,16,17,30
ENSMUSG00000046807,0,2,2,0,2,6,6,4,4,2,1,7
ENSMUSG00000070639,1,18,15,11,17,13,12,18,13,9,8,17
ENSMUSG00000054720,3,86,69,38,60,49,74,63,65,63,41,77
ENSMUSG00000046079,3,28,24,15,25,24,25,27,21,22,24,29
ENSMUSG00000046589,0,8,4,0,3,2,11,3,2,1,7,3
ENSMUSG00000021090,0,0,0,0,0,0,1,0,0,0,1,0
ENSMUSG00000040367,0,0,0,0,0,1,1,1,0,0,1,1
ENSMUSG00000026305,12,144,126,80,138,154,139,183,133,155,172,210
ENSMUSG00000032497,18,262,259,184,219,235,322,318,295,245,309,394
ENSMUSG00000028182,0,2,0,0,3,0,1,1,0,1,1,2
ENSMUSG00000015133,9,41,37,45,36,48,40,40,34,63,46,53
ENSMUSG00000036273,2,34,24,14,26,31,32,28,22,30,21,41
ENSMUSG00000034648,0,1,0,0,1,1,2,0,2,1,0,0
ENSMUSG00000026443,0,10,9,3,11,13,4,9,2,3,13,13
ENSMUSG00000036295,1,1,0,1,2,0,0,0,2,0,0,0
ENSMUSG00000043110,0,2,4,0,1,2,0,1,1,0,0,0
ENSMUSG00000071656,1,19,13,9,9,13,9,13,5,9,12,7
ENSMUSG00000060780,0,0,0,0,0,0,0,0,0,0,0,0
ENSMUSG00000071862,0,0,1,0,1,0,0,1,0,0,0,0
ENSMUSG00000042846,0,1,7,5,5,1,3,3,5,3,0,1
ENSMUSG00000052581,0,0,0,0,0,0,0,0,0,2,0,0
ENSMUSG00000026792,4,51,40,33,44,37,52,39,36,39,49,71
ENSMUSG00000045776,56,917,761,670,769,690,870,530,839,774,755,841
ENSMUSG00000055003,0,0,0,2,2,0,1,0,1,3,0,1
ENSMUSG00000029703,4,28,26,16,22,18,32,34,19,31,42,44
ENSMUSG00000061080,1,5,3,2,4,4,2,2,6,5,9,7
ENSMUSG00000022538,5,33,34,29,46,55,58,63,65,54,61,72
ENSMUSG00000037296,2,49,48,34,20,45,44,51,44,36,65,70
ENSMUSG00000050188,3,46,61,43,67,56,67,84,84,84,123,104
ENSMUSG00000044847,2,13,9,8,19,11,31,17,30,21,20,27
ENSMUSG00000020922,6,42,32,26,49,53,66,54,62,34,42,80
ENSMUSG00000066568,15,155,147,96,150,144,188,172,176,171,177,236
ENSMUSG00000039108,15,203,194,157,183,200,199,196,202,169,262,306
ENSMUSG00000007050,7,80,70,42,72,61,70,53,64,56,83,107
ENSMUSG00000034192,0,16,14,11,8,17,11,15,24,13,10,23
ENSMUSG00000031848,9,138,137,100,109,111,148,176,183,196,197,278
ENSMUSG00000091625,1,17,8,7,12,21,19,18,21,14,12,18
ENSMUSG00000031683,8,107,96,60,91,98,91,94,93,103,111,172
ENSMUSG00000035215,3,68,60,37,52,53,40,76,48,70,69,115
ENSMUSG00000044155,3,40,46,29,55,56,41,36,51,40,59,91
ENSMUSG00000071342,6,185,154,94,163,164,168,136,180,148,185,195
ENSMUSG00000103409,0,0,1,1,0,0,0,1,0,0,0,1
ENSMUSG00000018819,20,119,126,95,138,122,176,289,182,189,170,362
ENSMUSG00000001247,0,2,3,3,1,3,5,9,3,2,9,8
ENSMUSG00000033105,1,7,6,2,4,3,6,10,3,9,8,7
ENSMUSG00000073412,6,32,23,15,26,16,87,109,62,46,58,173
ENSMUSG00000024402,0,0,0,0,0,0,0,1,0,1,0,0
ENSMUSG00000015889,5,89,79,59,82,85,85,82,88,119,118,129
ENSMUSG00000024399,1,3,1,3,4,2,2,12,3,3,4,9
ENSMUSG00000046908,0,3,1,0,0,2,7,11,2,6,2,9
ENSMUSG00000040432,0,0,1,0,0,1,0,1,0,1,2,0
ENSMUSG00000001870,8,96,108,85,110,101,78,77,84,101,71,122
ENSMUSG00000002020,4,5,8,6,4,6,10,18,4,4,11,36
ENSMUSG00000024940,12,107,89,71,105,84,104,104,126,112,124,145
ENSMUSG00000040488,83,718,684,464,727,681,401,376,443,590,647,573
ENSMUSG00000030339,13,109,66,54,80,75,115,97,95,84,112,128
ENSMUSG00000020377,2,23,21,14,18,17,23,14,4,12,19,35
ENSMUSG00000032496,0,1,0,0,0,1,0,0,0,2,0,2
ENSMUSG00000027297,0,0,0,0,1,0,0,0,0,0,0,0
ENSMUSG00000052299,2,49,46,34,51,50,64,51,55,53,59,73
ENSMUSG00000019814,4,41,31,33,49,31,54,49,58,39,41,88
ENSMUSG00000024188,16,60,50,31,38,53,65,53,50,46,32,67
ENSMUSG00000029823,25,179,158,147,187,211,252,223,219,177,163,264
ENSMUSG00000020863,114,208,192,113,212,210,211,238,201,179,159,244
ENSMUSG00000036446,8,105,97,72,117,92,120,150,104,115,137,249
ENSMUSG00000028701,0,7,13,7,11,13,11,9,7,4,5,15
ENSMUSG00000048706,0,12,9,3,3,11,7,1,3,7,9,10
ENSMUSG00000001089,16,84,56,36,81,88,106,80,69,67,67,111
ENSMUSG00000063297,0,1,1,1,1,0,0,0,0,0,1,0
ENSMUSG00000024481,0,0,0,0,0,0,0,0,0,0,1,0
ENSMUSG00000047557,1,17,10,8,7,11,20,25,13,12,19,40
ENSMUSG00000075602,132,666,531,442,559,542,1150,1762,902,1177,1021,3181
ENSMUSG00000079018,217,845,808,768,774,825,1324,1314,1690,1848,1272,2496
ENSMUSG00000022584,11,49,43,39,62,45,272,482,113,171,84,688
ENSMUSG00000034634,0,6,5,0,1,5,2,3,5,2,1,5
ENSMUSG00000022587,180,954,810,573,838,828,1558,2041,1352,1218,1337,3346
ENSMUSG00000022583,1,6,2,5,2,13,6,13,12,6,2,10
ENSMUSG00000022582,0,0,0,1,0,0,0,1,0,1,0,0
ENSMUSG00000043807,1,0,1,4,1,1,0,0,2,1,2,1
ENSMUSG00000034482,0,0,0,0,0,0,0,0,0,0,0,0
ENSMUSG00000092586,2,0,0,0,0,0,0,0,1,1,0,1
ENSMUSG00000073413,3,2,1,1,2,3,0,0,2,0,0,1
ENSMUSG00000013766,0,1,0,0,0,0,0,0,0,0,0,0
ENSMUSG00000034923,0,0,0,0,0,0,1,1,0,0,0,1
ENSMUSG00000022577,0,0,1,0,0,1,0,0,0,0,0,0
ENSMUSG00000022586,0,1,1,1,0,0,6,7,5,3,4,17
ENSMUSG00000044678,0,0,0,1,2,0,0,0,2,1,3,0
ENSMUSG00000026980,0,0,1,2,2,1,0,1,1,0,2,1
ENSMUSG00000021423,5,36,20,14,20,26,52,84,51,37,33,119
ENSMUSG00000004707,1,1,1,1,2,1,16,13,11,1,5,27
ENSMUSG00000025779,0,16,12,3,12,18,14,9,13,14,13,20
ENSMUSG00000067367,10,96,93,61,79,100,92,107,98,116,144,191
ENSMUSG00000034041,4,14,23,5,15,23,28,26,21,17,33,41
ENSMUSG00000042228,6,57,58,31,50,47,71,80,53,43,64,122
ENSMUSG00000022594,42,804,686,513,626,655,468,444,470,593,542,626
ENSMUSG00000026344,0,1,0,0,2,1,1,1,0,1,0,1
ENSMUSG00000022595,1,18,12,11,12,22,6,6,8,13,2,5
ENSMUSG00000030484,0,1,1,0,1,0,1,0,0,1,0,0
ENSMUSG00000050447,0,0,2,0,2,0,1,0,2,0,0,0
ENSMUSG00000026765,1,0,1,0,0,0,0,0,2,0,0,1
ENSMUSG00000013643,0,0,0,0,1,0,0,0,0,0,0,0
ENSMUSG00000028670,13,146,123,87,129,113,154,184,126,161,208,258
ENSMUSG00000039246,0,3,4,3,2,1,5,4,13,6,5,5
ENSMUSG00000030922,0,28,21,13,21,32,21,19,19,24,17,37
ENSMUSG00000045854,2,76,73,43,80,72,72,90,78,105,89,122
ENSMUSG00000046573,2,59,66,47,79,64,62,71,97,53,73,118
ENSMUSG00000020268,6,88,71,59,79,64,75,59,52,61,64,109
ENSMUSG00000072640,9,125,141,91,118,101,100,102,116,105,136,135
ENSMUSG00000053769,2,20,14,10,22,14,13,14,22,11,14,30
ENSMUSG00000032184,1,40,36,26,35,28,44,53,43,53,43,68
ENSMUSG00000035840,2,33,22,14,25,26,34,26,28,24,26,28
ENSMUSG00000043831,0,23,34,18,26,26,16,19,32,29,38,40
ENSMUSG00000019726,0,5,11,5,6,9,10,14,14,15,10,18
ENSMUSG00000030787,1,33,26,18,22,31,31,28,39,47,28,80
ENSMUSG00000069515,3,22,17,7,20,13,62,50,35,39,41,73
ENSMUSG00000069516,61,615,502,271,472,409,1160,1401,812,867,941,1752
ENSMUSG00000024233,0,0,0,0,0,0,0,0,0,0,0,0
ENSMUSG00000032530,0,0,0,0,0,0,0,0,0,0,0,0
ENSMUSG00000028990,4,79,53,31,53,59,59,61,69,48,62,71
ENSMUSG00000025245,4,50,59,39,52,54,61,50,60,53,53,68
ENSMUSG00000022761,7,89,79,62,85,84,99,100,115,96,100,156
ENSMUSG00000036306,0,9,10,5,14,12,7,12,7,4,11,11
ENSMUSG00000035342,10,101,112,80,101,127,126,146,165,153,158,215
ENSMUSG00000037703,1,4,15,9,8,9,10,8,7,11,9,17
ENSMUSG00000030041,0,0,0,0,1,1,1,1,2,1,0,0
ENSMUSG00000007458,9,129,106,99,126,114,125,187,145,175,176,266
ENSMUSG00000022805,0,0,0,0,0,0,0,0,0,0,0,1
ENSMUSG00000056947,0,0,0,0,0,0,0,0,0,0,0,0
ENSMUSG00000057777,0,1,0,0,0,0,1,0,0,0,0,3
ENSMUSG00000044313,0,0,0,0,0,0,0,0,0,0,0,2
ENSMUSG00000041886,0,0,0,0,0,0,0,0,0,0,0,0
ENSMUSG00000028649,45,363,320,249,349,431,337,312,333,327,366,438
ENSMUSG00000036278,50,1206,1144,914,1133,1229,1208,1277,1319,1254,1339,1847
ENSMUSG00000068205,1,25,27,12,15,22,26,23,22,17,19,30
ENSMUSG00000029554,3,25,32,25,23,25,35,20,28,29,34,48
ENSMUSG00000029910,2,7,9,7,9,9,13,16,2,6,10,13
ENSMUSG00000034509,3,63,46,29,42,38,54,38,59,74,55,90
ENSMUSG00000029003,9,45,50,29,52,43,69,71,78,61,86,107
ENSMUSG00000020310,0,0,0,0,0,0,0,0,0,0,0,0
ENSMUSG00000040687,2,21,25,13,19,23,28,25,24,29,32,38
ENSMUSG00000079562,11,191,178,168,171,142,189,218,181,193,191,276
ENSMUSG00000055435,13,66,68,48,90,79,199,190,95,86,84,207
ENSMUSG00000022553,29,355,318,257,361,333,372,430,447,395,443,533
ENSMUSG00000047591,0,0,0,0,0,0,0,0,0,0,0,0
ENSMUSG00000074622,7,32,24,24,30,41,34,40,36,45,30,67
ENSMUSG00000042622,4,27,12,19,26,31,39,51,49,52,42,93
ENSMUSG00000051510,2,44,37,33,40,45,55,51,51,42,42,61
ENSMUSG00000018143,12,91,83,54,90,102,133,149,140,96,132,137
ENSMUSG00000036634,0,1,0,0,0,0,1,3,1,0,1,1
ENSMUSG00000079349,0,0,0,0,0,0,0,0,0,0,0,0
ENSMUSG00000067649,0,0,0,1,0,0,0,0,0,0,0,0
ENSMUSG00000073069,0,0,0,0,0,0,0,0,0,0,0,0
ENSMUSG00000025151,11,224,198,155,219,258,240,271,247,244,285,383
ENSMUSG00000025268,5,57,70,48,61,74,84,81,73,76,83,120
ENSMUSG00000031227,1,14,13,6,12,10,13,8,12,4,6,17
ENSMUSG00000031224,0,0,0,0,0,0,0,0,0,0,0,0
ENSMUSG00000047238,3,18,17,9,25,15,21,21,28,23,16,32
ENSMUSG00000045095,4,30,23,14,34,26,31,36,31,21,43,34
ENSMUSG00000040003,1,16,8,15,15,17,15,17,14,21,10,14
ENSMUSG00000052539,11,70,72,56,62,79,44,61,45,55,53,75
ENSMUSG00000031147,1,141,121,88,89,100,82,100,129,133,127,139
ENSMUSG00000028609,3,94,75,77,103,88,99,102,130,101,101,168
ENSMUSG00000030188,1,22,23,13,24,22,36,34,34,32,23,50
ENSMUSG00000031232,17,173,160,108,186,157,166,141,120,121,166,190
ENSMUSG00000025971,7,88,82,55,58,83,115,121,114,112,87,175
ENSMUSG00000024786,0,0,0,0,0,0,0,0,0,1,0,1
ENSMUSG00000021363,0,2,0,0,0,0,1,2,0,1,1,0
ENSMUSG00000031578,3,42,40,28,45,34,62,58,68,55,80,88
ENSMUSG00000027375,2,65,46,42,45,65,46,57,52,37,46,103
ENSMUSG00000024479,0,0,0,0,0,0,0,0,0,0,0,0
ENSMUSG00000027377,3,21,16,16,16,17,10,10,20,12,16,32
ENSMUSG00000075520,0,0,0,0,0,0,0,0,0,0,0,0
ENSMUSG00000029815,9,180,168,124,161,192,198,211,212,218,244,286
ENSMUSG00000032688,1,13,7,10,10,6,16,17,20,11,14,26
ENSMUSG00000033207,3,6,3,7,10,7,4,3,9,5,9,5
ENSMUSG00000026941,2,3,4,5,5,4,5,5,5,3,3,4
ENSMUSG00000050567,4,20,13,12,14,23,22,31,23,36,34,43
ENSMUSG00000031925,10,29,23,18,29,35,34,39,37,21,13,22
ENSMUSG00000061143,1,12,13,7,8,11,17,13,15,15,10,12
ENSMUSG00000059401,0,7,6,7,9,8,19,13,13,7,9,13
ENSMUSG00000042918,4,17,12,12,17,19,25,17,19,9,19,27
ENSMUSG00000003746,2,67,39,31,61,42,89,64,53,39,56,86
ENSMUSG00000008763,4,53,50,34,52,68,41,48,47,47,55,74
ENSMUSG00000036646,12,83,84,59,81,80,75,92,74,99,96,131
ENSMUSG00000037306,5,112,101,47,113,94,90,106,77,111,129,145
ENSMUSG00000024085,6,38,38,27,35,37,56,54,64,49,33,102
ENSMUSG00000038886,14,109,95,89,100,116,108,74,80,94,99,124
ENSMUSG00000005142,23,141,148,136,154,150,204,220,193,195,197,276
ENSMUSG00000029119,7,38,23,26,36,25,36,34,39,29,48,53
ENSMUSG00000032295,16,127,114,96,109,102,129,129,113,162,156,164
ENSMUSG00000028164,5,38,42,29,42,44,54,56,41,43,45,62
ENSMUSG00000063019,9,69,72,56,74,76,84,92,89,65,67,136
ENSMUSG00000040520,2,41,31,17,35,39,31,22,18,16,26,22
ENSMUSG00000042763,0,1,1,1,1,2,0,0,1,5,4,3
ENSMUSG00000032575,13,207,163,82,204,214,223,213,128,148,794,443
ENSMUSG00000032718,2,7,7,3,5,7,10,6,9,5,6,8
ENSMUSG00000072662,0,1,0,0,1,0,3,1,3,3,1,0
ENSMUSG00000025037,2,11,7,5,12,6,9,7,11,8,12,14
ENSMUSG00000040147,5,106,105,73,107,116,97,104,116,114,96,147
ENSMUSG00000050930,2,19,10,10,19,13,13,10,23,11,15,13
ENSMUSG00000027254,3,21,15,20,25,24,11,22,18,24,23,27
ENSMUSG00000052727,3,28,18,17,31,29,25,27,16,10,27,27
ENSMUSG00000027602,207,3885,3648,2678,3474,3753,2905,3806,4210,4108,4778,5647
ENSMUSG00000031812,96,1120,1055,724,1037,1073,1238,1352,1364,1415,1461,1857
ENSMUSG00000019261,6,52,45,37,59,50,76,50,62,57,60,109
ENSMUSG00000015222,1,6,7,4,9,3,6,4,7,8,4,10
ENSMUSG00000004936,7,97,67,57,96,107,98,104,83,94,106,175
ENSMUSG00000035027,39,452,428,308,416,396,402,393,394,472,554,702
ENSMUSG00000018932,20,256,224,167,210,236,249,276,245,250,259,378
ENSMUSG00000033352,10,133,97,77,116,108,103,104,106,124,108,137
ENSMUSG00000058444,9,99,82,54,87,62,86,79,101,69,117,131
ENSMUSG00000020623,0,12,10,12,16,11,13,5,18,6,14,14
ENSMUSG00000021754,5,53,38,26,44,42,43,49,42,38,21,62
ENSMUSG00000040390,1,54,48,40,53,40,39,69,73,52,37,65
ENSMUSG00000004054,21,115,87,53,89,92,95,89,94,107,100,134
ENSMUSG00000023050,6,34,17,19,35,24,32,29,18,30,22,33
ENSMUSG00000033618,0,0,0,1,0,1,2,1,0,1,0,0
ENSMUSG00000020941,6,24,19,23,18,24,26,26,14,29,21,35
ENSMUSG00000031303,1,19,13,11,9,14,16,14,14,17,12,25
ENSMUSG00000024383,7,29,28,24,43,35,34,42,43,22,23,61
ENSMUSG00000004085,30,548,578,404,633,611,578,502,555,462,541,698
ENSMUSG00000031853,0,7,5,3,3,2,2,1,3,4,4,6
ENSMUSG00000020700,10,37,22,28,41,39,29,38,32,25,38,44
ENSMUSG00000014426,10,101,108,78,104,110,122,107,117,95,153,139
ENSMUSG00000071369,6,114,90,75,98,120,119,85,112,55,97,109
ENSMUSG00000028862,10,34,27,36,32,35,55,64,66,126,34,138
ENSMUSG00000028284,8,111,119,87,110,126,124,102,112,117,127,157
ENSMUSG00000025610,1,2,0,3,7,1,3,0,1,0,4,4
ENSMUSG00000024235,1,11,5,2,10,10,16,17,14,14,13,21
ENSMUSG00000042724,0,0,0,0,0,0,0,0,0,0,0,2
ENSMUSG00000032479,73,662,597,437,646,627,714,613,621,837,760,962
ENSMUSG00000037337,0,6,7,7,0,7,10,7,8,9,2,22
ENSMUSG00000024948,10,36,28,25,36,37,43,34,56,55,29,52
ENSMUSG00000024242,10,52,55,38,51,62,71,72,57,70,68,80
ENSMUSG00000026074,24,237,203,145,256,252,238,282,235,180,264,306
ENSMUSG00000034761,7,74,87,63,96,69,95,67,75,66,73,94
ENSMUSG00000055407,4,15,16,14,15,19,19,21,16,21,18,28
ENSMUSG00000041205,0,1,4,1,0,1,1,0,0,2,1,1
ENSMUSG00000019996,5,60,41,30,50,58,60,60,63,61,52,91
ENSMUSG00000028849,64,1038,865,618,806,794,632,626,602,806,870,1122
ENSMUSG00000041020,0,0,0,0,0,3,2,0,1,0,0,3
ENSMUSG00000067878,0,0,1,0,0,4,1,1,1,2,4,0
ENSMUSG00000033900,0,6,9,6,5,7,2,2,4,7,3,10
ENSMUSG00000046709,2,37,45,42,37,46,56,59,90,73,59,78
ENSMUSG00000053137,4,10,8,9,13,8,10,8,10,10,12,14
ENSMUSG00000022610,26,95,86,62,74,101,120,106,106,136,109,175
ENSMUSG00000004864,0,0,1,0,0,0,1,2,2,2,1,4
ENSMUSG00000053436,13,161,156,105,164,161,143,139,145,95,112,225
ENSMUSG00000063704,0,2,0,0,0,1,0,1,0,1,1,0
ENSMUSG00000041775,7,107,95,58,100,89,119,113,150,149,131,129
ENSMUSG00000021840,5,40,39,25,61,44,56,57,49,50,45,93
ENSMUSG00000063065,74,195,225,140,235,175,261,241,249,246,310,378
ENSMUSG00000024558,0,18,7,7,11,18,20,7,22,10,15,19
ENSMUSG00000042688,0,28,21,10,21,22,30,14,23,19,13,35
ENSMUSG00000001034,2,14,7,5,11,8,13,19,13,10,13,12
ENSMUSG00000021936,1,71,43,36,66,70,65,55,68,35,66,58
ENSMUSG00000027223,4,13,9,7,14,24,25,6,18,7,14,19
ENSMUSG00000022619,0,1,1,0,1,0,0,0,0,0,1,1
ENSMUSG00000024163,27,171,166,129,189,165,143,132,113,190,183,213
ENSMUSG00000020366,3,98,84,54,90,108,81,77,79,84,85,118
ENSMUSG00000038696,8,108,95,64,94,98,112,107,82,89,114,139
ENSMUSG00000016528,56,1016,920,672,987,980,1079,1013,1158,985,1357,1534
ENSMUSG00000032577,2,57,67,39,53,63,44,53,60,55,73,89
ENSMUSG00000033902,1,24,11,10,24,20,18,13,22,17,15,23
ENSMUSG00000027479,12,182,171,133,185,188,227,204,209,130,214,314
ENSMUSG00000024277,16,330,279,194,294,295,325,366,324,335,306,468
ENSMUSG00000029166,5,145,134,106,141,142,159,154,127,158,162,216
ENSMUSG00000018411,7,236,181,138,266,259,301,210,220,221,280,307
ENSMUSG00000026621,1,0,0,0,0,0,0,0,0,0,0,0
ENSMUSG00000073481,11,177,163,113,175,173,236,271,295,237,293,357
ENSMUSG00000036469,0,3,5,1,3,7,12,12,12,9,9,25
ENSMUSG00000078627,0,0,0,0,0,0,1,0,0,0,0,0
ENSMUSG00000022269,0,1,1,1,0,1,3,0,0,0,0,0
ENSMUSG00000079557,40,318,312,170,310,275,253,267,250,327,306,400
ENSMUSG00000032656,1,3,2,0,1,0,2,2,0,2,0,1
ENSMUSG00000039372,0,0,0,0,0,0,0,1,0,0,0,0
ENSMUSG00000023307,8,113,94,72,113,103,151,172,157,131,168,252
ENSMUSG00000039100,14,280,252,173,275,265,292,251,268,244,261,326
ENSMUSG00000026977,10,81,80,30,86,84,106,89,102,79,80,142
ENSMUSG00000025702,8,78,86,57,75,90,95,72,87,85,84,111
ENSMUSG00000040502,4,32,32,23,20,31,33,39,30,41,48,55
ENSMUSG00000069662,30,247,202,115,261,213,295,252,242,168,231,277
ENSMUSG00000047945,4,21,18,13,16,16,28,53,25,21,21,73
ENSMUSG00000026390,0,0,1,1,0,0,0,1,0,0,0,0
ENSMUSG00000060657,8,23,22,15,35,36,43,25,36,14,12,33
ENSMUSG00000026620,0,17,19,9,13,22,20,16,25,20,14,20
ENSMUSG00000024969,26,197,179,141,214,230,217,212,235,166,252,316
ENSMUSG00000007411,9,111,128,89,103,118,127,124,130,117,141,155
ENSMUSG00000030397,20,155,107,74,100,124,137,127,155,165,179,182
ENSMUSG00000040354,7,99,119,83,119,114,131,113,158,119,152,196
ENSMUSG00000046994,1,39,40,33,42,53,37,35,32,40,31,37
ENSMUSG00000044345,11,100,80,70,82,96,77,63,106,93,102,138
ENSMUSG00000021636,0,1,2,1,1,2,4,1,2,2,3,1
ENSMUSG00000001672,0,0,0,0,0,0,0,0,0,0,0,0
ENSMUSG00000068037,1,1,0,1,3,2,1,3,2,3,1,5
ENSMUSG00000022887,0,0,1,0,0,0,1,2,0,1,1,2
ENSMUSG00000028979,0,0,2,1,0,1,2,1,1,2,2,1
ENSMUSG00000053693,0,2,2,1,0,1,1,2,0,0,1,4
ENSMUSG00000003810,37,374,356,268,381,369,428,327,385,498,511,594
ENSMUSG00000031833,3,11,7,6,12,7,23,16,20,22,18,24
ENSMUSG00000034751,8,62,50,44,79,75,65,61,57,60,72,90
ENSMUSG00000026779,0,1,0,0,1,2,2,2,0,1,1,0
ENSMUSG00000037798,0,0,0,0,0,0,0,0,0,0,0,0
ENSMUSG00000053907,22,190,164,141,209,197,185,216,169,229,184,327
ENSMUSG00000042032,11,220,238,191,221,258,256,294,346,245,247,394
ENSMUSG00000004933,2,2,3,0,7,0,5,4,3,3,5,3
ENSMUSG00000040533,0,0,0,0,0,0,0,0,0,0,0,0
ENSMUSG00000022324,1,28,33,16,29,22,28,26,23,37,41,54
ENSMUSG00000016995,0,0,2,0,1,2,0,0,4,1,1,1
ENSMUSG00000037236,26,208,162,134,191,212,225,233,210,228,229,287
ENSMUSG00000031858,5,9,23,5,18,27,30,29,34,25,33,42
ENSMUSG00000037523,12,176,132,113,148,163,141,129,142,160,172,193
ENSMUSG00000059436,13,102,90,62,88,115,116,138,173,123,92,198
ENSMUSG00000030678,19,156,140,117,144,133,195,172,151,196,188,248
ENSMUSG00000018893,2734,74001,70449,48415,66426,66133,49695,50002,53999,59528,64859,81340
ENSMUSG00000032344,1,4,4,1,4,3,3,7,6,4,4,16
ENSMUSG00000051065,3,24,25,22,32,34,40,35,25,31,38,47
ENSMUSG00000024561,11,93,85,65,104,116,106,120,115,125,91,160
ENSMUSG00000024513,25,314,301,189,283,274,342,366,332,404,375,522
ENSMUSG00000035478,22,370,286,232,339,347,304,318,352,399,404,590
ENSMUSG00000030322,0,4,3,5,4,4,6,4,2,1,6,3
ENSMUSG00000036792,0,22,13,19,25,23,29,17,18,17,27,35
ENSMUSG00000025409,11,70,72,49,60,80,88,83,95,71,97,156
ENSMUSG00000021028,1,14,12,15,15,32,21,20,31,26,19,32
ENSMUSG00000049285,0,5,8,4,7,3,6,7,3,4,11,8
ENSMUSG00000051098,1,29,20,12,32,25,35,29,23,12,30,32
ENSMUSG00000027763,45,520,538,363,616,611,598,578,591,456,531,711
ENSMUSG00000022139,47,501,449,351,491,561,653,526,598,539,482,630
ENSMUSG00000036109,0,1,1,0,0,1,1,2,1,0,0,0
ENSMUSG00000038732,0,2,0,3,5,3,2,1,1,1,0,4
ENSMUSG00000020646,0,11,9,9,19,15,14,11,12,14,14,16
ENSMUSG00000071113,0,0,0,0,0,0,1,0,0,0,0,0
ENSMUSG00000035596,6,99,59,80,93,74,111,90,80,112,104,144
ENSMUSG00000041607,0,8,8,4,7,7,4,11,10,11,17,13
ENSMUSG00000059474,6,56,33,24,50,52,50,42,58,29,27,35
ENSMUSG00000031835,4,104,105,64,121,90,96,80,79,72,89,116
ENSMUSG00000074037,1,0,0,0,1,1,2,0,1,1,0,2
ENSMUSG00000045569,0,0,0,0,0,0,0,0,0,0,0,0
ENSMUSG00000032135,16,84,63,39,69,64,72,52,59,64,86,100
ENSMUSG00000048755,16,154,144,99,115,135,153,175,168,192,216,211
ENSMUSG00000071856,3,48,38,31,35,33,42,30,40,50,32,55
ENSMUSG00000027709,14,229,238,168,213,238,222,195,213,248,266,286
ENSMUSG00000021646,2,136,106,88,138,132,81,98,119,101,109,172
ENSMUSG00000033429,22,487,426,306,382,375,373,357,417,394,419,523
ENSMUSG00000013974,0,1,0,0,0,0,6,3,1,1,2,6
ENSMUSG00000031442,49,107,116,92,109,109,134,149,163,238,101,216
ENSMUSG00000024150,20,204,184,143,216,202,213,241,202,260,248,383
ENSMUSG00000050164,0,0,0,0,0,0,0,0,0,0,0,0
ENSMUSG00000038612,57,706,643,486,652,774,934,961,1006,923,992,1345
ENSMUSG00000026669,0,2,0,0,0,1,2,2,2,0,0,2
ENSMUSG00000002870,0,21,11,8,14,24,17,16,10,18,16,33
ENSMUSG00000041859,1,6,10,5,8,13,18,11,11,10,8,21
ENSMUSG00000001150,2,33,39,35,36,40,56,33,32,55,53,60
ENSMUSG00000022673,1,16,8,9,20,13,24,20,20,22,17,30
ENSMUSG00000005410,1,7,5,14,8,13,16,26,10,14,13,22
ENSMUSG00000026355,1,24,14,11,9,20,29,28,31,20,32,60
ENSMUSG00000027353,0,9,9,8,9,10,14,9,10,9,8,15
ENSMUSG00000058298,0,13,11,12,16,16,12,12,14,15,16,16
ENSMUSG00000048170,7,73,75,51,85,74,89,111,79,112,95,106
ENSMUSG00000046101,0,0,1,1,2,2,2,1,1,1,1,0
ENSMUSG00000004567,6,97,72,47,73,83,77,98,102,93,112,127
ENSMUSG00000011008,0,1,1,0,1,0,3,6,0,0,1,9
ENSMUSG00000036853,0,0,0,0,0,0,0,2,0,0,0,0
ENSMUSG00000039842,0,18,15,15,10,20,26,19,21,24,24,19
ENSMUSG00000061068,0,1,4,7,2,3,1,2,2,3,5,8
ENSMUSG00000022157,0,0,0,0,0,0,0,0,0,0,0,0
ENSMUSG00000061111,22,176,179,112,148,181,232,210,230,193,243,333
ENSMUSG00000025732,38,998,829,659,802,821,1014,960,1577,1492,2041,1581
ENSMUSG00000037570,3,109,93,75,98,99,123,132,135,158,142,243
ENSMUSG00000021596,3,4,2,3,4,0,2,3,1,1,1,4
ENSMUSG00000032776,0,0,0,0,0,0,1,0,1,0,0,2
ENSMUSG00000000355,3,113,107,63,109,101,110,97,120,75,93,189
ENSMUSG00000042814,2,50,41,25,41,35,54,52,39,46,50,58
ENSMUSG00000009647,5,50,49,21,52,53,49,53,73,28,42,52
ENSMUSG00000027994,0,7,6,3,9,10,18,20,7,7,14,41
ENSMUSG00000021371,17,257,218,157,240,228,322,264,307,311,308,385
ENSMUSG00000061607,4,10,9,2,9,16,24,17,13,11,11,30
ENSMUSG00000032717,0,4,4,3,3,6,0,3,0,2,2,8
ENSMUSG00000041390,6,33,30,29,47,36,65,53,38,52,53,96
ENSMUSG00000043557,6,47,47,31,43,53,23,32,18,38,45,26
ENSMUSG00000034912,0,0,0,0,0,1,0,4,0,0,2,1
ENSMUSG00000020321,319,7041,6780,4535,6636,6844,5317,6241,6645,6721,7213,9552
ENSMUSG00000025963,0,0,0,0,0,0,0,0,0,0,0,0
ENSMUSG00000019179,177,4353,4080,2851,4061,4157,3319,3651,4131,3565,4048,5534
ENSMUSG00000027239,2,12,13,15,15,13,15,12,11,11,14,23
ENSMUSG00000020212,0,9,8,4,7,9,6,8,6,12,9,11
ENSMUSG00000020184,10,171,145,99,105,147,128,132,140,138,148,178
ENSMUSG00000054387,13,57,41,45,63,56,79,45,71,54,76,99
ENSMUSG00000058006,4,23,19,5,22,16,23,19,11,15,14,23
ENSMUSG00000002329,18,219,199,143,216,205,229,246,230,203,290,350
ENSMUSG00000032418,13,256,220,180,242,254,266,252,242,274,261,369
ENSMUSG00000024556,0,28,16,10,18,22,18,17,19,15,20,25
ENSMUSG00000030621,13,346,323,241,295,318,380,346,450,497,469,566
ENSMUSG00000002768,17,126,124,84,123,111,146,185,161,148,218,275
ENSMUSG00000028863,6,45,23,31,42,42,51,52,37,61,64,72
ENSMUSG00000027684,7,39,37,21,31,30,45,33,34,32,39,33
ENSMUSG00000031393,5,85,99,64,118,107,136,117,167,110,148,157
ENSMUSG00000028910,5,68,69,41,56,64,56,67,61,58,65,82
ENSMUSG00000018160,5,82,60,47,81,84,86,72,65,68,62,111
ENSMUSG00000021598,7,78,81,47,69,67,78,90,97,75,98,143
ENSMUSG00000018923,1,32,19,20,26,23,37,31,30,25,27,52
ENSMUSG00000056476,2,16,12,9,15,13,10,6,6,9,7,20
ENSMUSG00000034297,4,60,49,32,61,51,56,51,82,65,62,88
ENSMUSG00000018076,7,74,61,41,77,66,83,64,62,58,66,86
ENSMUSG00000064127,1,42,49,29,44,41,36,49,50,38,54,61
ENSMUSG00000012114,10,69,60,45,54,46,79,74,105,71,91,122
ENSMUSG00000013833,8,131,104,79,102,108,128,99,107,124,137,165
ENSMUSG00000031935,0,22,23,17,19,20,24,20,32,31,26,32
ENSMUSG00000066042,0,11,7,7,8,11,18,3,8,7,6,20
ENSMUSG00000027080,18,48,41,30,55,54,43,41,50,35,54,60
ENSMUSG00000030291,6,118,81,55,83,92,106,135,101,87,101,190
ENSMUSG00000015776,4,51,53,34,53,55,50,54,62,56,80,76
ENSMUSG00000017210,12,98,90,75,121,101,123,111,114,111,126,149
ENSMUSG00000002968,19,319,293,240,324,306,328,382,323,481,467,531
ENSMUSG00000045248,3,16,17,10,16,28,24,16,38,33,15,41
ENSMUSG00000026799,6,66,39,25,48,46,53,53,50,53,57,66
ENSMUSG00000015804,6,165,185,121,183,210,195,214,214,188,244,299
ENSMUSG00000003444,9,106,76,75,83,81,82,83,88,88,117,134
ENSMUSG00000038622,3,44,50,27,45,38,48,44,54,42,48,62
ENSMUSG00000020801,1,35,39,25,39,49,43,37,48,33,55,69
ENSMUSG00000022109,7,58,46,43,71,56,76,71,85,70,88,103
ENSMUSG00000002679,2,24,25,15,28,26,37,35,36,23,36,61
ENSMUSG00000020397,1,41,42,23,36,50,38,44,52,39,50,83
ENSMUSG00000006392,1,63,62,44,58,62,66,65,69,84,86,109
ENSMUSG00000061650,9,96,82,66,88,79,95,103,116,97,118,138
ENSMUSG00000029659,5,36,41,20,47,31,60,41,51,60,47,84
ENSMUSG00000030557,25,318,291,194,339,337,349,282,319,238,334,364
ENSMUSG00000005583,27,139,171,118,185,170,182,147,161,122,137,187
ENSMUSG00000001419,28,389,354,262,377,391,418,369,369,441,430,515
ENSMUSG00000022534,0,0,0,0,1,0,2,5,1,0,0,13
ENSMUSG00000024593,0,1,3,4,2,1,1,2,0,3,3,2
ENSMUSG00000036466,0,11,5,7,3,5,4,8,10,4,4,9
ENSMUSG00000057751,2,1,3,4,3,6,3,1,5,4,3,2
ENSMUSG00000045039,9,74,76,59,73,77,84,97,73,100,102,134
ENSMUSG00000039270,4,26,29,24,26,25,18,29,26,16,24,36
ENSMUSG00000026650,2,25,19,17,14,20,19,24,25,18,22,52
ENSMUSG00000020332,0,0,0,0,0,0,0,0,0,0,1,0
ENSMUSG00000024155,1,0,0,0,2,0,0,1,0,1,2,3
ENSMUSG00000051455,0,0,0,0,0,0,0,0,1,0,0,0
ENSMUSG00000020160,2,88,77,38,56,76,68,69,69,52,67,97
ENSMUSG00000027210,3,40,46,24,40,50,58,55,45,34,41,58
ENSMUSG00000041420,1,11,12,11,12,14,19,32,13,30,19,26
ENSMUSG00000035683,0,0,0,1,0,0,2,0,0,1,0,4
ENSMUSG00000058704,8,134,116,84,103,134,124,140,129,148,131,199
ENSMUSG00000024947,5,19,19,10,21,17,24,16,23,20,28,32
ENSMUSG00000001493,3,31,27,6,24,31,18,44,29,18,20,43
ENSMUSG00000036144,8,36,27,27,34,48,46,28,37,32,31,52
ENSMUSG00000023914,0,0,0,0,0,0,0,1,0,0,0,0
ENSMUSG00000024313,0,0,0,0,0,0,0,0,0,0,0,0
ENSMUSG00000029726,14,174,131,106,147,172,128,171,160,187,210,211
ENSMUSG00000014361,4,12,17,10,18,18,22,30,37,31,22,35
ENSMUSG00000038503,10,124,93,76,119,116,121,114,148,132,141,197
ENSMUSG00000051855,1,25,12,5,10,4,6,5,8,8,8,8
ENSMUSG00000009376,2,4,1,0,0,4,4,8,2,2,0,4
ENSMUSG00000005813,7,84,95,49,96,87,80,93,110,91,89,128
ENSMUSG00000041921,24,158,165,101,147,145,136,128,136,168,142,161
ENSMUSG00000036112,21,266,252,171,270,274,286,322,287,260,328,419
ENSMUSG00000002274,8,176,124,105,145,109,58,78,70,79,82,91
ENSMUSG00000039208,5,64,44,41,45,47,68,82,56,48,76,117
ENSMUSG00000006732,5,45,38,22,40,49,48,47,65,36,52,64
ENSMUSG00000040113,0,1,2,0,4,1,2,0,0,0,4,0
ENSMUSG00000026694,0,26,35,18,15,19,35,33,21,27,35,51
ENSMUSG00000028114,4,29,37,31,46,30,42,42,48,20,49,49
ENSMUSG00000057234,1,16,12,9,18,19,14,19,17,28,9,19
ENSMUSG00000010554,5,63,62,25,41,52,47,45,36,39,72,63
ENSMUSG00000004561,1,45,55,26,50,34,35,31,34,36,50,54
ENSMUSG00000041396,0,20,7,11,19,13,7,20,13,17,11,19
ENSMUSG00000020691,2,3,4,0,4,2,9,5,3,2,4,8
ENSMUSG00000025956,1,13,11,13,22,23,30,27,27,20,19,28
ENSMUSG00000047343,0,0,0,0,0,0,0,0,0,1,0,0
ENSMUSG00000046828,0,0,0,0,0,0,0,0,0,0,0,0
ENSMUSG00000039345,4,128,117,81,122,109,119,157,132,154,161,209
ENSMUSG00000090266,11,169,126,108,138,138,127,132,141,160,144,230
ENSMUSG00000045555,0,4,3,1,2,1,2,4,7,4,6,1
ENSMUSG00000036009,0,9,15,9,11,12,8,11,21,11,12,8
ENSMUSG00000025731,5,62,54,56,62,58,71,66,78,108,80,117
ENSMUSG00000040557,1,7,5,1,2,2,15,4,4,9,3,16
ENSMUSG00000022160,7,43,27,32,30,39,41,40,64,48,60,57
ENSMUSG00000055660,1,7,4,4,6,4,4,4,7,4,6,6
ENSMUSG00000051730,6,63,58,27,49,59,56,52,69,75,61,92
ENSMUSG00000021891,0,14,19,9,17,19,16,19,9,15,18,31
ENSMUSG00000054619,9,91,105,75,97,87,115,98,139,112,111,163
ENSMUSG00000056487,1,20,22,12,14,24,20,27,29,24,23,42
ENSMUSG00000058057,0,0,0,0,0,0,0,1,0,1,1,0
ENSMUSG00000025347,0,0,1,1,0,1,0,0,0,0,0,0
ENSMUSG00000041975,1,13,22,15,18,14,17,10,9,18,12,28
ENSMUSG00000030876,12,217,213,149,182,257,265,280,238,248,255,398
ENSMUSG00000074480,0,2,2,0,4,1,1,3,1,1,1,2
ENSMUSG00000057706,1,11,4,3,5,3,5,1,1,2,5,1
ENSMUSG00000037253,1,38,28,10,36,19,29,30,26,19,20,41
ENSMUSG00000048696,3,19,12,11,21,12,16,22,15,23,20,23
ENSMUSG00000068479,5,42,47,26,61,66,76,83,99,57,68,98
ENSMUSG00000048222,11,128,131,85,140,153,181,170,242,198,207,277
ENSMUSG00000060572,0,7,7,5,13,13,14,21,7,7,15,37
ENSMUSG00000020522,12,52,37,32,52,52,58,63,62,29,61,49
ENSMUSG00000031647,0,30,19,21,20,21,16,10,18,30,22,32
ENSMUSG00000042436,7,40,48,24,44,34,44,52,28,16,25,51
ENSMUSG00000030116,10,95,98,34,95,67,100,154,69,57,88,231
ENSMUSG00000026150,23,397,369,298,368,359,372,381,382,470,436,585
ENSMUSG00000030605,61,474,433,308,450,462,523,543,557,640,778,786
ENSMUSG00000070056,18,143,129,100,154,143,147,125,124,116,133,165
ENSMUSG00000027668,34,810,627,461,706,706,756,691,808,737,852,989
ENSMUSG00000029020,91,1788,1720,1181,1600,1668,1571,1511,1579,1720,1680,2219
ENSMUSG00000018169,8,45,42,24,37,33,49,47,49,46,44,60
ENSMUSG00000027775,8,77,61,42,51,71,84,66,72,73,89,126
ENSMUSG00000001082,4,32,28,23,28,15,43,39,29,37,39,58
ENSMUSG00000034854,1,29,32,29,26,42,38,40,37,37,41,57
ENSMUSG00000025227,1,16,5,16,11,13,11,14,8,8,9,19
ENSMUSG00000030877,0,0,0,0,0,0,0,0,0,0,1,0
ENSMUSG00000089911,2,30,24,17,30,38,40,38,44,34,31,63
ENSMUSG00000038212,2,41,27,21,32,42,28,26,33,23,34,45
ENSMUSG00000028655,0,0,0,0,0,0,0,0,0,0,0,0
ENSMUSG00000037336,7,9,3,2,2,3,5,2,4,4,2,0
ENSMUSG00000019080,2,30,23,19,24,26,23,21,25,18,26,46
ENSMUSG00000059149,0,8,8,4,6,4,2,7,4,3,1,8
ENSMUSG00000038522,0,11,12,7,11,14,18,12,20,20,23,16
ENSMUSG00000096687,1,10,10,9,8,11,14,14,8,9,11,12
ENSMUSG00000038528,1,0,0,2,2,1,1,1,0,1,1,0
ENSMUSG00000045665,3,91,75,67,79,76,83,87,76,89,96,155
ENSMUSG00000041439,2,54,26,18,47,29,37,38,37,28,35,56
ENSMUSG00000048329,1,0,0,2,1,0,0,0,0,0,0,0
ENSMUSG00000029490,0,8,5,2,0,6,7,5,5,4,3,7
ENSMUSG00000066595,2,8,8,13,8,10,5,10,15,10,6,10
ENSMUSG00000034258,1,13,10,9,11,9,11,15,26,13,12,8
ENSMUSG00000025759,1,39,36,16,26,43,34,33,39,32,30,48
ENSMUSG00000041945,0,5,0,3,1,2,4,2,3,2,1,4
ENSMUSG00000033943,11,47,55,38,59,86,67,71,73,43,63,84
ENSMUSG00000068587,0,1,1,0,1,0,0,0,0,0,0,1
ENSMUSG00000037161,0,1,0,0,0,0,1,0,1,0,1,0
ENSMUSG00000020346,21,196,155,111,174,135,183,188,176,185,198,291
ENSMUSG00000043998,5,49,53,29,48,43,44,66,61,67,54,90
ENSMUSG00000042428,0,4,4,5,6,7,10,13,3,4,8,4
ENSMUSG00000026110,4,46,16,27,32,26,31,36,37,22,29,41
ENSMUSG00000036620,14,235,178,138,175,157,209,214,250,261,243,297
ENSMUSG00000019888,1,0,0,0,0,0,0,0,0,0,0,0
ENSMUSG00000036155,3,50,41,19,43,36,45,40,33,21,45,51
ENSMUSG00000043857,0,0,1,0,0,0,0,0,0,0,0,0
ENSMUSG00000025220,31,298,294,189,304,324,293,322,387,345,375,396
ENSMUSG00000040950,3,43,33,31,37,29,39,24,20,25,26,85
ENSMUSG00000033174,162,550,457,295,647,500,465,419,501,381,426,561
ENSMUSG00000027424,4,29,36,20,38,38,24,24,39,47,31,61
ENSMUSG00000054612,2,60,69,30,68,63,44,54,73,66,70,76
ENSMUSG00000030218,77,718,663,694,838,1000,1280,1504,1509,1471,1572,3154
ENSMUSG00000022517,21,546,490,406,540,532,577,526,685,623,651,756
ENSMUSG00000008540,10,208,182,98,150,186,311,297,249,277,219,451
ENSMUSG00000074604,0,0,0,0,1,2,0,3,3,1,2,3
ENSMUSG00000026688,62,1532,1350,1021,1286,1470,1454,1569,1870,1615,1882,2342
ENSMUSG00000056050,4,117,135,75,136,169,149,151,157,138,156,190
ENSMUSG00000024294,9,55,57,29,57,57,72,59,77,64,54,111
ENSMUSG00000029060,11,68,69,39,63,71,72,72,66,82,111,110
ENSMUSG00000019823,4,47,34,25,43,38,57,56,51,55,53,78
ENSMUSG00000038244,12,114,108,91,153,113,152,119,132,125,144,160
ENSMUSG00000051586,13,120,110,56,153,103,128,132,112,91,118,161
ENSMUSG00000033039,8,126,121,69,90,109,131,118,107,122,116,162
ENSMUSG00000036718,2,10,4,5,9,14,9,9,14,3,11,13
ENSMUSG00000020111,7,59,43,48,49,39,65,58,60,60,77,80
ENSMUSG00000021973,25,342,307,210,299,306,387,346,315,314,354,502
ENSMUSG00000039478,3,27,19,11,23,27,20,29,22,29,24,41
ENSMUSG00000035299,0,2,1,3,4,6,4,5,5,3,4,4
ENSMUSG00000008035,17,281,393,330,252,351,335,395,412,394,347,783
ENSMUSG00000000266,0,47,41,21,52,50,55,33,40,39,38,51
ENSMUSG00000035621,18,203,232,215,187,268,228,276,323,239,238,495
ENSMUSG00000022412,7,69,63,48,83,62,69,68,51,65,55,106
ENSMUSG00000018599,6,86,74,50,86,90,82,61,75,82,73,103
ENSMUSG00000002580,19,285,224,185,217,220,213,238,206,247,257,345
ENSMUSG00000028522,4,74,62,32,70,53,92,61,84,56,57,89
ENSMUSG00000042570,2,32,38,32,42,36,44,36,40,39,65,57
ENSMUSG00000032727,1,21,14,9,23,24,21,19,26,27,17,29
ENSMUSG00000033307,32,539,479,419,476,425,496,583,537,622,710,873
ENSMUSG00000020743,8,155,132,102,136,138,142,140,133,142,124,175
ENSMUSG00000054942,2,29,33,23,22,35,36,27,33,30,33,45
ENSMUSG00000029022,12,52,44,43,34,42,46,54,47,58,44,75
ENSMUSG00000040987,0,3,5,1,5,1,5,11,5,4,8,13
ENSMUSG00000040528,0,5,6,2,3,3,16,24,8,10,7,33
ENSMUSG00000038712,5,66,53,44,66,78,77,87,109,76,86,102
ENSMUSG00000042444,10,153,142,90,162,173,171,124,159,131,163,180
ENSMUSG00000026767,5,39,24,16,14,29,28,37,40,38,23,53
ENSMUSG00000038022,3,12,11,7,10,11,17,7,19,14,25,23
ENSMUSG00000101860,0,2,0,1,2,2,0,0,0,0,1,0
ENSMUSG00000020827,14,84,76,61,82,72,75,77,72,109,98,128
ENSMUSG00000050608,78,1920,1650,1195,1464,1700,1410,1787,1709,1944,2091,2674
ENSMUSG00000024896,2,28,24,22,25,33,33,37,33,25,22,38
ENSMUSG00000042447,5,68,57,39,53,69,70,86,67,69,74,96
ENSMUSG00000022613,0,1,0,0,0,0,0,0,0,0,0,0
ENSMUSG00000021993,10,213,212,142,199,227,197,207,268,218,273,285
ENSMUSG00000040599,1,17,25,22,26,17,30,21,16,15,16,34
ENSMUSG00000022978,1,9,8,3,11,14,8,11,7,10,10,17
ENSMUSG00000047534,0,1,1,0,0,0,0,2,1,0,1,1
ENSMUSG00000035852,1,0,2,0,2,0,1,3,1,2,1,2
ENSMUSG00000026088,0,9,10,5,7,14,25,28,15,19,13,35
ENSMUSG00000035158,7,167,149,103,175,194,186,150,191,157,195,218
ENSMUSG00000026497,0,0,0,0,0,0,0,0,0,0,0,0
ENSMUSG00000031004,2,3,5,2,5,3,19,15,7,12,6,19
ENSMUSG00000027274,24,303,275,192,287,311,283,289,350,300,348,465
ENSMUSG00000042292,3,37,24,17,39,29,32,26,30,27,50,69
ENSMUSG00000009569,6,61,54,40,72,58,85,61,88,82,68,109
ENSMUSG00000025609,24,212,194,144,200,240,228,213,243,182,217,280
ENSMUSG00000028708,5,61,57,29,66,61,63,72,68,66,67,89
ENSMUSG00000020190,35,553,530,347,491,572,786,630,942,613,724,1001
ENSMUSG00000029922,52,180,158,69,148,102,146,144,179,131,171,239
ENSMUSG00000000439,10,132,146,99,145,136,194,149,180,169,194,211
ENSMUSG00000068011,0,8,8,7,6,8,8,10,5,6,4,12
ENSMUSG00000070527,0,2,3,2,2,0,2,2,1,2,0,0
ENSMUSG00000034121,0,8,6,5,9,9,10,18,16,7,9,11
ENSMUSG00000061013,0,0,0,0,1,0,0,0,0,0,0,1
ENSMUSG00000024806,0,0,0,0,0,0,0,0,1,1,2,3
ENSMUSG00000035805,0,0,0,0,0,0,1,0,0,0,0,0
ENSMUSG00000048578,20,171,130,88,161,131,169,140,85,119,169,219
ENSMUSG00000048416,33,615,583,455,505,597,416,494,602,494,453,727
ENSMUSG00000030120,28,473,464,317,467,510,429,534,517,502,563,744
ENSMUSG00000032498,3,32,27,13,23,30,25,35,34,44,23,54
ENSMUSG00000021245,1,27,17,14,19,24,22,23,20,22,20,29
ENSMUSG00000032355,24,409,407,297,387,446,491,415,520,440,461,618
ENSMUSG00000012519,1,9,6,5,7,7,16,30,8,13,12,52
ENSMUSG00000024212,6,60,58,43,54,73,69,47,61,49,72,81
ENSMUSG00000026743,3,30,34,31,44,40,45,33,30,38,25,41
ENSMUSG00000053192,4,34,35,22,39,37,47,47,37,40,27,69
ENSMUSG00000028496,2,31,28,28,32,28,41,48,40,41,37,59
ENSMUSG00000038437,33,279,196,169,232,242,303,222,292,262,302,444
ENSMUSG00000026303,0,2,0,2,1,2,3,3,2,0,2,3
ENSMUSG00000024142,2,34,22,19,23,36,39,23,25,43,28,45
ENSMUSG00000017801,7,77,44,39,39,65,92,66,72,75,98,112
ENSMUSG00000038342,7,80,79,53,86,80,86,91,90,92,102,112
ENSMUSG00000005373,11,99,91,49,68,57,57,50,82,66,72,79
ENSMUSG00000074064,29,441,408,285,511,443,538,520,573,611,487,645
ENSMUSG00000037022,10,158,152,109,122,146,118,109,115,153,168,195
ENSMUSG00000029575,3,91,91,55,73,88,80,60,72,67,78,96
ENSMUSG00000028690,5,147,113,92,150,149,147,115,114,134,140,195
ENSMUSG00000026766,19,315,272,180,257,263,305,284,299,268,247,393
ENSMUSG00000039533,0,0,0,0,0,0,0,1,0,0,0,1
ENSMUSG00000027820,0,22,8,20,15,12,16,12,14,17,10,15
ENSMUSG00000058183,1,0,1,0,0,0,0,0,0,1,2,1
ENSMUSG00000061273,9,114,127,88,94,110,117,94,95,108,137,155
ENSMUSG00000048497,2,12,11,4,15,16,21,15,14,6,7,13
ENSMUSG00000047562,0,0,0,0,0,0,1,0,0,0,0,0
ENSMUSG00000000901,5,34,36,18,40,34,47,45,38,21,54,49
ENSMUSG00000049723,0,4,3,0,0,4,6,15,4,2,1,13
ENSMUSG00000050578,1,4,2,0,1,3,4,2,3,1,2,9
ENSMUSG00000000957,4,38,24,9,45,33,79,77,38,33,51,70
ENSMUSG00000031790,27,292,279,221,283,248,184,182,164,207,225,292
ENSMUSG00000028226,0,1,1,0,2,1,0,0,2,1,1,0
ENSMUSG00000029436,2,7,10,12,6,7,4,9,7,15,8,11
ENSMUSG00000025355,3,11,11,5,13,2,11,28,12,11,10,46
ENSMUSG00000031740,14,187,171,116,190,171,200,219,200,223,210,320
ENSMUSG00000029061,4,32,28,36,39,38,38,59,33,47,53,91
ENSMUSG00000027612,0,2,1,0,0,1,0,2,1,2,2,2
ENSMUSG00000023903,0,2,0,1,0,0,0,0,0,0,0,1
ENSMUSG00000070323,1,2,0,0,0,0,1,2,1,3,0,3
ENSMUSG00000020682,0,0,1,0,0,0,2,0,5,1,2,1
ENSMUSG00000043613,5,12,5,6,11,7,71,65,14,23,28,68
ENSMUSG00000005800,0,0,3,0,1,2,3,4,2,1,1,5
ENSMUSG00000017737,0,5,4,1,4,3,0,3,6,7,4,6
ENSMUSG00000054641,2,18,6,7,16,22,22,21,19,25,31,20
ENSMUSG00000041445,54,191,215,142,187,183,253,163,191,198,245,279
ENSMUSG00000025159,17,47,70,37,57,63,74,68,86,69,85,93
ENSMUSG00000045751,1,4,0,0,0,2,4,2,0,2,1,2
ENSMUSG00000070576,2,40,49,30,37,45,35,44,37,35,41,61
ENSMUSG00000021103,2,47,41,25,38,41,57,63,61,42,56,91
ENSMUSG00000033752,0,4,3,3,9,3,11,9,4,5,2,6
ENSMUSG00000090272,9,45,46,24,48,42,67,101,52,52,81,141
ENSMUSG00000032221,0,0,0,2,5,0,2,8,0,2,0,6
ENSMUSG00000000282,7,31,30,32,41,40,57,39,49,45,62,73
ENSMUSG00000043131,6,70,55,38,51,76,74,67,53,70,72,92
ENSMUSG00000006262,12,66,67,47,52,54,102,64,71,66,86,90
ENSMUSG00000025147,13,155,158,108,159,153,130,158,205,179,180,225
ENSMUSG00000003348,6,21,18,9,16,18,23,30,13,23,17,46
ENSMUSG00000073910,1,4,2,2,1,6,2,2,1,3,1,6
ENSMUSG00000028709,6,10,7,7,5,16,12,11,19,10,6,21
ENSMUSG00000025979,19,171,153,98,128,141,161,158,175,143,189,233
ENSMUSG00000032517,0,0,0,0,0,0,0,0,1,0,0,1
ENSMUSG00000039616,4,18,14,12,17,14,23,19,27,22,32,42
ENSMUSG00000064120,4,43,31,33,38,35,56,64,65,58,71,64
ENSMUSG00000015536,11,84,100,66,72,89,85,77,72,97,101,139
ENSMUSG00000074576,1,27,25,20,19,26,37,28,32,28,31,45
ENSMUSG00000076439,0,0,0,0,0,0,1,0,0,0,0,0
ENSMUSG00000012187,0,0,0,0,0,0,1,0,0,0,0,0
ENSMUSG00000052396,0,0,1,0,0,0,0,0,0,0,1,0
ENSMUSG00000030036,2,35,29,21,27,20,32,36,33,19,45,56
ENSMUSG00000056458,1,4,2,2,2,6,2,5,6,6,5,3
ENSMUSG00000032583,7,39,45,45,37,44,50,36,58,57,54,74
ENSMUSG00000078908,2,13,11,8,23,14,17,16,10,14,19,20
ENSMUSG00000034602,5,92,87,69,112,94,114,100,105,120,109,145
ENSMUSG00000034543,7,47,27,22,33,36,34,39,48,26,51,62
ENSMUSG00000048602,1,1,0,2,2,1,3,3,0,0,1,2
ENSMUSG00000039456,2,28,31,18,30,29,33,39,28,33,25,45
ENSMUSG00000031434,0,8,8,7,9,13,8,5,12,11,12,12
ENSMUSG00000062270,12,290,264,181,283,307,426,383,449,371,451,535
ENSMUSG00000031422,7,71,73,38,90,99,97,93,82,73,111,132
ENSMUSG00000029049,1,2,3,3,2,7,5,6,4,10,6,7
ENSMUSG00000045257,2,59,37,33,56,49,52,71,53,62,75,86
ENSMUSG00000029477,0,2,1,2,3,1,2,3,0,3,1,4
ENSMUSG00000049670,0,11,6,3,11,7,2,3,7,8,7,2
ENSMUSG00000026894,0,0,0,0,0,0,0,0,1,0,1,0
ENSMUSG00000078365,0,0,0,0,0,0,1,0,2,0,0,0
ENSMUSG00000023074,8,120,97,52,111,105,135,130,167,96,122,137
ENSMUSG00000061778,3,20,16,12,23,15,27,20,16,26,16,27
ENSMUSG00000037221,2,65,53,37,59,48,54,79,45,66,57,94
ENSMUSG00000002227,5,36,15,23,22,20,47,59,34,24,55,89
ENSMUSG00000015365,13,281,283,199,258,320,303,368,367,377,332,594
ENSMUSG00000020000,0,0,0,2,3,0,1,0,0,2,0,3
ENSMUSG00000023861,78,1441,1305,877,1225,1304,1311,1413,1654,1646,2021,2274
ENSMUSG00000026568,115,2609,2280,1625,2045,2141,1539,1969,2171,2417,2146,2929
ENSMUSG00000018761,4,56,46,31,41,52,71,69,62,50,65,113
ENSMUSG00000028402,5,84,83,59,75,89,72,87,82,88,79,106
ENSMUSG00000046805,7,41,30,19,31,33,137,247,60,58,74,330
ENSMUSG00000020287,7,47,46,19,32,46,47,60,55,43,51,80
ENSMUSG00000030521,3,26,29,10,28,25,42,29,30,27,21,40
ENSMUSG00000031843,1,25,24,11,19,27,29,27,24,19,18,31
ENSMUSG00000079184,13,69,110,46,87,108,116,103,115,83,104,94
ENSMUSG00000038126,1,17,18,17,16,16,18,12,17,10,17,29
ENSMUSG00000032306,18,337,326,212,275,307,292,329,382,317,306,482
ENSMUSG00000006389,3,0,4,0,1,0,2,1,1,0,0,0
ENSMUSG00000012429,2,21,15,6,21,19,22,18,31,19,21,28
ENSMUSG00000003199,18,215,184,131,156,168,169,181,191,204,228,312
ENSMUSG00000009350,0,0,0,0,0,0,0,0,0,0,1,0
ENSMUSG00000031402,6,46,45,21,40,32,41,69,47,38,53,101
ENSMUSG00000017314,0,8,11,4,8,9,12,7,11,6,19,16
ENSMUSG00000052373,6,11,8,2,9,8,5,6,2,7,5,7
ENSMUSG00000079550,0,0,2,2,0,0,0,0,0,0,2,0
ENSMUSG00000021112,9,50,36,32,42,63,70,47,57,42,57,71
ENSMUSG00000038388,9,142,137,93,116,116,180,158,149,176,173,246
ENSMUSG00000057440,1,13,11,8,7,11,11,5,6,10,10,5
ENSMUSG00000062526,0,0,0,2,7,1,4,5,2,4,5,3
ENSMUSG00000016386,4,79,60,37,81,77,53,37,63,43,53,65
ENSMUSG00000005417,57,419,387,260,382,343,412,345,302,436,473,575
ENSMUSG00000071711,4,104,107,70,91,110,97,88,108,103,113,156
ENSMUSG00000022679,1,11,4,2,9,9,7,2,1,7,8,11
ENSMUSG00000035559,2,46,46,26,40,40,66,54,60,66,73,96
ENSMUSG00000056569,0,1,0,1,1,2,0,0,0,2,1,5
ENSMUSG00000026566,2,31,22,20,41,30,33,25,24,25,42,40
ENSMUSG00000032092,0,1,0,0,0,0,0,0,0,0,0,0
ENSMUSG00000070305,0,7,2,2,3,2,4,4,0,1,4,5
ENSMUSG00000026471,1,35,25,22,18,23,29,39,33,36,44,41
ENSMUSG00000039956,4,46,28,29,40,48,32,36,55,46,46,57
ENSMUSG00000042761,1,0,1,0,0,0,0,0,0,0,0,0
ENSMUSG00000032470,4,16,21,6,18,13,13,16,21,16,22,20
ENSMUSG00000026712,6,35,44,24,50,31,63,51,47,40,48,75
ENSMUSG00000020695,3,23,25,23,41,29,26,39,19,38,36,67
ENSMUSG00000031928,2,23,19,11,15,18,8,20,15,25,19,28
ENSMUSG00000039395,1,23,16,15,17,14,25,25,39,22,14,39
ENSMUSG00000055302,48,720,675,474,694,684,640,740,669,679,775,1069
ENSMUSG00000027569,3,43,39,26,53,47,40,49,50,61,36,64
ENSMUSG00000093973,0,0,0,0,0,0,0,0,0,0,0,1
ENSMUSG00000096719,0,1,0,0,0,0,0,0,0,0,0,1
ENSMUSG00000052303,0,0,0,0,0,0,0,0,0,0,0,0
ENSMUSG00000070547,0,0,2,0,0,0,0,0,0,0,1,1
ENSMUSG00000050425,0,0,0,0,0,0,0,0,0,0,1,0
ENSMUSG00000048965,1,10,11,2,7,9,6,7,8,13,8,11
ENSMUSG00000031070,1,9,9,4,14,12,8,8,9,8,20,14
ENSMUSG00000059408,0,4,2,2,5,3,0,3,1,0,5,5
ENSMUSG00000074109,0,0,0,0,0,0,0,0,0,1,0,0
ENSMUSG00000004996,7,67,59,38,55,70,109,97,109,92,125,114
ENSMUSG00000019933,0,5,3,4,8,1,4,1,4,6,6,3
ENSMUSG00000018405,3,51,46,35,49,35,28,35,46,44,37,57
ENSMUSG00000029557,2,43,33,42,37,44,32,38,51,57,45,63
ENSMUSG00000038046,2,67,50,51,58,61,48,45,52,72,83,80
ENSMUSG00000020381,1,8,3,6,10,11,9,13,10,2,6,16
ENSMUSG00000064036,0,0,0,0,0,0,0,0,0,0,0,0
ENSMUSG00000022558,11,87,115,69,86,98,135,124,127,149,143,177
ENSMUSG00000079429,0,1,2,2,4,4,4,3,4,1,2,1
ENSMUSG00000087230,0,0,0,0,0,0,0,0,0,0,0,1
ENSMUSG00000072487,0,0,0,0,0,0,0,0,1,0,0,0
ENSMUSG00000047502,0,0,1,0,0,1,0,0,0,0,1,1
ENSMUSG00000074627,0,0,1,0,1,0,0,0,0,1,0,1
ENSMUSG00000029486,16,127,111,80,102,109,206,137,278,137,216,198
ENSMUSG00000001445,12,192,185,131,191,160,187,183,181,192,202,264
ENSMUSG00000024902,14,256,231,167,247,271,280,276,332,273,394,426
ENSMUSG00000039640,40,788,736,486,663,707,539,658,594,613,705,933
ENSMUSG00000022370,14,348,342,236,345,319,337,412,352,374,404,553
ENSMUSG00000023939,35,605,615,431,556,605,516,625,593,735,795,962
ENSMUSG00000033845,12,400,359,241,402,392,417,396,419,431,491,594
ENSMUSG00000024683,10,176,185,157,196,197,152,167,216,168,203,259
ENSMUSG00000030879,17,272,252,203,210,262,312,322,351,340,345,423
ENSMUSG00000057388,23,463,380,286,422,421,371,367,428,410,457,628
ENSMUSG00000030045,6,129,121,68,119,89,83,82,81,101,93,124
ENSMUSG00000002767,17,371,358,232,301,321,397,392,419,325,432,520
ENSMUSG00000029066,14,235,181,148,197,208,199,253,202,178,203,362
ENSMUSG00000024829,7,220,213,135,230,200,205,217,216,255,274,360
ENSMUSG00000020514,3,100,102,66,97,95,97,91,109,81,95,150
ENSMUSG00000037772,18,267,219,174,231,222,272,289,293,366,444,451
ENSMUSG00000019710,30,307,289,227,257,275,298,304,341,352,391,504
ENSMUSG00000024414,11,173,142,104,124,166,229,223,298,278,382,385
ENSMUSG00000024181,37,614,581,399,572,509,351,424,427,519,526,688
ENSMUSG00000032563,17,294,273,203,259,275,212,221,255,250,224,319
ENSMUSG00000026087,67,1309,1109,859,1083,1063,1037,1143,1212,1379,1470,1818
ENSMUSG00000015672,18,151,162,92,148,145,143,160,213,184,174,215
ENSMUSG00000106918,42,713,707,446,608,681,788,856,896,926,1182,1399
ENSMUSG00000034880,18,502,403,301,401,410,327,378,472,382,513,611
ENSMUSG00000052962,10,192,166,127,189,186,196,193,192,160,172,272
ENSMUSG00000021607,9,202,186,115,191,178,170,208,210,192,249,294
ENSMUSG00000028622,18,355,315,236,296,264,269,280,315,331,342,398
ENSMUSG00000020775,12,311,301,218,276,267,238,290,274,292,298,388
ENSMUSG00000022889,7,227,194,205,203,200,191,223,248,246,254,370
ENSMUSG00000003299,22,544,434,356,416,435,358,367,395,470,449,611
ENSMUSG00000022706,9,149,157,121,159,166,184,198,176,201,263,311
ENSMUSG00000036850,8,366,354,212,273,309,277,248,259,328,281,409
ENSMUSG00000062981,69,1364,1293,878,1205,1194,1066,1228,1363,1305,1573,1884
ENSMUSG00000025208,19,205,189,142,227,218,198,223,241,202,230,288
ENSMUSG00000026248,13,177,170,109,154,154,113,162,158,173,193,240
ENSMUSG00000018882,12,265,215,174,247,244,206,231,255,242,289,337
ENSMUSG00000030612,9,158,134,103,143,159,100,131,157,180,169,206
ENSMUSG00000037531,5,141,89,60,98,107,139,132,176,134,142,217
ENSMUSG00000030706,13,210,180,142,194,176,195,238,198,243,250,320
ENSMUSG00000007338,11,141,137,82,127,125,103,123,114,132,115,164
ENSMUSG00000044018,9,162,122,103,172,140,136,134,142,120,140,222
ENSMUSG00000030335,48,844,683,538,684,704,777,797,933,914,1067,1337
ENSMUSG00000010406,36,451,398,295,405,400,438,601,468,544,568,844
ENSMUSG00000034932,28,433,393,287,337,342,369,445,430,464,599,707
ENSMUSG00000036860,24,564,485,398,450,475,603,547,729,658,864,893
ENSMUSG00000021967,17,280,219,159,215,241,222,262,292,239,305,378
ENSMUSG00000018858,12,293,291,223,277,287,321,323,390,423,517,474
ENSMUSG00000028140,10,143,145,88,129,136,133,129,154,152,166,175
ENSMUSG00000034729,4,80,75,48,68,97,104,131,130,118,132,162
ENSMUSG00000030611,12,148,132,92,135,150,147,151,204,202,246,230
ENSMUSG00000045948,12,235,223,147,214,210,176,223,217,198,254,308
ENSMUSG00000058267,14,289,259,188,229,244,205,284,241,214,262,365
ENSMUSG00000028861,18,419,324,268,376,345,355,407,430,449,509,660
ENSMUSG00000049960,15,394,353,242,323,354,324,350,377,346,438,530
ENSMUSG00000034211,10,187,180,120,200,201,140,158,194,168,169,275
ENSMUSG00000023967,25,477,450,279,396,411,511,518,672,532,849,767
ENSMUSG00000024436,7,85,75,64,71,73,84,110,104,112,110,163
ENSMUSG00000016833,5,123,93,75,96,99,123,125,124,113,118,181
ENSMUSG00000035772,4,66,84,54,92,57,74,63,84,70,72,102
ENSMUSG00000054312,23,487,502,427,468,512,488,518,563,604,774,827
ENSMUSG00000032459,4,77,59,60,70,77,56,71,75,66,73,113
ENSMUSG00000023723,14,334,313,221,312,321,297,308,295,305,344,425
ENSMUSG00000014551,11,189,172,105,170,166,139,162,199,200,232,292
ENSMUSG00000037740,16,231,212,162,186,192,187,228,251,287,271,335
ENSMUSG00000041632,8,181,148,111,187,182,131,132,130,136,164,214
ENSMUSG00000040269,10,351,338,250,299,291,301,298,350,360,345,449
ENSMUSG00000021731,14,161,177,96,162,167,186,220,187,217,232,258
ENSMUSG00000031533,2,103,104,62,111,106,106,101,144,89,96,160
ENSMUSG00000029918,14,206,154,114,171,154,147,153,176,182,177,255
ENSMUSG00000040112,14,342,330,207,272,291,297,320,359,292,337,428
ENSMUSG00000061474,13,303,241,182,241,268,213,262,264,235,278,365
ENSMUSG00000027374,8,129,110,72,114,112,141,115,120,126,152,151
ENSMUSG00000046756,23,374,356,245,324,346,349,431,390,376,436,554
ENSMUSG00000060679,7,264,231,164,239,200,186,192,210,194,221,313
ENSMUSG00000026887,6,142,104,85,112,116,135,139,115,150,147,188
ENSMUSG00000021339,4,124,139,84,140,114,111,114,101,106,137,159
ENSMUSG00000028741,2,86,63,57,84,72,92,104,101,107,144,187
ENSMUSG00000005611,6,24,16,15,34,34,25,19,28,32,33,32
ENSMUSG00000024673,0,1,4,4,3,2,1,1,2,2,3,5
ENSMUSG00000099398,1,1,0,3,3,1,3,6,2,2,5,4
ENSMUSG00000067571,0,0,0,0,0,0,1,0,0,0,0,0
ENSMUSG00000094584,0,0,0,0,0,0,1,0,0,0,0,1
ENSMUSG00000024680,0,0,0,0,0,0,0,0,1,0,0,0
ENSMUSG00000101389,0,0,0,0,0,0,2,1,0,2,0,0
ENSMUSG00000056290,0,2,5,1,1,5,18,19,18,13,10,21
ENSMUSG00000024675,1,7,2,5,13,8,43,149,19,20,8,164
ENSMUSG00000024678,3,32,34,26,47,30,54,69,65,47,47,119
ENSMUSG00000024677,2,19,15,10,11,19,71,129,41,35,27,132
ENSMUSG00000079419,0,11,12,15,13,13,72,138,57,34,13,141
ENSMUSG00000024679,2,16,14,11,12,7,49,129,35,45,31,174
ENSMUSG00000024672,1,11,19,9,11,7,68,112,43,35,29,101
ENSMUSG00000024730,1,1,1,0,4,0,3,10,5,2,0,10
ENSMUSG00000051246,0,1,5,0,7,2,0,2,1,2,3,2
ENSMUSG00000042138,3,14,18,9,17,14,12,21,9,19,11,21
ENSMUSG00000039693,3,32,38,17,35,24,29,27,43,31,32,59
ENSMUSG00000041124,4,91,75,55,94,88,85,72,68,59,64,101
ENSMUSG00000025930,0,6,12,4,5,9,11,2,13,6,7,11
ENSMUSG00000024151,5,53,56,30,48,68,66,46,62,67,74,84
ENSMUSG00000014850,0,28,29,18,30,28,28,38,23,21,19,30
ENSMUSG00000005493,0,0,0,0,0,1,0,1,3,1,1,1
ENSMUSG00000007035,3,3,2,3,1,0,3,4,2,0,5,8
ENSMUSG00000005370,2,17,19,16,26,23,20,28,20,23,14,25
ENSMUSG00000054256,0,0,1,1,1,1,3,0,6,0,0,0
ENSMUSG00000069769,16,382,330,250,332,397,390,362,357,389,381,533
ENSMUSG00000052915,24,332,299,191,320,296,307,307,271,237,327,428
ENSMUSG00000066415,4,57,57,53,60,55,63,70,85,37,50,73
ENSMUSG00000031358,6,114,113,75,117,97,112,102,108,110,105,140
ENSMUSG00000047669,0,3,4,7,7,3,1,8,7,6,1,8
ENSMUSG00000063011,0,13,10,13,10,7,3,4,3,7,10,15
ENSMUSG00000041062,0,0,0,0,0,1,0,0,0,0,1,1
ENSMUSG00000031604,2,22,25,11,22,21,25,25,19,19,21,29
ENSMUSG00000078719,1,2,4,2,0,1,3,4,2,2,2,5
ENSMUSG00000031207,48,347,332,217,316,340,591,509,368,351,378,707
ENSMUSG00000025044,1,7,11,9,7,8,35,38,12,15,14,48
ENSMUSG00000054733,11,158,173,94,128,130,121,120,119,130,159,206
ENSMUSG00000075705,51,764,726,619,853,801,719,891,876,850,816,1554
ENSMUSG00000023094,11,173,174,104,204,185,161,180,179,164,190,221
ENSMUSG00000051236,10,198,187,151,212,241,201,152,185,201,159,242
ENSMUSG00000021815,2,4,0,2,6,5,5,4,5,1,2,6
ENSMUSG00000032591,0,2,0,0,0,0,0,0,0,0,0,0
ENSMUSG00000032584,1,4,5,2,3,4,4,6,8,6,3,8
ENSMUSG00000026100,0,0,0,0,0,0,0,0,0,0,0,1
ENSMUSG00000068922,3,43,35,28,39,40,54,70,57,62,49,73
ENSMUSG00000048450,3,18,16,11,21,11,12,5,11,9,12,27
ENSMUSG00000021469,0,1,0,0,2,0,2,0,3,1,0,4
ENSMUSG00000025469,0,0,0,0,0,0,0,0,0,0,0,0
ENSMUSG00000064358,44801,147323,133366,89457,142009,142135,117840,120804,147814,88402,100903,172632
ENSMUSG00000064370,93040,302654,264141,195016,280799,282667,231403,225710,261448,207049,194478,319016
ENSMUSG00000064367,6525,20384,17688,14168,20134,22310,19976,17118,19986,15275,12777,23532
ENSMUSG00000064368,14797,43621,38055,28700,42252,44180,38591,32870,38999,35412,31334,43305
ENSMUSG00000031765,158,2173,1870,2027,1976,2047,5190,5335,5677,5868,4212,10556
ENSMUSG00000031762,30,298,270,277,352,272,1342,1730,1374,980,715,3782
ENSMUSG00000031760,0,10,11,3,8,11,7,5,9,7,9,12
ENSMUSG00000031757,0,0,0,0,0,0,0,0,1,0,0,0
ENSMUSG00000021144,16,264,263,124,234,210,249,267,259,267,289,381
ENSMUSG00000071646,7,120,92,63,77,97,113,124,110,90,102,151
ENSMUSG00000055817,3,34,30,17,20,38,38,32,33,51,31,45
ENSMUSG00000062937,6,93,68,42,74,60,87,90,83,76,68,108
ENSMUSG00000022369,0,3,1,2,3,6,5,2,3,2,4,3
ENSMUSG00000024012,63,541,454,323,478,471,411,456,409,488,574,680
ENSMUSG00000027282,18,234,235,169,222,252,244,264,253,223,295,370
ENSMUSG00000052105,0,12,8,7,12,13,10,8,12,1,8,9
ENSMUSG00000031200,0,0,0,1,2,0,0,1,2,0,0,2
ENSMUSG00000022255,14,95,78,42,116,106,95,112,86,71,108,113
ENSMUSG00000040429,2,4,6,3,2,0,5,2,2,3,1,7
ENSMUSG00000053178,0,0,3,3,2,1,2,1,6,3,2,4
ENSMUSG00000049038,1,63,46,32,44,36,41,40,50,38,45,56
ENSMUSG00000021519,2,55,60,36,56,54,65,39,65,49,62,62
ENSMUSG00000026273,1,47,47,29,39,54,46,38,49,41,54,55
ENSMUSG00000028890,5,38,29,22,55,38,48,35,33,42,47,58
ENSMUSG00000029267,2,22,16,10,17,18,22,33,20,16,20,33
ENSMUSG00000059183,0,14,18,11,21,19,19,15,24,13,19,15
ENSMUSG00000004748,23,705,557,437,561,550,343,373,374,448,519,664
ENSMUSG00000027601,4,90,77,66,84,91,84,85,62,70,77,113
ENSMUSG00000046671,38,498,439,310,464,430,423,432,469,456,558,706
ENSMUSG00000019992,1,1,0,0,0,0,1,1,0,2,0,1
ENSMUSG00000039018,3,70,68,43,63,56,77,67,88,65,81,94
ENSMUSG00000039069,7,108,75,65,92,90,86,118,106,104,126,159
ENSMUSG00000021048,4,71,62,34,77,77,49,73,72,76,83,103
ENSMUSG00000040675,0,2,8,6,2,0,0,2,9,6,2,13
ENSMUSG00000005667,1,16,14,4,8,9,23,33,41,28,47,50
ENSMUSG00000029376,1,9,17,12,20,15,18,13,17,18,9,17
ENSMUSG00000029009,2,32,25,15,20,23,41,49,39,33,31,61
ENSMUSG00000031816,2,32,24,17,36,28,34,25,28,32,30,43
ENSMUSG00000079427,2,28,48,16,31,33,37,43,43,41,29,55
ENSMUSG00000020459,3,61,54,33,54,69,43,46,33,46,41,48
ENSMUSG00000016510,0,61,50,41,57,58,61,44,73,57,54,80
ENSMUSG00000031337,5,54,23,28,43,39,48,38,43,49,44,57
ENSMUSG00000015214,6,50,53,36,49,57,75,63,81,68,64,82
ENSMUSG00000030522,9,37,37,35,56,56,55,59,48,71,47,85
ENSMUSG00000045934,1,17,8,11,15,9,15,13,9,21,14,25
ENSMUSG00000039458,1,16,16,13,16,20,19,23,19,24,26,25
ENSMUSG00000030269,9,59,63,47,65,63,79,82,105,86,118,129
ENSMUSG00000031918,4,50,36,17,36,42,56,51,51,32,31,59
ENSMUSG00000034354,13,148,134,107,143,127,161,148,175,165,163,216
ENSMUSG00000018401,7,44,45,31,38,50,48,28,42,41,71,62
ENSMUSG00000021987,3,69,61,39,65,59,74,68,51,46,42,80
ENSMUSG00000039431,0,1,1,0,1,1,1,1,2,3,0,0
ENSMUSG00000035078,3,55,49,33,53,49,52,50,49,49,47,68
ENSMUSG00000054764,0,0,0,0,0,0,0,0,0,0,0,0
ENSMUSG00000032342,5,86,71,56,56,48,58,78,58,71,83,122
ENSMUSG00000028991,8,143,137,76,110,121,131,115,112,140,144,164
ENSMUSG00000024234,2,65,61,51,64,66,70,76,78,69,68,125
ENSMUSG00000029840,14,121,88,73,120,108,135,140,101,119,123,170
ENSMUSG00000021311,6,157,176,97,139,161,174,109,124,99,127,231
ENSMUSG00000022022,1,27,26,21,29,30,39,35,52,48,54,56
ENSMUSG00000019774,3,27,34,17,29,28,35,24,31,33,34,49
ENSMUSG00000034617,5,38,26,17,36,38,40,34,33,47,49,49
ENSMUSG00000022353,8,87,85,42,79,83,92,79,74,72,103,85
ENSMUSG00000033763,11,69,89,64,83,94,73,62,66,76,80,85
ENSMUSG00000028158,1,35,11,11,23,23,31,23,23,26,16,28
ENSMUSG00000038065,5,39,37,26,41,37,46,36,43,31,37,33
ENSMUSG00000045636,23,387,359,236,398,371,464,416,412,359,327,551
ENSMUSG00000029651,28,374,368,231,404,403,604,465,440,442,682,725
ENSMUSG00000064068,8,105,88,73,97,96,110,115,122,112,146,171
ENSMUSG00000027099,14,295,273,181,287,277,277,284,289,274,283,441
ENSMUSG00000021704,1,29,12,17,30,23,22,19,20,13,14,31
ENSMUSG00000042784,0,6,5,0,0,2,2,3,1,3,2,5
ENSMUSG00000022824,1,2,2,0,0,0,1,0,0,1,0,0
ENSMUSG00000050808,0,0,0,0,0,0,0,1,0,0,0,0
ENSMUSG00000109564,0,2,3,1,3,0,0,1,1,3,1,1
ENSMUSG00000025515,0,0,0,0,0,1,0,0,0,0,0,0
ENSMUSG00000035638,0,0,0,0,0,0,0,0,0,0,0,1
ENSMUSG00000094840,1,2,5,4,4,1,2,3,2,2,2,1
ENSMUSG00000066108,0,0,0,0,0,1,0,2,0,0,0,0
ENSMUSG00000060311,0,0,0,0,0,0,0,0,0,0,0,0
ENSMUSG00000036925,2,9,16,4,14,7,10,5,4,11,6,6
ENSMUSG00000059908,0,0,0,0,0,0,0,0,0,0,0,0
ENSMUSG00000041241,18,168,141,134,153,151,178,167,210,192,208,240
ENSMUSG00000020156,13,36,51,28,45,57,51,38,54,47,67,80
ENSMUSG00000042515,0,6,6,2,9,7,6,5,2,2,1,7
ENSMUSG00000078683,0,0,0,0,0,0,0,0,0,0,0,0
ENSMUSG00000078680,0,0,0,0,0,0,0,0,0,0,0,1
ENSMUSG00000073834,0,0,0,0,0,0,0,0,0,0,0,0
ENSMUSG00000094793,0,0,0,0,0,2,0,0,0,0,0,1
ENSMUSG00000089873,0,0,0,0,0,0,0,0,0,0,0,0
ENSMUSG00000073830,0,0,0,0,0,1,0,0,0,0,0,0
ENSMUSG00000096674,0,0,0,0,0,0,0,0,0,0,0,0
ENSMUSG00000078674,0,1,1,0,0,0,0,0,0,0,0,0
ENSMUSG00000066154,0,0,0,0,0,0,0,0,0,0,0,0
ENSMUSG00000078689,0,0,0,0,0,0,0,2,0,0,0,0
ENSMUSG00000073842,0,0,0,0,0,0,0,0,0,1,0,0
ENSMUSG00000078687,0,1,0,0,0,0,0,0,0,0,0,0
ENSMUSG00000024906,3,65,40,43,43,62,50,47,51,56,67,90
ENSMUSG00000057280,0,0,0,0,0,0,0,0,0,0,0,0
ENSMUSG00000042485,21,43,40,54,66,58,52,77,89,99,99,131
ENSMUSG00000023921,15,256,238,153,253,252,166,175,210,191,198,288
ENSMUSG00000028687,2,4,4,5,5,5,6,10,4,6,11,10
ENSMUSG00000031813,11,114,90,59,100,93,97,122,109,118,169,215
ENSMUSG00000038740,6,77,71,35,54,56,60,53,71,52,67,81
ENSMUSG00000006517,3,37,26,15,19,24,25,20,23,27,56,34
ENSMUSG00000041939,3,39,20,21,25,31,35,35,44,56,69,77
ENSMUSG00000000386,1,4,6,1,0,1,18,47,2,8,24,85
ENSMUSG00000023341,2,8,8,5,3,2,18,64,10,15,39,74
ENSMUSG00000001156,3,7,14,12,21,17,14,25,21,11,19,37
ENSMUSG00000021485,1,2,2,1,1,1,1,1,2,2,1,5
ENSMUSG00000037235,99,299,327,233,374,364,510,462,540,525,407,628
ENSMUSG00000025025,19,129,128,83,120,110,165,152,185,177,171,193
ENSMUSG00000020814,11,67,52,49,44,52,43,58,48,53,56,92
ENSMUSG00000029070,4,83,80,49,95,85,93,111,71,66,94,113
ENSMUSG00000068566,26,292,229,173,216,220,217,211,187,195,167,307
ENSMUSG00000025141,12,209,189,132,185,184,190,136,170,143,175,208
ENSMUSG00000019982,0,0,0,0,0,0,0,1,0,0,1,0
ENSMUSG00000040463,8,155,132,110,132,136,177,179,181,193,230,229
ENSMUSG00000025912,0,1,0,0,2,2,0,0,0,1,1,1
ENSMUSG00000017861,0,4,0,0,2,1,3,0,0,2,0,2
ENSMUSG00000020061,0,0,1,0,1,0,1,0,0,0,1,0
ENSMUSG00000038670,3,64,44,29,34,47,95,71,52,67,68,102
ENSMUSG00000002100,509,8326,8662,5134,7228,8309,6985,7641,7210,8108,9682,10188
ENSMUSG00000042451,0,0,0,0,0,0,0,1,0,0,0,0
ENSMUSG00000068745,0,1,1,0,2,1,0,2,4,1,0,2
ENSMUSG00000022346,4,10,11,4,3,3,24,17,10,15,17,38
ENSMUSG00000028647,5,60,50,41,56,43,47,68,59,44,42,58
ENSMUSG00000033004,10,135,97,65,137,125,148,131,125,124,110,137
ENSMUSG00000039110,0,5,0,0,0,2,1,1,1,2,1,3
ENSMUSG00000028654,0,0,0,0,1,0,0,1,1,1,0,0
ENSMUSG00000037169,1,2,12,1,6,2,3,2,3,1,2,0
ENSMUSG00000046916,12,79,66,40,69,48,53,72,105,70,103,103
ENSMUSG00000032508,3,43,30,21,54,31,72,79,45,40,66,134
ENSMUSG00000019579,7,103,89,64,104,68,91,102,93,83,133,174
ENSMUSG00000027201,0,14,6,5,19,6,5,14,7,3,8,7
ENSMUSG00000000435,0,0,0,1,1,0,0,0,0,1,0,0
ENSMUSG00000035923,0,0,0,0,0,0,0,0,0,0,0,0
ENSMUSG00000056328,0,0,0,0,0,0,0,0,2,1,0,0
ENSMUSG00000020900,2,42,48,40,26,39,38,25,21,26,36,49
ENSMUSG00000018830,42,77,82,124,143,101,99,78,128,120,189,142
ENSMUSG00000060180,0,0,0,0,0,0,0,0,1,0,0,0
ENSMUSG00000030739,10,228,230,187,246,250,320,317,339,361,375,425
ENSMUSG00000033196,0,0,0,1,0,1,0,0,0,0,0,0
ENSMUSG00000020908,0,0,0,0,0,0,1,0,0,0,0,0
ENSMUSG00000057003,0,0,0,1,0,0,0,0,0,0,0,0
ENSMUSG00000040752,1721,35731,35366,25477,31635,34089,19787,25900,28984,37147,33530,42293
ENSMUSG00000053093,996,15993,15641,11466,15065,18156,27547,26696,20025,31237,42639,35320
ENSMUSG00000074652,33,225,178,124,177,196,184,118,147,173,263,206
ENSMUSG00000055775,0,1,1,3,1,1,3,1,0,3,4,1
ENSMUSG00000022443,76,280,278,172,296,247,309,306,253,233,237,488
ENSMUSG00000061816,4,127,102,72,106,98,69,87,95,66,85,160
ENSMUSG00000005474,0,0,0,0,0,0,0,0,0,0,0,0
ENSMUSG00000024048,149,2577,2404,1674,2385,2477,3419,3852,3935,3452,4182,5330
ENSMUSG00000034868,24,175,105,122,142,123,156,182,174,181,183,326
ENSMUSG00000013936,3498,75373,72459,53125,68321,74224,56261,66364,69007,75964,90445,99863
ENSMUSG00000059741,1589,39032,37646,26820,34112,36789,29829,30902,33765,35297,39095,49098
ENSMUSG00000061086,1,9,5,7,10,5,6,7,6,7,7,11
ENSMUSG00000090841,79,336,330,251,350,322,328,364,359,332,354,591
ENSMUSG00000039824,0,5,10,1,6,5,6,5,8,13,13,13
ENSMUSG00000020469,0,4,4,1,0,1,1,3,1,1,6,3
ENSMUSG00000067818,92,120,140,196,227,157,148,162,249,222,331,266
ENSMUSG00000038175,10,46,57,53,54,65,45,80,88,93,46,100
ENSMUSG00000022836,20,98,102,66,117,90,105,97,131,67,85,111
ENSMUSG00000027470,0,0,0,1,0,1,1,3,1,1,0,0
ENSMUSG00000031698,63,1345,1060,734,1144,1043,1445,952,1329,1348,1104,1294
ENSMUSG00000044951,13,230,293,258,227,286,145,175,176,268,115,369
ENSMUSG00000030672,3,4,12,5,4,5,2,6,8,3,8,10
ENSMUSG00000009214,0,0,0,0,0,0,0,0,0,1,0,0
ENSMUSG00000037730,1,31,12,16,25,26,38,30,31,34,37,35
ENSMUSG00000022272,37,189,166,113,165,198,219,166,150,222,235,201
ENSMUSG00000042678,1,0,0,0,0,0,1,0,0,1,0,1
ENSMUSG00000034427,0,0,0,0,0,0,0,0,0,0,0,0
ENSMUSG00000039057,0,1,0,0,0,1,0,0,0,0,0,0
ENSMUSG00000000631,64,541,485,347,480,503,543,497,441,517,609,670
ENSMUSG00000072720,53,719,628,414,681,606,600,602,548,727,746,856
ENSMUSG00000020527,1,6,16,4,9,6,8,7,6,13,6,20
ENSMUSG00000025401,0,1,0,0,1,1,0,0,0,1,1,0
ENSMUSG00000018417,4,58,40,36,56,38,48,43,46,47,50,58
ENSMUSG00000017774,39,299,319,233,259,352,421,430,328,496,464,657
ENSMUSG00000035441,2,21,8,12,24,22,22,11,24,14,21,19
ENSMUSG00000032220,2,31,30,16,30,27,28,32,23,26,25,38
ENSMUSG00000024300,4,14,9,11,9,12,31,58,20,14,21,55
ENSMUSG00000020437,1,8,9,5,7,3,20,23,14,16,11,39
ENSMUSG00000066952,2,3,1,1,2,3,3,2,2,1,1,5
ENSMUSG00000042064,0,0,1,0,0,0,0,0,0,1,0,0
ENSMUSG00000034593,0,18,13,5,9,19,27,33,19,27,11,26
ENSMUSG00000025885,4,101,65,65,79,76,110,90,61,80,77,111
ENSMUSG00000033590,3,13,17,17,27,12,14,6,15,11,21,26
ENSMUSG00000033577,21,47,33,20,31,42,48,25,39,43,32,60
ENSMUSG00000030761,8,16,14,12,12,20,28,18,21,20,17,34
ENSMUSG00000024388,0,0,0,0,0,0,0,0,0,0,1,0
ENSMUSG00000039585,4,32,39,34,38,63,50,55,48,33,41,45
ENSMUSG00000004677,11,73,73,41,70,48,97,78,60,84,92,113
ENSMUSG00000026697,1,13,15,7,16,22,26,22,17,15,19,19
ENSMUSG00000020542,2,32,31,21,26,36,37,24,42,30,49,36
ENSMUSG00000009471,0,0,0,0,0,0,0,0,1,1,0,0
ENSMUSG00000048612,0,18,7,9,9,16,22,32,10,15,11,28
ENSMUSG00000024049,200,2609,2347,1622,2425,2577,2831,2357,2604,2163,2511,3219
ENSMUSG00000031461,150,2865,2561,1876,2925,3610,5150,4003,5096,3846,4006,4426
ENSMUSG00000037139,2,12,13,9,9,12,12,8,14,12,9,15
ENSMUSG00000024471,5,80,121,50,84,113,115,86,135,128,114,142
ENSMUSG00000068697,0,0,0,0,1,3,1,3,0,1,1,0
ENSMUSG00000028116,186,3920,3553,2471,3577,4096,4348,3967,4786,3572,4890,6194
ENSMUSG00000020067,9,355,302,202,306,362,359,332,320,404,452,430
ENSMUSG00000048481,2,14,10,7,15,6,20,19,10,17,20,30
ENSMUSG00000036098,0,9,8,13,9,7,9,4,12,15,6,16
ENSMUSG00000034057,0,2,2,2,1,1,0,0,2,0,0,1
ENSMUSG00000041794,1,10,13,4,14,15,14,9,17,21,12,18
ENSMUSG00000062627,6,25,28,14,21,28,40,26,30,26,15,41
ENSMUSG00000010505,0,0,0,0,0,0,0,0,0,1,0,0
ENSMUSG00000061911,1,1,0,0,1,0,0,0,0,0,0,0
ENSMUSG00000041361,48,960,891,591,895,972,933,829,1117,960,949,1249
ENSMUSG00000024353,0,4,3,6,9,2,1,2,8,5,7,8
ENSMUSG00000030380,0,0,2,2,1,2,0,0,2,3,1,3
ENSMUSG00000033186,5,102,105,60,94,126,99,109,107,94,115,138
ENSMUSG00000022671,5,59,61,49,70,53,63,77,76,70,84,109
ENSMUSG00000031652,8,75,62,40,58,62,94,84,72,84,94,124
ENSMUSG00000037795,1,22,13,10,22,11,21,11,19,9,22,25
ENSMUSG00000029655,8,58,49,35,72,55,71,72,67,38,56,103
ENSMUSG00000001053,11,41,39,27,36,35,41,36,39,45,70,51
ENSMUSG00000044442,3,56,42,38,44,47,73,60,70,68,51,72
ENSMUSG00000031388,18,206,177,128,202,181,200,215,206,256,253,252
ENSMUSG00000046000,0,0,0,0,0,0,0,0,1,0,0,0
ENSMUSG00000063273,52,257,243,133,251,268,246,237,234,180,233,306
ENSMUSG00000022020,15,20,19,13,8,16,25,15,31,27,21,24
ENSMUSG00000002728,15,144,103,85,132,120,96,113,114,81,121,158
ENSMUSG00000042719,5,62,60,47,71,73,82,89,81,64,61,93
ENSMUSG00000036282,2,63,33,31,55,76,62,73,71,52,46,59
ENSMUSG00000021555,16,112,93,83,127,120,114,124,139,130,126,164
ENSMUSG00000059278,14,364,316,243,338,299,245,304,339,377,433,485
ENSMUSG00000024764,2,52,39,28,56,43,36,40,39,35,49,59
ENSMUSG00000022698,24,193,157,135,166,194,176,190,182,137,146,259
ENSMUSG00000005982,10,136,119,118,113,149,128,106,138,135,127,197
ENSMUSG00000029413,0,40,36,25,38,29,35,73,42,32,49,83
ENSMUSG00000043943,2,24,23,18,24,17,23,44,26,23,34,32
ENSMUSG00000054999,0,0,0,0,0,0,0,0,0,0,0,0
ENSMUSG00000102758,0,0,0,1,0,0,0,0,1,0,0,0
ENSMUSG00000002881,5,66,63,38,65,61,95,80,62,45,52,77
ENSMUSG00000025402,3,16,28,21,22,37,39,36,28,30,40,60
ENSMUSG00000026107,9,76,96,74,88,117,121,116,91,93,100,152
ENSMUSG00000025374,10,123,157,117,126,119,148,140,168,133,139,227
ENSMUSG00000061315,24,422,415,271,432,491,475,483,522,469,490,698
ENSMUSG00000041073,2,3,0,2,1,3,0,3,2,1,3,0
ENSMUSG00000001910,5,83,72,58,79,66,65,67,54,80,96,136
ENSMUSG00000026932,8,134,114,78,136,122,124,87,74,109,126,169
ENSMUSG00000029063,5,62,50,44,55,57,100,62,78,61,67,98
ENSMUSG00000022253,3,25,27,18,29,33,44,44,55,33,24,42
ENSMUSG00000031090,2,16,9,11,22,13,13,14,13,14,18,16
ENSMUSG00000031878,8,76,87,40,103,98,85,105,121,93,99,148
ENSMUSG00000014907,1,22,20,23,36,40,40,33,46,42,37,54
ENSMUSG00000022453,5,35,32,27,34,37,35,40,56,22,29,68
ENSMUSG00000034744,6,118,95,65,106,103,126,117,122,122,104,176
ENSMUSG00000001751,0,27,37,40,33,36,67,58,46,65,78,93
ENSMUSG00000023143,3,36,36,26,36,34,53,55,35,54,48,70
ENSMUSG00000048217,0,0,0,0,1,0,0,0,1,0,0,0
ENSMUSG00000039164,0,12,13,8,3,13,11,9,12,7,7,10
ENSMUSG00000021640,0,0,0,0,0,0,1,0,0,0,0,1
ENSMUSG00000078945,2,2,2,3,2,2,4,7,5,2,2,12
ENSMUSG00000071203,1,4,5,2,3,4,3,7,2,3,1,7
ENSMUSG00000078942,0,2,0,0,1,2,3,3,2,1,0,1
ENSMUSG00000000197,0,1,2,0,1,1,2,0,0,1,0,0
ENSMUSG00000020572,38,488,425,359,437,440,704,658,818,726,540,988
ENSMUSG00000012396,1,0,0,0,0,0,0,0,1,1,0,0
ENSMUSG00000072437,0,1,0,1,0,1,2,3,0,1,4,4
ENSMUSG00000051965,0,0,0,0,0,1,0,0,0,0,0,0
ENSMUSG00000056155,1,4,7,5,4,5,4,4,3,7,3,1
ENSMUSG00000053916,0,1,4,1,1,2,2,3,2,3,0,9
ENSMUSG00000058799,12,215,183,123,212,199,265,258,256,274,285,418
ENSMUSG00000055733,0,2,4,1,2,0,7,2,0,1,1,3
ENSMUSG00000059119,33,343,310,253,349,326,361,340,325,367,359,482
ENSMUSG00000055430,0,2,3,3,2,2,3,2,1,7,1,4
ENSMUSG00000006024,33,507,460,356,506,463,590,603,599,704,772,858
ENSMUSG00000027438,3,15,17,8,15,14,14,11,19,11,20,21
ENSMUSG00000044968,1,18,10,8,15,14,14,6,9,10,27,16
ENSMUSG00000024581,3,46,36,32,40,50,48,43,36,56,54,63
ENSMUSG00000022574,5,73,74,60,53,61,91,75,92,82,80,114
ENSMUSG00000002204,1,6,3,3,7,2,7,21,8,11,8,49
ENSMUSG00000000056,13,142,146,93,120,149,165,111,160,97,97,194
ENSMUSG00000002280,8,161,144,94,145,151,154,136,136,165,155,208
ENSMUSG00000024587,16,215,194,149,202,191,305,264,281,274,317,375
ENSMUSG00000018995,1,23,24,24,16,28,32,25,29,35,12,26
ENSMUSG00000028693,9,51,37,30,43,30,37,49,44,51,37,72
ENSMUSG00000025588,0,1,0,0,0,0,1,0,0,0,2,0
ENSMUSG00000027185,6,39,34,28,31,51,50,25,36,45,44,71
ENSMUSG00000035285,1,10,9,7,8,7,9,12,11,11,6,8
ENSMUSG00000051147,0,1,1,3,4,4,1,2,5,2,4,7
ENSMUSG00000079334,10,118,100,69,132,112,107,118,109,148,151,188
ENSMUSG00000030004,0,0,0,0,1,0,0,0,0,0,0,0
ENSMUSG00000057103,1,13,9,14,18,19,13,14,10,23,25,23
ENSMUSG00000033634,0,1,0,1,1,1,2,2,0,2,0,1
ENSMUSG00000051262,0,0,0,1,0,1,0,0,0,0,0,1
ENSMUSG00000068299,0,2,2,3,13,3,3,2,0,3,2,5
ENSMUSG00000079494,0,0,0,0,0,0,0,0,0,0,0,0
ENSMUSG00000079495,0,0,0,0,0,0,0,0,0,0,0,0
ENSMUSG00000089694,0,0,0,1,0,0,0,0,0,0,0,0
ENSMUSG00000048142,2,7,11,2,6,3,8,0,4,5,9,6
ENSMUSG00000015542,12,95,69,48,74,76,76,103,128,136,145,144
ENSMUSG00000018931,0,44,33,27,34,32,43,25,35,41,45,45
ENSMUSG00000009418,46,143,149,75,156,154,148,111,95,105,130,117
ENSMUSG00000052512,6,153,147,92,161,172,171,174,143,138,120,204
ENSMUSG00000020181,5,15,3,8,11,4,9,6,7,6,5,7
ENSMUSG00000031505,17,115,130,82,111,139,139,135,155,173,173,208
ENSMUSG00000028070,20,277,243,201,250,273,259,291,320,254,332,411
ENSMUSG00000020576,2,72,65,45,46,71,62,57,69,92,118,115
ENSMUSG00000027799,3,25,23,23,30,29,30,30,23,22,21,41
ENSMUSG00000073664,13,89,98,54,99,94,98,94,94,74,94,127
ENSMUSG00000056724,22,50,41,23,33,23,47,41,50,43,21,46
ENSMUSG00000041120,9,52,49,29,43,47,44,49,47,51,58,58
ENSMUSG00000028224,3,64,50,35,57,52,49,54,63,69,58,63
ENSMUSG00000017119,12,231,184,180,225,206,232,249,228,284,255,305
ENSMUSG00000051359,2,26,29,14,23,14,24,19,17,15,23,17
ENSMUSG00000039542,1,12,4,8,10,6,4,11,8,6,13,20
ENSMUSG00000022762,0,0,0,0,0,1,0,1,1,0,0,0
ENSMUSG00000002341,0,1,0,0,0,0,0,0,0,0,0,0
ENSMUSG00000038252,3,27,33,17,30,37,37,27,28,21,32,34
ENSMUSG00000035024,3,19,19,7,23,23,29,22,13,26,24,18
ENSMUSG00000015880,0,1,2,0,2,0,1,3,1,1,3,2
ENSMUSG00000042029,0,3,2,0,2,6,7,8,6,4,2,8
ENSMUSG00000034906,0,4,0,1,1,1,3,11,2,7,3,9
ENSMUSG00000008690,27,240,227,176,152,235,224,243,232,285,288,383
ENSMUSG00000028330,7,45,41,31,59,48,36,46,65,34,50,71
ENSMUSG00000022774,3,94,66,51,88,85,85,76,69,95,89,129
ENSMUSG00000020783,6,46,33,20,33,32,40,47,43,36,43,51
ENSMUSG00000047586,0,0,0,0,0,0,0,0,0,0,0,0
ENSMUSG00000028833,8,85,77,51,87,75,79,70,68,95,105,131
ENSMUSG00000027698,23,490,417,346,442,412,531,411,491,471,465,687
ENSMUSG00000015950,7,11,16,7,6,7,30,45,29,35,20,63
ENSMUSG00000026480,5,22,14,15,10,16,36,50,24,19,23,61
ENSMUSG00000071715,2,9,4,3,6,6,25,30,14,12,20,56
ENSMUSG00000032475,4,63,53,28,65,52,69,77,81,46,57,94
ENSMUSG00000066877,4,50,43,21,43,44,44,32,40,31,36,49
ENSMUSG00000027002,17,213,174,138,174,249,214,180,140,180,198,258
ENSMUSG00000022488,4,15,14,11,18,19,44,61,26,30,38,75
ENSMUSG00000049690,6,11,8,4,8,8,9,11,11,6,10,19
ENSMUSG00000023009,7,19,18,15,23,20,19,20,18,25,27,34
ENSMUSG00000032598,7,28,18,12,29,20,33,27,16,15,17,35
ENSMUSG00000026234,57,602,544,418,587,635,794,832,903,673,806,1117
ENSMUSG00000020238,18,218,175,146,187,189,168,206,194,256,254,338
ENSMUSG00000043924,0,1,1,0,3,2,2,0,0,2,0,0
ENSMUSG00000020647,5,115,106,61,106,122,121,98,106,82,119,134
ENSMUSG00000005886,6,100,59,39,73,61,69,64,84,54,53,90
ENSMUSG00000027678,24,88,82,46,85,70,79,78,89,74,81,114
ENSMUSG00000056234,8,85,82,59,91,65,70,69,89,75,76,93
ENSMUSG00000039804,3,41,38,28,50,52,60,68,63,69,63,83
ENSMUSG00000038369,3,48,30,29,52,45,42,46,52,42,30,68
ENSMUSG00000039697,5,14,13,5,14,9,24,23,17,11,17,41
ENSMUSG00000018501,59,206,196,118,247,237,262,182,199,208,175,247
ENSMUSG00000029478,13,149,144,107,129,157,150,149,148,162,161,221
ENSMUSG00000062524,0,0,0,0,0,0,1,4,2,1,8,8
ENSMUSG00000062661,1,30,23,25,25,29,24,18,21,23,26,45
ENSMUSG00000003458,7,74,58,52,69,60,87,84,81,69,80,119
ENSMUSG00000028614,2,37,37,26,38,43,39,40,30,32,32,49
ENSMUSG00000024056,0,0,3,0,1,0,3,1,3,0,1,3
ENSMUSG00000022678,11,91,67,46,57,85,93,79,80,109,89,147
ENSMUSG00000018736,12,97,78,55,86,108,131,116,120,127,123,191
ENSMUSG00000024425,4,62,62,66,67,54,97,102,113,110,143,163
ENSMUSG00000053253,2,46,37,21,40,50,41,44,50,50,40,73
ENSMUSG00000033585,0,32,20,20,27,31,23,29,35,30,24,40
ENSMUSG00000049001,0,13,16,5,18,13,12,12,15,9,14,11
ENSMUSG00000006471,6,20,23,16,20,11,34,28,28,32,35,43
ENSMUSG00000040138,0,0,0,0,0,0,0,0,0,0,0,0
ENSMUSG00000005125,26,97,82,66,79,95,103,131,99,115,117,133
ENSMUSG00000004558,241,4576,4404,3302,4429,4548,4949,4803,5308,5653,5944,6888
ENSMUSG00000027634,2,46,60,36,45,56,51,44,52,47,53,67
ENSMUSG00000036564,32,781,734,473,657,700,501,542,613,581,540,798
ENSMUSG00000054008,2,9,15,4,15,18,15,13,11,8,6,14
ENSMUSG00000039308,5,24,32,22,27,16,29,32,47,42,39,44
ENSMUSG00000027977,0,0,0,0,0,0,0,0,1,0,0,0
ENSMUSG00000027971,0,0,0,0,0,0,0,0,0,1,0,0
ENSMUSG00000016427,85,2011,1851,1299,1902,1847,1705,1886,1951,1938,2011,2908
ENSMUSG00000026260,125,3090,2977,2172,2846,2824,2372,2530,2825,2942,3104,3838
ENSMUSG00000002379,136,2957,2700,1907,2600,2697,2054,2614,2703,2806,3554,4172
ENSMUSG00000020022,129,2972,2639,2085,2630,2745,2677,2760,3019,3315,3518,4438
ENSMUSG00000036199,262,4638,4390,3250,4136,4495,3984,4410,4801,5247,5902,7052
ENSMUSG00000014294,191,3449,3266,2418,3219,3242,3305,3494,3834,4074,4790,5447
ENSMUSG00000035674,267,5913,5332,4101,5006,5141,5040,5376,5568,6553,6279,8312
ENSMUSG00000029632,147,3839,3251,2364,3471,3657,2682,3352,3581,2442,2618,4428
ENSMUSG00000040280,9,109,125,97,145,127,115,114,136,136,168,151
ENSMUSG00000023089,230,4407,4251,3320,4158,4195,4087,4181,4978,5057,5739,6619
ENSMUSG00000022450,179,2935,2596,1947,2644,2692,2449,2709,2971,2965,3306,4028
ENSMUSG00000041881,112,2181,1985,1388,1881,2082,2054,2164,2358,2351,2732,3296
ENSMUSG00000026895,113,2097,1951,1510,1951,1838,1576,1809,2124,2289,2709,2994
ENSMUSG00000000399,101,2405,2226,1615,2125,2233,1938,2031,2318,2266,2402,3083
ENSMUSG00000030869,93,2323,2100,1598,1974,2095,1768,1875,2094,2145,1892,2745
ENSMUSG00000027305,7,206,194,150,154,160,143,154,171,162,168,239
ENSMUSG00000068184,8,141,126,83,123,112,123,136,167,143,148,224
ENSMUSG00000070283,15,226,208,151,179,208,198,193,248,213,307,310
ENSMUSG00000028261,7,245,180,142,229,191,212,191,258,170,234,269
ENSMUSG00000027384,6,109,93,63,94,105,85,85,110,98,130,138
ENSMUSG00000050323,4,67,60,50,72,71,79,71,81,59,83,123
ENSMUSG00000024082,1,98,74,57,76,81,91,69,81,90,81,111
ENSMUSG00000078572,15,321,248,199,295,279,231,299,323,308,386,481
ENSMUSG00000040048,228,4504,4089,3223,3921,4174,3249,3994,4369,4461,4963,6255
ENSMUSG00000031059,110,2630,2408,1720,2293,2469,2209,2382,2707,2599,3207,3742
ENSMUSG00000026032,61,1201,1091,787,1171,1161,990,1204,1262,1222,1359,1684
ENSMUSG00000022820,88,1343,1171,891,1183,1176,1110,1169,1227,1432,1266,1832
ENSMUSG00000027673,150,3306,2886,2020,2837,3116,2644,2797,3116,2978,3528,4209
ENSMUSG00000071014,44,1135,1072,683,1060,988,797,993,1152,906,1023,1479
ENSMUSG00000033938,180,2890,2573,1894,2311,2419,1846,2340,2666,2737,3209,3846
ENSMUSG00000025204,172,4549,4141,3132,3749,3961,3135,3348,3570,3464,3619,5022
ENSMUSG00000022354,263,6825,6628,5327,6273,6477,5851,6143,6986,7420,8155,9529
ENSMUSG00000037152,132,2887,2422,1723,2356,2381,1819,2133,2209,2475,2464,3372
ENSMUSG00000030647,52,1020,938,618,949,945,756,915,883,955,860,1419
ENSMUSG00000025968,73,1343,1334,853,1294,1369,1185,1195,1330,1254,1252,1749
ENSMUSG00000013593,169,3903,3681,2457,3420,3500,2884,3058,3336,3725,3823,4704
ENSMUSG00000005510,35,786,775,540,689,732,713,684,814,773,889,1127
ENSMUSG00000021764,65,1492,1307,1005,1256,1374,1166,1324,1509,1447,1497,1914
ENSMUSG00000028648,45,987,949,616,887,914,684,871,900,870,1032,1263
ENSMUSG00000021606,167,3655,3267,2425,3104,3275,2725,2760,3103,3003,3218,4441
ENSMUSG00000020153,176,3793,3496,2701,3184,3167,3035,3560,3819,4624,4678,5336
ENSMUSG00000059734,94,2081,1882,1454,1786,1738,1366,1593,1842,1979,2103,2709
ENSMUSG00000037916,136,3214,2947,2352,2871,3069,3145,3314,3576,3943,4322,5113
ENSMUSG00000024099,143,3645,3296,2581,3213,3045,2683,2846,3010,3019,3093,4520
ENSMUSG00000024038,173,4799,4306,3398,4138,4009,3083,3321,3696,4395,4378,5372
ENSMUSG00000026950,0,4,25,4,11,9,12,12,12,9,15,6
ENSMUSG00000053702,13,333,328,236,325,324,302,305,276,271,310,442
ENSMUSG00000040536,0,0,1,1,4,0,2,0,2,1,3,0
ENSMUSG00000027489,0,1,0,0,1,0,0,1,1,1,0,2
ENSMUSG00000030327,6,38,41,40,45,47,56,50,65,59,52,80
ENSMUSG00000028923,11,69,45,46,64,47,81,89,68,56,74,121
ENSMUSG00000032012,0,14,10,11,7,11,9,6,11,7,16,13
ENSMUSG00000062300,10,134,116,98,135,125,114,127,123,137,142,249
ENSMUSG00000022656,3,16,16,9,17,21,19,15,17,9,12,32
ENSMUSG00000006411,0,1,2,0,0,0,2,3,2,4,1,4
ENSMUSG00000032216,53,676,590,460,656,659,738,655,685,668,620,853
ENSMUSG00000024589,6,80,82,58,94,79,97,88,95,78,76,112
ENSMUSG00000010376,39,570,493,356,525,545,500,556,571,628,701,876
ENSMUSG00000021365,3,39,32,12,46,47,28,50,27,34,29,44
ENSMUSG00000020396,1,0,0,0,0,0,0,0,0,0,0,0
ENSMUSG00000022055,0,0,0,0,1,1,0,0,0,0,0,0
ENSMUSG00000022054,0,0,1,0,0,0,0,0,0,1,1,0
ENSMUSG00000040037,2,8,3,0,8,4,3,6,4,0,3,7
ENSMUSG00000032298,4,30,15,14,12,18,19,22,14,18,24,28
ENSMUSG00000035121,0,4,10,2,6,7,10,11,14,7,11,14
ENSMUSG00000039396,0,2,0,0,0,0,1,3,0,0,0,4
ENSMUSG00000031644,1,22,17,12,20,25,14,11,14,11,20,17
ENSMUSG00000042567,0,0,0,1,0,0,0,0,0,0,0,0
ENSMUSG00000035032,0,0,0,1,0,0,0,0,0,0,0,0
ENSMUSG00000026622,0,0,0,0,0,0,0,2,0,0,0,2
ENSMUSG00000031478,0,12,10,4,10,9,14,11,11,6,17,14
ENSMUSG00000021918,1,1,0,0,1,0,1,1,1,0,0,3
ENSMUSG00000037738,0,0,0,0,0,0,0,0,0,0,1,1
ENSMUSG00000026749,3,16,8,9,13,3,13,13,12,12,7,28
ENSMUSG00000026393,14,204,211,138,227,219,263,231,261,219,220,325
ENSMUSG00000017405,3,13,11,8,10,17,6,15,15,18,16,21
ENSMUSG00000034290,29,427,403,260,416,418,435,407,418,463,466,617
ENSMUSG00000013465,15,93,85,66,71,99,109,120,105,103,114,142
ENSMUSG00000016253,10,71,70,54,76,72,90,81,77,80,86,124
ENSMUSG00000024369,6,52,48,31,53,45,67,67,68,79,110,105
ENSMUSG00000055409,0,0,0,0,0,0,0,0,0,0,0,0
ENSMUSG00000020982,18,148,149,106,139,181,152,140,158,117,158,243
ENSMUSG00000040195,3,16,13,14,13,14,13,12,19,17,13,25
ENSMUSG00000043015,1,8,6,0,4,5,4,6,7,6,6,7
ENSMUSG00000037499,50,619,557,417,542,624,490,643,594,751,957,1030
ENSMUSG00000032340,3,136,132,80,135,131,169,121,122,152,145,188
ENSMUSG00000038624,1,12,6,0,3,4,11,2,2,5,9,2
ENSMUSG00000036208,0,9,7,4,10,5,6,5,10,4,7,13
ENSMUSG00000004891,29,89,78,31,81,77,42,43,51,43,54,71
ENSMUSG00000021215,4,25,24,24,28,19,48,34,47,32,40,47
ENSMUSG00000050321,0,0,0,0,0,0,0,0,0,0,0,0
ENSMUSG00000036902,2,2,1,1,3,5,0,3,3,1,2,2
ENSMUSG00000007038,8,90,58,39,80,77,63,71,74,89,114,102
ENSMUSG00000079434,0,0,1,0,1,0,0,0,1,1,1,0
ENSMUSG00000035239,3,8,9,6,8,10,6,13,12,11,9,10
ENSMUSG00000034000,0,1,0,0,0,0,0,0,0,0,0,0
ENSMUSG00000006435,1,5,8,7,9,8,3,4,5,4,8,5
ENSMUSG00000034413,6,20,14,18,25,23,20,9,15,12,24,24
ENSMUSG00000039873,9,190,212,141,157,177,153,185,214,238,295,274
ENSMUSG00000047180,2,18,14,7,17,17,29,29,15,7,17,51
ENSMUSG00000047284,6,80,65,44,62,67,72,54,67,90,70,83
ENSMUSG00000038255,1,0,0,0,0,0,1,0,0,0,0,0
ENSMUSG00000020716,6,62,54,23,47,52,54,41,40,40,47,59
ENSMUSG00000009073,9,207,219,173,202,252,214,222,226,234,283,342
ENSMUSG00000058099,2,14,9,5,14,8,16,32,16,11,13,31
ENSMUSG00000026442,1,4,0,0,2,1,2,0,3,0,2,1
ENSMUSG00000003847,15,94,83,56,106,81,122,80,79,83,125,99
ENSMUSG00000033016,5,55,34,26,34,49,63,45,53,41,47,64
ENSMUSG00000027544,2,58,50,39,45,73,69,56,76,58,57,93
ENSMUSG00000030722,1,13,15,9,11,8,6,17,11,15,7,17
ENSMUSG00000031902,8,78,59,60,75,58,86,49,72,67,81,83
ENSMUSG00000023411,2,10,13,12,15,9,14,15,13,20,19,19
ENSMUSG00000058794,1,2,2,1,0,1,3,1,3,2,0,2
ENSMUSG00000038615,78,932,829,636,1022,936,1043,901,981,998,936,1347
ENSMUSG00000015839,17,147,122,95,129,189,171,188,178,147,143,225
ENSMUSG00000029832,0,0,1,2,1,2,1,1,0,0,0,0
ENSMUSG00000028565,29,398,347,264,361,388,486,337,375,295,260,464
ENSMUSG00000008575,60,788,708,474,792,861,813,726,764,595,713,932
ENSMUSG00000055053,48,479,457,375,477,532,573,590,486,608,514,815
ENSMUSG00000056749,3,43,21,12,23,26,34,40,51,39,30,44
ENSMUSG00000001911,48,640,590,507,704,693,632,628,616,611,604,805
ENSMUSG00000028163,10,102,62,56,83,87,111,86,77,80,90,119
ENSMUSG00000025225,4,71,72,48,58,54,103,132,84,102,122,148
ENSMUSG00000021025,87,346,298,356,414,491,459,678,548,507,612,939
ENSMUSG00000030595,7,138,105,105,98,104,131,135,157,194,170,238
ENSMUSG00000036931,0,0,1,0,4,1,5,4,1,3,6,5
ENSMUSG00000023947,0,10,5,1,9,4,5,12,8,9,8,24
ENSMUSG00000042419,6,17,16,12,23,27,27,40,28,16,19,29
ENSMUSG00000035356,1,13,9,13,22,21,11,21,24,15,21,41
ENSMUSG00000042185,5,27,25,15,33,24,38,26,24,30,20,28
ENSMUSG00000029993,8,192,150,95,181,147,192,183,236,205,233,250
ENSMUSG00000072889,1,9,16,7,7,9,15,19,24,19,10,28
ENSMUSG00000023994,4,30,44,24,24,32,30,33,40,25,39,57
ENSMUSG00000020248,1,39,31,24,36,37,40,39,48,46,39,59
ENSMUSG00000032897,8,167,154,95,149,138,151,130,136,163,175,226
ENSMUSG00000021032,0,0,0,0,0,1,0,1,3,1,0,1
ENSMUSG00000022204,3,114,78,66,73,77,119,149,138,127,127,217
ENSMUSG00000026259,0,0,0,1,0,1,1,1,0,0,1,2
ENSMUSG00000027859,0,26,21,11,33,39,21,22,20,19,48,36
ENSMUSG00000000120,0,0,0,5,3,2,0,0,2,1,3,6
ENSMUSG00000021785,5,61,54,34,59,59,116,71,69,62,65,89
ENSMUSG00000032484,0,2,0,1,0,0,0,5,1,2,0,2
ENSMUSG00000047084,2,87,76,51,80,74,64,87,89,99,91,131
ENSMUSG00000026162,0,26,22,11,21,30,18,20,16,21,17,22
ENSMUSG00000051251,0,0,0,0,0,0,0,0,0,0,0,0
ENSMUSG00000044231,1,17,19,7,20,19,8,14,16,20,12,21
ENSMUSG00000025078,1,21,22,10,21,35,31,21,36,25,27,43
ENSMUSG00000042997,4,9,17,10,18,11,12,27,14,18,23,34
ENSMUSG00000090113,0,0,0,0,0,0,0,0,0,0,0,0
ENSMUSG00000001056,5,96,98,64,92,92,132,207,130,178,176,241
ENSMUSG00000059493,0,2,3,2,2,4,3,2,1,3,3,2
ENSMUSG00000039835,3,31,31,23,34,36,42,38,31,31,42,47
ENSMUSG00000079481,3,15,19,11,15,15,24,9,16,13,12,12
ENSMUSG00000032606,9,86,61,37,78,92,60,62,85,74,98,101
ENSMUSG00000005397,19,205,170,120,208,188,176,172,138,191,162,230
ENSMUSG00000021806,12,45,39,35,57,36,46,40,44,48,37,51
ENSMUSG00000026036,2,46,30,27,35,44,38,35,36,46,46,63
ENSMUSG00000026377,4,60,49,33,33,38,60,56,61,42,53,89
ENSMUSG00000095930,0,13,9,8,12,9,10,7,13,8,17,15
ENSMUSG00000021068,1,33,17,18,25,38,28,24,23,29,26,35
ENSMUSG00000037966,19,255,255,189,226,245,355,397,433,446,451,621
ENSMUSG00000041377,0,0,0,0,1,0,0,0,0,0,0,0
ENSMUSG00000068115,0,4,2,1,5,8,6,2,4,2,5,3
ENSMUSG00000031917,4,56,51,39,52,41,57,53,48,53,59,94
ENSMUSG00000047037,1,23,20,8,24,24,9,14,14,10,18,23
ENSMUSG00000030452,1,71,60,48,67,65,65,72,75,52,61,95
ENSMUSG00000067219,0,0,0,0,0,0,0,0,0,0,0,0
ENSMUSG00000038879,0,2,2,2,2,2,0,2,2,1,3,3
ENSMUSG00000028803,10,93,83,53,79,79,107,105,90,104,101,124
ENSMUSG00000020411,0,0,0,0,0,0,1,0,0,0,0,0
ENSMUSG00000022141,18,21,23,4,31,19,39,21,41,18,18,16
ENSMUSG00000034285,0,5,0,1,0,3,0,5,4,5,1,8
ENSMUSG00000029432,105,2429,2227,1621,2362,2375,2275,2380,2460,2864,2689,3629
ENSMUSG00000015247,6,17,21,13,12,17,30,26,17,18,27,32
ENSMUSG00000021910,78,492,477,383,514,445,596,428,427,566,638,752
ENSMUSG00000013997,8,82,87,79,100,85,92,104,127,83,138,137
ENSMUSG00000022751,7,108,93,63,89,91,115,115,124,88,145,148
ENSMUSG00000078532,0,2,0,0,0,0,0,1,1,2,1,0
ENSMUSG00000069670,0,0,0,1,0,0,1,1,0,0,1,2
ENSMUSG00000055761,1,1,0,0,0,0,0,0,0,0,0,0
ENSMUSG00000027574,0,2,6,5,2,3,1,3,2,5,1,2
ENSMUSG00000016409,2,35,34,30,36,27,45,38,29,29,33,43
ENSMUSG00000059395,0,0,1,0,0,0,1,1,1,2,1,3
ENSMUSG00000031661,1,0,5,1,4,4,1,5,5,2,7,5
ENSMUSG00000021567,0,3,8,1,5,1,2,6,6,3,2,5
ENSMUSG00000004612,0,6,4,1,1,4,19,50,19,17,31,62
ENSMUSG00000021772,6,99,93,76,99,97,76,80,86,83,107,112
ENSMUSG00000017837,9,228,190,123,174,165,189,224,187,235,207,316
ENSMUSG00000060621,0,0,0,0,0,0,0,0,0,0,1,0
ENSMUSG00000044149,1,9,6,2,9,3,10,9,6,11,3,10
ENSMUSG00000032525,14,83,89,49,92,93,117,102,100,71,107,111
ENSMUSG00000048528,0,0,0,0,0,0,0,0,0,0,0,0
ENSMUSG00000027434,0,0,0,0,0,0,0,0,0,0,0,0
ENSMUSG00000054160,0,0,0,0,0,0,0,0,0,0,0,0
ENSMUSG00000015579,20,368,369,224,331,367,312,359,409,354,480,563
ENSMUSG00000058669,0,1,0,0,0,0,0,0,0,0,0,0
ENSMUSG00000035187,0,0,0,0,0,0,0,0,0,0,0,0
ENSMUSG00000041309,0,1,3,4,3,3,2,1,0,2,4,2
ENSMUSG00000063672,0,0,0,0,0,0,0,0,0,0,0,0
ENSMUSG00000020692,8,26,15,15,21,24,23,21,29,25,29,40
ENSMUSG00000063887,0,1,0,0,0,1,4,0,0,0,2,0
ENSMUSG00000051790,3,21,18,18,22,19,33,29,25,24,23,36
ENSMUSG00000017376,6,39,32,28,59,34,44,29,32,26,41,41
ENSMUSG00000021710,4,47,41,30,34,37,61,52,54,46,30,68
ENSMUSG00000049871,2,7,3,4,6,7,13,10,8,7,12,15
ENSMUSG00000039193,0,0,1,1,0,1,1,0,0,1,0,3
ENSMUSG00000074151,4,33,9,14,7,15,33,90,46,45,26,139
ENSMUSG00000049709,1,47,48,29,50,26,47,43,62,34,38,62
ENSMUSG00000078817,0,0,0,0,0,0,1,1,2,0,0,0
ENSMUSG00000070390,0,1,0,0,1,1,0,1,0,0,0,0
ENSMUSG00000032691,0,0,2,0,1,0,0,3,3,1,2,3
ENSMUSG00000034087,0,0,0,0,1,0,0,0,0,0,0,0
ENSMUSG00000032999,0,0,0,0,0,0,0,0,0,0,0,0
ENSMUSG00000015721,0,0,0,0,0,0,0,1,0,0,0,0
ENSMUSG00000038745,1,0,0,0,0,0,0,0,0,0,0,0
ENSMUSG00000060508,0,0,0,0,0,0,0,0,0,1,0,0
ENSMUSG00000032109,6,81,80,60,52,65,63,59,86,80,79,98
ENSMUSG00000025723,1,15,19,34,26,29,18,25,50,44,24,63
ENSMUSG00000027787,6,60,49,29,69,51,73,62,90,56,69,81
ENSMUSG00000037601,6,130,114,81,96,114,140,147,105,96,113,215
ENSMUSG00000020857,0,5,5,2,2,4,6,3,4,2,2,2
ENSMUSG00000024177,2,42,35,26,40,36,38,27,29,37,32,49
ENSMUSG00000035984,1,10,13,9,12,8,6,12,19,8,22,14
ENSMUSG00000032478,2,75,70,56,51,57,72,75,77,83,110,104
ENSMUSG00000026575,5,19,14,5,9,12,19,16,19,9,16,35
ENSMUSG00000041138,0,1,2,0,2,2,1,5,4,1,1,1
ENSMUSG00000046242,0,0,0,0,1,0,0,0,0,0,0,1
ENSMUSG00000026946,4,46,41,23,47,38,97,137,120,63,107,183
ENSMUSG00000028992,4,96,82,60,89,79,65,64,75,74,94,118
ENSMUSG00000042751,0,3,1,0,0,0,1,0,0,0,0,0
ENSMUSG00000032456,1,59,54,41,54,47,53,66,76,51,65,73
ENSMUSG00000063445,1,12,20,10,18,21,60,43,30,36,59,61
ENSMUSG00000037847,1,12,13,7,5,8,20,13,16,9,19,18
ENSMUSG00000004939,5,27,22,10,29,24,98,76,46,36,133,135
ENSMUSG00000020936,40,245,287,184,287,277,420,380,355,287,349,449
ENSMUSG00000026643,8,32,17,18,36,29,34,40,41,23,27,59
ENSMUSG00000067786,2,0,0,1,1,2,0,0,0,1,0,1
ENSMUSG00000032271,0,18,21,11,14,12,24,12,13,14,11,45
ENSMUSG00000025453,0,5,4,3,10,10,9,11,12,11,6,12
ENSMUSG00000036285,1,56,36,23,44,49,48,37,46,45,63,79
ENSMUSG00000003848,6,63,52,35,59,69,68,84,95,62,91,127
ENSMUSG00000095567,13,95,109,63,103,76,103,110,118,102,135,186
ENSMUSG00000024999,0,19,10,13,18,19,16,23,24,17,14,22
ENSMUSG00000033294,5,35,20,25,36,30,50,54,57,56,49,106
ENSMUSG00000023087,5,41,73,58,43,86,57,69,74,64,41,102
ENSMUSG00000038058,8,65,59,35,65,65,56,71,67,60,81,116
ENSMUSG00000055994,2,1,3,2,6,3,3,2,4,3,2,6
ENSMUSG00000037171,0,0,0,0,0,1,0,0,2,1,0,0
ENSMUSG00000048616,2,0,2,0,3,4,3,4,1,1,1,3
ENSMUSG00000061458,0,28,21,25,30,19,22,22,21,21,19,40
ENSMUSG00000018433,5,65,75,51,57,55,90,71,76,72,107,119
ENSMUSG00000033099,6,51,54,42,49,66,98,117,90,108,145,164
ENSMUSG00000014776,14,291,250,168,247,231,278,333,309,350,358,470
ENSMUSG00000061411,0,17,12,10,17,12,14,10,20,9,12,11
ENSMUSG00000028430,3,52,42,23,50,44,65,42,60,62,66,73
ENSMUSG00000063200,19,270,241,175,221,256,237,288,337,333,342,457
ENSMUSG00000021392,5,20,25,15,26,22,50,21,14,25,35,37
ENSMUSG00000028948,3,34,24,16,37,23,43,37,48,46,40,44
ENSMUSG00000015176,6,55,51,41,50,59,90,78,66,84,81,123
ENSMUSG00000001569,5,70,62,62,69,69,93,80,77,72,87,96
ENSMUSG00000030835,23,330,326,194,320,293,339,328,345,393,396,453
ENSMUSG00000031311,9,115,113,100,132,103,124,142,143,105,100,195
ENSMUSG00000027133,13,391,333,267,340,323,304,411,380,395,521,631
ENSMUSG00000036693,10,65,59,37,62,77,107,95,116,87,123,128
ENSMUSG00000025869,3,51,51,34,65,67,48,82,84,63,74,97
ENSMUSG00000038279,3,60,41,38,50,24,62,62,46,63,57,99
ENSMUSG00000041560,25,159,125,128,154,161,217,220,262,261,296,363
ENSMUSG00000026020,18,53,63,24,49,57,85,85,67,55,58,101
ENSMUSG00000019297,4,47,42,31,49,40,56,77,79,60,64,78
ENSMUSG00000029361,0,2,1,0,0,4,0,1,0,1,0,0
ENSMUSG00000038473,2,10,15,4,16,9,3,14,15,6,4,7
ENSMUSG00000020826,5,22,16,14,34,25,20,21,12,19,17,22
ENSMUSG00000028978,22,81,65,56,60,95,87,73,64,85,106,108
ENSMUSG00000003421,16,133,131,103,123,124,232,243,284,265,343,350
ENSMUSG00000034738,4,25,19,8,13,18,17,30,15,17,22,32
ENSMUSG00000026923,10,65,53,38,62,74,81,66,61,85,64,85
ENSMUSG00000027878,5,36,33,21,48,25,47,51,51,32,31,67
ENSMUSG00000038146,14,117,113,83,135,124,153,112,117,158,150,148
ENSMUSG00000015468,29,83,71,58,63,75,59,59,83,118,77,121
ENSMUSG00000068302,1,0,0,0,0,0,0,0,0,0,0,0
ENSMUSG00000042988,0,0,0,0,0,0,0,0,0,0,0,0
ENSMUSG00000037362,0,8,7,8,6,3,6,1,4,5,6,6
ENSMUSG00000030411,2,15,24,20,31,26,37,22,33,21,24,31
ENSMUSG00000031257,0,0,0,1,1,0,0,0,2,1,0,0
ENSMUSG00000030562,0,2,1,0,2,1,2,3,2,0,2,2
ENSMUSG00000036805,0,0,0,0,0,0,0,0,0,0,0,0
ENSMUSG00000019320,0,9,4,3,4,3,5,3,3,3,3,0
ENSMUSG00000072919,1,2,0,2,2,4,2,3,0,1,4,7
ENSMUSG00000001988,0,0,0,0,0,0,0,0,0,0,0,0
ENSMUSG00000026077,1,9,8,4,6,7,5,5,4,6,8,2
ENSMUSG00000021010,0,0,0,0,1,2,3,0,0,0,0,0
ENSMUSG00000045903,0,0,0,0,0,0,0,1,1,0,0,2
ENSMUSG00000033054,1,19,21,10,17,18,20,12,25,12,19,25
ENSMUSG00000044034,0,3,0,2,3,0,0,1,2,6,3,1
ENSMUSG00000033774,0,0,0,0,0,0,0,0,0,0,0,0
ENSMUSG00000024413,10,78,110,91,99,123,126,97,129,146,99,178
ENSMUSG00000020447,0,0,0,0,1,0,1,0,0,0,0,0
ENSMUSG00000021242,27,239,246,175,239,254,454,628,353,465,445,952
ENSMUSG00000039263,23,277,276,206,254,263,298,290,270,343,324,424
ENSMUSG00000001441,7,165,139,114,164,151,179,156,130,116,175,198
ENSMUSG00000020090,0,2,0,1,1,0,2,0,2,0,0,0
ENSMUSG00000027378,3,30,21,20,23,26,17,35,43,31,29,49
ENSMUSG00000039577,0,0,1,0,2,0,0,1,1,0,1,0
ENSMUSG00000006649,0,1,4,0,2,0,0,4,2,1,5,4
ENSMUSG00000026602,0,0,0,0,0,0,0,0,0,0,0,0
ENSMUSG00000042684,0,2,3,3,3,2,7,4,1,0,2,5
ENSMUSG00000039703,9,171,159,114,198,180,260,210,225,218,261,275
ENSMUSG00000057113,29,296,288,202,326,350,395,498,501,345,385,636
ENSMUSG00000047911,1,2,0,0,0,0,1,2,0,0,0,3
ENSMUSG00000056209,5,63,65,54,58,54,63,63,62,72,59,118
ENSMUSG00000040998,0,1,3,1,3,1,0,0,1,0,3,2
ENSMUSG00000041616,130,900,1008,920,1846,1365,1335,3001,1803,1402,3612,5253
ENSMUSG00000029019,62,1138,1044,433,1378,1141,2153,2563,1468,967,2439,2758
ENSMUSG00000027931,31,69,88,68,71,78,89,64,65,83,114,92
ENSMUSG00000028469,12,158,136,101,141,130,137,129,124,147,151,201
ENSMUSG00000022206,2,15,15,13,12,24,18,10,29,27,23,32
ENSMUSG00000010057,5,61,60,33,63,51,45,56,58,44,70,88
ENSMUSG00000020289,7,59,41,38,40,50,55,59,43,48,59,68
ENSMUSG00000073804,1,2,1,0,0,0,0,0,0,1,2,0
ENSMUSG00000032336,15,199,180,136,164,157,166,222,174,173,179,303
ENSMUSG00000025582,0,0,0,0,0,0,0,0,2,0,0,0
ENSMUSG00000059991,1,0,0,0,1,0,0,0,0,0,0,0
ENSMUSG00000022421,2,9,6,6,11,7,9,8,8,16,8,8
ENSMUSG00000071230,0,0,0,0,0,0,0,0,1,0,0,1
ENSMUSG00000029819,0,0,0,0,0,0,0,1,0,1,1,0
ENSMUSG00000036437,1,1,2,1,5,1,2,2,6,4,3,6
ENSMUSG00000028004,0,0,0,0,0,0,0,0,0,0,0,0
ENSMUSG00000048337,0,2,2,1,2,0,1,1,1,2,3,4
ENSMUSG00000003849,19,190,183,131,186,223,440,414,352,440,557,593
ENSMUSG00000046949,3,135,116,83,110,118,82,118,78,83,110,128
ENSMUSG00000025056,0,0,0,0,0,0,0,0,0,0,0,0
ENSMUSG00000037583,2,45,71,31,28,45,52,52,62,67,68,105
ENSMUSG00000020889,37,503,494,190,542,512,490,411,414,244,676,533
ENSMUSG00000021775,14,161,236,152,205,259,226,198,238,195,207,301
ENSMUSG00000060601,18,176,156,121,147,161,183,215,198,267,233,345
ENSMUSG00000002108,7,44,52,33,38,32,102,88,95,86,87,142
ENSMUSG00000047638,1,1,1,1,0,1,2,2,0,1,2,2
ENSMUSG00000005677,0,3,1,2,2,3,2,1,1,1,0,5
ENSMUSG00000005897,2,30,26,17,36,40,39,31,27,24,26,39
ENSMUSG00000005893,7,63,39,46,64,61,82,66,57,64,51,67
ENSMUSG00000071078,4,33,33,23,24,35,36,40,53,26,28,72
ENSMUSG00000032292,0,0,0,0,0,0,0,1,0,0,0,0
ENSMUSG00000069171,2,30,25,9,26,16,27,23,16,17,21,21
ENSMUSG00000030551,10,30,36,31,49,56,71,54,72,53,57,82
ENSMUSG00000002393,15,210,170,116,222,177,173,160,164,171,176,239
ENSMUSG00000024431,14,258,258,164,273,269,284,239,211,191,301,297
ENSMUSG00000031618,3,41,36,29,51,39,40,35,33,31,28,42
ENSMUSG00000023034,18,320,197,206,614,596,320,658,625,409,789,528
ENSMUSG00000026826,3,11,6,9,30,18,8,11,17,8,22,12
ENSMUSG00000028341,5,21,18,27,45,63,16,28,27,17,29,16
ENSMUSG00000026751,0,0,0,1,0,0,0,1,0,0,0,0
ENSMUSG00000026398,1,2,3,0,2,3,1,0,4,1,7,1
ENSMUSG00000063972,0,5,7,6,12,6,4,7,5,11,6,8
ENSMUSG00000032491,0,2,7,2,4,5,4,2,5,4,11,7
ENSMUSG00000049134,80,1645,1682,1161,1519,1708,2284,2240,1950,2655,2852,2843
ENSMUSG00000078202,6,44,40,29,39,26,18,23,20,22,24,18
ENSMUSG00000027852,31,161,153,112,135,136,228,184,161,126,137,263
ENSMUSG00000075000,0,13,15,13,15,15,15,20,18,19,16,22
ENSMUSG00000029148,30,341,303,223,304,310,304,385,351,390,397,567
ENSMUSG00000075590,10,77,69,51,79,72,85,89,88,103,106,147
ENSMUSG00000020598,0,2,1,3,0,2,0,0,0,0,0,0
ENSMUSG00000053510,41,570,453,351,453,560,667,520,498,515,553,737
ENSMUSG00000021179,8,42,39,27,46,37,61,45,40,53,53,50
ENSMUSG00000042834,13,72,69,54,72,67,41,39,24,28,40,38
ENSMUSG00000058440,3,44,29,26,58,27,43,40,53,30,49,54
ENSMUSG00000062991,0,0,0,1,1,3,1,5,3,0,0,5
ENSMUSG00000060275,0,8,13,5,10,7,13,11,20,13,13,19
ENSMUSG00000032311,1,14,12,9,7,12,4,5,12,14,9,11
ENSMUSG00000053310,143,76,71,20,54,36,53,62,72,64,36,64
ENSMUSG00000048490,3,39,40,27,58,59,58,31,73,43,30,63
ENSMUSG00000001520,3,11,9,7,14,15,12,6,11,14,21,9
ENSMUSG00000034825,0,1,0,0,1,0,0,1,2,0,0,3
ENSMUSG00000052854,0,2,2,0,0,1,2,1,1,0,1,2
ENSMUSG00000040632,0,0,0,0,0,1,0,0,0,0,1,0
ENSMUSG00000059791,2,8,10,8,3,9,13,15,9,16,14,25
ENSMUSG00000039114,0,38,15,30,31,23,17,11,28,18,24,30
ENSMUSG00000025969,30,102,95,54,87,81,71,67,66,63,63,118
ENSMUSG00000052384,3,31,19,9,24,21,29,59,26,20,19,85
ENSMUSG00000059361,0,0,0,0,0,0,0,0,0,0,0,0
ENSMUSG00000039481,9,142,130,116,141,184,135,166,187,212,194,347
ENSMUSG00000024109,0,4,2,4,2,5,7,3,5,4,6,5
ENSMUSG00000033768,1,11,8,7,11,16,19,9,9,11,12,18
ENSMUSG00000066392,0,0,0,0,1,0,1,2,0,1,2,2
ENSMUSG00000060739,32,169,145,83,145,146,205,221,208,185,215,259
ENSMUSG00000021488,13,96,114,71,109,116,119,85,112,90,125,161
ENSMUSG00000057406,4,26,45,25,41,33,48,42,44,49,42,55
ENSMUSG00000054823,14,51,35,42,43,44,47,48,52,45,46,63
ENSMUSG00000031349,0,19,19,8,13,11,20,17,22,9,19,31
ENSMUSG00000034187,0,42,39,39,37,46,49,37,38,37,34,43
ENSMUSG00000027455,13,149,119,121,167,147,194,210,160,184,221,240
ENSMUSG00000029126,4,17,11,1,8,12,11,14,14,15,18,21
ENSMUSG00000020297,0,0,0,0,0,2,1,0,0,0,0,1
ENSMUSG00000062510,0,2,0,0,1,0,1,0,0,1,5,2
ENSMUSG00000028245,7,96,102,55,107,93,111,91,160,129,107,161
ENSMUSG00000030750,9,170,144,123,174,165,204,246,287,237,246,308
ENSMUSG00000059586,3,81,82,40,51,51,62,80,73,72,75,103
ENSMUSG00000070520,0,38,49,31,49,43,37,52,48,39,67,82
ENSMUSG00000040331,5,125,120,98,103,126,130,175,199,157,165,262
ENSMUSG00000006476,18,47,34,32,33,36,36,29,29,45,34,37
ENSMUSG00000037958,30,50,62,42,60,65,84,67,113,88,99,118
ENSMUSG00000021595,11,131,128,89,128,117,187,196,175,180,227,256
ENSMUSG00000050312,0,13,18,8,17,19,12,10,14,9,23,16
ENSMUSG00000028706,6,142,127,95,115,127,109,103,114,113,105,176
ENSMUSG00000000916,2,45,28,20,43,43,47,36,33,43,64,51
ENSMUSG00000026707,1,7,7,5,12,7,15,14,14,7,15,21
ENSMUSG00000029206,0,0,0,0,2,1,2,1,0,0,0,0
ENSMUSG00000020736,5,38,37,24,29,25,51,58,68,54,41,95
ENSMUSG00000054958,0,0,0,0,0,0,0,0,0,0,0,0
ENSMUSG00000020622,0,0,0,0,0,0,0,0,0,0,0,0
ENSMUSG00000025041,9,108,90,69,81,102,137,116,114,108,137,160
ENSMUSG00000029780,20,300,257,208,261,276,358,403,430,300,296,512
ENSMUSG00000017176,10,86,61,35,70,65,63,88,79,84,88,124
ENSMUSG00000039480,0,19,14,16,21,17,27,15,23,25,24,32
ENSMUSG00000071547,9,138,125,67,93,93,86,82,92,117,124,151
ENSMUSG00000054027,10,108,109,81,114,88,133,97,117,100,124,110
ENSMUSG00000032420,2,19,15,13,25,25,34,38,45,35,22,44
ENSMUSG00000032615,8,95,66,74,97,72,64,75,70,93,87,128
ENSMUSG00000049107,2,16,22,12,20,15,11,11,15,16,14,23
ENSMUSG00000074121,0,3,1,0,0,1,2,1,1,2,1,3
ENSMUSG00000041429,3,15,12,8,9,16,16,11,20,23,16,24
ENSMUSG00000059974,1,10,4,1,4,7,3,3,6,1,7,6
ENSMUSG00000026857,10,102,75,56,88,73,102,86,114,82,125,125
ENSMUSG00000020902,6,169,142,64,180,194,148,157,207,147,257,282
ENSMUSG00000020019,0,29,23,15,33,24,18,12,24,16,32,36
ENSMUSG00000070564,0,1,0,0,0,1,1,3,1,0,2,1
ENSMUSG00000059857,0,0,0,0,1,0,0,0,0,0,0,0
ENSMUSG00000035513,0,0,0,1,0,0,1,1,0,0,0,0
ENSMUSG00000031851,5,54,50,40,45,65,57,64,69,65,64,88
ENSMUSG00000028072,0,2,1,1,3,2,2,5,1,3,5,1
ENSMUSG00000055254,0,7,1,1,2,1,0,1,1,0,3,4
ENSMUSG00000059146,1,3,0,1,3,2,0,0,2,2,3,2
ENSMUSG00000019890,0,3,0,2,0,4,7,4,8,2,6,2
ENSMUSG00000027568,0,0,0,0,0,0,0,0,0,0,0,0
ENSMUSG00000020591,1,33,25,20,35,27,32,31,39,42,40,43
ENSMUSG00000020032,7,73,78,63,75,85,114,106,90,71,99,126
ENSMUSG00000009772,4,11,10,8,6,12,16,14,13,6,12,21
ENSMUSG00000028954,11,134,160,115,141,181,254,311,310,273,297,357
ENSMUSG00000022503,2,41,34,30,23,39,44,48,31,45,36,77
ENSMUSG00000039183,5,75,59,34,52,74,85,94,91,66,88,119
ENSMUSG00000035142,2,48,43,22,40,40,43,37,47,43,43,50
ENSMUSG00000030824,21,360,323,249,324,333,372,358,363,424,495,547
ENSMUSG00000030659,2,16,13,6,23,18,21,25,19,23,24,56
ENSMUSG00000026434,9,187,141,125,179,176,201,170,150,155,147,222
ENSMUSG00000028851,21,250,200,150,229,188,283,301,290,283,327,426
ENSMUSG00000038736,1,11,12,2,12,7,17,14,9,8,10,16
ENSMUSG00000020328,3,39,40,38,50,45,40,61,48,48,47,78
ENSMUSG00000053838,26,253,181,178,226,242,259,238,240,307,289,333
ENSMUSG00000036639,1,40,22,26,31,20,20,20,19,25,10,40
ENSMUSG00000073293,0,3,2,1,5,3,5,1,2,3,1,6
ENSMUSG00000073295,0,3,9,4,7,12,3,7,8,7,10,10
ENSMUSG00000024228,3,45,27,20,37,30,43,28,42,47,35,51
ENSMUSG00000021809,7,86,74,55,80,86,117,89,96,107,104,155
ENSMUSG00000002804,2,42,29,22,29,31,37,35,40,28,44,60
ENSMUSG00000033405,1,0,1,1,0,1,0,3,1,0,2,1
ENSMUSG00000032565,3,19,20,8,18,11,17,30,19,15,20,30
ENSMUSG00000022516,9,76,61,46,64,78,70,80,88,89,86,91
ENSMUSG00000028100,1,7,9,10,8,17,6,11,4,6,11,14
ENSMUSG00000045211,4,82,80,56,78,92,88,81,88,72,106,128
ENSMUSG00000034875,21,240,241,147,215,195,220,217,225,238,251,325
ENSMUSG00000028443,5,99,73,49,83,86,71,71,86,84,87,130
ENSMUSG00000031754,5,50,59,41,54,62,67,60,70,57,54,115
ENSMUSG00000037349,8,91,83,70,67,104,111,94,126,98,136,146
ENSMUSG00000024213,35,521,421,297,465,450,400,356,461,359,450,552
ENSMUSG00000020029,39,446,377,354,396,416,406,324,342,355,369,623
ENSMUSG00000025817,2,23,30,21,29,46,26,42,33,30,39,63
ENSMUSG00000050174,2,95,99,63,70,84,66,71,69,78,63,104
ENSMUSG00000031767,5,207,168,191,218,217,193,192,237,175,165,275
ENSMUSG00000029310,9,160,154,120,137,143,167,189,180,224,208,285
ENSMUSG00000026683,0,0,1,1,0,1,2,2,2,2,1,2
ENSMUSG00000022009,1,28,19,12,13,15,25,18,36,19,18,30
ENSMUSG00000037857,5,114,116,68,88,120,157,114,118,95,85,156
ENSMUSG00000061356,0,0,0,0,0,0,0,0,0,0,0,0
ENSMUSG00000066306,26,177,146,104,202,166,178,170,154,171,226,228
ENSMUSG00000021224,16,76,55,36,61,41,54,48,49,60,55,80
ENSMUSG00000063160,3,17,21,13,8,15,22,23,19,19,21,26
ENSMUSG00000052798,0,13,13,4,11,11,18,13,10,14,14,26
ENSMUSG00000039509,4,49,35,31,42,41,54,47,59,59,54,86
ENSMUSG00000021374,4,36,32,28,44,37,39,22,44,33,46,48
ENSMUSG00000022142,2,28,20,16,21,18,22,22,25,22,20,27
ENSMUSG00000051329,1,11,9,5,7,8,13,8,6,11,9,14
ENSMUSG00000038759,2,22,26,15,16,24,25,30,32,28,19,27
ENSMUSG00000030091,4,10,4,1,9,9,8,12,10,5,5,17
ENSMUSG00000027939,0,0,0,0,0,0,0,1,0,0,0,0
ENSMUSG00000026999,0,11,10,12,9,8,21,15,18,18,21,23
ENSMUSG00000035351,1,18,11,9,19,14,15,16,13,9,20,24
ENSMUSG00000040034,1,11,21,11,11,15,15,20,31,16,25,31
ENSMUSG00000016619,2,39,47,47,41,44,55,68,44,54,55,70
ENSMUSG00000034826,2,13,12,7,13,16,13,19,19,12,15,40
ENSMUSG00000109511,5,66,43,39,42,55,50,59,60,71,85,85
ENSMUSG00000072944,0,0,0,0,0,0,0,0,1,0,0,0
ENSMUSG00000020739,4,45,44,28,36,61,43,56,61,59,70,77
ENSMUSG00000040667,6,89,75,58,91,88,108,111,99,88,63,137
ENSMUSG00000032939,2,24,20,18,25,30,28,23,27,21,20,46
ENSMUSG00000063550,6,55,43,38,66,67,66,76,58,38,62,86
ENSMUSG00000048439,3,23,11,15,25,18,19,17,16,22,21,28
ENSMUSG00000030717,5,14,23,11,19,16,31,43,37,42,49,68
ENSMUSG00000095789,2,7,6,1,1,2,2,4,3,2,11,6
ENSMUSG00000023068,11,144,97,75,80,123,151,141,115,123,125,199
ENSMUSG00000027306,2,8,5,3,4,4,6,4,6,3,5,6
ENSMUSG00000008450,7,97,111,68,105,117,102,120,104,84,90,191
ENSMUSG00000071497,5,92,86,59,98,118,86,103,101,91,102,169
ENSMUSG00000026516,5,42,47,36,52,47,56,58,53,55,60,79
ENSMUSG00000048148,0,1,0,0,1,1,0,1,2,0,0,0
ENSMUSG00000090061,0,0,0,0,1,0,0,0,0,0,0,0
ENSMUSG00000010097,40,306,281,204,288,294,324,307,354,342,370,496
ENSMUSG00000009941,0,0,0,0,0,1,0,0,1,0,1,0
ENSMUSG00000057000,0,0,0,0,0,0,0,0,0,0,0,0
ENSMUSG00000031410,0,0,0,0,0,0,0,0,0,0,0,0
ENSMUSG00000020844,8,34,42,32,47,42,71,40,35,44,64,59
ENSMUSG00000034829,0,1,0,0,1,0,0,0,1,1,1,0
ENSMUSG00000021396,0,1,1,0,0,1,0,1,1,0,0,2
ENSMUSG00000032028,2,11,3,5,10,2,8,6,9,5,9,11
ENSMUSG00000075033,0,3,5,1,7,7,4,8,11,6,9,17
ENSMUSG00000044229,2,26,27,12,17,18,21,17,28,11,14,23
ENSMUSG00000047592,0,0,1,1,0,0,2,2,3,0,1,3
ENSMUSG00000046178,0,0,0,0,0,0,0,0,0,0,0,1
ENSMUSG00000046719,0,0,2,0,0,2,0,1,0,0,0,0
ENSMUSG00000040258,0,1,2,3,3,2,6,0,2,6,3,4
ENSMUSG00000036992,2,24,15,14,18,18,21,23,27,20,27,43
ENSMUSG00000042271,2,23,23,8,16,14,14,22,16,22,13,18
ENSMUSG00000045348,0,2,2,0,3,1,3,0,2,3,3,2
ENSMUSG00000054976,0,0,0,0,0,0,1,0,0,0,0,0
ENSMUSG00000075592,2,11,12,6,17,5,14,13,9,12,20,23
ENSMUSG00000051228,0,1,0,1,3,1,2,2,0,1,2,3
ENSMUSG00000046610,0,0,0,1,0,0,1,0,0,0,1,0
ENSMUSG00000032014,1,36,46,34,57,46,57,63,29,45,60,112
ENSMUSG00000040771,4,76,61,44,62,50,72,88,101,80,83,135
ENSMUSG00000052776,3,11,10,6,14,14,53,119,25,24,35,170
ENSMUSG00000029605,0,6,7,2,7,8,19,19,15,14,13,33
ENSMUSG00000001166,0,5,4,4,6,4,12,10,11,7,13,14
ENSMUSG00000032623,0,0,0,0,0,0,0,0,0,0,0,0
ENSMUSG00000066867,0,0,0,0,0,0,0,0,0,0,1,0
ENSMUSG00000053765,0,0,0,0,0,0,0,0,0,1,0,0
ENSMUSG00000066861,2,19,14,7,14,13,54,82,24,23,47,170
ENSMUSG00000001168,0,0,0,0,0,0,0,0,0,0,0,0
ENSMUSG00000032690,13,26,24,12,26,21,57,68,51,46,50,128
ENSMUSG00000032661,1,7,2,3,2,1,23,60,11,13,15,81
ENSMUSG00000041827,4,20,6,5,16,11,84,204,42,52,88,394
ENSMUSG00000029561,10,52,43,32,42,33,132,242,72,81,79,431
ENSMUSG00000030934,29,518,454,281,443,495,490,447,502,480,561,682
ENSMUSG00000035242,121,2013,1663,1171,1690,1760,1638,1713,1927,1742,1616,2568
ENSMUSG00000040652,31,453,460,289,459,430,391,366,408,367,361,531
ENSMUSG00000028141,0,1,2,2,1,2,0,0,0,1,0,3
ENSMUSG00000066772,0,0,0,0,0,0,0,1,0,0,0,0
ENSMUSG00000062061,0,0,0,0,0,0,0,0,1,0,0,0
ENSMUSG00000079539,0,1,1,2,0,0,0,0,0,1,1,1
ENSMUSG00000061462,237,3638,3461,2480,3239,3494,3318,3511,3251,4311,4737,5427
ENSMUSG00000026211,11,170,162,131,196,185,182,161,191,198,123,172
ENSMUSG00000002396,9,44,39,36,47,42,39,61,43,63,65,82
ENSMUSG00000029152,30,381,344,242,341,386,449,394,435,297,285,474
ENSMUSG00000029153,1,26,21,11,30,23,16,20,24,25,14,27
ENSMUSG00000021638,0,0,0,1,1,1,0,0,2,0,1,1
ENSMUSG00000001173,2,25,26,17,27,27,27,35,18,28,26,27
ENSMUSG00000027670,0,1,0,0,0,0,0,1,0,0,0,0
ENSMUSG00000011179,11,100,72,66,87,99,83,108,82,107,103,146
ENSMUSG00000061923,0,0,0,0,1,0,0,0,0,0,0,1
ENSMUSG00000026790,8,57,49,44,56,85,76,67,64,72,63,101
ENSMUSG00000028256,4,14,10,8,10,19,18,14,16,13,17,19
ENSMUSG00000025482,0,0,0,0,0,0,0,0,2,0,0,0
ENSMUSG00000047394,0,4,1,2,5,2,10,0,1,5,3,3
ENSMUSG00000045620,0,0,0,0,0,0,0,1,0,0,0,0
ENSMUSG00000035963,0,0,0,0,0,0,0,0,0,0,0,0
ENSMUSG00000032921,0,0,0,0,0,0,0,0,0,0,0,1
ENSMUSG00000040586,2,16,18,18,21,29,33,20,39,33,25,32
ENSMUSG00000020456,213,5006,4727,3426,4332,4773,4166,3920,4109,5479,4943,6170
ENSMUSG00000021913,0,0,0,2,3,0,1,0,0,2,4,1
ENSMUSG00000033009,5,63,35,31,62,61,57,50,42,56,67,75
ENSMUSG00000023707,2,57,49,50,62,52,61,58,93,95,107,109
ENSMUSG00000025169,4,57,68,49,43,70,52,79,75,73,94,102
ENSMUSG00000049401,15,142,147,98,145,132,219,311,267,266,255,540
ENSMUSG00000026158,7,166,117,81,133,141,164,176,169,120,150,324
ENSMUSG00000030271,0,22,14,20,12,15,36,18,15,19,20,37
ENSMUSG00000021390,18,266,281,201,261,259,304,277,297,266,233,376
ENSMUSG00000034160,13,194,191,117,189,209,207,191,156,176,151,231
ENSMUSG00000072980,0,1,1,0,0,0,2,5,6,1,1,3
ENSMUSG00000021749,0,0,0,0,0,0,0,0,0,0,0,0
ENSMUSG00000009654,0,0,0,0,0,0,1,2,0,0,0,0
ENSMUSG00000027108,10,161,135,103,112,124,129,129,117,121,105,192
ENSMUSG00000026833,2,13,11,16,16,21,17,27,18,20,22,52
ENSMUSG00000032172,0,0,1,0,1,0,0,0,1,0,0,1
ENSMUSG00000027965,0,0,0,0,0,0,0,1,0,0,0,0
ENSMUSG00000051041,1,5,4,0,8,6,8,7,9,4,7,14
ENSMUSG00000046618,1,14,8,9,14,11,11,3,5,4,13,8
ENSMUSG00000038463,1,14,11,8,11,17,11,12,10,4,11,16
ENSMUSG00000027848,10,62,52,61,57,53,93,115,68,87,91,198
ENSMUSG00000100923,0,0,1,0,0,0,0,0,0,0,0,0
ENSMUSG00000043226,0,0,0,0,1,0,0,0,0,0,0,0
ENSMUSG00000092077,0,0,0,0,0,0,0,0,0,0,0,0
ENSMUSG00000075209,0,0,0,0,0,0,0,0,0,0,0,0
ENSMUSG00000058884,0,0,0,1,0,0,0,0,0,0,0,0
ENSMUSG00000059873,0,0,0,0,0,1,0,0,0,0,0,0
ENSMUSG00000043267,0,0,0,0,0,0,0,0,0,0,0,0
ENSMUSG00000042796,0,1,0,0,0,0,0,0,0,0,0,0
ENSMUSG00000045392,0,15,6,6,14,6,21,12,7,12,10,21
ENSMUSG00000102091,0,6,4,4,2,4,1,1,3,1,4,3
ENSMUSG00000099820,0,0,1,0,1,1,0,0,0,0,0,0
ENSMUSG00000050577,0,0,0,0,0,0,0,0,0,0,0,0
ENSMUSG00000075204,0,0,0,0,0,0,0,0,0,1,0,0
ENSMUSG00000075202,0,0,0,0,0,0,0,0,0,0,0,0
ENSMUSG00000075197,0,0,0,0,0,0,0,0,0,0,0,0
ENSMUSG00000075193,0,0,0,0,0,0,0,0,0,0,1,0
ENSMUSG00000075187,0,0,0,0,0,0,0,0,0,0,0,0
ENSMUSG00000090059,0,0,1,0,0,0,0,1,1,0,0,0
ENSMUSG00000111306,0,0,0,0,0,0,0,0,1,0,0,1
ENSMUSG00000029184,0,0,0,0,0,0,0,0,0,0,0,0
ENSMUSG00000075172,0,0,0,0,0,0,0,0,0,0,0,0
ENSMUSG00000075168,1,0,0,0,0,0,0,0,0,0,0,0
ENSMUSG00000036658,0,1,0,0,0,1,0,0,0,0,0,0
ENSMUSG00000075167,0,0,0,0,0,0,0,0,0,0,0,0
ENSMUSG00000075166,0,0,0,0,0,0,0,0,0,0,0,0
ENSMUSG00000075163,0,0,0,0,0,0,0,0,1,0,0,0
ENSMUSG00000075161,0,0,0,0,0,0,1,0,0,0,0,0
ENSMUSG00000075159,0,0,0,0,0,0,0,1,0,0,0,0
ENSMUSG00000070855,0,0,0,0,0,0,0,0,0,0,0,0
ENSMUSG00000047594,0,0,0,0,0,0,0,0,0,0,0,0
ENSMUSG00000050772,0,1,2,0,1,3,1,3,4,2,3,8
ENSMUSG00000075153,0,0,0,0,0,0,0,0,0,0,0,0
ENSMUSG00000068817,0,0,0,0,0,0,0,0,0,0,0,0
ENSMUSG00000068815,0,0,0,0,0,0,0,0,0,0,0,0
ENSMUSG00000081234,0,0,0,0,0,1,0,0,0,0,0,0
ENSMUSG00000047039,0,0,0,0,0,0,0,0,0,0,0,0
ENSMUSG00000045225,0,3,0,0,1,0,1,0,0,0,1,0
ENSMUSG00000075144,0,0,0,0,0,0,0,0,0,0,0,0
ENSMUSG00000061336,0,0,0,0,0,0,0,0,0,0,0,0
ENSMUSG00000075141,0,0,0,0,0,0,0,0,0,0,0,0
ENSMUSG00000075139,0,0,0,0,0,0,0,0,0,0,0,0
ENSMUSG00000100899,0,0,0,0,0,0,1,0,0,1,1,1
ENSMUSG00000075132,0,0,0,0,0,1,0,0,0,0,0,1
ENSMUSG00000075128,0,0,0,0,0,0,0,0,0,1,0,0
ENSMUSG00000056995,0,0,0,0,0,0,0,0,0,0,1,0
ENSMUSG00000075125,0,0,0,0,0,0,0,0,0,0,0,1
ENSMUSG00000049372,0,0,0,0,0,0,0,0,0,0,0,0
ENSMUSG00000057735,0,0,1,0,0,0,0,0,0,0,0,0
ENSMUSG00000059964,0,0,0,0,0,0,0,0,0,0,0,0
ENSMUSG00000081948,0,1,1,1,0,1,1,1,1,0,1,1
ENSMUSG00000075121,0,0,0,0,0,0,0,0,0,0,0,0
ENSMUSG00000075119,0,0,0,0,0,0,0,0,0,0,0,0
ENSMUSG00000061616,0,0,0,0,0,0,0,0,0,0,0,0
ENSMUSG00000063994,0,0,0,0,0,0,0,1,0,0,0,0
ENSMUSG00000064084,0,0,0,0,0,2,0,0,0,0,0,0
ENSMUSG00000062757,0,0,0,0,0,0,0,0,0,0,0,0
ENSMUSG00000060017,0,0,0,0,0,0,0,0,0,0,0,0
ENSMUSG00000075112,0,0,1,0,1,1,0,0,0,1,1,1
ENSMUSG00000101391,0,0,0,0,0,0,0,0,0,1,0,0
ENSMUSG00000075104,0,1,0,0,0,0,0,0,0,0,0,0
ENSMUSG00000075102,0,0,0,0,0,0,0,0,0,0,0,0
ENSMUSG00000075097,0,0,0,0,0,0,0,0,0,0,0,0
ENSMUSG00000075091,0,1,0,0,0,0,0,0,0,0,0,0
ENSMUSG00000111517,0,2,1,0,1,0,1,2,0,0,1,0
ENSMUSG00000075078,0,0,0,0,0,0,0,0,0,0,0,0
ENSMUSG00000111567,0,0,0,0,0,0,0,0,0,0,0,0
ENSMUSG00000075074,0,1,0,0,0,0,0,0,0,0,0,0
ENSMUSG00000042894,0,0,0,0,0,0,0,0,0,0,1,0
ENSMUSG00000051313,0,0,0,0,0,0,0,0,0,0,0,0
ENSMUSG00000059112,0,0,0,0,0,0,1,0,0,0,0,0
ENSMUSG00000059910,0,0,0,0,0,0,0,0,0,0,0,0
ENSMUSG00000058114,0,0,1,0,0,0,0,0,0,0,0,0
ENSMUSG00000075062,0,0,0,0,0,0,0,1,1,1,0,0
ENSMUSG00000082980,0,0,0,0,0,0,1,0,0,0,0,0
ENSMUSG00000109813,0,1,0,0,0,1,0,1,0,0,0,0
ENSMUSG00000109449,0,0,0,0,0,0,0,0,0,0,0,0
ENSMUSG00000095156,0,0,0,0,0,0,0,0,0,0,0,0
ENSMUSG00000096703,0,0,0,0,0,0,0,0,1,0,0,0
ENSMUSG00000108891,0,0,0,0,0,0,0,0,1,0,0,1
ENSMUSG00000108908,0,1,0,0,0,0,0,0,0,0,0,0
ENSMUSG00000108919,1,0,0,0,0,0,0,0,0,0,0,0
ENSMUSG00000094858,0,0,0,0,0,0,0,0,0,0,0,0
ENSMUSG00000043605,0,0,0,0,0,0,0,0,1,0,0,0
ENSMUSG00000096566,0,0,0,0,0,0,0,0,0,0,0,0
ENSMUSG00000094747,0,0,0,0,0,0,0,0,1,0,0,0
ENSMUSG00000108827,0,1,0,0,0,0,1,2,1,0,0,1
ENSMUSG00000074947,0,0,0,0,0,0,0,0,0,0,0,0
ENSMUSG00000109801,0,0,0,0,0,0,0,0,0,0,0,0
ENSMUSG00000050776,0,0,0,0,0,0,0,0,0,0,0,0
ENSMUSG00000049758,0,0,0,1,0,0,0,0,0,0,0,0
ENSMUSG00000056281,0,0,0,0,1,0,0,0,1,0,0,0
ENSMUSG00000051706,0,0,0,0,0,0,0,0,0,0,0,0
ENSMUSG00000043715,0,3,1,0,1,2,0,0,0,1,1,1
ENSMUSG00000063240,0,1,0,0,0,0,0,0,0,0,0,0
ENSMUSG00000073768,0,0,0,0,0,1,0,0,0,0,0,0
ENSMUSG00000066061,0,0,0,0,0,0,0,0,1,0,0,0
ENSMUSG00000048620,0,0,0,0,0,1,1,0,1,0,0,1
ENSMUSG00000095218,0,0,0,0,0,0,0,1,0,0,1,0
ENSMUSG00000054938,0,0,0,0,0,1,0,0,0,0,0,0
ENSMUSG00000046493,0,0,0,0,0,0,0,0,0,0,0,0
ENSMUSG00000062873,0,0,0,0,0,0,0,0,0,0,0,0
ENSMUSG00000051190,0,0,0,0,0,0,0,0,0,0,0,0
ENSMUSG00000048996,0,0,0,0,0,0,0,0,0,0,0,0
ENSMUSG00000060404,1,0,0,0,0,0,0,1,0,0,0,1
ENSMUSG00000107645,0,0,0,0,0,0,0,0,0,0,0,0
ENSMUSG00000095187,0,0,0,0,0,0,0,0,0,0,1,0
ENSMUSG00000107417,0,0,1,0,0,0,0,0,0,0,0,0
ENSMUSG00000059729,0,0,0,0,0,1,1,1,0,0,0,0
ENSMUSG00000047702,0,0,1,0,1,0,0,1,0,1,1,0
ENSMUSG00000107573,0,0,0,0,0,0,0,0,0,0,0,0
ENSMUSG00000045421,0,0,0,0,0,0,0,0,0,0,0,0
ENSMUSG00000101750,0,1,0,1,1,0,0,0,0,1,0,1
ENSMUSG00000059864,0,3,2,3,8,0,1,3,1,3,2,1
ENSMUSG00000048378,2,1,4,4,4,1,1,2,3,2,1,3
ENSMUSG00000050763,0,0,0,0,0,0,0,0,0,0,0,0
ENSMUSG00000047511,4,5,4,5,8,4,3,3,9,2,5,6
ENSMUSG00000058981,1,0,0,0,0,0,0,0,0,0,0,0
ENSMUSG00000063583,0,0,0,0,0,0,1,0,0,0,0,0
ENSMUSG00000067064,0,0,0,0,0,0,0,0,0,0,0,0
ENSMUSG00000067545,0,0,0,0,1,0,0,0,0,0,0,0
ENSMUSG00000060878,0,0,1,0,0,0,0,0,2,0,0,0
ENSMUSG00000067529,0,0,0,0,0,0,0,0,0,0,1,0
ENSMUSG00000067526,0,0,0,0,0,0,0,0,0,0,0,0
ENSMUSG00000044994,0,0,0,0,0,0,0,0,0,0,0,0
ENSMUSG00000067525,0,0,1,0,0,0,0,0,0,0,0,0
ENSMUSG00000109328,0,0,0,0,0,0,0,0,0,0,0,0
ENSMUSG00000046650,0,0,0,0,0,0,0,0,0,0,0,0
ENSMUSG00000050815,0,0,0,0,0,0,1,0,0,0,0,0
ENSMUSG00000046272,0,0,0,0,0,0,0,0,0,0,0,0
ENSMUSG00000049498,0,0,0,0,0,0,0,0,0,0,0,0
ENSMUSG00000066748,0,0,1,0,0,0,0,0,0,0,0,0
ENSMUSG00000057503,0,0,0,0,0,0,0,0,0,0,0,0
ENSMUSG00000096485,0,0,0,0,0,0,0,0,0,0,0,0
ENSMUSG00000049015,0,0,0,1,0,0,0,0,0,1,0,1
ENSMUSG00000063777,0,0,0,0,0,0,0,0,0,0,0,0
ENSMUSG00000071629,0,0,0,0,0,0,0,0,0,0,0,0
ENSMUSG00000045678,4,1,0,0,0,0,0,0,0,0,0,0
ENSMUSG00000059043,0,0,0,0,0,0,0,0,0,0,0,0
ENSMUSG00000054526,0,0,1,0,0,0,0,0,0,0,0,0
ENSMUSG00000075064,0,0,1,0,0,0,0,0,0,0,0,0
ENSMUSG00000057564,0,0,0,0,0,0,0,0,0,0,0,0
ENSMUSG00000054890,0,0,0,0,1,0,0,0,0,0,0,0
ENSMUSG00000071000,0,0,0,0,0,0,0,1,0,3,0,0
ENSMUSG00000096169,0,0,0,0,0,2,0,0,1,0,0,0
ENSMUSG00000111611,0,1,0,0,1,0,0,0,1,0,0,1
ENSMUSG00000045341,0,0,0,0,0,0,0,0,0,0,0,0
ENSMUSG00000073897,0,0,0,0,0,1,0,0,0,0,0,0
ENSMUSG00000062245,0,0,0,0,0,0,0,0,0,0,0,1
ENSMUSG00000049362,0,0,0,0,0,0,1,2,1,0,1,0
ENSMUSG00000066896,0,0,0,0,0,0,0,0,0,0,0,0
ENSMUSG00000062105,1,0,1,1,3,0,0,1,1,1,0,2
ENSMUSG00000064006,0,0,0,0,0,0,0,0,1,0,0,0
ENSMUSG00000094539,0,0,0,0,0,0,0,0,0,0,0,1
ENSMUSG00000060057,0,0,0,0,0,0,0,0,0,0,0,0
ENSMUSG00000070417,0,0,0,0,1,0,0,1,0,0,0,0
ENSMUSG00000053391,0,0,0,0,0,0,0,0,0,0,0,0
ENSMUSG00000053251,0,0,0,0,0,0,0,1,0,0,0,0
ENSMUSG00000066671,0,0,0,0,0,0,1,0,0,0,0,0
ENSMUSG00000059279,0,0,0,0,1,0,0,0,1,0,0,1
ENSMUSG00000111772,0,0,0,0,0,0,0,0,0,0,0,0
ENSMUSG00000094200,0,0,0,0,0,0,0,0,0,0,0,0
ENSMUSG00000049864,0,0,0,0,0,0,1,0,0,0,0,0
ENSMUSG00000075160,0,0,0,0,0,0,0,0,0,0,0,0
ENSMUSG00000043385,0,0,1,0,0,0,0,0,0,0,0,0
ENSMUSG00000054036,0,0,0,0,0,0,1,0,0,0,0,0
ENSMUSG00000056184,0,0,0,1,0,0,0,0,0,0,0,0
ENSMUSG00000062037,0,1,0,0,0,1,0,0,0,0,0,0
ENSMUSG00000075427,0,0,0,0,0,0,0,0,0,0,0,0
ENSMUSG00000070460,0,0,0,0,0,0,0,0,1,0,0,0
ENSMUSG00000059319,0,0,0,0,0,0,0,0,0,0,0,0
ENSMUSG00000057067,0,0,0,0,0,0,0,0,1,0,0,0
ENSMUSG00000020168,0,0,0,0,0,0,0,0,0,0,0,0
ENSMUSG00000043314,0,0,0,0,0,0,1,0,0,0,0,0
ENSMUSG00000055610,0,0,0,0,0,0,0,0,0,0,0,1
ENSMUSG00000072707,0,0,0,0,0,0,0,0,0,1,0,0
ENSMUSG00000108265,0,0,0,0,0,0,0,0,0,0,0,0
ENSMUSG00000066273,0,0,0,0,0,0,0,0,0,0,1,0
ENSMUSG00000050818,1,0,0,0,0,0,0,0,0,0,0,0
ENSMUSG00000050813,0,0,0,0,0,0,0,0,0,0,0,0
ENSMUSG00000068950,0,0,0,0,1,0,0,0,0,0,0,0
ENSMUSG00000096822,0,1,0,0,0,0,0,0,1,0,1,1
ENSMUSG00000111863,0,0,0,0,0,0,0,0,0,0,0,0
ENSMUSG00000053146,0,0,0,0,0,0,0,0,0,0,0,0
ENSMUSG00000055088,0,1,0,0,0,0,0,0,0,2,0,0
ENSMUSG00000055838,0,0,0,0,0,0,0,0,1,0,0,0
ENSMUSG00000075379,0,0,0,1,0,0,0,0,0,0,0,0
ENSMUSG00000068947,0,0,0,0,0,0,0,0,0,0,0,0
ENSMUSG00000069998,0,0,0,0,0,0,0,0,0,0,0,0
ENSMUSG00000061561,0,0,0,0,1,0,0,0,0,2,1,1
ENSMUSG00000046881,0,0,2,0,0,0,0,0,0,1,0,0
ENSMUSG00000084387,0,0,0,0,0,0,0,0,0,0,0,0
ENSMUSG00000095236,0,0,0,0,0,0,0,0,0,0,0,0
ENSMUSG00000060335,0,0,0,0,0,0,0,0,0,0,0,0
ENSMUSG00000069818,0,0,0,0,0,0,0,0,0,0,0,0
ENSMUSG00000061984,0,0,0,0,0,0,0,0,0,0,0,0
ENSMUSG00000049041,0,0,0,0,0,0,0,0,0,0,0,0
ENSMUSG00000063116,0,1,0,0,0,0,0,0,0,0,0,0
ENSMUSG00000051509,0,0,0,0,1,0,0,0,0,0,0,0
ENSMUSG00000050788,0,0,0,1,0,0,0,0,0,0,0,1
ENSMUSG00000055033,0,0,0,0,0,0,0,0,0,0,0,0
ENSMUSG00000051528,0,1,0,0,0,0,0,0,0,0,0,0
ENSMUSG00000045381,0,0,0,0,0,0,0,0,0,0,0,0
ENSMUSG00000073111,0,0,0,0,0,0,0,0,0,0,0,0
ENSMUSG00000043119,0,0,0,0,0,0,0,0,0,0,0,0
ENSMUSG00000071494,0,0,0,0,0,0,0,0,0,0,0,0
ENSMUSG00000090631,0,0,0,0,0,0,0,0,0,0,0,0
ENSMUSG00000091983,0,0,0,0,0,0,0,0,0,0,0,0
ENSMUSG00000068574,0,1,0,0,1,0,0,0,0,0,0,0
ENSMUSG00000045479,0,0,0,0,0,0,0,0,0,0,0,0
ENSMUSG00000045514,0,0,0,0,0,0,0,0,0,0,0,1
ENSMUSG00000068259,0,0,0,0,0,0,1,0,0,0,0,0
ENSMUSG00000066242,0,0,0,0,0,0,0,0,0,0,0,0
ENSMUSG00000096151,0,0,0,0,1,1,0,0,0,0,1,0
ENSMUSG00000059031,2,15,16,12,10,14,20,22,21,11,17,22
ENSMUSG00000078118,0,0,1,0,0,0,0,0,0,0,0,0
ENSMUSG00000110171,0,0,0,0,1,0,0,0,0,0,0,0
ENSMUSG00000048153,0,0,0,0,0,0,0,0,0,0,0,0
ENSMUSG00000109497,0,0,0,0,0,0,0,0,0,0,0,1
ENSMUSG00000110253,0,0,0,0,0,0,0,0,0,0,0,0
ENSMUSG00000111021,0,1,0,0,0,0,2,0,0,0,1,0
ENSMUSG00000058244,0,0,1,0,0,0,0,0,0,0,0,0
ENSMUSG00000049280,0,0,0,0,0,1,0,0,0,0,0,0
ENSMUSG00000046431,0,0,0,0,0,0,0,0,0,0,0,0
ENSMUSG00000075199,0,0,0,1,0,1,1,0,0,0,0,1
ENSMUSG00000050366,0,0,0,0,0,0,0,0,0,1,0,0
ENSMUSG00000063823,0,0,0,0,0,0,0,0,0,0,0,0
ENSMUSG00000056883,0,0,0,0,0,0,0,0,0,0,0,0
ENSMUSG00000059136,0,0,0,0,1,0,0,0,0,0,0,0
ENSMUSG00000059397,0,0,0,0,0,0,0,0,0,0,0,0
ENSMUSG00000044814,0,0,0,0,0,0,0,0,0,0,0,3
ENSMUSG00000043925,0,1,0,0,0,0,1,0,0,0,1,0
ENSMUSG00000044824,1,1,0,1,0,0,0,0,0,1,0,0
ENSMUSG00000094891,0,0,0,0,0,0,0,0,0,0,0,1
ENSMUSG00000073975,0,0,0,0,1,0,0,0,1,0,1,0
ENSMUSG00000073974,0,0,0,0,0,0,0,0,0,1,0,0
ENSMUSG00000073971,0,0,0,0,0,0,0,0,0,0,0,0
ENSMUSG00000073969,0,0,0,0,0,0,0,0,0,0,0,0
ENSMUSG00000073967,0,0,0,0,0,0,0,0,0,0,0,0
ENSMUSG00000070423,0,11,15,10,12,5,10,6,12,14,20,18
ENSMUSG00000040328,1,0,0,0,0,0,6,7,1,1,0,6
ENSMUSG00000110008,0,0,0,0,1,0,0,0,0,0,0,0
ENSMUSG00000060205,0,0,0,0,0,0,0,0,0,1,0,0
ENSMUSG00000043310,0,0,1,0,0,0,0,0,0,0,0,0
ENSMUSG00000073962,0,0,0,0,0,1,0,0,0,0,0,0
ENSMUSG00000073961,0,0,0,0,0,0,0,1,0,0,0,0
ENSMUSG00000073960,0,0,0,0,0,0,0,0,0,0,0,0
ENSMUSG00000073959,0,0,0,0,0,1,0,0,0,0,0,0
ENSMUSG00000070374,0,0,0,0,0,0,0,0,0,1,0,0
ENSMUSG00000073956,0,0,0,0,0,0,0,0,0,0,0,0
ENSMUSG00000036647,0,0,0,0,0,0,0,0,0,0,0,1
ENSMUSG00000081945,0,0,0,0,0,0,0,0,0,0,0,0
ENSMUSG00000094119,0,0,0,0,0,0,0,0,0,0,0,0
ENSMUSG00000073947,0,0,0,0,0,0,0,0,0,0,0,0
ENSMUSG00000045132,11,155,95,77,119,118,112,96,120,132,89,166
ENSMUSG00000045780,0,0,0,0,2,0,0,1,0,0,0,0
ENSMUSG00000096516,1,0,0,0,0,0,0,0,0,0,0,0
ENSMUSG00000047545,0,0,1,0,0,0,0,0,0,0,0,0
ENSMUSG00000054666,0,0,0,0,0,1,1,0,0,0,1,0
ENSMUSG00000042219,0,0,0,0,0,0,0,0,1,0,0,0
ENSMUSG00000073937,0,0,0,0,0,0,0,0,0,0,0,0
ENSMUSG00000094520,0,0,0,0,0,0,0,0,0,0,1,0
ENSMUSG00000063615,0,0,0,0,0,0,0,0,0,0,0,0
ENSMUSG00000073932,0,0,0,0,0,0,0,0,0,0,0,0
ENSMUSG00000049797,0,0,0,0,0,0,0,0,0,0,0,1
ENSMUSG00000042909,0,0,0,1,0,0,0,0,0,0,0,0
ENSMUSG00000110259,0,0,0,0,0,0,0,0,0,0,0,0
ENSMUSG00000051182,0,0,0,0,0,0,0,0,1,0,0,0
ENSMUSG00000070421,0,0,0,0,0,0,0,0,0,0,0,0
ENSMUSG00000073920,0,1,1,0,0,0,0,0,0,0,0,0
ENSMUSG00000057770,0,0,0,0,0,0,0,0,0,0,0,0
ENSMUSG00000094531,0,0,0,1,0,0,0,0,0,1,0,0
ENSMUSG00000073913,0,0,0,0,0,0,0,0,0,0,0,0
ENSMUSG00000050266,0,0,0,0,0,0,0,0,0,0,0,0
ENSMUSG00000043948,0,2,0,0,2,2,0,0,0,0,0,0
ENSMUSG00000064223,1,0,0,0,1,0,0,0,0,0,0,0
ENSMUSG00000059087,0,0,0,0,0,0,0,0,0,0,0,0
ENSMUSG00000096714,0,0,0,0,0,0,0,0,0,0,0,0
ENSMUSG00000050215,0,0,0,0,0,0,0,0,0,0,0,0
ENSMUSG00000060503,0,0,1,0,0,0,0,0,0,0,0,0
ENSMUSG00000090981,0,0,0,0,0,1,0,0,1,0,1,0
ENSMUSG00000052417,0,0,0,0,0,0,0,0,0,0,1,0
ENSMUSG00000059488,0,0,0,0,0,0,0,0,0,0,0,0
ENSMUSG00000050030,0,0,0,0,0,0,0,0,0,0,0,0
ENSMUSG00000049011,0,1,0,0,0,1,1,1,0,0,0,1
ENSMUSG00000048080,0,2,0,0,0,0,0,0,0,0,0,0
ENSMUSG00000091873,0,0,0,0,0,0,0,0,0,0,0,0
ENSMUSG00000090874,0,0,0,0,0,0,0,0,0,0,0,0
ENSMUSG00000045306,0,0,0,0,0,0,0,0,0,0,0,0
ENSMUSG00000075142,0,0,0,0,0,0,0,0,0,0,0,0
ENSMUSG00000095765,0,0,0,0,0,0,0,0,0,0,0,0
ENSMUSG00000050028,0,0,0,0,0,0,0,0,0,0,0,0
ENSMUSG00000060084,0,0,0,0,0,0,0,0,0,0,0,0
ENSMUSG00000090556,0,0,0,0,0,0,0,0,0,0,1,0
ENSMUSG00000067522,0,0,0,0,0,0,0,0,0,0,0,0
ENSMUSG00000059762,0,0,0,0,0,0,0,0,0,0,0,0
ENSMUSG00000042801,1,0,0,0,1,0,0,1,0,0,0,0
ENSMUSG00000051118,32,256,217,165,201,238,230,211,247,233,174,301
ENSMUSG00000047868,0,0,0,0,1,0,0,0,0,0,0,0
ENSMUSG00000095483,0,0,0,0,0,0,0,0,0,0,1,0
ENSMUSG00000043366,0,7,9,10,8,8,4,3,4,3,7,4
ENSMUSG00000049573,0,0,0,1,0,0,0,0,0,0,0,0
ENSMUSG00000094347,0,0,0,0,0,0,0,0,0,0,0,0
ENSMUSG00000049217,0,0,0,0,0,0,0,0,0,0,0,0
ENSMUSG00000111273,0,0,0,0,0,0,0,0,0,0,0,0
ENSMUSG00000093866,0,0,0,0,0,0,0,0,0,0,0,0
ENSMUSG00000046041,0,0,0,0,0,0,0,0,0,0,0,0
ENSMUSG00000050251,0,0,0,0,1,0,0,1,0,0,0,0
ENSMUSG00000059134,0,0,0,0,0,0,0,0,0,0,0,0
ENSMUSG00000063715,0,0,0,0,0,0,0,0,0,0,0,0
ENSMUSG00000058251,0,0,0,0,0,0,0,0,0,0,0,0
ENSMUSG00000110519,0,0,0,0,0,0,0,0,0,0,0,0
ENSMUSG00000061614,0,0,0,0,0,0,0,0,0,0,0,0
ENSMUSG00000059821,0,0,0,0,0,0,0,1,0,0,0,0
ENSMUSG00000052182,0,0,0,0,0,0,0,0,0,0,0,0
ENSMUSG00000066905,0,0,0,0,0,0,0,0,0,0,0,0
ENSMUSG00000049028,0,1,1,0,0,2,0,0,0,0,0,1
ENSMUSG00000066750,0,0,0,0,0,0,0,0,0,0,0,0
ENSMUSG00000066747,0,0,0,0,0,0,0,0,1,0,0,0
ENSMUSG00000096167,0,0,0,0,0,0,1,0,0,0,0,0
ENSMUSG00000095527,1,0,0,0,0,0,0,0,0,0,0,0
ENSMUSG00000096356,0,2,0,0,0,0,0,0,0,0,2,2
ENSMUSG00000094588,0,1,0,0,0,2,0,1,0,0,0,1
ENSMUSG00000056600,1,0,0,0,0,0,0,0,1,0,0,0
ENSMUSG00000052058,0,0,0,0,0,0,0,0,0,0,0,0
ENSMUSG00000094380,0,2,0,0,2,1,1,0,4,0,0,0
ENSMUSG00000096794,0,0,0,0,0,0,0,1,1,0,0,0
ENSMUSG00000094810,1,2,0,0,0,0,1,0,0,2,0,0
ENSMUSG00000062621,0,0,0,0,0,0,0,1,0,0,0,0
ENSMUSG00000111448,0,4,0,3,3,3,5,5,11,6,4,9
ENSMUSG00000059189,0,0,0,0,0,0,0,0,0,0,0,0
ENSMUSG00000047050,0,0,0,0,0,0,0,0,0,0,0,0
ENSMUSG00000046150,0,0,0,0,0,0,1,0,0,0,0,0
ENSMUSG00000096477,0,0,0,0,0,0,0,0,0,0,0,0
ENSMUSG00000061039,0,1,2,1,3,5,4,2,4,5,6,4
ENSMUSG00000049926,0,0,0,0,0,0,0,0,0,0,0,0
ENSMUSG00000044798,0,0,1,0,0,1,0,0,0,0,0,0
ENSMUSG00000058515,0,0,0,0,0,0,0,0,0,0,0,0
ENSMUSG00000094970,0,0,1,0,0,0,0,0,0,0,0,0
ENSMUSG00000049561,0,0,0,0,0,0,0,0,0,0,0,0
ENSMUSG00000094745,0,0,0,0,0,0,0,0,0,0,0,0
ENSMUSG00000095322,0,0,0,0,0,0,0,0,0,0,0,0
ENSMUSG00000059867,0,0,0,0,1,0,0,0,0,0,0,0
ENSMUSG00000055820,0,0,0,0,0,0,0,0,0,0,0,0
ENSMUSG00000094254,0,0,1,0,0,0,0,0,0,0,0,0
ENSMUSG00000043331,0,0,0,0,0,0,0,0,0,0,0,0
ENSMUSG00000059473,0,0,0,0,0,0,1,0,0,0,0,0
ENSMUSG00000046678,0,0,0,0,0,0,0,0,0,0,1,0
ENSMUSG00000049010,0,0,0,0,0,0,0,0,0,0,0,0
ENSMUSG00000051095,0,0,0,0,0,0,0,0,0,0,0,0
ENSMUSG00000061972,0,0,0,0,0,0,0,0,0,0,0,0
ENSMUSG00000075220,0,0,0,0,0,0,1,0,0,0,0,0
ENSMUSG00000075219,0,1,0,0,1,0,0,0,0,0,0,1
ENSMUSG00000046160,1,0,0,0,0,0,0,0,0,0,0,0
ENSMUSG00000045591,0,0,0,0,0,0,0,0,0,0,0,0
ENSMUSG00000030162,0,0,0,0,0,0,2,0,0,0,0,1
ENSMUSG00000035069,4,107,97,52,95,100,85,98,86,98,92,129
ENSMUSG00000048368,0,4,4,3,6,4,8,8,7,10,8,7
ENSMUSG00000049612,0,0,0,1,0,0,0,0,0,0,0,0
ENSMUSG00000074006,0,0,0,0,0,0,0,0,1,0,0,0
ENSMUSG00000043013,0,0,0,0,0,0,0,0,0,0,0,0
ENSMUSG00000045991,0,1,0,0,0,0,1,1,0,1,0,1
ENSMUSG00000045518,0,1,0,0,0,0,1,1,2,1,1,0
ENSMUSG00000032346,0,0,0,0,0,0,0,0,0,0,0,0
ENSMUSG00000041857,0,0,0,0,0,0,0,0,0,0,0,0
ENSMUSG00000038084,14,373,345,247,332,311,287,275,295,315,305,385
ENSMUSG00000052214,9,242,247,173,228,225,232,195,210,211,277,309
ENSMUSG00000050121,0,0,0,0,0,1,0,0,0,0,0,0
ENSMUSG00000062257,1,1,4,3,1,1,1,3,5,2,0,5
ENSMUSG00000031214,2,27,10,15,23,15,25,27,20,27,19,35
ENSMUSG00000022562,14,220,235,188,209,179,247,236,238,357,334,365
ENSMUSG00000058831,0,0,0,0,1,0,0,0,0,0,0,0
ENSMUSG00000026525,0,5,3,3,6,10,12,6,4,4,5,7
ENSMUSG00000021799,0,9,14,13,15,14,6,6,9,11,7,18
ENSMUSG00000043972,1,0,0,0,0,0,0,0,0,0,1,0
ENSMUSG00000050511,0,0,0,0,0,0,2,0,0,1,0,2
ENSMUSG00000025905,0,1,0,0,0,0,1,0,0,0,0,0
ENSMUSG00000027584,1,0,0,0,0,0,0,0,0,0,0,1
ENSMUSG00000000766,0,0,0,0,0,0,1,0,0,0,0,0
ENSMUSG00000010311,0,0,0,1,0,0,0,0,0,0,1,1
ENSMUSG00000026672,16,244,215,143,230,231,298,237,288,295,355,350
ENSMUSG00000111590,0,0,0,0,0,0,0,0,0,0,0,0
ENSMUSG00000049686,4,71,47,49,77,52,74,77,62,46,80,115
ENSMUSG00000039747,0,3,3,2,2,5,2,3,4,4,3,4
ENSMUSG00000043964,6,67,83,45,79,74,88,85,77,94,76,127
ENSMUSG00000031072,3,48,32,40,53,38,50,41,50,46,47,59
ENSMUSG00000028587,0,2,1,0,0,1,2,0,0,1,0,3
ENSMUSG00000026037,2,20,30,16,33,26,32,23,37,23,29,41
ENSMUSG00000040044,10,64,62,35,76,65,78,78,86,77,79,93
ENSMUSG00000026761,6,54,44,35,59,55,72,59,58,41,52,63
ENSMUSG00000029012,3,27,18,16,25,25,34,30,32,18,22,30
ENSMUSG00000031697,0,12,9,14,11,13,13,16,15,20,16,27
ENSMUSG00000039196,0,0,0,0,0,0,0,0,0,0,1,0
ENSMUSG00000061540,0,0,0,0,1,0,0,0,0,1,0,2
ENSMUSG00000028359,1,0,1,0,1,1,0,1,1,1,0,2
ENSMUSG00000026097,3,33,29,18,36,27,30,24,24,36,30,53
ENSMUSG00000025353,1,20,12,11,14,13,20,21,26,13,27,41
ENSMUSG00000038150,15,123,128,86,113,122,124,148,147,135,151,195
ENSMUSG00000040462,15,126,92,85,117,97,186,160,142,182,252,296
ENSMUSG00000024687,12,261,244,177,231,254,334,269,287,278,338,365
ENSMUSG00000020435,2,81,101,82,95,66,88,74,90,105,105,121
ENSMUSG00000040875,0,1,2,1,4,2,3,0,2,0,3,2
ENSMUSG00000022807,2,51,49,34,42,56,59,35,43,47,51,77
ENSMUSG00000044252,6,213,202,125,181,189,172,169,180,160,172,246
ENSMUSG00000039050,13,147,142,112,133,137,136,151,156,165,185,214
ENSMUSG00000029822,1,68,50,44,42,40,62,47,72,43,58,66
ENSMUSG00000037606,1,42,40,22,47,47,43,36,39,41,47,64
ENSMUSG00000042359,1,56,32,26,41,36,39,27,24,42,39,43
ENSMUSG00000038534,2,16,24,14,19,9,12,13,13,13,9,25
ENSMUSG00000020189,13,221,170,122,210,186,210,174,168,175,178,248
ENSMUSG00000028559,11,204,170,129,209,177,237,250,227,203,229,361
ENSMUSG00000054594,0,1,2,1,2,1,1,0,0,2,0,5
ENSMUSG00000042616,0,10,7,1,6,11,19,12,12,10,18,15
ENSMUSG00000035399,6,30,29,17,40,25,23,36,41,25,27,41
ENSMUSG00000006289,7,170,149,97,149,133,141,147,142,153,181,168
ENSMUSG00000074063,2,13,10,11,11,16,20,26,23,29,26,31
ENSMUSG00000041153,2,22,18,9,12,17,16,18,16,20,22,24
ENSMUSG00000058755,0,0,0,1,0,2,2,1,4,2,0,5
ENSMUSG00000022146,3,26,41,20,32,29,71,74,35,54,63,135
ENSMUSG00000048387,0,3,4,5,11,13,8,4,3,21,26,15
ENSMUSG00000022330,0,0,0,0,0,0,0,0,1,0,0,0
ENSMUSG00000038803,39,463,396,321,399,411,435,472,393,484,477,732
ENSMUSG00000041084,8,116,90,70,113,101,142,147,105,85,122,225
ENSMUSG00000024725,17,121,120,89,127,104,141,161,132,138,165,220
ENSMUSG00000038280,2,58,68,52,65,60,65,69,61,52,50,84
ENSMUSG00000052276,1,0,0,0,0,0,0,0,0,0,0,0
ENSMUSG00000034990,0,0,0,0,0,0,0,0,0,0,0,0
ENSMUSG00000062372,1,0,0,0,0,2,0,1,0,0,0,0
ENSMUSG00000009487,0,0,0,0,0,1,0,0,0,0,0,0
ENSMUSG00000091455,0,0,0,0,0,0,0,0,0,0,0,0
ENSMUSG00000044055,0,0,0,0,0,0,0,0,0,0,0,1
ENSMUSG00000024767,20,156,139,113,142,155,161,159,157,146,172,239
ENSMUSG00000021203,1,14,9,11,21,19,20,27,14,14,19,28
ENSMUSG00000043415,6,39,29,32,80,82,72,87,145,38,65,50
ENSMUSG00000041161,3,12,16,9,12,10,15,12,9,12,22,33
ENSMUSG00000036990,9,132,114,88,125,139,126,109,137,116,107,179
ENSMUSG00000031154,18,99,70,57,81,69,95,92,100,75,93,146
ENSMUSG00000040550,3,125,125,106,127,126,125,123,116,126,125,183
ENSMUSG00000033510,0,0,1,0,0,0,0,0,0,0,0,0
ENSMUSG00000038495,18,129,142,99,132,169,190,139,149,117,147,178
ENSMUSG00000046034,6,75,81,58,81,88,111,119,140,106,120,161
ENSMUSG00000005917,0,1,0,0,0,0,0,0,0,1,0,1
ENSMUSG00000021848,0,0,0,0,0,1,0,0,1,0,0,1
ENSMUSG00000038268,2,12,13,12,17,18,16,16,16,12,20,23
ENSMUSG00000024922,0,2,0,0,0,0,1,0,0,0,1,0
ENSMUSG00000100512,0,0,0,0,1,0,0,0,0,0,1,0
ENSMUSG00000000959,20,365,354,272,321,358,346,378,377,374,407,463
ENSMUSG00000022186,118,2691,2738,1705,2599,2629,1499,1710,1684,1857,2078,2780
ENSMUSG00000044819,0,0,0,1,0,0,0,0,0,1,0,0
ENSMUSG00000039670,5,150,186,110,150,134,87,141,133,171,137,188
ENSMUSG00000021906,4,188,167,117,170,145,127,132,128,114,152,191
ENSMUSG00000022307,6,135,102,81,115,143,150,129,160,137,132,157
ENSMUSG00000021786,7,35,35,22,44,33,30,34,35,32,27,40
ENSMUSG00000036737,7,89,86,73,101,93,116,110,92,86,94,139
ENSMUSG00000027301,0,0,1,0,0,0,0,1,0,1,0,0
ENSMUSG00000049112,0,1,0,0,0,0,0,0,0,0,0,0
ENSMUSG00000020787,0,1,0,0,1,3,1,0,1,4,2,2
ENSMUSG00000029503,0,0,0,0,1,0,0,0,0,1,0,0
ENSMUSG00000027071,0,0,0,0,0,1,0,0,1,0,0,1
ENSMUSG00000029470,11,82,57,44,62,53,97,85,72,69,79,138
ENSMUSG00000005950,1,60,65,35,64,52,73,59,60,75,68,79
ENSMUSG00000022758,0,13,7,4,9,8,20,7,4,10,12,16
ENSMUSG00000029468,0,11,10,9,15,12,21,25,13,13,14,27
ENSMUSG00000027765,4,70,67,48,61,58,70,46,55,72,58,77
ENSMUSG00000050921,0,4,2,0,0,0,1,3,2,2,1,5
ENSMUSG00000036353,3,8,3,0,7,4,9,10,9,5,4,12
ENSMUSG00000036362,0,5,1,1,6,2,5,2,6,2,9,8
ENSMUSG00000036381,1,25,22,16,17,18,34,26,40,25,25,48
ENSMUSG00000032860,7,87,88,85,71,84,67,70,84,90,94,106
ENSMUSG00000044359,0,0,0,0,0,0,1,0,0,0,0,0
ENSMUSG00000048779,4,18,17,11,8,15,35,37,25,18,27,51
ENSMUSG00000028641,3,47,47,24,56,39,41,50,48,42,57,76
ENSMUSG00000038168,1,4,8,6,11,15,8,5,5,11,11,15
ENSMUSG00000023191,7,25,20,11,35,34,35,35,32,30,37,44
ENSMUSG00000006931,8,122,108,112,105,136,148,173,152,177,151,210
ENSMUSG00000019916,11,80,72,59,88,89,82,85,83,68,74,124
ENSMUSG00000018906,14,138,127,70,132,116,130,128,100,126,107,195
ENSMUSG00000051048,0,0,0,1,0,0,2,0,1,0,0,3
ENSMUSG00000025130,46,584,537,435,552,563,853,926,640,797,1028,1546
ENSMUSG00000006675,1,52,55,34,58,60,56,71,66,97,84,87
ENSMUSG00000025364,19,171,159,107,149,175,209,252,224,289,257,319
ENSMUSG00000022283,84,326,242,160,239,251,246,300,288,241,272,387
ENSMUSG00000054582,0,3,2,2,6,1,3,4,1,3,0,2
ENSMUSG00000086524,0,0,0,0,0,0,0,0,0,0,0,0
ENSMUSG00000084842,0,0,0,0,0,0,0,0,0,0,0,0
ENSMUSG00000051732,4,0,0,0,0,0,0,0,0,0,0,0
ENSMUSG00000011257,73,1130,1003,574,1080,1047,1141,1020,1111,911,1192,1270
ENSMUSG00000090919,0,0,0,0,1,1,0,1,0,1,0,0
ENSMUSG00000034732,0,0,0,0,0,0,0,0,0,0,0,0
ENSMUSG00000069867,0,1,1,0,2,1,1,1,0,0,0,1
ENSMUSG00000037196,0,1,3,1,3,4,5,1,3,3,7,4
ENSMUSG00000024855,14,100,101,72,91,99,100,95,101,113,154,160
ENSMUSG00000021143,11,139,127,91,119,119,158,138,147,192,204,209
ENSMUSG00000040276,0,1,3,1,0,0,2,5,2,2,2,4
ENSMUSG00000016664,17,391,353,200,327,359,304,369,309,308,422,444
ENSMUSG00000027257,32,488,452,353,462,483,549,538,617,649,760,881
ENSMUSG00000025329,0,0,0,0,0,0,0,0,0,0,0,0
ENSMUSG00000028927,0,0,5,0,3,1,4,4,5,6,6,6
ENSMUSG00000025328,0,2,0,0,0,0,0,0,0,0,0,1
ENSMUSG00000025330,0,0,0,0,3,0,1,0,1,3,4,1
ENSMUSG00000040935,0,0,0,0,1,1,0,0,0,1,0,0
ENSMUSG00000003437,15,100,125,80,121,122,118,137,165,124,146,205
ENSMUSG00000020745,28,456,444,289,461,484,498,435,454,385,400,641
ENSMUSG00000003131,12,114,105,81,108,105,111,102,106,90,119,190
ENSMUSG00000005447,1,14,8,8,16,10,15,23,16,12,12,25
ENSMUSG00000037366,3,28,31,18,34,28,20,29,18,18,26,39
ENSMUSG00000027508,0,10,7,4,7,7,6,9,1,6,7,8
ENSMUSG00000030680,0,0,0,0,0,0,0,0,0,1,0,0
ENSMUSG00000020051,1,0,3,0,0,0,0,0,0,1,0,0
ENSMUSG00000029247,18,344,298,235,287,309,309,339,332,319,312,467
ENSMUSG00000025451,17,80,69,48,75,79,100,76,90,53,48,88
ENSMUSG00000037058,38,622,540,371,546,549,600,623,623,659,661,875
ENSMUSG00000045896,7,86,63,33,69,57,91,65,62,59,86,99
ENSMUSG00000030774,0,10,2,1,2,9,17,14,8,6,7,21
ENSMUSG00000038683,7,58,53,60,75,73,69,102,92,70,76,119
ENSMUSG00000022781,10,96,64,64,82,91,113,78,86,73,86,134
ENSMUSG00000031284,0,1,0,0,1,1,2,0,0,1,0,1
ENSMUSG00000030602,2,30,19,10,27,21,25,25,32,19,37,46
ENSMUSG00000074923,3,30,30,36,33,36,48,35,50,49,42,58
ENSMUSG00000039913,0,0,1,0,1,2,0,1,0,0,1,0
ENSMUSG00000044702,0,8,4,3,3,3,4,6,3,5,4,3
ENSMUSG00000020092,9,47,41,32,38,47,25,42,32,42,37,46
ENSMUSG00000058056,26,496,521,393,565,601,440,389,450,475,394,584
ENSMUSG00000035863,35,148,102,92,103,127,152,113,177,159,147,199
ENSMUSG00000090053,0,0,1,0,2,0,1,1,0,0,0,0
ENSMUSG00000047986,0,0,2,0,1,0,0,1,1,0,0,1
ENSMUSG00000033377,8,119,96,70,121,86,102,92,119,97,139,145
ENSMUSG00000026335,36,593,451,333,606,610,639,601,681,313,228,573
ENSMUSG00000014301,12,183,176,111,175,157,159,160,182,179,208,246
ENSMUSG00000027188,0,6,8,3,5,5,10,7,3,8,5,13
ENSMUSG00000005682,4,20,18,21,35,19,36,34,30,25,33,46
ENSMUSG00000029647,4,32,23,27,18,31,31,38,45,36,28,58
ENSMUSG00000033610,7,133,134,82,168,138,163,134,159,163,166,171
ENSMUSG00000018846,2,48,52,27,57,54,50,48,46,55,45,66
ENSMUSG00000029056,9,106,97,78,116,118,84,87,111,132,116,120
ENSMUSG00000031934,2,5,3,0,8,8,8,7,4,6,5,24
ENSMUSG00000058441,1,1,4,2,4,4,2,7,8,7,2,4
ENSMUSG00000025464,0,14,17,9,9,13,22,16,16,24,26,18
ENSMUSG00000042167,0,18,27,10,17,17,30,22,28,18,27,26
ENSMUSG00000036779,3,50,35,25,33,33,36,32,31,30,35,56
ENSMUSG00000034575,1,32,36,25,27,31,57,53,41,27,55,77
ENSMUSG00000021223,0,4,3,2,0,2,2,2,1,0,0,0
ENSMUSG00000021111,12,194,193,141,189,182,220,186,188,179,200,269
ENSMUSG00000074817,0,0,2,0,2,1,0,1,4,2,5,6
ENSMUSG00000020273,1,17,17,13,12,20,21,12,14,19,11,23
ENSMUSG00000028370,0,2,0,3,2,1,0,0,1,3,1,3
ENSMUSG00000073530,0,0,0,0,0,0,0,0,0,1,1,0
ENSMUSG00000028032,2,18,21,10,33,21,31,30,27,15,22,37
ENSMUSG00000024899,10,43,33,32,51,54,41,41,58,65,37,74
ENSMUSG00000055725,0,7,2,4,3,0,4,3,2,8,9,10
ENSMUSG00000023909,6,120,106,71,93,91,72,70,60,91,85,118
ENSMUSG00000032278,0,0,0,0,1,0,1,0,1,0,0,0
ENSMUSG00000041423,0,2,0,0,1,0,0,0,1,1,6,0
ENSMUSG00000037348,4,84,82,83,78,92,61,67,71,74,56,97
ENSMUSG00000025931,0,5,7,4,5,3,3,5,8,3,2,8
ENSMUSG00000064225,8,248,185,136,169,229,184,163,123,139,122,243
ENSMUSG00000025812,1,83,63,49,94,82,85,68,85,72,90,97
ENSMUSG00000052062,10,13,20,12,26,26,21,29,23,21,21,38
ENSMUSG00000005699,4,18,29,21,16,18,25,17,26,25,29,45
ENSMUSG00000044641,0,4,9,2,10,2,10,6,7,6,2,13
ENSMUSG00000056214,0,11,6,10,6,5,17,12,8,12,9,14
ENSMUSG00000021911,2,39,25,15,29,26,51,17,36,20,19,38
ENSMUSG00000023826,3,21,18,9,17,17,28,20,15,20,30,27
ENSMUSG00000028964,52,1016,898,720,907,913,1024,1122,966,1222,1259,1774
ENSMUSG00000033918,7,185,200,127,181,189,198,214,248,193,232,289
ENSMUSG00000034981,18,383,387,291,517,493,560,547,451,471,416,784
ENSMUSG00000022685,4,27,30,20,46,41,50,36,43,46,40,54
ENSMUSG00000026496,7,147,109,96,105,102,104,94,121,109,127,170
ENSMUSG00000063268,9,54,41,32,33,43,77,143,118,99,104,312
ENSMUSG00000037997,1,20,17,9,14,15,28,29,22,12,23,43
ENSMUSG00000038507,10,51,48,49,65,70,126,211,105,118,92,309
ENSMUSG00000034422,11,90,49,32,70,60,109,196,149,121,113,382
ENSMUSG00000032392,1,18,16,8,25,10,13,9,11,20,24,20
ENSMUSG00000036023,3,42,29,21,31,23,49,48,41,37,40,60
ENSMUSG00000023249,12,172,125,97,121,125,197,241,168,161,177,356
ENSMUSG00000054509,7,91,78,57,83,78,104,94,84,118,96,143
ENSMUSG00000025237,6,61,65,32,54,54,61,44,40,67,57,62
ENSMUSG00000021725,3,40,31,18,30,36,38,36,30,39,39,49
ENSMUSG00000022906,5,54,42,27,31,27,65,124,91,60,62,221
ENSMUSG00000035365,0,0,0,0,1,0,1,0,0,1,1,2
ENSMUSG00000043572,0,9,13,5,9,13,15,5,15,13,13,18
ENSMUSG00000030770,9,131,99,99,108,125,143,122,140,149,137,213
ENSMUSG00000022438,33,332,292,236,286,303,335,314,271,352,354,486
ENSMUSG00000022439,2,0,2,1,1,2,9,12,7,0,3,13
ENSMUSG00000026274,0,0,0,0,1,0,1,0,1,0,1,2
ENSMUSG00000091215,0,0,0,0,0,1,0,0,0,0,0,0
ENSMUSG00000074452,0,0,1,3,0,1,0,1,0,1,2,3
ENSMUSG00000061859,4,61,53,43,59,66,52,67,66,57,66,68
ENSMUSG00000046139,0,53,69,41,53,39,65,29,54,32,48,64
ENSMUSG00000027233,0,0,0,0,0,0,0,0,0,0,0,0
ENSMUSG00000020453,2,42,36,22,33,29,51,39,48,37,53,55
ENSMUSG00000035873,0,0,0,0,0,0,0,1,0,0,0,1
ENSMUSG00000004231,0,0,0,0,0,0,0,0,0,0,0,0
ENSMUSG00000004872,0,0,0,0,0,0,0,0,0,0,0,1
ENSMUSG00000014030,0,0,0,0,1,0,1,0,0,0,1,0
ENSMUSG00000027168,0,4,8,4,8,6,3,5,5,1,6,7
ENSMUSG00000028736,0,0,0,0,0,0,0,0,0,0,0,1
ENSMUSG00000026976,0,0,1,0,1,1,0,0,0,0,0,0
ENSMUSG00000001497,0,0,1,1,0,1,0,0,0,0,0,0
ENSMUSG00000022974,5,39,40,22,40,41,35,42,28,46,44,54
ENSMUSG00000002221,1,21,32,18,40,25,20,40,32,27,26,35
ENSMUSG00000047617,6,75,51,61,73,68,130,114,142,145,175,167
ENSMUSG00000031226,4,23,26,18,24,23,32,38,37,11,31,50
ENSMUSG00000022033,0,2,0,0,2,0,0,4,1,0,2,6
ENSMUSG00000112129,2,3,3,2,0,5,4,10,7,8,14,9
ENSMUSG00000020072,1,3,4,2,2,1,2,3,4,2,3,3
ENSMUSG00000047104,0,1,0,0,0,0,0,2,0,0,0,1
ENSMUSG00000042323,34,201,172,130,184,231,245,212,221,151,185,293
ENSMUSG00000052534,16,211,221,151,235,221,231,182,211,185,206,230
ENSMUSG00000038718,0,33,20,25,24,20,18,35,36,17,13,53
ENSMUSG00000031860,0,4,0,1,0,0,0,2,3,0,2,1
ENSMUSG00000042613,35,434,401,259,449,437,559,471,550,484,709,675
ENSMUSG00000020098,0,5,3,3,8,4,3,6,7,3,3,6
ENSMUSG00000021496,3,113,107,81,119,113,102,126,108,148,162,189
ENSMUSG00000051695,27,397,360,220,343,386,403,439,448,373,444,621
ENSMUSG00000001120,5,7,8,1,9,12,8,4,7,10,6,16
ENSMUSG00000023495,14,171,161,147,163,193,183,193,142,256,249,279
ENSMUSG00000041650,11,228,227,149,214,246,161,191,243,196,216,346
ENSMUSG00000032527,18,332,321,189,319,280,328,352,302,341,394,481
ENSMUSG00000051375,11,67,58,54,55,74,65,50,63,80,59,85
ENSMUSG00000049100,0,0,0,0,0,0,0,0,0,0,1,0
ENSMUSG00000034755,0,0,0,0,0,0,0,1,0,0,1,0
ENSMUSG00000024440,16,60,45,18,49,37,25,9,15,14,27,21
ENSMUSG00000052613,0,1,0,0,0,0,0,2,0,1,0,0
ENSMUSG00000035566,3,4,2,5,4,3,8,2,4,3,6,7
ENSMUSG00000037892,2,10,16,9,13,14,17,12,10,11,15,18
ENSMUSG00000051323,0,43,40,29,53,35,61,66,52,27,42,61
ENSMUSG00000050505,0,1,2,0,0,0,0,2,3,2,0,1
ENSMUSG00000029108,11,209,168,112,203,214,185,195,199,177,145,300
ENSMUSG00000036422,0,0,0,0,0,1,0,0,0,0,0,0
ENSMUSG00000055421,1,5,2,2,2,2,7,3,7,1,3,3
ENSMUSG00000102697,0,0,0,0,0,0,0,0,0,0,0,0
ENSMUSG00000045657,0,1,0,0,0,0,0,0,0,1,0,1
ENSMUSG00000051486,1,0,0,1,0,1,2,3,1,0,1,1
ENSMUSG00000043458,0,2,1,1,1,2,2,0,4,0,1,1
ENSMUSG00000047307,0,0,0,0,2,0,0,1,1,2,1,0
ENSMUSG00000044043,0,0,5,2,6,7,4,3,3,2,2,4
ENSMUSG00000047033,0,0,1,0,0,0,2,1,1,1,1,2
ENSMUSG00000047910,0,2,2,0,2,0,3,1,1,3,2,1
ENSMUSG00000046387,0,5,3,5,4,7,8,8,4,6,3,12
ENSMUSG00000048347,0,0,1,1,3,1,1,1,0,1,4,0
ENSMUSG00000043313,0,2,5,1,4,3,1,1,3,3,2,1
ENSMUSG00000051599,0,0,0,0,0,0,0,0,0,0,0,0
ENSMUSG00000046191,1,3,4,2,3,6,3,2,3,3,5,11
ENSMUSG00000044022,0,0,0,0,0,2,0,0,0,0,0,1
ENSMUSG00000045498,0,0,0,0,0,0,1,0,2,0,1,0
ENSMUSG00000045689,1,1,2,1,2,0,0,2,2,2,1,2
ENSMUSG00000063687,0,0,4,1,3,1,0,3,3,1,1,5
ENSMUSG00000051678,0,0,0,0,0,0,1,0,0,0,0,0
ENSMUSG00000045062,0,0,1,2,3,1,4,0,6,1,0,0
ENSMUSG00000045876,0,0,0,0,0,0,0,1,2,0,0,1
ENSMUSG00000051242,0,2,0,0,0,1,0,0,0,0,0,2
ENSMUSG00000103144,0,2,2,0,1,5,1,0,2,1,4,4
ENSMUSG00000102222,0,0,0,0,0,0,0,0,0,0,0,0
ENSMUSG00000102742,0,1,0,0,0,0,0,0,1,0,0,0
ENSMUSG00000102428,1,24,15,18,26,25,26,13,16,17,30,17
ENSMUSG00000103332,0,0,0,0,0,0,0,0,0,0,0,0
ENSMUSG00000104346,0,0,1,1,2,1,0,0,1,0,0,1
ENSMUSG00000103677,1,2,3,1,3,1,2,4,3,3,3,5
ENSMUSG00000103567,0,1,0,1,1,1,0,1,0,0,0,1
ENSMUSG00000103793,0,6,5,2,4,6,9,5,11,4,3,12
ENSMUSG00000103472,0,1,1,1,1,3,2,1,0,2,1,2
ENSMUSG00000103897,0,0,0,0,0,0,0,0,0,0,0,0
ENSMUSG00000102440,0,0,0,0,0,0,0,0,0,0,0,0
ENSMUSG00000102748,0,1,0,0,2,0,0,1,0,1,1,0
ENSMUSG00000103585,0,0,0,0,0,0,1,0,0,0,0,1
ENSMUSG00000103749,0,0,0,0,1,0,2,0,0,1,1,1
ENSMUSG00000103088,0,1,0,0,1,0,0,0,0,0,1,0
ENSMUSG00000104063,0,0,0,0,1,0,0,2,0,0,0,2
ENSMUSG00000103081,0,0,1,0,0,0,0,0,0,0,0,0
ENSMUSG00000102918,0,1,0,0,0,0,1,0,1,0,1,0
ENSMUSG00000023036,2,15,28,10,13,19,8,10,12,13,14,23
ENSMUSG00000102543,0,2,2,0,0,2,0,0,0,0,0,0
ENSMUSG00000037773,2,19,13,10,17,14,14,22,19,11,15,19
ENSMUSG00000044250,3,12,5,6,11,7,11,17,14,11,10,18
ENSMUSG00000041328,4,52,47,41,54,58,64,45,49,44,65,69
ENSMUSG00000069678,0,20,10,7,7,16,12,18,12,19,13,22
ENSMUSG00000018537,1,28,18,14,29,12,26,28,20,18,27,31
ENSMUSG00000033623,3,71,61,33,68,60,61,50,60,48,69,74
ENSMUSG00000024805,13,182,146,105,193,176,210,233,226,204,180,336
ENSMUSG00000025050,2,7,6,4,11,15,7,7,5,12,11,13
ENSMUSG00000038542,1,23,20,24,34,27,48,36,51,24,36,51
ENSMUSG00000039849,14,137,123,90,122,104,160,157,134,172,190,228
ENSMUSG00000027513,0,2,0,0,0,2,0,0,0,0,0,0
ENSMUSG00000040618,6,36,26,25,40,41,43,40,48,47,46,65
ENSMUSG00000040204,0,2,3,2,2,0,14,14,13,3,9,13
ENSMUSG00000061601,0,1,0,0,0,1,0,2,0,1,0,0
ENSMUSG00000031592,3,21,19,10,24,25,21,18,33,16,6,19
ENSMUSG00000019795,33,295,283,196,296,283,258,303,287,317,292,395
ENSMUSG00000051285,8,109,101,70,92,111,127,94,124,107,111,137
ENSMUSG00000027589,12,108,100,67,134,90,132,142,137,142,96,178
ENSMUSG00000027342,5,79,91,67,99,86,93,139,118,124,119,160
ENSMUSG00000071533,7,102,88,57,86,84,85,77,79,80,107,140
ENSMUSG00000001151,9,130,116,86,143,142,155,140,146,152,141,213
ENSMUSG00000021140,7,88,78,48,70,75,90,71,65,61,82,101
ENSMUSG00000060212,2,3,0,0,3,1,3,0,1,2,1,0
ENSMUSG00000054874,3,38,36,32,34,29,48,53,40,36,57,48
ENSMUSG00000034501,2,12,18,6,14,14,13,19,8,7,17,25
ENSMUSG00000029718,23,208,208,151,219,208,244,267,149,195,218,511
ENSMUSG00000015354,8,67,82,30,72,82,75,67,70,50,60,82
ENSMUSG00000004630,0,0,0,0,0,0,0,0,0,0,0,0
ENSMUSG00000090223,0,12,5,2,4,7,1,7,2,5,1,3
ENSMUSG00000038370,44,782,774,679,810,814,675,802,866,948,913,1250
ENSMUSG00000021587,0,0,1,1,0,0,0,0,0,0,0,0
ENSMUSG00000039278,0,0,0,0,1,0,0,0,0,1,0,0
ENSMUSG00000027419,0,0,0,0,1,2,0,0,0,0,0,0
ENSMUSG00000020131,0,13,9,12,17,15,11,15,14,22,12,21
ENSMUSG00000024713,0,5,0,6,8,1,6,5,11,2,6,4
ENSMUSG00000030513,12,193,156,103,152,149,136,121,136,185,146,177
ENSMUSG00000035382,1,42,36,27,28,33,34,38,31,42,54,47
ENSMUSG00000044254,0,0,0,0,0,0,0,0,0,0,1,0
ENSMUSG00000020553,0,28,22,15,13,8,16,26,12,14,14,25
ENSMUSG00000024892,5,85,81,57,69,75,55,60,62,80,111,111
ENSMUSG00000029998,9,210,171,107,165,156,183,159,153,160,153,213
ENSMUSG00000024579,0,2,4,4,2,4,1,2,0,0,4,8
ENSMUSG00000005615,12,211,179,133,168,192,226,176,210,192,207,284
ENSMUSG00000035246,0,0,0,1,0,0,2,3,0,1,1,1
ENSMUSG00000025137,11,133,120,94,134,110,121,116,120,148,143,161
ENSMUSG00000029623,32,228,213,143,248,246,264,317,322,255,365,412
ENSMUSG00000026285,0,0,0,0,0,0,2,2,0,0,4,0
ENSMUSG00000027835,9,47,44,28,33,51,38,57,41,37,41,71
ENSMUSG00000025047,5,29,24,13,29,40,25,42,37,31,27,41
ENSMUSG00000016498,0,0,0,0,1,0,0,1,0,0,0,1
ENSMUSG00000014771,1,76,67,38,62,65,76,102,93,71,93,132
ENSMUSG00000002635,3,67,64,44,63,54,69,56,70,58,49,116
ENSMUSG00000024975,7,52,61,39,65,62,73,77,91,48,65,86
ENSMUSG00000030417,17,325,285,219,303,344,402,447,481,507,580,705
ENSMUSG00000021576,12,142,118,90,108,120,135,176,153,161,136,223
ENSMUSG00000032504,11,138,135,90,150,147,165,122,151,140,130,248
ENSMUSG00000041837,4,33,39,30,47,27,32,39,42,30,36,55
ENSMUSG00000009030,5,43,31,25,46,30,36,26,40,39,33,54
ENSMUSG00000026078,13,163,115,100,147,157,236,200,220,193,196,306
ENSMUSG00000023868,0,10,4,4,6,8,9,4,1,4,6,11
ENSMUSG00000075270,3,4,8,7,14,10,10,6,4,7,2,11
ENSMUSG00000043702,1,25,29,7,23,21,25,26,18,26,27,40
ENSMUSG00000059173,2,13,18,6,16,16,27,14,18,10,18,40
ENSMUSG00000022489,0,8,4,2,11,10,13,7,12,12,8,19
ENSMUSG00000004347,9,137,124,93,137,146,180,133,157,157,144,200
ENSMUSG00000110195,0,1,1,0,0,0,0,2,1,0,1,0
ENSMUSG00000041741,12,185,154,123,229,140,214,179,180,140,165,219
ENSMUSG00000030671,0,9,7,5,10,10,7,6,8,5,8,16
ENSMUSG00000032177,20,320,283,217,302,300,263,198,188,181,264,316
ENSMUSG00000028525,4,56,53,25,66,56,54,60,56,44,48,92
ENSMUSG00000031842,2,5,5,11,6,6,6,3,11,6,3,4
ENSMUSG00000021699,6,126,130,56,154,164,176,138,150,65,127,127
ENSMUSG00000053965,2,9,11,7,8,14,10,12,13,11,20,15
ENSMUSG00000024575,0,0,0,2,3,1,1,1,2,1,0,4
ENSMUSG00000026239,4,120,72,83,106,103,111,100,101,109,102,171
ENSMUSG00000025386,0,2,1,1,1,0,3,1,2,1,0,1
ENSMUSG00000064330,1,0,0,3,1,0,0,1,0,0,1,2
ENSMUSG00000069094,0,57,54,37,61,74,129,79,98,80,77,84
ENSMUSG00000019990,0,2,3,3,3,5,3,1,3,1,0,4
ENSMUSG00000025584,5,27,19,16,25,22,39,23,27,23,25,32
ENSMUSG00000021684,1,18,6,3,9,6,9,8,7,3,10,5
ENSMUSG00000041119,0,9,8,1,8,8,4,11,8,4,10,7
ENSMUSG00000025856,8,121,107,72,106,118,121,129,107,101,113,199
ENSMUSG00000000489,16,110,96,60,101,89,121,119,102,137,146,159
ENSMUSG00000028019,0,3,6,4,10,7,8,8,1,8,3,14
ENSMUSG00000032006,0,35,32,19,39,40,35,34,61,44,30,51
ENSMUSG00000029231,6,55,51,41,53,55,91,77,63,57,84,117
ENSMUSG00000024620,11,151,133,104,172,150,178,143,147,165,235,191
ENSMUSG00000031595,0,6,9,7,16,6,9,7,11,6,9,13
ENSMUSG00000031299,130,2583,2552,1677,2488,2490,2456,2409,2469,2565,2521,3396
ENSMUSG00000021748,87,1927,1676,1178,1560,1456,1361,1498,1526,1527,1540,2207
ENSMUSG00000010914,15,392,379,234,355,313,285,293,294,299,315,384
ENSMUSG00000024184,0,0,0,0,0,0,0,0,0,0,0,0
ENSMUSG00000027248,12,166,129,83,155,149,187,177,145,81,149,252
ENSMUSG00000022844,1,25,13,6,13,12,19,17,9,6,9,19
ENSMUSG00000020571,16,232,191,172,203,225,287,272,202,217,487,677
ENSMUSG00000050890,3,14,5,7,9,12,11,8,7,6,8,10
ENSMUSG00000030968,0,0,0,0,1,0,0,0,0,0,0,0
ENSMUSG00000006494,9,314,312,200,273,273,314,250,336,296,296,375
ENSMUSG00000038967,86,1986,1904,1433,1849,1816,1867,1838,2118,2363,2572,2682
ENSMUSG00000035232,0,10,3,8,3,6,10,7,8,6,10,17
ENSMUSG00000019577,35,481,411,383,1190,543,947,787,1286,1184,256,992
ENSMUSG00000055044,22,258,213,143,228,232,236,289,206,228,276,412
ENSMUSG00000022090,4,44,24,9,29,35,45,35,40,27,42,56
ENSMUSG00000031636,3,27,32,28,46,42,39,61,49,47,38,45
ENSMUSG00000020388,2,77,60,39,50,48,21,51,49,48,65,84
ENSMUSG00000028273,71,1284,1171,787,1266,1262,1264,1444,1166,1228,999,1941
ENSMUSG00000021493,30,219,206,185,218,207,168,242,172,201,161,313
ENSMUSG00000049225,7,113,79,82,112,113,76,104,111,82,93,145
ENSMUSG00000048371,2,101,87,68,95,98,61,51,68,58,64,100
ENSMUSG00000024122,9,72,75,38,75,87,100,73,92,82,70,80
ENSMUSG00000028583,1,9,9,8,6,8,13,14,7,4,6,33
ENSMUSG00000033624,0,8,5,9,6,10,14,9,8,7,3,9
ENSMUSG00000027472,37,582,596,454,565,603,550,613,570,736,795,984
ENSMUSG00000029202,5,57,66,54,75,46,66,67,57,56,58,79
ENSMUSG00000034021,11,49,30,18,49,38,38,46,51,40,43,58
ENSMUSG00000026784,2,39,50,24,53,41,30,37,30,30,31,73
ENSMUSG00000038240,5,56,84,42,72,68,53,70,65,74,70,104
ENSMUSG00000022680,33,247,257,199,279,274,326,286,292,271,345,415
ENSMUSG00000032788,9,50,49,56,49,56,61,72,56,81,62,120
ENSMUSG00000027400,0,0,0,0,0,0,0,0,0,0,1,0
ENSMUSG00000015668,6,53,63,56,39,40,46,64,63,65,51,112
ENSMUSG00000022197,19,84,79,62,95,98,96,82,95,72,65,120
ENSMUSG00000032105,2,18,33,10,24,15,16,19,11,24,24,22
ENSMUSG00000002006,2,3,4,3,7,3,7,4,7,1,2,7
ENSMUSG00000074818,0,2,3,1,1,2,0,0,2,2,2,3
ENSMUSG00000074746,6,64,51,37,70,76,67,74,74,93,73,103
ENSMUSG00000030887,3,28,30,18,23,32,37,24,24,44,24,47
ENSMUSG00000038298,0,0,2,0,0,1,0,0,0,0,0,0
ENSMUSG00000028716,2,2,0,1,0,0,0,1,1,0,3,1
ENSMUSG00000024227,0,1,0,0,0,0,0,0,0,0,0,0
ENSMUSG00000035357,3,58,42,33,57,42,57,60,66,61,51,85
ENSMUSG00000036218,0,3,4,2,9,3,3,2,7,1,4,3
ENSMUSG00000013698,92,306,266,177,275,245,233,249,194,232,285,291
ENSMUSG00000074305,14,86,92,75,85,87,107,91,70,78,89,105
ENSMUSG00000032959,54,1149,997,709,1015,953,907,905,868,1141,1105,1436
ENSMUSG00000022085,0,0,1,0,0,0,0,1,0,0,0,0
ENSMUSG00000020717,96,374,326,247,417,344,516,377,410,418,469,523
ENSMUSG00000026189,1,39,31,31,38,43,48,45,36,40,47,47
ENSMUSG00000028779,8,106,86,60,116,112,116,155,139,112,150,196
ENSMUSG00000092035,1,1,0,1,1,1,0,4,3,2,6,1
ENSMUSG00000070526,1,1,0,2,0,1,0,2,0,0,2,2
ENSMUSG00000002265,0,11,10,9,11,9,22,14,11,13,19,16
ENSMUSG00000020134,2,44,44,24,43,42,64,67,61,45,38,80
ENSMUSG00000021846,3,40,33,15,31,25,51,30,48,43,31,42
ENSMUSG00000024901,0,3,3,0,3,4,4,2,2,1,1,2
ENSMUSG00000018921,4,86,71,44,76,79,78,86,73,90,81,134
ENSMUSG00000000301,0,8,9,6,2,8,15,9,9,8,18,25
ENSMUSG00000045573,1,28,16,23,21,30,39,38,38,58,39,78
ENSMUSG00000063931,2,63,62,48,66,67,49,72,59,101,80,108
ENSMUSG00000020893,24,95,147,121,133,258,262,258,232,282,213,380
ENSMUSG00000055866,5,16,44,40,10,39,36,40,51,45,22,66
ENSMUSG00000028957,11,67,154,101,103,122,128,100,124,114,104,182
ENSMUSG00000078486,40,898,832,502,744,810,772,604,676,740,977,941
ENSMUSG00000019851,35,587,466,339,609,555,733,796,698,638,684,1030
ENSMUSG00000020430,9,77,87,73,97,97,131,121,136,121,166,185
ENSMUSG00000087687,14,193,199,119,209,201,222,161,217,128,173,308
ENSMUSG00000035395,0,0,0,0,0,0,0,0,0,0,0,0
ENSMUSG00000005907,1,10,24,14,20,22,14,26,16,17,16,32
ENSMUSG00000029047,4,71,56,41,45,73,59,58,63,68,82,96
ENSMUSG00000030545,1,54,52,33,55,60,62,59,55,58,47,68
ENSMUSG00000069633,1,29,23,17,21,27,29,25,18,25,25,38
ENSMUSG00000018733,6,38,28,20,24,32,48,37,41,36,41,57
ENSMUSG00000020283,6,80,82,59,85,75,105,98,97,97,89,143
ENSMUSG00000028975,3,62,62,43,59,45,73,77,93,65,93,107
ENSMUSG00000027222,14,100,89,86,116,85,106,127,145,166,157,179
ENSMUSG00000003464,27,367,385,273,382,371,398,374,404,359,363,479
ENSMUSG00000040374,5,84,80,74,98,82,79,86,101,78,98,126
ENSMUSG00000067825,1,17,13,14,24,22,19,14,19,21,18,22
ENSMUSG00000019809,1,48,39,30,47,37,33,47,49,48,47,75
ENSMUSG00000005069,4,56,38,30,40,55,65,36,51,41,33,62
ENSMUSG00000027674,0,0,0,1,0,2,0,1,0,2,0,0
ENSMUSG00000002763,25,162,157,141,174,214,156,176,220,215,206,273
ENSMUSG00000020003,2,119,94,68,99,109,97,101,86,94,89,129
ENSMUSG00000029373,52,100,89,57,91,71,119,140,106,97,103,200
ENSMUSG00000020899,1,25,20,11,24,19,31,28,37,20,35,36
ENSMUSG00000024346,34,449,470,316,394,467,598,673,723,626,917,991
ENSMUSG00000006412,19,210,185,157,224,239,283,259,293,207,241,389
ENSMUSG00000052033,3,44,40,20,45,38,35,51,42,34,58,67
ENSMUSG00000001289,90,675,635,483,687,688,788,780,889,891,1033,1210
ENSMUSG00000024309,21,261,232,217,209,226,256,319,300,350,374,508
ENSMUSG00000025271,1,26,33,31,42,33,28,21,29,23,14,33
ENSMUSG00000026773,5,30,33,29,29,37,70,94,52,48,38,138
ENSMUSG00000025648,2,13,11,12,13,12,16,16,14,13,18,25
ENSMUSG00000020277,26,298,305,191,277,282,268,285,230,276,298,449
ENSMUSG00000033065,126,2495,2272,1519,2196,2458,1883,2038,2380,1937,2030,2718
ENSMUSG00000021196,14,141,124,103,139,139,183,220,117,167,185,333
ENSMUSG00000018293,44,213,214,143,246,237,262,343,218,177,190,445
ENSMUSG00000027805,12,112,98,86,103,98,122,142,107,161,125,189
ENSMUSG00000020639,0,16,9,6,16,12,3,8,5,8,7,11
ENSMUSG00000024738,0,0,0,0,0,0,1,0,0,0,0,0
ENSMUSG00000011752,9,75,64,52,61,64,63,77,48,58,59,138
ENSMUSG00000020475,228,4522,4016,3102,3749,3793,3192,3428,3546,4203,4640,5183
ENSMUSG00000029500,5,87,71,62,88,83,88,90,89,63,76,115
ENSMUSG00000073678,0,4,11,5,8,8,14,11,11,16,3,10
ENSMUSG00000038208,1,23,22,23,35,27,34,47,26,31,33,50
ENSMUSG00000055313,2,5,7,0,3,4,4,3,3,0,4,4
ENSMUSG00000050751,0,0,0,2,2,0,2,0,0,1,2,0
ENSMUSG00000023987,0,0,0,0,0,0,0,0,0,1,0,0
ENSMUSG00000028961,18,86,86,63,91,97,107,128,93,113,117,198
ENSMUSG00000004791,6,14,14,15,11,10,24,25,36,49,24,60
ENSMUSG00000062031,5,18,19,13,16,11,16,11,13,14,15,26
ENSMUSG00000024477,1,9,1,1,5,4,7,3,5,5,9,10
ENSMUSG00000062070,22,393,387,284,352,377,328,385,390,314,336,567
ENSMUSG00000030413,2,4,1,3,6,1,7,10,13,5,7,7
ENSMUSG00000079563,0,1,0,0,0,0,3,0,1,0,1,6
ENSMUSG00000042250,0,0,0,0,0,0,0,0,0,0,0,0
ENSMUSG00000029171,2,15,9,11,13,8,8,13,13,14,8,16
ENSMUSG00000025791,37,786,732,522,754,777,793,826,879,805,763,1048
ENSMUSG00000030729,7,17,21,22,26,28,24,23,45,24,19,29
ENSMUSG00000056131,1,5,6,9,13,9,16,7,16,12,13,12
ENSMUSG00000041731,10,240,201,139,240,231,234,254,240,260,266,341
ENSMUSG00000043445,11,110,76,75,98,99,104,113,108,107,86,156
ENSMUSG00000056204,6,98,96,56,96,109,96,81,92,98,104,135
ENSMUSG00000030553,0,1,0,0,1,0,2,0,1,0,0,0
ENSMUSG00000031870,0,0,1,0,0,0,0,0,0,0,0,0
ENSMUSG00000031212,0,0,0,0,0,1,0,0,0,0,0,0
ENSMUSG00000006373,9,43,37,22,40,39,55,58,42,37,56,67
ENSMUSG00000049940,18,187,149,146,182,186,303,272,254,318,336,368
ENSMUSG00000017715,6,77,58,48,56,66,82,86,80,70,75,135
ENSMUSG00000054728,6,19,19,16,26,15,27,26,32,18,38,32
ENSMUSG00000062866,17,159,136,110,161,136,158,137,204,125,134,198
ENSMUSG00000027525,0,0,2,1,1,2,0,0,1,1,2,0
ENSMUSG00000066043,2,41,47,25,46,50,41,48,57,52,37,90
ENSMUSG00000008301,6,68,56,42,89,69,78,107,98,76,90,140
ENSMUSG00000038845,52,1002,863,629,850,888,880,993,1092,1183,1351,1475
ENSMUSG00000040669,1,36,37,24,34,39,44,36,38,35,33,60
ENSMUSG00000028796,12,117,66,70,75,78,98,116,101,100,147,192
ENSMUSG00000037652,3,53,44,30,52,49,72,59,60,39,42,65
ENSMUSG00000057457,0,0,0,0,0,1,0,0,0,0,0,0
ENSMUSG00000024193,7,68,59,36,74,72,77,91,76,66,77,106
ENSMUSG00000023883,4,81,93,42,81,71,113,87,91,61,95,140
ENSMUSG00000044703,2,3,3,3,6,7,27,54,18,16,31,95
ENSMUSG00000091649,2,11,12,3,9,5,67,118,29,30,46,185
ENSMUSG00000091144,3,5,5,1,11,11,23,31,13,12,13,51
ENSMUSG00000068245,10,38,28,21,45,23,154,230,109,107,135,413
ENSMUSG00000037791,9,48,68,56,64,69,93,64,65,85,79,107
ENSMUSG00000047777,1,14,18,7,27,11,16,18,23,18,16,24
ENSMUSG00000029629,22,99,55,49,88,97,76,86,73,71,80,109
ENSMUSG00000026873,0,4,1,0,4,3,3,3,2,0,3,3
ENSMUSG00000038025,3,69,74,47,70,86,93,75,99,96,101,105
ENSMUSG00000038116,9,41,35,26,59,50,81,64,59,33,44,62
ENSMUSG00000072501,17,111,102,59,98,102,106,83,122,88,82,109
ENSMUSG00000058318,7,58,61,32,52,48,86,60,50,66,73,78
ENSMUSG00000016624,1,7,6,4,3,5,9,1,8,3,4,10
ENSMUSG00000018572,7,79,75,53,53,80,92,93,89,89,85,149
ENSMUSG00000036062,4,22,21,15,19,17,16,15,22,24,22,19
ENSMUSG00000048874,3,69,68,37,68,62,59,63,71,66,72,76
ENSMUSG00000061360,10,111,98,84,103,90,134,139,149,128,118,174
ENSMUSG00000025626,1,14,10,7,14,11,19,19,16,19,10,19
ENSMUSG00000021902,3,18,19,23,15,14,10,20,34,19,27,30
ENSMUSG00000041229,2,29,22,16,17,24,27,24,15,35,32,40
ENSMUSG00000053398,1,2,2,2,2,1,3,4,9,7,10,5
ENSMUSG00000046804,0,0,0,0,0,0,0,1,0,0,0,0
ENSMUSG00000032253,20,82,66,43,78,75,93,85,104,48,62,97
ENSMUSG00000034055,5,51,77,71,76,63,66,67,57,70,68,91
ENSMUSG00000031295,9,55,56,43,57,60,67,54,60,87,83,80
ENSMUSG00000036879,8,94,81,64,95,94,85,76,79,79,89,120
ENSMUSG00000025537,1,27,34,38,29,27,20,11,25,15,11,20
ENSMUSG00000030815,15,72,55,58,53,67,78,60,87,70,88,94
ENSMUSG00000020205,10,270,248,175,303,366,281,288,238,172,254,421
ENSMUSG00000041801,6,54,42,44,61,42,54,74,58,69,77,127
ENSMUSG00000048537,43,313,321,241,307,308,268,259,228,331,343,424
ENSMUSG00000033149,9,45,40,23,43,41,36,38,38,46,28,45
ENSMUSG00000074277,0,0,1,0,1,1,1,1,1,2,2,1
ENSMUSG00000044340,6,62,67,43,57,81,83,61,55,68,60,72
ENSMUSG00000031732,2,9,13,16,15,14,18,9,12,10,8,15
ENSMUSG00000050860,0,1,0,0,0,0,0,0,0,0,2,1
ENSMUSG00000027088,4,98,85,37,67,68,74,74,87,68,91,104
ENSMUSG00000007946,0,3,4,7,3,3,4,1,3,4,3,11
ENSMUSG00000012520,0,1,0,0,0,0,0,0,0,0,0,0
ENSMUSG00000038611,3,43,40,31,46,45,46,40,40,42,54,52
ENSMUSG00000058388,2,20,20,12,28,17,16,20,20,18,31,36
ENSMUSG00000039987,13,181,195,124,178,192,179,146,135,158,179,222
ENSMUSG00000026664,79,1500,1378,970,1448,1435,1413,1367,1603,1557,1584,1908
ENSMUSG00000003469,5,78,69,63,80,100,61,57,55,58,84,125
ENSMUSG00000037747,1,0,1,0,1,0,0,3,0,2,0,0
ENSMUSG00000020359,8,39,35,32,38,36,50,48,50,35,55,63
ENSMUSG00000067780,1,8,5,3,10,4,4,2,1,2,3,8
ENSMUSG00000024011,17,202,188,115,147,115,108,129,86,110,129,179
ENSMUSG00000025178,11,66,57,55,56,74,92,88,99,104,105,144
ENSMUSG00000029186,0,4,8,4,9,3,14,7,4,9,7,11
ENSMUSG00000041720,12,96,114,74,100,111,135,113,99,129,150,190
ENSMUSG00000038861,3,9,3,8,8,9,9,9,15,5,8,8
ENSMUSG00000030329,0,2,2,2,3,3,2,5,4,2,3,7
ENSMUSG00000032405,4,84,68,46,87,82,95,82,90,70,80,104
ENSMUSG00000025423,2,52,45,28,50,49,77,66,53,50,53,93
ENSMUSG00000028101,11,48,54,41,55,52,62,59,58,54,46,60
ENSMUSG00000004934,7,64,70,61,63,57,66,77,67,69,88,98
ENSMUSG00000022064,1,11,17,4,10,14,13,18,25,17,17,24
ENSMUSG00000039361,29,236,204,159,223,247,273,363,355,295,217,464
ENSMUSG00000045658,1,29,35,29,33,17,70,68,50,46,42,76
ENSMUSG00000025507,1,0,3,0,3,1,3,4,1,1,1,2
ENSMUSG00000014444,22,72,59,34,62,74,96,65,48,60,86,97
ENSMUSG00000041482,0,0,2,0,1,0,0,1,0,0,2,1
ENSMUSG00000041064,0,1,0,0,0,1,0,1,0,1,0,1
ENSMUSG00000010136,0,0,0,0,0,0,0,0,0,0,0,0
ENSMUSG00000031381,0,6,6,5,11,2,7,4,6,6,4,8
ENSMUSG00000079469,2,16,7,12,15,14,15,15,12,7,9,23
ENSMUSG00000026698,5,40,28,28,37,36,31,31,27,44,31,52
ENSMUSG00000024145,1,9,5,6,6,8,13,13,14,8,14,21
ENSMUSG00000029263,3,22,23,20,24,29,28,34,21,27,20,24
ENSMUSG00000039047,9,59,68,37,76,67,70,48,52,64,83,96
ENSMUSG00000014245,0,6,2,3,5,5,6,4,6,3,3,7
ENSMUSG00000050229,1,24,20,12,29,21,37,18,32,20,25,26
ENSMUSG00000056536,4,14,14,8,17,13,25,16,15,19,30,20
ENSMUSG00000028454,7,53,43,31,40,55,34,36,29,40,53,66
ENSMUSG00000026417,0,0,0,0,0,0,2,0,0,0,0,2
ENSMUSG00000041958,2,46,53,39,61,62,47,64,61,63,53,96
ENSMUSG00000017721,4,10,12,5,11,6,18,12,8,8,3,15
ENSMUSG00000038383,3,83,68,46,63,76,93,76,95,52,76,99
ENSMUSG00000043257,2,45,32,26,30,29,41,27,31,26,39,47
ENSMUSG00000045140,1,8,6,7,11,7,6,4,10,6,7,10
ENSMUSG00000023791,4,47,37,32,53,46,47,35,64,42,41,85
ENSMUSG00000010607,9,140,128,88,139,104,103,117,114,138,155,188
ENSMUSG00000045625,1,9,4,6,4,3,2,4,4,4,7,8
ENSMUSG00000003423,11,120,111,93,103,105,135,151,133,147,158,203
ENSMUSG00000000167,0,0,0,1,1,3,1,0,0,0,2,2
ENSMUSG00000025017,1,1,1,0,0,0,1,3,0,0,1,3
ENSMUSG00000030660,1,20,22,21,25,26,26,29,25,29,18,37
ENSMUSG00000026447,13,67,62,45,74,57,64,52,54,54,71,73
ENSMUSG00000030228,0,0,0,0,1,1,0,0,0,0,0,2
ENSMUSG00000033628,4,57,56,35,44,49,69,57,70,45,60,88
ENSMUSG00000027665,13,151,155,91,155,161,185,166,183,142,141,192
ENSMUSG00000032462,4,33,31,28,24,29,53,28,36,29,38,37
ENSMUSG00000039936,2,9,12,9,17,16,22,24,19,19,18,43
ENSMUSG00000020573,1,6,5,3,5,7,13,4,8,9,6,18
ENSMUSG00000034614,15,167,190,142,178,199,253,235,369,254,258,409
ENSMUSG00000041417,10,219,218,148,179,241,260,206,326,214,162,388
ENSMUSG00000031834,5,37,41,29,28,36,39,37,44,41,61,53
ENSMUSG00000032571,5,52,65,46,53,49,62,58,66,68,78,86
ENSMUSG00000025949,5,23,17,9,25,23,30,19,21,13,21,28
ENSMUSG00000046245,0,7,7,2,5,1,16,24,4,4,10,24
ENSMUSG00000066684,0,4,5,1,0,1,4,8,2,1,7,9
ENSMUSG00000066682,0,3,2,1,1,0,3,4,5,4,4,4
ENSMUSG00000024014,6,67,49,26,69,44,89,100,105,54,74,150
ENSMUSG00000031155,1,6,7,5,8,5,10,5,9,12,21,21
ENSMUSG00000035828,36,237,231,225,280,332,425,449,564,420,415,719
ENSMUSG00000020808,0,1,1,1,0,1,4,2,1,0,2,4
ENSMUSG00000032171,14,309,313,226,327,301,293,331,371,395,442,465
ENSMUSG00000074997,0,0,0,0,0,0,0,0,2,0,0,0
ENSMUSG00000079480,3,28,26,15,20,24,31,39,39,42,36,52
ENSMUSG00000021958,0,13,5,9,8,5,14,8,12,7,6,12
ENSMUSG00000026737,4,33,46,20,29,33,63,50,57,32,33,66
ENSMUSG00000018547,4,83,76,66,83,76,70,85,74,72,102,111
ENSMUSG00000025417,6,88,90,75,117,107,120,120,117,136,130,182
ENSMUSG00000028126,15,74,79,40,94,83,84,67,78,49,74,88
ENSMUSG00000024867,3,62,59,31,51,63,65,52,55,65,67,69
ENSMUSG00000034902,25,117,91,70,94,103,135,115,121,121,151,156
ENSMUSG00000046854,0,0,0,1,0,1,0,0,0,0,0,0
ENSMUSG00000017453,0,1,5,2,1,1,1,2,5,6,1,6
ENSMUSG00000031379,1,12,10,11,15,14,28,28,32,29,36,36
ENSMUSG00000089942,0,0,2,0,0,1,4,2,2,2,2,7
ENSMUSG00000058818,4,16,24,9,16,20,72,85,38,40,32,116
ENSMUSG00000048070,2,24,18,19,11,10,14,13,11,16,8,18
ENSMUSG00000028669,7,78,75,49,76,70,59,69,99,80,95,117
ENSMUSG00000017781,40,289,272,205,256,289,263,354,325,317,314,535
ENSMUSG00000050017,20,125,153,120,139,175,188,185,175,211,191,280
ENSMUSG00000040430,24,268,225,168,272,264,210,208,241,196,213,260
ENSMUSG00000024851,10,35,33,27,33,41,34,43,42,61,41,70
ENSMUSG00000029406,25,166,189,140,127,179,186,153,174,188,174,237
ENSMUSG00000040543,0,9,12,2,10,10,5,6,4,3,11,11
ENSMUSG00000021193,8,122,114,81,117,120,107,143,136,161,161,196
ENSMUSG00000021506,3,0,0,0,0,0,0,0,0,0,0,0
ENSMUSG00000028023,0,0,0,1,0,1,2,2,0,1,2,0
ENSMUSG00000025229,0,1,2,0,2,0,4,1,5,1,1,1
ENSMUSG00000033644,0,2,0,1,4,1,0,0,0,4,3,3
ENSMUSG00000036912,0,0,0,0,0,0,0,1,0,1,0,2
ENSMUSG00000034403,5,54,47,24,53,60,75,57,67,45,67,89
ENSMUSG00000024083,12,274,303,164,299,309,322,275,317,255,307,382
ENSMUSG00000032855,33,116,125,102,143,121,129,105,120,140,134,168
ENSMUSG00000046634,0,0,0,0,0,0,0,0,0,0,0,0
ENSMUSG00000034416,0,0,0,0,0,0,0,0,1,0,0,0
ENSMUSG00000048827,0,1,0,1,0,1,0,0,0,1,0,2
ENSMUSG00000034462,11,67,58,48,74,64,82,57,57,76,84,79
ENSMUSG00000014503,1,12,7,6,7,10,5,1,7,5,6,12
ENSMUSG00000024247,3,117,88,73,100,84,89,80,75,95,92,115
ENSMUSG00000052496,1,13,18,11,14,13,12,15,19,12,15,15
ENSMUSG00000038725,1,2,1,3,4,5,2,1,4,5,3,2
ENSMUSG00000027499,20,508,501,310,446,500,534,410,617,495,501,562
ENSMUSG00000019876,0,5,7,2,4,4,12,8,1,7,6,15
ENSMUSG00000035268,42,735,716,510,695,915,871,943,1122,693,867,1523
ENSMUSG00000041237,0,0,0,0,0,0,0,0,0,0,0,0
ENSMUSG00000032294,168,3648,3469,2610,3276,3202,2673,3042,2923,3724,3706,4412
ENSMUSG00000023908,1,4,11,8,7,9,16,18,13,16,15,21
ENSMUSG00000057672,39,217,199,146,187,176,283,254,214,256,267,376
ENSMUSG00000004591,7,73,61,42,90,71,100,58,69,76,66,101
ENSMUSG00000026785,11,27,23,15,28,10,18,19,28,17,22,21
ENSMUSG00000006705,2,21,28,21,28,23,38,39,31,30,28,42
ENSMUSG00000035934,2,25,23,34,18,32,32,28,32,26,25,36
ENSMUSG00000041957,43,525,574,348,530,545,831,727,695,688,770,895
ENSMUSG00000054065,0,2,1,1,2,0,2,7,4,1,4,10
ENSMUSG00000026991,57,256,224,179,246,311,297,295,306,356,347,414
ENSMUSG00000002847,3,62,46,24,37,42,48,66,69,61,39,93
ENSMUSG00000022683,0,0,0,0,0,0,0,0,0,0,0,0
ENSMUSG00000027999,9,235,195,150,222,190,248,235,241,250,391,390
ENSMUSG00000031903,1,37,34,24,36,49,55,54,39,32,45,89
ENSMUSG00000060675,40,706,644,411,678,639,576,626,738,775,885,1054
ENSMUSG00000029522,0,0,0,0,0,0,0,0,0,0,0,0
ENSMUSG00000028750,0,0,1,0,2,0,0,1,0,1,1,0
ENSMUSG00000041202,1,6,4,5,8,8,17,8,13,8,11,8
ENSMUSG00000028751,0,0,0,0,0,1,0,0,0,0,0,1
ENSMUSG00000028749,0,0,0,0,0,0,0,0,0,1,1,0
ENSMUSG00000034579,0,1,2,1,1,2,1,1,2,2,1,1
ENSMUSG00000056220,1,2,5,3,5,2,7,9,7,8,7,12
ENSMUSG00000033847,0,0,0,0,0,0,0,0,0,0,0,0
ENSMUSG00000070719,0,0,0,0,0,0,0,0,0,0,0,0
ENSMUSG00000050211,4,19,22,14,17,21,21,10,21,20,21,26
ENSMUSG00000046971,0,0,0,0,1,0,0,1,0,0,0,0
ENSMUSG00000041193,2,116,90,69,126,75,42,55,83,65,73,93
ENSMUSG00000042632,6,38,43,21,32,26,43,28,28,33,44,50
ENSMUSG00000023913,0,9,19,8,11,24,47,74,26,34,32,80
ENSMUSG00000054580,0,13,7,4,13,11,17,10,14,16,10,15
ENSMUSG00000028577,8,113,106,75,113,111,127,127,116,102,101,162
ENSMUSG00000061082,0,0,0,0,0,0,0,0,0,0,0,0
ENSMUSG00000029322,2,9,9,3,10,17,89,206,33,37,33,296
ENSMUSG00000059455,1,0,0,0,0,1,1,1,1,1,1,2
ENSMUSG00000095304,5,83,63,65,77,73,95,71,73,95,92,94
ENSMUSG00000003282,0,0,1,0,0,1,2,0,0,0,0,2
ENSMUSG00000019817,1,7,0,1,2,5,7,8,5,5,6,8
ENSMUSG00000051413,0,12,12,4,10,13,17,16,6,13,15,21
ENSMUSG00000031538,4,30,32,19,27,21,38,32,21,30,23,47
ENSMUSG00000092349,0,0,1,1,1,0,0,2,1,0,1,2
ENSMUSG00000074863,0,10,5,6,8,2,9,4,8,5,7,8
ENSMUSG00000021822,1,1,2,2,3,2,8,9,4,2,1,6
ENSMUSG00000046223,2,5,6,2,8,10,16,19,12,2,7,29
ENSMUSG00000029134,0,3,1,2,8,2,8,6,4,5,10,3
ENSMUSG00000030214,10,196,181,138,168,171,238,236,218,267,212,337
ENSMUSG00000029598,21,143,125,104,147,150,156,173,184,192,198,264
ENSMUSG00000051177,5,13,11,6,10,13,12,5,12,17,12,10
ENSMUSG00000040061,0,6,5,3,4,7,8,6,10,9,5,18
ENSMUSG00000024960,9,23,29,18,26,18,39,17,28,16,35,38
ENSMUSG00000039943,26,137,142,112,142,138,143,138,123,181,157,201
ENSMUSG00000010660,6,72,59,39,59,63,69,58,56,73,83,79
ENSMUSG00000020937,5,53,58,21,34,51,88,78,93,90,115,81
ENSMUSG00000026173,0,1,0,1,0,1,0,1,2,3,1,2
ENSMUSG00000024998,5,62,48,49,67,58,71,48,45,48,56,92
ENSMUSG00000016933,27,157,124,97,154,122,151,130,135,158,146,170
ENSMUSG00000034330,3,42,25,28,31,29,51,32,29,42,40,80
ENSMUSG00000036834,0,0,0,0,0,0,0,0,0,0,0,0
ENSMUSG00000029055,0,0,0,1,0,0,0,0,1,0,0,0
ENSMUSG00000038349,2,19,9,9,12,8,16,15,21,24,15,22
ENSMUSG00000038910,7,52,35,41,29,37,43,53,50,49,40,68
ENSMUSG00000064247,0,0,0,0,0,1,1,1,1,1,2,1
ENSMUSG00000087141,0,1,0,0,0,1,1,1,0,0,1,2
ENSMUSG00000049148,0,0,0,0,0,0,1,0,2,0,0,0
ENSMUSG00000030230,0,0,0,0,0,0,0,0,1,0,0,0
ENSMUSG00000027695,3,26,15,13,18,19,21,19,28,29,22,40
ENSMUSG00000020828,8,36,32,23,34,24,40,40,34,33,45,59
ENSMUSG00000003363,6,100,92,57,102,88,114,152,102,104,109,199
ENSMUSG00000052160,3,32,38,18,37,28,85,141,73,83,90,172
ENSMUSG00000055214,0,0,0,1,0,2,2,0,1,4,0,1
ENSMUSG00000043648,0,2,6,3,2,1,6,2,2,0,3,1
ENSMUSG00000022565,69,1047,1072,780,999,1113,1132,971,983,1210,1216,1683
ENSMUSG00000020120,7,21,22,4,16,13,52,49,31,27,20,77
ENSMUSG00000021118,0,0,1,0,1,1,0,0,3,1,1,1
ENSMUSG00000040268,4,83,57,42,67,74,89,76,79,55,69,104
ENSMUSG00000031557,13,122,98,77,93,102,142,110,109,110,115,170
ENSMUSG00000002733,6,46,33,37,40,39,60,58,70,48,43,85
ENSMUSG00000040428,1,7,6,6,7,9,20,26,9,14,21,44
ENSMUSG00000030231,4,47,53,26,43,52,53,40,46,47,46,57
ENSMUSG00000041757,19,181,187,133,192,242,207,169,191,218,255,276
ENSMUSG00000045659,1,2,3,0,1,8,2,2,6,4,4,4
ENSMUSG00000005225,3,12,20,18,18,23,21,29,15,9,18,22
ENSMUSG00000030701,2,5,3,12,8,5,7,9,8,12,13,12
ENSMUSG00000026123,16,283,240,168,261,235,210,226,210,205,194,277
ENSMUSG00000066438,0,1,0,0,0,0,1,1,0,0,0,0
ENSMUSG00000074170,3,69,42,54,55,62,77,55,70,79,89,128
ENSMUSG00000049969,3,41,26,28,33,30,38,53,40,24,33,59
ENSMUSG00000040624,6,37,15,22,32,28,26,23,12,17,32,20
ENSMUSG00000037552,16,53,70,51,43,43,47,59,49,57,68,77
ENSMUSG00000052609,3,27,31,25,34,27,38,29,36,38,36,37
ENSMUSG00000014782,0,0,1,0,0,0,1,0,0,0,1,0
ENSMUSG00000039713,14,49,48,21,47,38,53,34,47,58,57,59
ENSMUSG00000038167,0,0,0,0,0,0,0,0,0,0,1,0
ENSMUSG00000060716,0,26,22,9,10,11,2,8,2,4,17,7
ENSMUSG00000040852,0,8,7,8,12,14,10,14,11,13,14,23
ENSMUSG00000035172,4,68,75,44,72,57,50,49,53,80,88,84
ENSMUSG00000035278,12,106,128,93,116,125,135,154,181,154,177,228
ENSMUSG00000034247,7,71,60,41,53,50,63,65,60,91,63,98
ENSMUSG00000028917,20,300,300,210,253,315,334,261,273,409,336,529
ENSMUSG00000051344,1,14,23,13,15,19,20,12,10,15,9,16
ENSMUSG00000078485,2,50,49,34,42,44,46,37,31,47,54,77
ENSMUSG00000015745,13,148,139,103,142,140,172,221,160,176,214,332
ENSMUSG00000050721,7,50,38,24,43,40,58,79,43,42,60,122
ENSMUSG00000035818,0,1,0,0,1,0,0,0,0,0,0,1
ENSMUSG00000032068,0,1,0,0,2,1,1,2,1,1,2,1
ENSMUSG00000059481,0,0,0,0,0,0,0,0,0,0,0,1
ENSMUSG00000016495,13,98,81,50,104,80,110,142,157,106,117,186
ENSMUSG00000030546,0,1,0,0,0,0,0,0,2,1,0,2
ENSMUSG00000028494,12,133,124,102,155,133,243,276,193,214,170,413
ENSMUSG00000024197,43,754,649,375,647,637,824,751,919,792,928,899
ENSMUSG00000002831,44,397,387,402,506,422,743,612,746,998,596,969
ENSMUSG00000011305,30,410,307,298,435,350,413,370,406,524,342,540
ENSMUSG00000030867,0,0,0,2,2,1,5,8,0,3,4,3
ENSMUSG00000021701,8,83,39,21,77,42,71,41,62,39,63,75
ENSMUSG00000028680,1,8,10,8,10,18,11,10,11,9,13,13
ENSMUSG00000025758,0,2,4,3,3,4,3,2,4,4,3,8
ENSMUSG00000035486,2,4,8,2,2,9,5,3,5,7,2,2
ENSMUSG00000031775,0,3,2,1,3,1,1,2,0,1,2,2
ENSMUSG00000038583,980,18914,17136,12206,16537,18102,20588,19799,22915,20637,25068,29245
ENSMUSG00000019055,42,268,245,247,263,284,241,247,202,282,242,375
ENSMUSG00000032374,1,35,39,21,45,44,39,42,50,44,35,72
ENSMUSG00000031425,1,7,8,15,20,8,16,14,17,16,12,24
ENSMUSG00000031146,14,119,95,76,101,94,164,231,132,130,179,256
ENSMUSG00000021759,14,210,161,113,190,220,217,270,221,236,299,345
ENSMUSG00000052151,0,6,6,5,8,13,13,10,6,3,6,17
ENSMUSG00000028517,24,230,187,128,245,184,175,217,180,210,171,277
ENSMUSG00000031570,1,38,22,9,25,26,27,48,20,24,23,37
ENSMUSG00000040105,3,22,18,18,26,24,18,23,30,22,21,41
ENSMUSG00000051373,8,179,170,104,128,159,115,133,126,145,191,205
ENSMUSG00000063446,0,0,0,0,0,0,0,0,0,0,0,0
ENSMUSG00000040563,6,17,20,9,17,11,17,3,2,15,13,17
ENSMUSG00000035835,0,2,0,1,2,1,1,3,1,4,1,2
ENSMUSG00000044667,0,0,0,0,1,0,0,0,0,0,0,0
ENSMUSG00000033342,0,0,0,1,0,0,0,0,0,0,0,0
ENSMUSG00000027998,3,81,63,29,83,60,74,83,72,93,90,130
ENSMUSG00000049493,2,1,1,1,0,0,0,1,0,0,1,0
ENSMUSG00000016382,6,91,95,49,76,80,92,91,86,67,78,117
ENSMUSG00000032369,3,20,30,17,22,25,40,31,35,42,24,71
ENSMUSG00000032372,10,81,71,59,75,96,159,128,137,169,106,199
ENSMUSG00000019461,9,85,64,52,93,78,81,81,83,81,66,105
ENSMUSG00000032377,7,39,37,23,41,51,59,54,62,41,41,62
ENSMUSG00000095654,0,0,0,0,0,0,1,0,0,0,0,1
ENSMUSG00000017754,39,196,155,109,165,135,213,275,187,262,248,329
ENSMUSG00000034845,5,26,18,22,30,33,29,36,26,16,38,75
ENSMUSG00000017417,1,18,12,11,23,9,13,13,13,15,31,33
ENSMUSG00000026748,1,81,50,40,54,53,50,93,59,94,81,80
ENSMUSG00000030084,3,71,49,34,46,63,49,50,42,53,56,73
ENSMUSG00000026640,11,59,73,44,53,66,57,56,51,62,57,88
ENSMUSG00000031398,0,1,3,1,3,1,1,2,0,0,1,3
ENSMUSG00000029765,14,46,46,39,44,45,58,43,33,22,43,61
ENSMUSG00000053646,14,111,115,85,95,112,82,77,89,113,95,109
ENSMUSG00000031385,0,3,6,4,6,8,4,0,7,5,5,7
ENSMUSG00000074785,1,5,6,6,7,1,8,6,5,5,9,14
ENSMUSG00000030123,107,366,292,168,255,211,204,138,120,172,221,196
ENSMUSG00000042251,5,39,48,35,39,37,29,27,43,47,28,56
ENSMUSG00000054659,0,2,0,1,5,0,1,2,0,0,2,4
ENSMUSG00000024521,0,2,1,0,0,0,1,1,2,0,3,7
ENSMUSG00000025359,0,1,0,1,1,0,2,4,1,0,0,2
ENSMUSG00000038400,29,213,231,123,240,243,235,260,202,176,237,300
ENSMUSG00000028066,2,74,60,45,67,51,69,70,67,71,57,130
ENSMUSG00000049761,0,0,0,0,0,1,0,0,1,0,2,0
ENSMUSG00000036986,9,41,39,19,58,33,71,83,43,53,54,128
ENSMUSG00000022474,8,73,70,67,92,90,120,149,159,179,174,192
ENSMUSG00000022711,5,85,83,64,94,80,74,80,98,83,94,118
ENSMUSG00000018217,7,163,161,127,158,170,176,174,147,173,200,313
ENSMUSG00000026926,16,341,316,244,307,348,334,358,354,371,394,510
ENSMUSG00000029017,20,509,485,304,495,459,378,411,443,474,496,618
ENSMUSG00000026098,0,4,4,2,2,6,2,6,7,4,4,7
ENSMUSG00000027952,7,40,44,29,60,46,36,47,50,50,57,68
ENSMUSG00000002012,2,32,20,25,40,35,32,29,38,43,33,25
ENSMUSG00000028248,30,85,91,54,98,95,100,72,108,83,94,110
ENSMUSG00000026179,25,354,340,231,335,323,322,292,389,372,405,494
ENSMUSG00000002963,8,96,75,56,75,81,93,88,102,93,93,140
ENSMUSG00000073460,0,1,0,1,0,3,1,0,0,2,0,0
ENSMUSG00000042179,0,1,0,0,0,0,0,0,0,0,0,1
ENSMUSG00000025091,0,0,0,0,0,0,0,0,0,0,0,0
ENSMUSG00000054383,0,0,1,0,0,0,0,0,0,1,0,1
ENSMUSG00000046204,0,0,0,0,0,0,0,0,0,0,0,0
ENSMUSG00000070802,0,26,19,14,15,24,17,14,19,7,16,20
ENSMUSG00000038216,13,50,32,33,35,52,7,22,18,20,13,22
ENSMUSG00000020994,9,77,76,35,71,81,83,84,85,106,102,109
ENSMUSG00000020116,8,109,96,56,97,105,96,100,115,119,134,173
ENSMUSG00000045731,0,0,0,0,0,0,0,0,0,0,0,0
ENSMUSG00000021871,10,67,54,45,49,59,117,206,108,98,104,288
ENSMUSG00000068417,0,2,1,1,1,2,1,4,2,1,1,14
ENSMUSG00000043286,0,0,0,0,0,0,0,1,0,0,0,1
ENSMUSG00000025509,85,1388,1293,1149,1382,1436,1895,2290,2370,2427,1997,2917
ENSMUSG00000041653,1,2,1,3,3,3,2,4,2,8,5,4
ENSMUSG00000004565,4,26,25,18,18,22,20,28,30,27,37,21
ENSMUSG00000036833,8,100,66,67,87,79,139,96,170,120,121,146
ENSMUSG00000036257,17,240,195,139,253,234,221,231,231,214,231,316
ENSMUSG00000018659,6,67,54,40,62,52,60,62,52,54,50,89
ENSMUSG00000020464,3,35,29,20,35,30,33,45,38,27,34,55
ENSMUSG00000040128,37,335,279,170,368,340,430,449,514,327,540,511
ENSMUSG00000028675,10,168,134,91,145,141,177,203,191,149,153,261
ENSMUSG00000023345,0,21,14,14,16,16,25,15,16,21,16,29
ENSMUSG00000019952,0,9,13,6,12,12,12,13,14,7,15,18
ENSMUSG00000021671,2,24,26,26,28,25,27,30,36,30,34,41
ENSMUSG00000028600,12,30,33,35,27,47,46,54,52,54,40,87
ENSMUSG00000012889,0,0,0,0,0,1,0,1,0,0,0,0
ENSMUSG00000025608,43,260,255,156,229,242,244,215,246,225,290,314
ENSMUSG00000033152,7,46,41,34,51,65,32,47,47,49,56,68
ENSMUSG00000034607,0,0,0,0,0,1,0,0,0,0,0,0
ENSMUSG00000046020,7,46,39,17,43,46,53,43,38,45,43,68
ENSMUSG00000020260,12,145,133,88,161,125,141,175,149,175,223,258
ENSMUSG00000040596,9,37,28,25,30,39,42,28,28,22,30,39
ENSMUSG00000034064,4,33,35,15,24,27,42,38,33,18,43,60
ENSMUSG00000038902,5,30,30,22,33,28,32,37,35,32,27,47
ENSMUSG00000006678,2,16,10,9,12,16,14,14,16,18,17,25
ENSMUSG00000024833,5,55,20,22,34,28,31,34,36,16,21,41
ENSMUSG00000031536,16,161,126,84,138,146,178,175,186,168,213,253
ENSMUSG00000038644,5,42,40,31,30,36,49,50,57,62,62,82
ENSMUSG00000020471,5,90,62,54,79,65,80,100,105,107,128,178
ENSMUSG00000030726,3,27,26,14,11,18,39,34,26,22,33,41
ENSMUSG00000024854,0,26,43,18,25,30,32,41,49,51,47,72
ENSMUSG00000001100,30,465,450,305,423,425,426,404,398,431,450,601
ENSMUSG00000041815,11,78,61,55,67,81,109,98,99,75,73,123
ENSMUSG00000007080,1,9,4,6,4,8,10,8,13,12,14,21
ENSMUSG00000020974,1,1,0,1,1,1,1,3,0,1,0,2
ENSMUSG00000028394,4,59,62,38,71,50,62,72,68,58,65,104
ENSMUSG00000030042,4,71,83,51,65,59,72,77,66,58,50,90
ENSMUSG00000039176,25,153,135,111,152,136,164,126,135,174,196,205
ENSMUSG00000020718,1,26,6,12,24,10,16,28,17,18,15,27
ENSMUSG00000023953,0,1,0,1,0,0,0,0,0,0,0,0
ENSMUSG00000038425,1,3,2,4,3,4,4,3,8,6,2,10
ENSMUSG00000021668,3,9,11,9,12,11,14,10,6,4,6,12
ENSMUSG00000025218,2,25,33,24,34,56,39,46,47,38,48,59
ENSMUSG00000020474,0,11,5,6,6,13,11,9,9,5,14,14
ENSMUSG00000034206,2,13,15,11,26,25,8,10,11,12,14,15
ENSMUSG00000049553,9,128,124,76,161,122,150,153,144,170,205,222
ENSMUSG00000027395,2,40,38,27,46,37,50,40,48,42,50,47
ENSMUSG00000067148,6,81,61,53,76,58,74,104,102,71,97,114
ENSMUSG00000029642,21,298,258,206,280,292,311,314,368,336,396,496
ENSMUSG00000028318,4,83,92,65,80,74,85,96,120,87,126,136
ENSMUSG00000005198,12,138,134,101,138,115,147,165,142,150,190,230
ENSMUSG00000029250,12,93,92,73,83,81,108,87,96,99,99,113
ENSMUSG00000031783,14,211,213,141,174,179,203,226,241,258,272,358
ENSMUSG00000024258,2,20,21,20,22,33,33,36,27,14,22,43
ENSMUSG00000004667,26,390,349,285,375,405,541,539,638,579,705,744
ENSMUSG00000033020,22,398,359,319,365,365,362,493,395,515,555,751
ENSMUSG00000071662,8,152,150,110,142,144,153,149,163,176,199,235
ENSMUSG00000021018,4,29,48,31,36,37,48,49,40,34,38,65
ENSMUSG00000019738,11,197,178,149,180,202,240,241,299,276,350,432
ENSMUSG00000039771,11,193,176,128,170,175,175,236,213,219,296,367
ENSMUSG00000045996,4,67,55,36,50,65,77,79,72,78,64,112
ENSMUSG00000038489,34,598,516,393,479,472,497,694,502,693,685,992
ENSMUSG00000025280,6,34,38,20,41,33,34,30,30,24,29,40
ENSMUSG00000034453,1,29,42,24,27,34,38,39,24,34,50,58
ENSMUSG00000028099,2,71,64,50,68,69,82,84,120,92,98,135
ENSMUSG00000000776,3,47,36,33,44,32,48,65,52,27,60,77
ENSMUSG00000030880,3,23,20,16,17,23,21,28,23,19,29,46
ENSMUSG00000027427,3,12,21,15,18,21,38,24,24,22,21,30
ENSMUSG00000035834,2,7,7,7,10,1,5,5,8,7,23,12
ENSMUSG00000028104,15,132,118,94,119,132,161,166,194,165,165,233
ENSMUSG00000022476,9,81,80,46,56,60,93,64,96,81,95,108
ENSMUSG00000038628,7,48,39,30,39,45,46,50,41,28,43,70
ENSMUSG00000020329,4,111,104,64,98,74,124,90,100,129,137,137
ENSMUSG00000053293,11,47,48,23,40,44,65,54,53,50,47,65
ENSMUSG00000020660,0,4,1,1,1,1,0,2,1,1,1,3
ENSMUSG00000028700,18,200,181,131,174,177,181,225,207,265,234,300
ENSMUSG00000066235,4,41,35,18,43,48,35,40,37,55,45,71
ENSMUSG00000037251,2,45,24,22,23,32,32,28,32,33,31,52
ENSMUSG00000029649,29,485,474,319,485,516,540,671,668,645,763,986
ENSMUSG00000039254,7,41,39,26,46,39,33,36,43,34,43,54
ENSMUSG00000034126,1,24,29,25,31,27,31,25,26,36,31,45
ENSMUSG00000002588,0,1,0,0,0,0,0,0,0,0,0,0
ENSMUSG00000032667,10,148,149,100,149,132,185,177,145,179,174,245
ENSMUSG00000029759,0,35,40,22,37,38,40,41,37,34,45,64
ENSMUSG00000022325,1,4,7,9,9,7,6,4,3,8,6,8
ENSMUSG00000030423,2,30,47,25,29,23,32,53,48,40,65,53
ENSMUSG00000060152,7,116,129,92,103,134,115,132,119,156,141,209
ENSMUSG00000029715,4,50,43,25,30,44,40,44,34,34,63,74
ENSMUSG00000019848,3,79,77,34,74,57,95,78,79,92,110,134
ENSMUSG00000005514,11,156,168,109,149,158,218,215,213,207,267,282
ENSMUSG00000031169,2,16,15,10,9,7,21,19,9,6,10,16
ENSMUSG00000027750,2,51,25,26,41,25,59,76,28,38,46,106
ENSMUSG00000029676,4,25,28,17,24,29,34,20,25,25,23,36
ENSMUSG00000024174,0,0,0,1,1,1,2,0,2,1,1,1
ENSMUSG00000004842,0,0,0,1,1,3,2,5,2,1,0,2
ENSMUSG00000032053,0,0,1,0,1,2,1,5,1,0,2,2
ENSMUSG00000026565,4,35,30,33,36,28,48,21,32,26,36,62
ENSMUSG00000008496,2,16,12,8,22,15,45,77,43,23,33,74
ENSMUSG00000032015,0,1,0,2,0,0,0,0,0,0,0,0
ENSMUSG00000090125,1,2,1,4,4,3,3,12,5,11,9,28
ENSMUSG00000095139,0,1,0,1,0,1,0,0,0,0,0,0
ENSMUSG00000045515,0,0,0,0,0,1,0,0,0,0,0,0
ENSMUSG00000056854,0,0,0,0,0,0,0,0,1,0,0,0
ENSMUSG00000048349,0,0,0,0,0,0,0,0,0,1,0,0
ENSMUSG00000031688,0,0,0,0,0,0,0,0,0,0,0,0
ENSMUSG00000024406,0,0,0,0,0,0,0,0,0,0,0,0
ENSMUSG00000093668,0,11,9,2,8,3,6,11,5,8,6,10
ENSMUSG00000009739,3,36,29,26,33,26,37,39,35,33,42,54
ENSMUSG00000009734,0,0,0,0,0,2,0,1,0,0,0,0
ENSMUSG00000044957,1,0,2,3,2,0,1,2,0,3,2,4
ENSMUSG00000020089,14,156,153,117,156,146,195,224,172,195,171,356
ENSMUSG00000028013,34,492,470,360,433,483,513,492,519,562,610,768
ENSMUSG00000022383,0,6,7,3,14,6,5,6,12,5,6,7
ENSMUSG00000002250,0,80,79,48,71,78,56,68,66,68,74,131
ENSMUSG00000000440,3,17,11,16,22,24,20,24,22,26,11,25
ENSMUSG00000029167,11,160,181,110,194,188,217,174,276,197,166,227
ENSMUSG00000033871,23,46,51,26,69,75,48,41,45,24,32,46
ENSMUSG00000029246,8,41,50,45,35,40,39,46,48,40,50,83
ENSMUSG00000029372,37,32,24,3,28,10,15,18,23,9,8,17
ENSMUSG00000063849,4,32,25,26,39,29,16,28,24,23,27,50
ENSMUSG00000028636,6,57,47,48,49,59,61,55,57,56,62,86
ENSMUSG00000016344,8,161,156,125,141,161,162,179,143,208,229,260
ENSMUSG00000062168,0,0,0,0,0,0,0,0,0,0,0,1
ENSMUSG00000029410,1,0,0,0,0,0,1,0,0,1,0,0
ENSMUSG00000037519,8,67,80,45,78,75,125,103,116,111,134,164
ENSMUSG00000053825,0,2,3,1,3,0,2,1,1,1,1,3
ENSMUSG00000003863,0,2,1,2,0,0,0,2,1,1,0,2
ENSMUSG00000026458,4,16,21,10,19,20,17,21,19,27,21,39
ENSMUSG00000016487,11,110,98,54,105,86,130,108,127,91,120,151
ENSMUSG00000036528,5,53,50,29,52,36,64,54,65,58,71,51
ENSMUSG00000036167,5,60,38,33,47,48,58,61,54,50,72,74
ENSMUSG00000071866,26,191,187,140,197,212,273,315,267,247,322,455
ENSMUSG00000032383,40,335,258,212,255,273,322,396,315,242,357,631
ENSMUSG00000024538,12,73,73,46,70,68,67,70,54,57,65,115
ENSMUSG00000027804,7,116,116,80,110,104,123,114,123,105,100,196
ENSMUSG00000028651,0,34,36,26,34,44,35,43,41,29,41,61
ENSMUSG00000021868,27,769,736,520,671,683,614,584,651,667,671,913
ENSMUSG00000042133,2,44,51,29,51,54,53,68,61,52,53,64
ENSMUSG00000060288,0,15,17,11,19,22,19,24,13,20,14,45
ENSMUSG00000024007,9,78,85,59,86,84,57,81,71,75,73,111
ENSMUSG00000022771,11,103,85,62,92,87,117,111,122,131,138,168
ENSMUSG00000026035,0,25,23,20,26,34,32,32,39,36,26,46
ENSMUSG00000015757,8,59,37,32,58,54,65,53,65,56,69,77
ENSMUSG00000078451,0,6,3,2,2,5,3,6,9,2,6,3
ENSMUSG00000033526,18,210,181,111,207,165,271,229,191,232,266,295
ENSMUSG00000040648,21,135,122,98,158,150,159,125,160,172,101,198
ENSMUSG00000039457,1,20,10,13,15,21,19,22,30,33,26,32
ENSMUSG00000021096,24,455,437,323,486,472,513,461,474,464,513,653
ENSMUSG00000061130,32,344,350,265,294,357,438,333,370,350,391,447
ENSMUSG00000020525,2,22,20,14,30,27,30,30,31,27,15,30
ENSMUSG00000046442,1,21,19,12,13,20,27,21,29,18,26,25
ENSMUSG00000026181,17,71,95,38,79,89,84,83,77,68,75,106
ENSMUSG00000029147,22,157,146,133,156,158,199,193,178,164,209,303
ENSMUSG00000034613,3,22,23,14,23,21,25,33,30,29,25,41
ENSMUSG00000002228,10,94,110,76,91,106,84,127,81,93,112,124
ENSMUSG00000037826,12,217,241,173,233,239,210,169,242,178,225,280
ENSMUSG00000027784,11,119,128,71,124,81,111,88,114,99,117,135
ENSMUSG00000020253,5,27,12,14,21,16,29,30,20,22,24,30
ENSMUSG00000030402,0,0,0,0,0,0,0,0,0,1,0,0
ENSMUSG00000030718,8,91,99,77,82,107,114,112,84,84,88,141
ENSMUSG00000062729,7,50,34,21,44,39,42,45,42,55,50,64
ENSMUSG00000040385,57,621,564,399,564,576,702,800,787,828,977,1136
ENSMUSG00000014956,27,640,530,410,594,587,698,684,733,609,659,867
ENSMUSG00000004455,14,162,140,97,173,168,194,204,178,155,173,257
ENSMUSG00000039220,2,47,36,38,36,36,38,57,37,30,47,70
ENSMUSG00000036398,23,381,358,244,321,352,446,463,488,576,700,694
ENSMUSG00000019907,44,141,140,89,191,194,184,155,167,140,162,208
ENSMUSG00000073557,18,350,338,254,330,382,307,270,273,289,348,397
ENSMUSG00000019254,35,186,191,124,183,193,192,212,223,238,268,335
ENSMUSG00000021285,11,88,84,64,79,83,84,67,111,90,100,119
ENSMUSG00000040734,10,157,125,99,167,183,191,211,245,180,205,267
ENSMUSG00000037166,3,36,29,37,46,32,25,28,38,50,74,59
ENSMUSG00000056612,20,158,150,99,134,149,176,187,136,122,167,321
ENSMUSG00000040653,16,404,345,259,324,391,329,277,249,271,365,476
ENSMUSG00000040435,7,76,83,49,144,74,124,128,144,141,180,163
ENSMUSG00000046062,5,36,53,29,40,44,40,38,36,24,30,72
ENSMUSG00000033819,8,65,67,38,76,64,71,68,59,91,79,98
ENSMUSG00000037754,5,38,29,23,41,32,42,26,25,28,38,44
ENSMUSG00000002930,0,0,0,0,0,0,0,0,0,0,0,0
ENSMUSG00000034595,8,49,63,30,41,52,93,113,73,68,76,180
ENSMUSG00000022490,0,21,9,5,8,21,19,12,10,15,15,16
ENSMUSG00000061718,0,1,0,2,0,0,1,1,2,4,1,1
ENSMUSG00000034683,0,1,0,0,0,0,0,0,0,0,0,0
ENSMUSG00000047714,13,221,201,138,198,179,217,217,216,178,244,298
ENSMUSG00000094843,1,0,0,1,1,0,0,0,1,0,1,1
ENSMUSG00000095869,0,1,0,1,0,2,0,0,1,1,2,3
ENSMUSG00000034709,4,32,28,28,28,31,31,47,29,48,50,68
ENSMUSG00000035829,0,3,9,1,5,5,7,5,6,3,11,8
ENSMUSG00000025129,0,1,0,1,2,0,0,0,1,0,3,3
ENSMUSG00000035179,0,0,0,0,0,0,3,0,0,3,0,1
ENSMUSG00000029725,0,30,27,11,32,26,35,37,27,21,34,61
ENSMUSG00000052221,0,1,0,0,0,0,0,0,2,0,0,0
ENSMUSG00000051403,14,192,150,111,151,178,223,200,236,172,268,290
ENSMUSG00000042717,7,134,125,108,112,144,188,168,221,140,108,222
ENSMUSG00000046794,0,12,14,9,14,18,17,11,10,8,9,11
ENSMUSG00000067279,12,376,242,139,265,264,236,194,240,185,293,278
ENSMUSG00000049999,0,49,58,47,54,51,56,49,43,34,56,65
ENSMUSG00000072494,2,9,8,1,6,8,8,16,7,4,6,13
ENSMUSG00000050423,0,4,1,0,5,3,4,5,3,1,15,16
ENSMUSG00000025916,0,0,0,0,0,0,0,1,1,0,1,1
ENSMUSG00000026275,7,133,124,82,110,151,179,173,202,155,272,262
ENSMUSG00000028882,9,41,47,28,42,40,44,42,35,50,40,74
ENSMUSG00000032827,1,70,54,37,69,71,76,61,64,53,72,80
ENSMUSG00000038976,36,151,141,97,152,134,173,166,134,155,162,266
ENSMUSG00000020349,36,526,471,337,528,529,538,565,560,496,535,781
ENSMUSG00000009630,6,72,56,55,71,52,92,103,105,85,101,111
ENSMUSG00000007564,29,420,395,311,378,407,376,451,379,438,468,626
ENSMUSG00000032058,4,15,4,7,10,13,12,23,17,11,9,30
ENSMUSG00000022052,17,139,142,93,136,160,152,168,133,163,150,228
ENSMUSG00000024500,0,0,0,0,0,0,0,0,0,0,0,0
ENSMUSG00000029120,0,0,0,0,0,0,0,0,1,0,0,1
ENSMUSG00000041769,17,145,145,111,165,131,195,191,192,229,194,276
ENSMUSG00000043154,55,921,896,631,816,905,849,800,1063,905,848,1209
ENSMUSG00000021022,7,72,67,39,79,65,84,96,84,82,107,151
ENSMUSG00000093803,5,53,54,36,66,56,45,60,54,64,69,88
ENSMUSG00000026626,18,309,239,167,268,237,299,252,216,215,312,346
ENSMUSG00000024777,5,45,43,31,43,38,46,52,49,31,38,74
ENSMUSG00000017843,17,214,180,169,197,186,217,214,239,187,205,278
ENSMUSG00000059409,10,80,87,67,74,93,108,137,114,109,138,134
ENSMUSG00000021051,4,88,79,57,99,89,87,93,87,72,113,117
ENSMUSG00000028161,25,268,220,170,253,281,296,300,308,246,270,353
ENSMUSG00000021816,9,211,205,137,203,204,196,168,185,144,162,266
ENSMUSG00000022092,4,63,50,37,66,66,58,58,48,51,72,88
ENSMUSG00000033953,15,169,169,112,164,179,205,147,182,93,101,221
ENSMUSG00000030697,7,72,52,31,70,81,69,71,62,57,85,115
ENSMUSG00000061950,8,67,66,41,54,65,67,74,68,79,82,86
ENSMUSG00000052144,7,65,84,61,47,64,103,57,89,66,81,112
ENSMUSG00000041846,2,59,45,33,61,73,49,61,65,60,53,72
ENSMUSG00000020463,7,43,50,36,57,55,71,55,65,50,62,87
ENSMUSG00000021209,0,1,1,0,0,0,2,1,0,1,1,0
ENSMUSG00000003099,19,264,221,187,280,272,236,281,294,283,283,378
ENSMUSG00000026753,11,152,138,110,133,137,194,160,179,120,128,237
ENSMUSG00000052296,25,253,210,193,225,191,232,226,206,275,314,368
ENSMUSG00000036561,0,7,9,11,13,15,18,16,21,17,31,26
ENSMUSG00000024908,11,208,169,126,190,192,193,205,174,170,218,272
ENSMUSG00000055491,3,38,24,23,31,42,38,32,36,38,57,67
ENSMUSG00000028657,11,143,136,79,124,112,160,170,134,116,99,223
ENSMUSG00000038582,31,648,576,434,565,591,574,463,452,600,602,736
ENSMUSG00000021713,1,16,7,2,9,8,10,9,7,2,11,14
ENSMUSG00000031157,8,77,69,51,74,97,73,95,98,82,100,153
ENSMUSG00000034006,14,198,189,159,197,187,186,168,156,174,190,258
ENSMUSG00000028744,2,30,28,14,24,19,37,20,30,36,31,52
ENSMUSG00000045679,2,11,9,7,6,7,15,22,12,7,6,26
ENSMUSG00000030008,4,49,43,36,44,49,42,43,41,63,66,80
ENSMUSG00000031149,1,22,16,9,22,22,26,36,22,26,24,44
ENSMUSG00000050271,4,36,26,21,34,22,33,33,29,43,42,43
ENSMUSG00000046862,0,13,10,10,16,8,14,9,16,9,17,20
ENSMUSG00000073724,0,0,0,0,0,0,0,0,0,0,0,0
ENSMUSG00000036749,0,0,0,0,0,0,0,0,0,0,0,0
ENSMUSG00000025839,0,1,0,1,1,0,0,0,1,0,0,1
ENSMUSG00000025467,1,0,0,0,0,0,0,0,0,0,0,0
ENSMUSG00000038943,0,3,0,5,3,2,5,13,3,5,2,5
ENSMUSG00000004895,9,36,30,16,28,29,22,25,36,27,32,60
ENSMUSG00000075410,1,8,12,5,8,3,7,7,5,6,6,8
ENSMUSG00000061119,6,41,47,34,36,23,44,50,28,31,32,69
ENSMUSG00000038151,0,4,5,3,5,2,1,2,3,3,3,3
ENSMUSG00000042496,0,4,6,7,9,5,15,12,11,8,9,5
ENSMUSG00000075028,1,22,14,20,26,30,21,27,23,34,33,34
ENSMUSG00000079466,0,0,0,0,0,0,0,0,0,0,0,0
ENSMUSG00000042414,0,0,0,0,0,0,0,0,0,0,0,0
ENSMUSG00000014039,2,9,13,3,11,11,7,9,4,10,6,16
ENSMUSG00000039410,5,44,31,15,44,52,48,29,50,33,39,49
ENSMUSG00000057637,11,109,64,55,99,101,88,110,79,90,145,129
ENSMUSG00000035529,2,31,26,22,29,21,33,29,37,28,30,34
ENSMUSG00000029913,3,27,29,12,24,25,34,25,37,24,24,49
ENSMUSG00000069378,0,0,0,0,0,0,0,0,1,0,0,1
ENSMUSG00000035456,0,0,1,0,1,0,1,0,0,0,1,0
ENSMUSG00000051977,1,4,4,4,8,4,8,6,7,5,8,5
ENSMUSG00000028691,64,982,916,721,1023,934,971,1049,886,984,1090,1486
ENSMUSG00000005161,110,1752,1588,1077,1592,1744,1406,1678,1722,1781,1982,2330
ENSMUSG00000024997,40,787,673,474,687,739,625,634,688,631,595,961
ENSMUSG00000025289,2,55,59,43,74,58,66,85,72,79,84,112
ENSMUSG00000024953,88,2376,2234,1566,2232,2146,1759,1853,2132,1906,2172,3065
ENSMUSG00000026701,62,843,866,653,885,929,974,1004,1029,1142,1288,1602
ENSMUSG00000050114,2,6,2,2,0,6,8,4,1,5,6,8
ENSMUSG00000045302,21,161,127,112,146,144,165,152,157,208,221,242
ENSMUSG00000021486,15,123,143,105,110,121,133,203,153,175,179,311
ENSMUSG00000056671,2,18,23,23,21,27,27,37,39,40,33,52
ENSMUSG00000024530,0,1,0,1,1,0,1,0,3,0,2,3
ENSMUSG00000016257,5,187,185,118,160,177,185,182,176,153,219,323
ENSMUSG00000041577,11,209,181,124,176,185,181,175,183,196,196,230
ENSMUSG00000019849,8,121,108,77,96,98,115,110,89,111,122,166
ENSMUSG00000024127,3,24,36,26,31,22,28,32,39,27,25,42
ENSMUSG00000039621,0,19,21,14,20,14,42,39,19,18,31,50
ENSMUSG00000048960,19,93,78,65,78,82,98,109,108,124,109,138
ENSMUSG00000037202,0,2,1,4,1,0,10,16,3,5,10,21
ENSMUSG00000027073,0,0,0,1,0,0,0,0,0,0,0,0
ENSMUSG00000006014,2,19,20,16,28,15,40,33,19,16,33,65
ENSMUSG00000036158,11,65,65,60,72,85,101,76,103,101,109,118
ENSMUSG00000030020,0,13,14,4,24,12,19,8,14,13,15,22
ENSMUSG00000031145,10,79,48,44,39,45,52,57,71,65,77,82
ENSMUSG00000096549,0,1,0,0,0,1,0,0,1,0,1,4
ENSMUSG00000025395,3,5,4,2,6,3,5,12,5,11,6,7
ENSMUSG00000026134,1,8,3,7,8,6,10,6,6,9,7,12
ENSMUSG00000041669,0,1,3,0,1,1,0,1,2,0,0,1
ENSMUSG00000038225,0,8,5,6,7,5,7,3,3,4,6,12
ENSMUSG00000050697,3,44,45,25,47,44,48,42,52,30,46,78
ENSMUSG00000028518,8,192,184,112,199,221,219,185,161,144,183,245
ENSMUSG00000029513,10,112,119,62,117,146,109,113,125,98,140,182
ENSMUSG00000038205,8,158,143,96,154,152,161,113,129,121,103,161
ENSMUSG00000005469,34,939,848,635,844,944,871,802,790,774,863,1273
ENSMUSG00000005034,14,144,121,87,152,151,146,134,126,144,158,174
ENSMUSG00000067713,15,350,333,235,324,374,369,403,433,394,499,607
ENSMUSG00000028944,3,58,58,40,51,53,59,66,63,53,67,83
ENSMUSG00000006542,0,13,7,5,12,6,5,6,9,5,3,8
ENSMUSG00000020612,54,1178,977,677,1160,1173,1571,1523,1244,1029,1526,2029
ENSMUSG00000025855,1,8,4,1,4,11,6,7,7,9,11,12
ENSMUSG00000032601,14,279,272,177,267,253,281,231,257,236,248,327
ENSMUSG00000002997,1,10,3,4,4,2,5,4,4,7,6,4
ENSMUSG00000050965,4,63,48,47,61,85,67,56,55,43,59,81
ENSMUSG00000052889,2,15,5,5,9,6,25,19,17,7,17,17
ENSMUSG00000021948,12,42,36,23,39,47,59,66,48,47,52,92
ENSMUSG00000045038,6,103,99,67,101,99,78,69,75,87,80,114
ENSMUSG00000021108,13,67,59,35,54,57,78,74,68,92,75,117
ENSMUSG00000037643,0,19,16,22,13,13,43,26,12,12,24,37
ENSMUSG00000026778,2,3,7,5,13,14,10,15,21,14,14,19
ENSMUSG00000003402,23,198,174,113,176,174,190,227,157,245,257,317
ENSMUSG00000029053,2,5,4,7,4,10,4,2,6,5,4,6
ENSMUSG00000002688,3,18,18,15,13,12,19,8,26,21,16,19
ENSMUSG00000041187,12,44,36,23,51,47,48,45,56,50,54,86
ENSMUSG00000024070,6,41,38,28,39,48,52,33,47,45,34,42
ENSMUSG00000022672,2,22,23,22,29,23,39,20,29,26,30,35
ENSMUSG00000052920,0,1,0,1,2,2,2,5,7,1,3,2
ENSMUSG00000029334,0,5,1,2,2,3,0,0,2,0,1,3
ENSMUSG00000002731,2,54,41,34,40,33,42,49,40,34,45,76
ENSMUSG00000039737,6,58,59,31,55,48,59,75,85,76,122,112
ENSMUSG00000035725,6,21,26,22,36,43,53,42,33,12,25,36
ENSMUSG00000062551,0,0,0,0,0,0,0,0,0,0,0,0
ENSMUSG00000079092,0,0,0,0,0,0,1,0,0,0,0,0
ENSMUSG00000056457,0,0,1,0,0,0,0,0,0,1,0,0
ENSMUSG00000062201,0,0,0,0,0,0,0,0,0,0,0,0
ENSMUSG00000021347,0,0,0,0,1,0,0,0,0,0,0,0
ENSMUSG00000021348,0,0,0,0,0,0,0,0,0,0,0,0
ENSMUSG00000019756,0,0,0,0,0,0,0,0,0,0,0,1
ENSMUSG00000045052,0,0,0,0,1,0,0,0,0,0,0,0
ENSMUSG00000022501,0,0,0,0,0,0,0,0,0,0,0,0
ENSMUSG00000109324,11,165,163,120,172,152,247,223,256,219,252,371
ENSMUSG00000030505,0,44,50,32,51,58,59,67,60,51,48,71
ENSMUSG00000023110,13,137,116,97,143,144,200,193,195,221,199,282
ENSMUSG00000049300,0,12,8,11,13,15,11,13,11,13,8,16
ENSMUSG00000060098,9,117,128,104,128,131,172,176,173,176,185,244
ENSMUSG00000037134,3,37,37,30,32,28,49,38,44,43,37,48
ENSMUSG00000079037,19,347,320,245,348,297,346,369,375,355,456,547
ENSMUSG00000073600,12,273,265,165,270,264,298,213,249,317,408,372
ENSMUSG00000024386,0,1,0,0,0,0,0,0,0,0,0,0
ENSMUSG00000044122,0,1,2,1,3,2,2,0,3,3,0,8
ENSMUSG00000027611,1,1,5,4,4,3,4,7,3,1,6,12
ENSMUSG00000003526,6,45,52,39,36,36,47,41,59,65,55,92
ENSMUSG00000036892,0,0,0,0,0,0,0,0,0,0,0,0
ENSMUSG00000070368,0,0,1,0,0,0,0,0,0,0,0,0
ENSMUSG00000030069,0,0,0,0,0,0,0,0,0,0,0,0
ENSMUSG00000049409,0,3,0,0,0,0,0,1,1,0,0,1
ENSMUSG00000050558,0,0,0,0,0,0,0,0,0,0,0,0
ENSMUSG00000029086,1,1,2,3,4,2,3,3,8,6,3,5
ENSMUSG00000027376,0,0,1,0,1,0,0,0,0,0,0,0
ENSMUSG00000032673,3,104,75,58,83,67,82,82,69,86,86,120
ENSMUSG00000022912,7,22,27,24,30,26,37,39,34,30,27,59
ENSMUSG00000031485,6,153,175,124,202,181,165,199,216,211,264,263
ENSMUSG00000049504,3,44,42,30,44,36,47,48,29,44,45,53
ENSMUSG00000045319,2,21,27,10,16,28,25,37,27,46,22,49
ENSMUSG00000036864,1,3,3,1,2,0,3,2,0,1,2,3
ENSMUSG00000010175,12,156,137,68,186,161,174,116,174,83,88,92
ENSMUSG00000042320,1,2,1,2,4,4,2,5,0,3,3,2
ENSMUSG00000031445,1,0,1,3,1,0,0,1,1,3,6,2
ENSMUSG00000039449,4,78,72,62,69,95,80,82,95,81,81,100
ENSMUSG00000024735,41,971,910,649,890,916,1114,1154,1312,1316,1270,1542
ENSMUSG00000015748,5,37,30,30,44,36,59,42,42,47,35,49
ENSMUSG00000008373,5,65,59,47,73,52,85,87,94,67,78,127
ENSMUSG00000063800,2,35,26,29,41,42,84,66,91,55,74,92
ENSMUSG00000027881,16,55,47,25,41,51,41,60,50,41,59,98
ENSMUSG00000035597,9,60,63,30,63,60,77,45,74,59,38,72
ENSMUSG00000066148,3,41,45,34,40,44,41,44,33,51,50,59
ENSMUSG00000061136,21,90,87,42,83,87,124,91,94,68,98,144
ENSMUSG00000023007,8,38,35,34,43,41,59,43,50,86,86,78
ENSMUSG00000021413,13,91,74,50,84,89,118,92,95,76,92,121
ENSMUSG00000002455,8,77,91,66,112,119,130,112,125,128,140,181
ENSMUSG00000020850,24,319,306,207,294,323,304,311,308,328,379,439
ENSMUSG00000023484,0,0,0,0,0,0,1,1,0,3,1,2
ENSMUSG00000023978,0,0,0,1,0,0,0,0,0,0,0,0
ENSMUSG00000031432,5,111,85,85,83,96,129,127,111,119,134,205
ENSMUSG00000079104,0,1,4,0,4,1,4,6,0,2,4,4
ENSMUSG00000025742,2,40,37,25,37,34,50,51,36,39,37,67
ENSMUSG00000015869,18,112,127,84,113,123,139,131,112,127,146,198
ENSMUSG00000020528,1,18,23,13,11,15,20,16,18,16,22,21
ENSMUSG00000020493,1,4,0,0,2,1,4,2,2,2,0,2
ENSMUSG00000046574,4,76,81,70,104,122,97,97,93,109,145,142
ENSMUSG00000023048,10,91,75,51,90,71,117,119,127,101,120,190
ENSMUSG00000030822,5,77,64,55,61,74,67,75,84,71,90,134
ENSMUSG00000045725,0,1,3,1,1,2,5,1,1,3,3,2
ENSMUSG00000047040,1,1,2,0,0,0,1,0,0,3,1,0
ENSMUSG00000073565,0,0,0,0,0,0,0,0,0,0,0,0
ENSMUSG00000055945,0,0,0,0,0,1,0,0,0,0,0,0
ENSMUSG00000090273,1,1,2,1,2,0,2,0,1,2,2,5
ENSMUSG00000090470,0,0,0,0,0,0,0,0,0,0,0,0
ENSMUSG00000002240,0,0,0,0,0,0,0,0,0,0,0,0
ENSMUSG00000009210,1,8,6,6,10,8,3,8,2,9,7,11
ENSMUSG00000038500,0,12,20,11,19,24,18,11,17,41,24,26
ENSMUSG00000042888,0,0,0,0,0,0,0,0,0,1,0,0
ENSMUSG00000043795,1,31,23,21,29,16,31,19,20,25,17,26
ENSMUSG00000064125,0,2,0,0,2,0,1,0,0,0,2,4
ENSMUSG00000036106,2,14,11,6,16,14,12,22,8,17,10,24
ENSMUSG00000032841,1,3,3,2,3,3,3,9,4,4,3,6
ENSMUSG00000034686,0,0,1,1,0,0,1,0,0,0,0,1
ENSMUSG00000056270,0,0,0,0,0,0,0,1,0,0,0,0
ENSMUSG00000024594,11,78,78,43,53,73,73,84,89,74,112,107
ENSMUSG00000024393,27,315,282,234,291,317,283,285,255,223,317,403
ENSMUSG00000039262,24,302,255,244,312,331,335,280,280,305,294,402
ENSMUSG00000040225,27,42,32,21,55,58,50,38,39,25,38,56
ENSMUSG00000047996,2,32,23,21,33,22,30,20,17,28,21,36
ENSMUSG00000007837,5,27,29,13,24,18,26,20,29,36,27,25
ENSMUSG00000033361,3,19,8,9,21,22,19,12,12,9,11,20
ENSMUSG00000027171,0,1,0,1,3,1,0,2,2,0,2,1
ENSMUSG00000015476,4,6,6,10,16,7,9,8,6,14,6,18
ENSMUSG00000045009,0,0,0,1,2,0,1,0,0,1,2,3
ENSMUSG00000079654,2,4,10,3,5,12,15,6,4,10,21,13
ENSMUSG00000026586,9,133,111,80,129,114,118,104,129,84,95,143
ENSMUSG00000039476,0,1,1,0,3,1,1,2,3,1,1,1
ENSMUSG00000041730,0,0,0,0,0,0,0,0,1,0,0,0
ENSMUSG00000027978,0,0,0,0,0,0,0,1,0,2,0,1
ENSMUSG00000006179,0,0,0,0,0,0,1,0,1,0,0,0
ENSMUSG00000045027,0,0,0,0,0,0,0,0,0,0,0,0
ENSMUSG00000039405,1,36,34,24,43,38,28,31,29,25,47,48
ENSMUSG00000050762,0,0,0,0,0,0,0,1,0,0,0,1
ENSMUSG00000034039,0,0,0,1,0,0,0,0,0,0,0,0
ENSMUSG00000024124,0,0,0,0,0,0,0,1,0,0,2,0
ENSMUSG00000056399,0,0,0,0,0,0,0,0,0,0,0,0
ENSMUSG00000033491,0,0,0,0,0,1,0,0,1,0,0,0
ENSMUSG00000070371,3,64,46,29,40,41,37,43,55,63,67,77
ENSMUSG00000049291,0,0,0,0,0,1,0,0,0,0,0,0
ENSMUSG00000024114,0,1,0,0,0,0,0,0,0,0,0,0
ENSMUSG00000044664,0,0,0,0,0,0,0,0,0,0,0,0
ENSMUSG00000058398,0,1,0,0,0,0,1,0,0,0,0,0
ENSMUSG00000047257,0,0,0,0,0,0,1,0,2,0,3,1
ENSMUSG00000049719,0,0,0,0,0,0,1,1,0,0,0,1
ENSMUSG00000049013,0,0,0,0,0,0,0,0,0,0,0,1
ENSMUSG00000048752,0,0,0,0,0,0,0,1,0,0,0,0
ENSMUSG00000052099,0,0,0,0,0,0,0,0,0,0,0,0
ENSMUSG00000044139,1,5,3,2,2,1,2,4,4,3,6,4
ENSMUSG00000034623,0,2,1,1,1,3,0,0,0,0,0,5
ENSMUSG00000036480,0,0,0,0,0,0,0,0,0,0,0,0
ENSMUSG00000020323,0,0,1,0,0,0,0,0,1,1,0,2
ENSMUSG00000030800,0,0,0,0,0,0,1,0,0,0,0,0
ENSMUSG00000036030,0,1,1,0,1,0,1,1,0,0,0,1
ENSMUSG00000057729,0,0,0,0,0,0,0,1,0,1,0,0
ENSMUSG00000015711,4,38,57,30,64,49,63,61,69,46,58,73
ENSMUSG00000039126,19,425,354,232,346,353,432,348,334,420,392,510
ENSMUSG00000053198,1,1,1,2,2,1,3,8,4,0,6,5
ENSMUSG00000004207,114,2281,2125,1561,1957,1960,2445,2533,2143,3031,3223,4107
ENSMUSG00000024640,1,10,9,6,10,7,31,33,19,11,12,40
ENSMUSG00000022598,0,2,3,1,2,0,0,0,2,1,2,1
ENSMUSG00000037126,13,44,24,17,28,40,20,30,16,28,38,33
ENSMUSG00000024347,0,0,0,0,0,2,0,0,0,0,0,1
ENSMUSG00000030465,3,45,43,26,49,60,40,34,42,34,38,43
ENSMUSG00000026979,0,2,2,2,1,2,10,7,6,1,10,23
ENSMUSG00000019969,13,94,102,59,100,88,137,116,125,94,128,195
ENSMUSG00000010609,4,70,54,40,50,52,63,72,56,59,78,120
ENSMUSG00000036835,15,133,122,101,129,139,202,187,242,182,208,274
ENSMUSG00000066760,0,0,1,0,1,0,0,1,1,0,0,0
ENSMUSG00000004540,0,0,0,0,0,0,0,0,0,0,0,0
ENSMUSG00000004542,0,0,0,0,0,0,0,0,0,0,0,0
ENSMUSG00000044903,0,0,0,0,0,0,0,0,0,0,0,0
ENSMUSG00000074359,0,0,0,0,0,0,0,0,0,0,0,0
ENSMUSG00000028484,9,18,24,14,29,31,35,40,28,41,35,40
ENSMUSG00000048310,4,67,65,45,69,53,90,66,65,98,103,96
ENSMUSG00000030751,20,421,355,268,358,357,400,415,443,477,486,629
ENSMUSG00000015671,20,331,298,264,301,322,397,393,477,465,471,684
ENSMUSG00000060073,10,177,148,111,172,191,205,235,224,197,204,343
ENSMUSG00000032301,16,215,209,138,205,199,207,248,227,205,230,348
ENSMUSG00000068749,5,167,172,108,141,158,213,195,170,179,141,322
ENSMUSG00000021024,45,577,581,417,598,605,744,744,781,889,903,1099
ENSMUSG00000027566,38,560,516,376,494,551,712,860,762,647,835,1148
ENSMUSG00000036743,0,2,0,0,4,2,4,1,1,1,3,2
ENSMUSG00000014769,50,790,688,497,692,714,859,904,726,868,977,1323
ENSMUSG00000031897,21,228,213,152,218,223,422,613,552,403,484,1106
ENSMUSG00000072423,0,1,0,0,0,1,0,0,1,0,0,2
ENSMUSG00000028837,13,357,360,261,364,389,389,422,395,313,424,613
ENSMUSG00000069744,15,314,284,186,266,237,340,316,302,291,336,487
ENSMUSG00000005779,46,663,578,436,607,680,687,834,747,721,802,1137
ENSMUSG00000018286,30,592,573,457,564,604,664,794,681,800,922,1036
ENSMUSG00000026750,46,644,593,390,600,568,724,690,673,783,784,978
ENSMUSG00000024338,22,110,118,79,104,104,307,567,499,272,403,853
ENSMUSG00000096727,10,52,37,28,46,44,116,222,206,119,117,345
ENSMUSG00000021178,38,462,409,349,408,459,690,681,667,632,760,866
ENSMUSG00000028932,23,429,388,283,392,439,571,505,627,519,658,783
ENSMUSG00000002102,55,894,785,598,793,847,1132,1204,1170,1154,1533,1758
ENSMUSG00000019303,1,14,15,9,13,12,12,11,17,12,17,30
ENSMUSG00000030603,26,265,259,150,233,255,341,296,308,240,318,456
ENSMUSG00000020708,26,317,268,216,283,293,503,443,558,478,585,727
ENSMUSG00000021832,14,278,245,174,238,279,334,356,303,359,331,462
ENSMUSG00000026229,15,235,257,151,224,269,333,285,263,266,298,349
ENSMUSG00000031429,2,36,33,32,47,35,56,45,68,42,64,78
ENSMUSG00000017428,26,282,256,158,302,306,433,360,372,247,284,464
ENSMUSG00000020720,28,413,378,230,338,382,526,506,480,422,511,714
ENSMUSG00000025487,29,242,226,150,222,258,263,318,268,284,332,443
ENSMUSG00000026914,7,143,126,98,136,88,168,153,145,165,163,261
ENSMUSG00000006998,21,420,400,289,386,411,581,537,495,572,616,805
ENSMUSG00000017221,31,372,371,244,358,366,400,466,394,467,509,701
ENSMUSG00000005625,43,387,350,237,374,394,640,616,605,595,740,863
ENSMUSG00000026869,1,54,46,37,43,39,70,45,70,67,74,94
ENSMUSG00000021737,10,289,279,185,218,222,311,386,364,311,366,484
ENSMUSG00000039067,39,356,314,216,334,360,490,521,499,370,472,649
ENSMUSG00000030591,15,425,449,268,365,334,451,453,412,461,574,684
ENSMUSG00000029440,8,96,57,47,86,75,85,92,92,96,72,142
ENSMUSG00000022216,79,974,868,617,802,847,1020,1258,1171,1135,1028,1957
ENSMUSG00000079197,12,82,82,54,93,72,115,147,137,106,130,262
ENSMUSG00000078153,31,213,190,138,188,188,301,445,324,273,346,699
ENSMUSG00000078652,17,212,192,115,165,150,202,206,201,187,224,297
ENSMUSG00000040850,26,655,586,445,554,592,530,401,361,473,365,580
ENSMUSG00000032869,13,80,89,55,93,76,70,99,101,87,108,168
ENSMUSG00000022913,12,75,68,45,67,89,53,77,85,72,74,106
ENSMUSG00000024537,4,109,93,74,97,90,117,102,109,137,125,179
ENSMUSG00000029551,3,41,29,22,31,41,34,54,35,39,32,58
ENSMUSG00000071451,5,90,88,65,87,76,93,175,110,123,138,201
ENSMUSG00000024409,0,1,0,0,1,0,1,0,0,0,0,0
ENSMUSG00000021938,4,24,21,20,21,28,22,28,22,31,28,35
ENSMUSG00000029446,1,20,14,12,20,10,15,22,17,25,20,37
ENSMUSG00000002664,0,0,0,0,1,0,0,0,0,0,0,0
ENSMUSG00000068744,0,1,1,1,0,2,3,7,1,2,0,3
ENSMUSG00000063179,4,149,122,79,134,128,101,119,147,142,148,184
ENSMUSG00000032322,2,7,7,4,8,4,22,47,9,14,16,36
ENSMUSG00000025429,0,0,1,0,0,1,1,2,1,1,1,1
ENSMUSG00000056529,1,15,7,4,8,4,26,32,15,12,6,50
ENSMUSG00000074925,1,3,1,0,2,6,3,5,5,4,5,0
ENSMUSG00000028134,1,44,26,23,43,45,47,65,63,45,46,55
ENSMUSG00000028382,21,82,88,61,107,104,102,99,96,84,85,139
ENSMUSG00000029624,4,78,55,37,39,60,68,57,65,70,89,102
ENSMUSG00000021650,10,242,186,143,236,219,210,208,213,200,310,337
ENSMUSG00000063884,11,225,213,121,183,182,150,149,188,163,173,262
ENSMUSG00000021466,1,21,21,22,22,30,39,18,26,28,19,24
ENSMUSG00000028681,0,6,2,1,4,0,3,3,1,2,5,6
ENSMUSG00000041552,0,0,0,0,1,0,0,0,0,0,0,0
ENSMUSG00000039198,0,0,1,0,1,2,0,1,0,0,0,0
ENSMUSG00000042256,0,0,0,0,0,0,0,0,0,0,0,0
ENSMUSG00000036858,0,1,0,0,0,0,2,1,0,0,1,2
ENSMUSG00000021518,11,149,152,105,133,136,149,154,109,132,128,196
ENSMUSG00000025495,7,91,87,56,86,86,96,108,139,91,116,150
ENSMUSG00000013663,16,172,141,114,172,151,204,159,183,164,118,212
ENSMUSG00000026730,1,29,31,28,36,25,27,30,40,23,29,39
ENSMUSG00000071489,0,0,0,0,0,0,0,0,0,0,0,0
ENSMUSG00000034117,0,0,0,0,0,0,0,1,0,0,1,0
ENSMUSG00000015090,219,3690,3200,2169,3665,1911,6387,4441,4893,8354,8187,6613
ENSMUSG00000019464,1,2,3,1,3,0,2,4,3,2,0,3
ENSMUSG00000037759,1,1,1,0,1,1,2,2,2,0,0,1
ENSMUSG00000040016,0,0,0,2,0,0,0,0,0,0,0,0
ENSMUSG00000039942,2,21,12,12,16,15,12,21,18,10,12,43
ENSMUSG00000050737,0,2,1,1,4,5,5,2,2,4,6,2
ENSMUSG00000026820,13,275,228,202,206,197,207,220,177,252,250,314
ENSMUSG00000071072,22,160,159,83,183,184,207,165,156,110,123,240
ENSMUSG00000028036,3,3,2,2,3,5,4,9,10,11,7,11
ENSMUSG00000027864,3,79,46,38,46,72,54,59,68,39,49,85
ENSMUSG00000043017,1,4,6,6,7,9,10,4,13,10,4,14
ENSMUSG00000017969,11,52,49,51,50,64,58,81,58,61,38,115
ENSMUSG00000028378,0,10,6,2,6,3,11,5,1,8,5,19
ENSMUSG00000072946,22,571,530,371,516,491,433,468,519,450,544,697
ENSMUSG00000047250,9,17,17,16,16,27,27,24,27,37,22,31
ENSMUSG00000032487,2,2,1,2,4,1,3,4,6,5,1,7
ENSMUSG00000032492,7,40,29,17,20,29,33,41,46,50,40,63
ENSMUSG00000038300,0,0,1,0,0,0,0,1,0,0,0,1
ENSMUSG00000048776,0,1,0,1,2,1,0,2,0,1,3,0
ENSMUSG00000022607,10,78,64,47,70,70,57,54,50,56,61,67
ENSMUSG00000059456,1,13,13,6,16,10,18,36,27,18,22,37
ENSMUSG00000038751,0,0,0,0,0,2,0,1,0,0,1,0
ENSMUSG00000023972,2,6,9,5,4,2,8,7,6,5,11,16
ENSMUSG00000026238,53,434,381,286,423,411,374,536,489,400,514,807
ENSMUSG00000030122,108,592,501,385,563,529,542,649,563,430,603,993
ENSMUSG00000029838,0,5,1,3,1,7,1,4,6,6,4,7
ENSMUSG00000038502,37,666,606,512,601,638,591,645,679,820,782,975
ENSMUSG00000026064,11,180,168,142,222,218,390,357,357,260,259,368
ENSMUSG00000028788,52,635,620,478,564,580,583,564,550,547,563,856
ENSMUSG00000059895,136,1542,1552,1227,1446,1847,1668,1988,2545,2398,2008,2782
ENSMUSG00000039515,21,277,240,222,278,273,233,258,225,270,302,374
ENSMUSG00000038042,5,16,12,14,16,25,21,15,21,22,18,20
ENSMUSG00000063235,6,90,56,35,70,62,57,70,66,76,86,124
ENSMUSG00000027540,11,71,70,54,70,73,96,135,97,110,93,178
ENSMUSG00000043733,17,208,193,113,179,165,234,197,241,237,215,353
ENSMUSG00000028771,7,53,53,36,53,45,57,63,67,49,60,104
ENSMUSG00000034573,1,4,3,2,6,1,11,9,4,4,6,4
ENSMUSG00000026604,7,49,57,43,56,79,79,86,82,93,104,106
ENSMUSG00000026126,19,48,34,27,38,20,71,94,81,67,61,122
ENSMUSG00000024539,5,35,28,28,33,35,29,36,36,44,38,67
ENSMUSG00000021940,0,0,0,0,0,0,0,0,0,0,0,0
ENSMUSG00000021009,7,88,79,49,96,113,99,89,96,82,116,132
ENSMUSG00000027843,1,3,1,0,5,7,8,15,9,3,8,15
ENSMUSG00000036057,13,86,67,56,75,64,85,85,82,99,95,129
ENSMUSG00000038764,7,126,122,84,119,145,104,79,102,133,82,144
ENSMUSG00000026384,1,67,44,38,67,59,47,60,45,58,51,52
ENSMUSG00000004266,4,26,23,17,21,37,77,112,63,46,46,146
ENSMUSG00000031506,3,5,0,2,3,3,11,14,7,2,11,20
ENSMUSG00000032290,3,29,17,11,25,22,28,37,16,15,29,24
ENSMUSG00000027303,14,93,69,50,80,72,87,93,71,85,89,139
ENSMUSG00000020154,37,157,151,153,162,216,245,178,167,200,214,245
ENSMUSG00000026395,1,21,10,7,12,19,34,39,29,14,19,41
ENSMUSG00000045826,0,5,2,2,7,5,4,13,5,8,10,16
ENSMUSG00000028399,2,27,21,15,25,29,38,23,26,27,25,33
ENSMUSG00000041836,2,23,13,14,17,15,26,23,21,15,21,42
ENSMUSG00000033295,6,12,6,7,7,22,49,28,19,22,20,50
ENSMUSG00000035429,0,0,0,0,0,0,0,0,0,0,0,0
ENSMUSG00000025314,1,10,13,8,14,6,19,17,22,13,12,42
ENSMUSG00000019889,7,45,57,20,47,57,72,41,53,51,50,69
ENSMUSG00000033278,9,143,143,104,139,141,155,145,154,168,162,199
ENSMUSG00000026204,6,85,101,55,82,98,81,134,68,126,141,179
ENSMUSG00000056553,0,1,0,0,3,0,0,0,0,1,1,0
ENSMUSG00000030223,1,9,5,3,12,14,16,21,6,8,10,29
ENSMUSG00000020151,2,10,7,7,8,9,8,4,11,11,11,6
ENSMUSG00000013236,11,186,168,126,154,180,149,140,124,146,138,200
ENSMUSG00000053141,0,0,0,0,0,1,2,0,0,0,0,0
ENSMUSG00000028909,0,8,4,5,11,14,9,8,8,12,7,11
ENSMUSG00000097993,1,2,2,0,0,0,2,1,0,0,0,0
ENSMUSG00000068748,0,2,1,0,1,0,1,1,0,2,0,2
ENSMUSG00000053746,1,5,8,4,5,9,7,10,12,6,10,12
ENSMUSG00000072582,3,63,48,30,71,74,51,76,75,59,65,95
ENSMUSG00000032067,15,160,136,79,148,159,136,134,148,152,129,184
ENSMUSG00000020415,28,502,439,367,512,538,674,662,788,627,834,934
ENSMUSG00000009291,63,420,379,291,385,392,520,520,423,451,531,629
ENSMUSG00000027832,0,2,3,2,2,0,11,20,1,5,7,51
ENSMUSG00000044172,1,0,0,0,0,0,0,0,1,0,0,0
ENSMUSG00000048875,0,0,0,0,0,0,0,0,0,0,0,0
ENSMUSG00000002524,32,268,205,161,229,250,274,262,263,289,311,446
ENSMUSG00000028580,9,118,113,91,113,115,152,108,129,107,166,159
ENSMUSG00000020594,18,300,281,198,355,295,373,316,292,206,244,346
ENSMUSG00000041360,4,50,46,34,55,41,73,53,64,76,72,107
ENSMUSG00000043991,16,100,114,47,111,122,113,132,160,84,94,117
ENSMUSG00000049184,1,11,2,1,8,4,10,5,7,7,6,8
ENSMUSG00000029507,3,40,36,39,53,30,43,63,44,33,33,79
ENSMUSG00000020280,2,24,17,17,19,29,30,24,23,21,21,28
ENSMUSG00000032103,0,14,15,10,13,11,15,22,23,21,25,21
ENSMUSG00000057541,3,31,32,10,29,22,39,18,17,31,22,37
ENSMUSG00000033356,1,7,3,2,1,6,4,8,3,2,5,8
ENSMUSG00000051557,4,24,14,13,24,16,27,29,16,20,28,50
ENSMUSG00000005716,2,1,1,0,3,8,1,8,1,2,1,0
ENSMUSG00000040511,7,135,91,68,119,116,187,138,114,132,173,226
ENSMUSG00000109713,0,0,0,0,0,0,0,0,0,0,0,1
ENSMUSG00000001785,9,55,48,36,54,48,79,71,90,66,62,79
ENSMUSG00000032834,3,34,26,30,38,38,45,45,38,49,40,67
ENSMUSG00000044950,2,27,25,19,21,32,28,37,23,31,25,46
ENSMUSG00000060260,0,19,11,11,15,23,21,14,14,20,18,23
ENSMUSG00000021411,4,24,25,21,16,20,22,27,34,39,21,37
ENSMUSG00000020674,12,133,121,76,133,120,85,74,62,67,85,123
ENSMUSG00000033885,12,116,77,67,84,98,92,118,111,117,96,192
ENSMUSG00000029499,15,428,363,266,388,424,305,313,413,384,446,527
ENSMUSG00000000876,10,211,199,137,198,222,159,197,208,203,164,268
ENSMUSG00000029528,16,130,132,70,118,139,159,159,141,183,209,227
ENSMUSG00000043587,0,14,18,8,12,4,8,16,12,8,11,10
ENSMUSG00000030793,6,55,44,29,41,44,66,88,67,52,44,159
ENSMUSG00000025140,1,3,5,2,12,1,15,6,8,12,12,10
ENSMUSG00000026520,5,50,45,23,42,42,45,44,59,41,59,85
ENSMUSG00000022571,2,48,51,36,50,53,76,52,66,70,95,73
ENSMUSG00000033059,132,1988,2030,1554,2073,2311,2798,2684,2887,3046,2700,3321
ENSMUSG00000021069,1,20,21,10,9,10,16,18,15,18,9,20
ENSMUSG00000032648,80,1908,1776,1381,1840,1793,1710,1620,1876,1963,2069,2418
ENSMUSG00000034910,3,67,60,42,56,56,56,38,61,50,44,52
ENSMUSG00000047824,6,68,42,52,39,65,61,47,50,57,61,85
ENSMUSG00000064030,2,7,7,9,6,14,12,14,11,2,11,15
ENSMUSG00000041671,3,37,33,29,52,39,57,45,57,56,74,61
ENSMUSG00000060224,1,1,4,0,3,0,6,4,0,5,1,6
ENSMUSG00000017311,0,0,0,0,0,0,0,0,0,0,0,0
ENSMUSG00000030359,0,1,1,1,3,4,0,3,2,0,2,1
ENSMUSG00000032604,10,253,188,169,198,197,221,290,242,281,302,366
ENSMUSG00000015806,18,204,197,138,218,221,172,217,247,170,193,306
ENSMUSG00000062078,33,669,545,385,623,645,678,515,559,522,586,686
ENSMUSG00000024084,1,12,5,5,5,14,12,13,7,6,10,16
ENSMUSG00000030407,2,20,20,15,16,16,34,31,15,15,25,31
ENSMUSG00000030674,0,1,0,1,0,1,1,2,2,2,1,3
ENSMUSG00000043102,0,2,3,0,1,1,0,4,1,2,0,0
ENSMUSG00000058400,0,0,0,0,1,0,2,1,0,0,0,0
ENSMUSG00000070331,0,0,0,0,0,0,0,0,0,0,1,0
ENSMUSG00000019863,4,99,69,37,59,75,59,61,46,42,72,66
ENSMUSG00000074994,11,92,104,56,99,88,103,63,78,78,102,124
ENSMUSG00000033684,18,148,127,108,122,138,191,193,183,214,209,299
ENSMUSG00000036327,3,43,32,23,30,33,24,34,23,21,35,43
ENSMUSG00000002825,5,30,19,22,27,27,22,33,39,35,30,48
ENSMUSG00000022704,0,8,13,7,10,10,20,13,12,9,6,11
ENSMUSG00000034194,5,60,64,40,61,65,76,91,78,85,103,104
ENSMUSG00000025184,3,22,21,23,28,34,46,31,41,41,41,54
ENSMUSG00000056211,9,100,89,62,92,83,122,93,126,80,104,141
ENSMUSG00000025404,30,304,308,194,303,300,251,252,267,229,286,357
ENSMUSG00000035781,37,359,320,199,291,316,353,343,344,297,334,485
ENSMUSG00000020671,16,265,221,189,244,271,231,262,237,268,258,352
ENSMUSG00000077450,41,559,506,390,602,586,704,693,673,709,628,960
ENSMUSG00000031488,0,3,0,2,2,1,1,2,0,1,3,6
ENSMUSG00000040022,1,9,10,3,8,9,12,5,10,13,11,11
ENSMUSG00000037098,15,115,86,75,97,94,91,88,78,99,110,141
ENSMUSG00000017639,0,0,0,0,2,4,2,2,0,0,2,0
ENSMUSG00000051343,35,378,305,217,375,332,432,352,383,400,580,524
ENSMUSG00000023460,34,321,334,235,342,345,377,397,419,376,353,535
ENSMUSG00000027935,6,16,18,15,14,11,28,19,22,24,26,33
ENSMUSG00000026878,31,363,311,192,400,364,420,373,418,293,357,492
ENSMUSG00000021062,1,0,2,0,2,1,4,0,3,4,5,3
ENSMUSG00000026304,0,12,8,5,10,12,4,5,5,2,8,5
ENSMUSG00000073639,11,190,209,149,195,210,253,210,217,210,203,319
ENSMUSG00000029923,0,1,0,1,0,2,1,7,4,0,4,2
ENSMUSG00000020149,17,396,368,238,330,320,331,386,329,314,361,534
ENSMUSG00000024870,40,625,565,435,557,620,615,612,645,743,858,979
ENSMUSG00000031504,6,88,72,60,91,96,91,121,126,114,123,210
ENSMUSG00000020132,21,362,347,223,319,341,347,303,319,306,323,495
ENSMUSG00000027519,17,221,187,125,185,203,211,200,174,202,257,297
ENSMUSG00000004768,2,13,19,8,26,22,28,12,13,21,20,33
ENSMUSG00000034789,12,162,153,129,145,143,162,143,160,159,182,233
ENSMUSG00000008601,0,1,0,0,0,0,1,0,0,0,1,1
ENSMUSG00000032202,1,7,4,2,6,7,10,9,13,18,4,27
ENSMUSG00000024511,2,3,2,1,3,3,2,3,1,3,0,2
ENSMUSG00000029128,15,192,175,129,241,210,202,172,176,171,158,266
ENSMUSG00000026433,0,27,22,11,26,24,34,35,29,29,45,85
ENSMUSG00000047187,33,465,442,355,433,450,504,497,531,528,561,697
ENSMUSG00000022159,4,16,12,8,15,13,18,16,16,25,18,23
ENSMUSG00000030643,1,18,8,10,19,14,13,17,23,23,15,19
ENSMUSG00000056515,5,47,26,19,24,25,36,30,22,22,29,51
ENSMUSG00000019832,2,3,4,3,3,1,17,10,6,9,8,25
ENSMUSG00000031104,0,0,1,0,1,0,1,0,0,0,0,1
ENSMUSG00000027739,1,51,34,21,39,35,56,34,41,49,67,65
ENSMUSG00000002059,8,24,33,30,35,35,52,44,58,56,60,74
ENSMUSG00000020175,0,4,3,5,3,4,1,1,4,4,2,3
ENSMUSG00000020732,1,9,7,0,9,4,6,7,7,2,6,2
ENSMUSG00000030559,0,0,0,0,0,0,0,0,0,0,1,0
ENSMUSG00000055069,1,0,0,0,0,0,0,3,0,0,0,1
ENSMUSG00000031202,0,1,0,0,0,0,0,0,0,0,0,0
ENSMUSG00000031840,9,114,110,75,98,109,70,98,92,88,107,114
ENSMUSG00000003411,0,4,0,1,1,6,3,4,4,5,0,2
ENSMUSG00000021700,0,0,0,0,0,0,1,0,0,0,0,0
ENSMUSG00000019066,5,37,56,44,62,47,75,63,77,94,71,109
ENSMUSG00000036104,7,101,94,65,105,103,111,85,108,78,96,131
ENSMUSG00000039318,2,60,53,31,60,56,71,50,64,35,52,83
ENSMUSG00000024663,4,28,23,15,24,18,34,34,21,16,29,51
ENSMUSG00000064181,18,299,233,177,218,253,277,276,288,283,266,389
ENSMUSG00000025170,1,11,11,10,4,9,6,13,10,5,7,11
ENSMUSG00000025730,4,49,52,47,47,60,46,55,61,45,69,54
ENSMUSG00000089687,0,1,1,1,4,2,0,0,1,1,0,1
ENSMUSG00000030055,3,5,12,6,20,10,13,19,11,3,9,13
ENSMUSG00000064147,0,0,0,1,0,0,0,0,0,1,0,1
ENSMUSG00000019478,3,31,28,6,34,18,18,26,31,36,50,70
ENSMUSG00000053291,1,0,0,0,0,0,0,0,0,0,0,0
ENSMUSG00000017831,4,76,79,58,94,80,79,76,79,85,90,105
ENSMUSG00000000711,15,150,169,111,129,158,147,173,182,160,170,217
ENSMUSG00000019173,14,114,85,58,97,105,136,150,127,83,94,231
ENSMUSG00000030704,24,219,201,157,233,228,246,224,245,102,128,363
ENSMUSG00000032549,6,46,39,34,47,51,38,53,49,65,68,67
ENSMUSG00000079477,60,954,832,637,736,809,853,872,794,1055,935,1326
ENSMUSG00000052688,2,18,29,13,32,23,61,67,29,30,31,81
ENSMUSG00000003037,10,92,90,55,89,88,166,147,171,133,175,220
ENSMUSG00000036943,5,28,34,15,29,20,44,67,34,25,32,63
ENSMUSG00000079316,4,90,88,45,82,73,83,76,81,77,79,127
ENSMUSG00000043463,0,1,0,1,1,0,1,0,2,0,0,0
ENSMUSG00000003380,107,1174,1139,915,1183,1289,1577,1666,1686,1990,2167,2537
ENSMUSG00000020817,11,102,93,64,92,120,138,79,120,105,132,134
ENSMUSG00000030727,3,30,35,25,29,28,27,38,43,46,43,62
ENSMUSG00000070953,4,32,32,20,43,39,35,35,41,30,47,68
ENSMUSG00000035437,6,75,83,69,97,105,111,92,85,92,111,114
ENSMUSG00000026721,9,120,89,65,116,111,104,94,114,104,87,149
ENSMUSG00000025340,4,50,46,30,47,47,69,48,59,40,49,52
ENSMUSG00000040472,4,56,70,28,60,57,57,65,58,63,67,100
ENSMUSG00000042229,0,49,34,27,43,35,52,62,43,40,55,76
ENSMUSG00000022621,1,8,10,8,8,11,14,9,6,18,13,15
ENSMUSG00000022827,1,29,23,21,25,31,31,20,36,24,31,30
ENSMUSG00000015087,17,223,217,127,207,190,169,190,212,220,241,288
ENSMUSG00000001847,51,480,405,317,472,482,551,614,563,557,576,845
ENSMUSG00000033220,7,29,27,11,15,17,80,143,75,46,66,169
ENSMUSG00000018012,1,9,7,11,3,6,9,10,3,8,9,11
ENSMUSG00000023015,1,19,7,5,10,8,12,15,14,8,5,25
ENSMUSG00000020372,130,1349,1140,895,1205,1298,1523,1863,1551,1524,1966,2742
ENSMUSG00000022248,1,24,15,9,25,20,18,19,18,16,23,22
ENSMUSG00000021635,3,60,43,23,33,42,33,43,49,37,42,68
ENSMUSG00000030254,0,5,1,1,2,2,4,4,6,2,3,5
ENSMUSG00000022314,21,137,154,95,158,162,155,177,182,173,170,229
ENSMUSG00000003813,42,411,372,286,369,390,472,461,460,558,566,711
ENSMUSG00000028426,21,385,269,209,309,333,374,378,362,377,344,568
ENSMUSG00000020380,2,20,16,11,15,18,33,27,22,20,24,33
ENSMUSG00000027323,0,3,2,0,5,4,2,2,2,3,4,4
ENSMUSG00000030346,0,4,3,2,0,3,0,5,1,1,2,2
ENSMUSG00000059060,0,3,2,0,1,3,2,2,4,2,3,13
ENSMUSG00000007646,0,1,4,0,2,1,1,1,2,1,1,1
ENSMUSG00000018841,4,40,34,26,36,27,23,35,31,44,36,65
ENSMUSG00000030166,5,30,22,18,26,18,25,22,24,21,27,46
ENSMUSG00000028702,2,8,5,5,5,7,6,7,4,9,3,13
ENSMUSG00000040661,1,25,26,18,20,31,32,29,22,27,37,53
ENSMUSG00000024824,1,7,11,6,12,14,12,20,14,15,9,19
ENSMUSG00000038569,1,11,4,3,11,10,7,7,10,13,7,14
ENSMUSG00000029576,0,2,6,6,3,3,4,3,2,1,1,3
ENSMUSG00000027509,10,96,67,28,80,70,91,85,92,78,86,122
ENSMUSG00000078452,0,0,0,0,0,0,0,1,0,0,0,0
ENSMUSG00000000441,10,170,174,108,208,177,174,193,189,148,171,256
ENSMUSG00000061311,0,1,0,0,0,0,0,0,0,0,0,0
ENSMUSG00000062115,4,54,42,42,60,57,41,66,60,79,75,77
ENSMUSG00000022246,5,9,4,11,4,6,12,14,8,15,10,24
ENSMUSG00000043518,7,121,117,58,101,85,106,89,106,115,128,180
ENSMUSG00000008859,23,227,195,124,160,177,231,234,204,218,279,340
ENSMUSG00000004451,8,113,103,52,80,95,112,110,103,89,94,186
ENSMUSG00000024096,19,86,91,54,95,100,123,122,124,100,121,139
ENSMUSG00000021027,12,161,149,86,144,133,120,112,129,143,123,157
ENSMUSG00000037110,11,157,154,86,155,144,144,101,105,133,155,156
ENSMUSG00000027652,2,103,84,47,87,72,67,69,68,82,75,122
ENSMUSG00000026821,3,26,27,25,30,23,32,27,19,21,43,45
ENSMUSG00000038831,2,20,11,14,24,17,32,25,21,14,22,24
ENSMUSG00000026594,2,20,21,22,15,17,23,18,15,10,17,27
ENSMUSG00000027593,16,84,55,51,93,105,119,86,136,29,30,98
ENSMUSG00000034353,9,76,89,49,72,106,59,88,105,86,83,77
ENSMUSG00000001240,51,197,210,183,207,218,283,249,388,350,245,454
ENSMUSG00000041046,4,27,13,12,12,14,15,11,15,19,27,29
ENSMUSG00000029430,21,270,238,159,243,259,295,298,294,260,333,514
ENSMUSG00000005732,4,43,41,23,31,40,38,49,47,41,52,90
ENSMUSG00000037415,5,77,70,53,63,83,88,78,81,93,117,115
ENSMUSG00000040594,1,1,0,2,1,2,0,2,1,0,0,2
ENSMUSG00000003226,1,60,62,31,48,70,60,76,71,59,54,85
ENSMUSG00000002372,11,107,101,79,112,100,134,150,152,121,164,189
ENSMUSG00000074909,2,25,23,22,33,28,29,25,26,15,25,31
ENSMUSG00000038546,8,104,72,73,80,87,123,106,155,106,136,144
ENSMUSG00000022391,6,93,81,76,66,87,102,103,82,102,135,148
ENSMUSG00000032892,7,142,128,86,104,113,117,110,121,131,164,182
ENSMUSG00000068798,12,184,168,101,169,171,203,226,180,185,185,266
ENSMUSG00000052681,29,226,201,124,179,230,306,314,231,187,200,437
ENSMUSG00000041351,2,45,54,27,53,49,52,48,56,55,57,59
ENSMUSG00000038807,9,147,139,60,109,130,107,93,81,132,136,119
ENSMUSG00000028149,6,98,92,81,92,80,89,92,94,105,87,135
ENSMUSG00000051615,4,26,35,22,34,32,36,39,38,27,34,55
ENSMUSG00000036894,5,16,21,13,14,17,25,36,22,12,18,44
ENSMUSG00000050029,6,84,64,42,80,56,78,71,63,49,50,98
ENSMUSG00000039844,59,382,334,254,361,357,445,343,364,481,417,513
ENSMUSG00000062232,6,46,54,37,54,50,56,53,66,53,44,83
ENSMUSG00000022469,9,37,47,37,38,24,55,54,51,65,51,59
ENSMUSG00000049044,5,58,61,40,61,50,69,78,74,54,75,84
ENSMUSG00000041992,4,48,59,56,56,56,58,64,69,82,45,88
ENSMUSG00000037533,8,40,45,24,37,51,64,55,55,42,50,65
ENSMUSG00000038020,0,5,3,9,4,4,3,5,4,3,5,3
ENSMUSG00000026014,21,244,258,190,300,377,406,345,343,285,210,477
ENSMUSG00000002104,0,30,19,15,21,29,35,38,38,26,35,57
ENSMUSG00000037992,9,48,50,35,45,54,51,48,56,54,73,102
ENSMUSG00000017491,2,27,21,22,27,23,28,23,21,19,26,40
ENSMUSG00000001288,8,38,56,27,52,48,47,39,55,27,46,53
ENSMUSG00000049404,0,1,1,2,2,0,1,1,0,0,3,3
ENSMUSG00000009281,7,195,165,137,156,144,221,248,192,249,262,430
ENSMUSG00000018848,11,116,105,70,97,87,106,115,100,134,139,204
ENSMUSG00000028292,1,55,40,39,46,44,45,43,51,59,49,71
ENSMUSG00000021549,10,70,84,34,72,60,89,67,60,51,48,85
ENSMUSG00000032413,2,8,10,9,14,11,19,15,12,7,12,13
ENSMUSG00000031453,5,45,34,25,34,40,70,61,56,52,61,95
ENSMUSG00000004952,20,42,30,15,30,31,65,61,40,48,58,131
ENSMUSG00000029602,0,0,0,0,0,0,0,0,0,0,0,0
ENSMUSG00000070565,7,52,47,42,52,59,76,55,61,78,51,102
ENSMUSG00000052142,1,1,2,1,1,1,3,9,7,2,6,17
ENSMUSG00000049892,1,28,9,19,41,23,12,24,21,21,15,30
ENSMUSG00000034472,5,12,29,19,27,22,24,30,46,33,23,32
ENSMUSG00000043003,0,1,2,1,3,0,6,1,2,3,1,3
ENSMUSG00000030134,0,3,1,0,1,3,2,0,5,1,1,5
ENSMUSG00000089809,5,26,36,19,32,30,64,72,76,58,39,99
ENSMUSG00000020374,0,0,0,1,0,3,2,2,3,5,5,6
ENSMUSG00000032356,0,0,1,1,0,0,0,0,0,0,0,0
ENSMUSG00000021708,7,31,27,10,28,30,26,16,23,30,35,41
ENSMUSG00000027347,0,1,1,3,3,0,3,4,6,1,2,4
ENSMUSG00000032946,15,45,46,34,37,43,28,38,46,43,42,70
ENSMUSG00000071042,13,79,65,34,63,71,67,53,42,70,72,77
ENSMUSG00000030589,0,6,2,4,8,9,10,22,9,14,11,22
ENSMUSG00000044562,51,149,134,89,125,142,160,145,137,123,168,207
ENSMUSG00000034209,1,12,10,9,7,5,4,8,4,12,3,12
ENSMUSG00000020684,10,271,227,170,210,200,216,205,191,262,211,354
ENSMUSG00000029641,1,1,0,0,7,4,6,1,3,6,9,3
ENSMUSG00000049907,5,113,106,71,100,96,105,97,112,100,138,171
ENSMUSG00000041696,5,49,31,27,28,26,33,30,37,43,59,64
ENSMUSG00000083649,0,11,6,10,17,9,10,14,16,11,9,10
ENSMUSG00000010067,21,71,64,39,58,70,66,68,86,54,76,88
ENSMUSG00000098132,1,4,7,3,6,3,7,4,4,5,5,1
ENSMUSG00000027339,2,15,14,10,10,8,24,28,12,14,17,30
ENSMUSG00000025795,14,310,282,210,304,322,297,231,252,211,296,341
ENSMUSG00000042129,6,34,25,20,33,21,57,54,43,61,41,68
ENSMUSG00000026430,0,6,3,3,5,4,13,24,6,10,11,23
ENSMUSG00000029370,0,1,0,0,0,1,1,0,0,0,0,0
ENSMUSG00000038618,0,4,3,5,6,4,2,16,4,6,9,5
ENSMUSG00000030259,7,82,80,49,89,79,76,94,89,72,107,101
ENSMUSG00000044921,1,26,19,8,24,18,33,25,28,35,45,35
ENSMUSG00000035275,3,35,36,19,32,27,31,32,46,41,37,34
ENSMUSG00000024518,0,0,0,0,1,0,0,1,0,0,0,1
ENSMUSG00000022105,1,52,46,24,41,38,53,40,39,28,34,62
ENSMUSG00000025907,5,129,113,80,101,110,155,102,173,140,110,164
ENSMUSG00000061898,1,11,11,10,6,11,17,10,8,8,17,18
ENSMUSG00000104529,0,0,0,0,0,0,0,0,0,0,0,0
ENSMUSG00000057236,17,187,130,100,143,176,186,180,229,152,94,231
ENSMUSG00000026439,5,51,29,31,38,23,36,24,32,19,35,58
ENSMUSG00000030779,36,84,96,77,115,132,115,128,124,98,117,144
ENSMUSG00000031353,22,349,327,216,296,295,297,361,335,315,326,498
ENSMUSG00000041238,0,10,15,4,5,10,9,9,13,9,11,21
ENSMUSG00000038980,0,0,0,0,0,0,0,0,0,0,0,0
ENSMUSG00000027428,2,23,36,25,28,25,33,24,25,24,31,49
ENSMUSG00000027466,39,101,105,115,127,124,126,154,111,129,151,202
ENSMUSG00000024570,10,245,213,165,229,211,211,246,238,257,247,331
ENSMUSG00000008658,10,126,132,121,150,162,131,127,177,144,132,195
ENSMUSG00000033565,19,212,177,148,192,185,202,196,208,231,254,304
ENSMUSG00000025576,0,0,0,0,0,0,0,0,0,0,0,0
ENSMUSG00000029136,0,12,9,8,3,7,12,16,11,18,21,21
ENSMUSG00000027641,0,4,8,4,4,7,12,8,9,7,9,7
ENSMUSG00000031666,0,93,90,63,112,91,114,81,117,107,94,124
ENSMUSG00000031060,12,73,61,59,57,71,77,53,76,79,85,99
ENSMUSG00000032940,0,0,0,0,0,0,0,0,2,0,0,1
ENSMUSG00000046667,2,11,13,3,9,13,6,11,11,6,8,14
ENSMUSG00000052137,0,10,13,5,7,9,8,10,10,7,6,19
ENSMUSG00000006456,3,25,32,20,32,29,32,31,29,31,37,54
ENSMUSG00000048109,2,37,27,22,44,29,41,45,46,22,36,37
ENSMUSG00000074102,5,27,22,17,22,36,38,27,23,26,40,32
ENSMUSG00000037197,10,73,68,44,99,88,83,91,111,71,97,129
ENSMUSG00000026889,14,95,107,76,106,102,100,111,123,103,99,163
ENSMUSG00000029594,7,43,43,31,37,46,45,52,42,53,58,71
ENSMUSG00000043639,19,329,275,240,255,324,353,270,335,312,397,422
ENSMUSG00000024604,2,45,55,34,56,50,61,45,48,50,54,75
ENSMUSG00000038132,17,400,389,321,405,486,508,466,452,379,380,550
ENSMUSG00000010608,77,132,120,70,159,130,163,132,134,93,127,128
ENSMUSG00000029701,9,37,47,23,45,48,43,45,34,58,44,72
ENSMUSG00000048271,3,90,56,51,77,88,79,59,86,65,78,99
ENSMUSG00000033931,0,9,13,11,13,11,18,27,25,14,19,20
ENSMUSG00000027510,24,384,418,297,361,441,407,398,530,580,570,765
ENSMUSG00000027620,75,346,297,198,300,345,356,377,405,332,361,499
ENSMUSG00000094936,0,12,6,6,8,10,4,7,6,9,2,9
ENSMUSG00000031433,0,0,0,1,0,0,0,2,1,1,0,1
ENSMUSG00000036733,0,0,0,0,0,0,0,0,0,0,0,0
ENSMUSG00000036249,3,8,17,10,13,14,16,38,22,22,23,62
ENSMUSG00000070732,0,0,0,1,0,0,0,0,0,0,0,0
ENSMUSG00000042369,5,13,12,11,9,16,13,16,14,14,7,16
ENSMUSG00000033882,0,0,0,1,0,0,0,0,0,0,0,0
ENSMUSG00000070780,0,4,2,1,5,1,7,4,2,3,3,11
ENSMUSG00000040302,1,17,16,8,19,23,21,11,20,19,26,32
ENSMUSG00000033760,7,41,33,30,34,39,47,38,43,33,44,54
ENSMUSG00000032580,31,165,149,110,142,175,185,186,152,169,177,231
ENSMUSG00000032582,8,49,54,26,77,59,51,74,60,55,76,92
ENSMUSG00000042396,7,74,52,39,56,82,85,90,72,76,75,95
ENSMUSG00000038374,23,159,183,103,169,163,196,194,184,176,180,259
ENSMUSG00000078184,1,19,23,24,17,22,37,35,23,30,31,42
ENSMUSG00000026970,42,294,251,157,307,302,310,391,297,222,293,450
ENSMUSG00000040043,10,102,106,60,92,92,92,112,109,130,120,184
ENSMUSG00000039607,2,34,24,14,37,24,40,33,29,14,22,30
ENSMUSG00000031134,6,81,55,50,75,78,82,84,98,87,89,128
ENSMUSG00000031107,1,12,11,3,16,12,14,14,16,12,18,22
ENSMUSG00000037070,5,33,39,28,29,44,26,39,33,29,36,67
ENSMUSG00000073894,0,0,0,0,0,0,0,0,0,0,0,0
ENSMUSG00000046402,10,65,50,42,48,68,56,109,56,65,92,152
ENSMUSG00000032454,0,0,0,0,0,0,0,1,0,0,0,0
ENSMUSG00000024990,0,1,2,0,1,0,0,0,0,4,2,1
ENSMUSG00000028996,19,88,66,42,84,83,68,97,120,119,57,116
ENSMUSG00000039191,10,63,75,42,86,67,109,84,76,77,92,114
ENSMUSG00000031586,40,608,551,408,596,664,736,852,797,749,737,1074
ENSMUSG00000032387,7,214,133,126,171,148,159,135,190,160,174,237
ENSMUSG00000014550,5,46,38,30,47,46,42,43,40,37,35,67
ENSMUSG00000022400,19,350,312,234,320,371,439,471,521,453,588,686
ENSMUSG00000040423,11,69,86,38,82,78,82,82,81,92,73,109
ENSMUSG00000075376,7,99,91,63,82,86,117,91,85,86,64,129
ENSMUSG00000022951,19,225,182,103,215,208,354,270,237,196,329,422
ENSMUSG00000039601,68,1377,1234,1048,1205,1332,1324,1322,1230,1410,1311,2002
ENSMUSG00000059713,4,28,20,24,23,17,33,15,16,26,27,28
ENSMUSG00000035469,1,38,41,26,34,35,38,50,27,44,44,63
ENSMUSG00000022106,5,75,64,27,65,65,64,92,66,79,69,93
ENSMUSG00000061979,8,88,79,62,85,83,81,91,86,86,116,136
ENSMUSG00000040945,2,39,19,17,27,31,36,28,26,24,31,54
ENSMUSG00000038930,1,8,5,9,10,15,13,13,9,8,15,16
ENSMUSG00000024889,2,33,26,19,24,33,31,25,26,26,31,63
ENSMUSG00000029397,7,96,110,73,94,110,124,108,127,81,112,161
ENSMUSG00000024785,2,19,13,13,18,15,25,11,11,12,26,26
ENSMUSG00000005973,9,81,55,46,79,81,104,125,96,88,81,151
ENSMUSG00000032320,4,86,67,49,82,72,86,69,81,75,74,115
ENSMUSG00000019539,7,78,66,69,99,94,80,90,74,82,100,185
ENSMUSG00000037896,0,32,42,30,47,43,54,33,40,52,44,51
ENSMUSG00000024968,1,21,20,15,19,18,15,10,10,16,25,23
ENSMUSG00000037395,3,46,36,25,44,52,55,40,35,41,47,61
ENSMUSG00000040723,35,325,302,249,323,358,315,326,341,355,351,509
ENSMUSG00000020907,0,0,0,0,0,0,0,0,0,0,0,1
ENSMUSG00000049353,0,1,0,1,1,0,0,2,1,0,2,1
ENSMUSG00000091402,0,0,0,0,0,0,0,0,0,0,0,0
ENSMUSG00000089789,0,0,0,0,0,0,1,0,0,0,0,0
ENSMUSG00000025921,3,22,11,12,21,9,27,16,21,12,18,35
ENSMUSG00000066441,0,12,8,11,10,5,27,17,12,10,13,17
ENSMUSG00000021123,0,0,0,1,0,0,1,0,5,0,1,2
ENSMUSG00000008435,8,72,76,53,81,76,66,60,66,57,65,103
ENSMUSG00000020621,11,174,157,135,144,151,136,160,156,158,158,216
ENSMUSG00000069456,0,0,0,0,0,0,0,0,0,0,0,0
ENSMUSG00000074639,0,0,0,0,0,0,0,0,0,0,0,0
ENSMUSG00000010362,11,179,135,128,180,174,150,184,197,230,240,284
ENSMUSG00000032050,68,279,281,186,285,335,355,297,319,356,339,378
ENSMUSG00000074269,2,4,2,0,5,5,2,3,2,1,3,2
ENSMUSG00000002324,3,0,1,1,0,1,1,1,1,1,3,1
ENSMUSG00000028476,1,10,7,11,9,10,9,12,10,20,12,13
ENSMUSG00000030243,1,14,15,8,16,19,23,20,25,23,17,33
ENSMUSG00000033762,1,2,1,0,3,4,6,1,0,2,3,3
ENSMUSG00000020752,3,26,25,16,24,24,26,29,30,31,36,52
ENSMUSG00000052852,3,47,44,29,43,51,27,42,38,31,33,38
ENSMUSG00000038555,0,8,4,3,5,3,7,4,1,4,5,1
ENSMUSG00000019873,16,135,125,81,126,131,157,140,141,123,146,202
ENSMUSG00000033589,1,10,9,5,5,12,19,14,11,16,14,20
ENSMUSG00000005873,66,1376,1307,919,1230,1218,1006,1216,1196,1311,1521,2004
ENSMUSG00000035504,2,17,21,9,16,18,25,21,17,31,26,30
ENSMUSG00000059654,0,0,0,0,0,0,0,0,0,0,2,1
ENSMUSG00000071356,0,0,0,0,0,0,1,0,0,0,0,0
ENSMUSG00000068341,0,0,0,0,0,0,0,0,0,0,0,0
ENSMUSG00000030017,0,0,0,0,0,1,0,1,0,0,0,3
ENSMUSG00000020275,1,26,22,10,27,26,32,27,16,19,26,19
ENSMUSG00000024927,18,141,122,74,132,117,132,181,120,152,177,226
ENSMUSG00000002983,2,50,26,15,37,35,43,55,35,36,57,67
ENSMUSG00000047881,6,27,37,17,26,28,46,19,23,36,23,49
ENSMUSG00000044024,0,0,0,0,0,0,3,2,0,0,1,0
ENSMUSG00000042453,1,10,4,14,14,15,16,12,16,21,25,22
ENSMUSG00000008318,1,14,5,6,10,9,2,3,8,7,9,13
ENSMUSG00000000359,1,7,8,4,9,5,10,15,14,9,20,27
ENSMUSG00000022176,0,0,0,1,0,0,0,0,0,0,0,0
ENSMUSG00000031387,2,14,14,2,26,13,34,33,25,16,28,48
ENSMUSG00000040121,0,1,0,0,1,3,0,0,1,1,1,1
ENSMUSG00000052751,5,76,50,42,63,68,68,55,66,48,64,91
ENSMUSG00000019854,6,49,57,36,49,59,65,57,63,58,69,81
ENSMUSG00000040855,0,5,5,4,4,4,6,9,4,5,11,3
ENSMUSG00000029048,28,332,294,238,348,335,313,398,358,355,401,596
ENSMUSG00000039852,8,99,92,72,95,98,150,98,136,120,105,173
ENSMUSG00000030222,1,10,6,3,10,5,5,5,11,10,13,10
ENSMUSG00000092164,0,0,0,0,0,0,0,0,0,0,0,0
ENSMUSG00000029249,3,31,36,18,36,36,33,30,27,35,25,50
ENSMUSG00000030110,1,10,15,7,12,6,2,6,1,5,4,9
ENSMUSG00000012705,0,0,4,0,1,1,1,0,0,1,0,1
ENSMUSG00000061100,1,41,25,15,32,16,6,13,4,15,11,12
ENSMUSG00000022651,0,3,0,1,2,1,2,11,10,6,7,5
ENSMUSG00000022270,66,761,787,474,794,849,1385,1111,1577,1122,1272,1224
ENSMUSG00000049339,7,75,76,56,64,94,122,97,91,115,80,153
ENSMUSG00000017802,12,75,68,48,69,72,91,89,99,73,58,105
ENSMUSG00000056666,14,233,221,173,251,211,275,258,338,287,245,357
ENSMUSG00000026082,2,31,28,23,24,36,30,35,36,38,30,45
ENSMUSG00000019841,1,21,23,8,13,19,18,22,20,34,20,16
ENSMUSG00000067919,0,0,0,0,0,0,0,0,0,0,0,0
ENSMUSG00000047417,14,49,31,16,47,44,59,56,28,37,53,78
ENSMUSG00000032026,23,227,199,147,213,186,227,257,186,242,271,365
ENSMUSG00000052406,4,37,23,17,46,37,38,41,36,33,40,50
ENSMUSG00000030924,2,8,9,7,4,3,6,10,9,11,4,12
ENSMUSG00000029191,7,102,92,71,93,127,123,116,128,126,148,177
ENSMUSG00000023104,8,46,40,39,44,52,64,68,69,69,66,108
ENSMUSG00000033970,0,24,21,8,24,13,19,18,18,17,29,32
ENSMUSG00000022881,3,32,20,16,24,18,22,38,21,33,38,42
ENSMUSG00000029363,1,15,11,9,19,22,21,25,19,20,27,35
ENSMUSG00000043190,1,37,39,26,32,34,32,44,46,48,45,66
ENSMUSG00000020696,2,6,3,5,18,10,7,9,9,5,8,3
ENSMUSG00000024712,10,192,207,128,215,204,199,207,216,212,222,324
ENSMUSG00000037962,0,1,0,0,0,0,1,1,0,0,0,1
ENSMUSG00000020846,11,157,89,56,117,75,83,59,71,81,87,64
ENSMUSG00000025158,8,84,65,50,66,60,63,56,61,84,82,101
ENSMUSG00000035191,0,0,0,0,0,1,0,0,1,0,0,0
ENSMUSG00000052395,2,22,14,9,27,20,18,24,21,18,13,30
ENSMUSG00000039316,13,137,121,76,151,148,158,154,133,140,144,224
ENSMUSG00000025978,0,22,20,8,25,27,20,15,28,18,22,28
ENSMUSG00000040782,8,238,203,157,183,182,217,208,164,219,219,277
ENSMUSG00000033596,5,52,44,29,36,53,42,36,42,48,45,68
ENSMUSG00000031706,4,21,37,29,30,30,47,33,62,40,40,63
ENSMUSG00000024206,0,4,3,7,3,6,3,9,6,10,14,11
ENSMUSG00000040929,0,7,4,2,5,5,5,7,4,7,3,2
ENSMUSG00000020037,0,0,0,0,0,0,0,1,0,0,0,0
ENSMUSG00000005774,1,8,20,14,15,22,16,15,15,19,29,37
ENSMUSG00000037674,1,19,21,13,16,22,26,18,25,20,28,20
ENSMUSG00000057173,0,1,0,3,2,1,2,2,1,0,0,2
ENSMUSG00000036120,5,72,58,38,76,60,68,70,86,78,84,106
ENSMUSG00000036615,4,56,60,37,42,64,40,58,54,83,80,86
ENSMUSG00000049191,0,9,7,4,6,5,3,7,10,4,6,7
ENSMUSG00000022018,39,178,128,119,193,193,172,243,274,321,202,343
ENSMUSG00000026482,10,90,59,44,62,63,67,90,54,56,91,123
ENSMUSG00000041354,38,137,121,81,121,136,112,116,130,154,124,170
ENSMUSG00000040146,5,34,26,22,32,29,49,31,43,37,41,42
ENSMUSG00000070509,3,75,70,54,88,69,73,61,53,53,49,111
ENSMUSG00000048027,0,10,9,14,13,15,14,19,17,16,26,26
ENSMUSG00000023070,0,1,1,0,0,2,1,1,1,1,3,5
ENSMUSG00000028468,13,89,96,73,87,84,89,85,94,116,105,137
ENSMUSG00000026358,0,2,1,0,0,1,3,10,5,4,1,7
ENSMUSG00000030844,9,33,23,19,19,18,47,69,58,44,52,67
ENSMUSG00000024186,0,0,0,0,0,0,0,2,2,0,1,1
ENSMUSG00000029101,8,65,53,28,73,48,62,43,57,60,51,59
ENSMUSG00000051079,0,0,0,0,0,0,0,0,0,0,0,0
ENSMUSG00000052087,0,1,4,1,2,1,4,6,5,3,7,8
ENSMUSG00000026475,0,3,5,0,5,0,3,5,4,2,6,8
ENSMUSG00000019775,0,5,8,2,7,11,6,5,12,5,8,11
ENSMUSG00000026357,2,0,3,2,0,0,6,2,1,2,0,3
ENSMUSG00000002458,3,24,27,17,22,20,43,34,25,21,29,58
ENSMUSG00000026360,10,86,84,113,218,233,189,165,153,121,212,162
ENSMUSG00000002459,0,1,0,0,0,1,1,0,0,1,1,2
ENSMUSG00000098509,0,0,0,0,0,0,0,0,0,0,1,0
ENSMUSG00000037627,0,0,0,0,1,1,0,0,0,0,0,1
ENSMUSG00000059810,6,68,49,41,88,70,90,61,61,73,110,125
ENSMUSG00000038530,3,27,37,23,42,38,53,34,37,28,35,54
ENSMUSG00000026678,59,1188,1074,732,1209,1045,1159,895,1195,1166,1162,1310
ENSMUSG00000021219,4,50,35,35,34,56,31,31,40,47,52,67
ENSMUSG00000026527,0,3,2,0,2,3,1,1,2,3,1,5
ENSMUSG00000021719,4,34,15,13,15,15,16,16,16,14,21,7
ENSMUSG00000042671,0,0,0,1,0,0,0,0,0,0,0,0
ENSMUSG00000020599,0,1,0,1,0,0,0,0,0,1,0,0
ENSMUSG00000056043,0,1,0,0,0,0,0,0,0,0,0,0
ENSMUSG00000042641,0,0,0,0,1,0,0,0,0,0,0,1
ENSMUSG00000023926,1,0,0,0,0,0,0,0,0,0,0,0
ENSMUSG00000026142,1,18,19,17,28,25,23,28,19,19,21,34
ENSMUSG00000039917,4,73,53,54,68,74,87,89,66,98,89,103
ENSMUSG00000034175,6,75,88,65,87,88,85,90,78,75,87,114
ENSMUSG00000020282,13,87,93,77,109,112,126,106,94,135,121,188
ENSMUSG00000020806,3,21,16,8,21,15,28,33,23,16,25,35
ENSMUSG00000043333,0,0,0,0,0,0,0,0,0,0,0,0
ENSMUSG00000017692,1,16,17,14,24,19,27,28,20,23,20,25
ENSMUSG00000104445,0,0,0,0,0,0,0,0,0,0,0,0
ENSMUSG00000030549,0,0,0,0,0,0,0,0,0,0,0,0
ENSMUSG00000028825,3,44,59,24,50,44,54,42,58,65,59,76
ENSMUSG00000028945,22,278,259,155,294,296,291,336,349,278,304,434
ENSMUSG00000023755,1,9,8,8,8,8,9,10,16,19,7,22
ENSMUSG00000048668,4,28,30,18,33,30,25,27,17,36,14,41
ENSMUSG00000030324,0,1,1,0,0,2,0,0,0,0,0,1
ENSMUSG00000007815,61,567,490,368,544,602,689,719,624,503,592,1061
ENSMUSG00000054364,57,443,331,333,452,452,410,436,452,440,391,611
ENSMUSG00000019944,13,112,214,230,161,288,254,298,413,350,166,517
ENSMUSG00000022075,4,68,82,44,80,83,114,71,75,73,126,146
ENSMUSG00000021589,0,28,14,19,20,23,30,12,16,19,17,30
ENSMUSG00000002233,42,250,234,141,243,231,256,332,203,237,271,522
ENSMUSG00000041845,2,25,16,10,13,20,12,10,17,20,24,26
ENSMUSG00000029449,0,6,7,1,10,7,10,17,2,7,9,13
ENSMUSG00000073982,17,110,88,60,82,94,166,178,138,94,145,274
ENSMUSG00000029204,0,2,3,1,4,1,2,6,4,1,4,7
ENSMUSG00000046768,12,99,69,28,85,75,97,85,91,65,113,118
ENSMUSG00000024143,19,333,272,182,276,316,305,249,261,285,263,370
ENSMUSG00000017686,11,172,172,117,148,157,157,134,179,155,134,199
ENSMUSG00000025733,34,613,590,397,505,467,441,408,500,520,553,656
ENSMUSG00000039960,2,22,9,10,25,22,34,30,29,31,23,37
ENSMUSG00000034226,0,0,0,0,0,0,1,2,0,1,1,2
ENSMUSG00000051827,0,0,0,0,1,0,0,0,0,0,0,3
ENSMUSG00000079638,0,2,1,1,0,3,1,0,0,0,2,3
ENSMUSG00000079637,0,0,0,0,0,0,0,0,0,0,2,0
ENSMUSG00000095698,0,0,0,0,0,0,0,0,0,0,0,0
ENSMUSG00000096788,0,2,3,0,1,1,1,2,1,0,0,0
ENSMUSG00000095741,0,0,0,0,1,1,0,0,0,2,2,0
ENSMUSG00000079629,0,0,0,0,0,0,0,0,0,0,0,0
ENSMUSG00000079627,0,0,0,0,3,2,0,0,1,0,0,0
ENSMUSG00000071772,0,0,0,0,0,0,0,0,0,0,0,1
ENSMUSG00000095601,0,0,0,0,0,0,0,0,0,0,0,0
ENSMUSG00000079636,0,0,0,0,0,0,0,0,0,0,0,0
ENSMUSG00000095510,0,1,0,0,0,0,0,0,0,0,0,0
ENSMUSG00000071769,1,0,0,0,0,0,0,0,0,0,0,1
ENSMUSG00000079639,0,0,0,0,0,0,1,0,0,0,0,0
ENSMUSG00000071771,0,0,0,0,0,0,0,0,0,0,0,0
ENSMUSG00000079635,0,0,0,0,0,0,0,0,0,0,0,0
ENSMUSG00000079633,0,0,0,0,0,0,0,0,0,0,0,1
ENSMUSG00000071770,0,0,0,0,0,0,0,0,0,0,0,0
ENSMUSG00000079630,0,0,0,0,0,0,0,0,0,0,0,0
ENSMUSG00000079628,0,0,0,0,0,0,0,0,0,0,0,0
ENSMUSG00000095180,0,8,6,3,4,4,7,9,12,10,11,10
ENSMUSG00000079626,0,0,0,0,0,0,0,0,0,0,0,0
ENSMUSG00000022580,0,1,0,1,0,0,0,0,0,0,1,0
ENSMUSG00000030494,4,16,15,5,17,19,13,9,21,9,13,11
ENSMUSG00000025257,0,1,1,1,3,1,1,0,0,1,0,2
ENSMUSG00000022431,0,0,0,0,0,0,0,0,0,0,0,0
ENSMUSG00000038658,5,32,34,16,43,39,34,35,37,26,34,53
ENSMUSG00000048330,0,5,2,5,3,3,3,3,7,5,4,5
ENSMUSG00000025485,7,77,73,48,79,59,87,72,69,102,86,141
ENSMUSG00000035620,8,134,85,71,109,106,112,89,101,96,97,130
ENSMUSG00000050310,4,25,21,6,24,30,24,17,21,18,12,31
ENSMUSG00000022323,1,22,26,13,15,17,17,24,24,15,21,21
ENSMUSG00000036202,10,22,29,13,20,31,26,24,27,18,28,42
ENSMUSG00000028139,1,6,4,3,6,3,5,3,7,5,10,11
ENSMUSG00000038195,13,242,253,166,218,240,305,241,369,335,486,465
ENSMUSG00000029392,44,648,562,442,653,549,662,610,876,798,843,1036
ENSMUSG00000029401,1,22,16,13,19,22,37,28,36,28,24,48
ENSMUSG00000029420,0,0,0,0,0,0,0,0,1,0,0,0
ENSMUSG00000071636,0,0,0,0,0,0,0,0,0,0,0,0
ENSMUSG00000048899,0,3,0,0,1,2,1,0,0,2,2,2
ENSMUSG00000040649,0,0,0,0,0,0,1,0,0,0,0,0
ENSMUSG00000041670,0,0,0,0,0,0,0,0,0,0,0,0
ENSMUSG00000032890,0,0,1,0,0,0,0,0,1,0,2,2
ENSMUSG00000035226,2,11,7,3,4,8,6,6,7,1,5,7
ENSMUSG00000024883,2,1,4,0,6,4,9,9,4,5,6,11
ENSMUSG00000001768,3,69,59,37,62,51,69,74,59,54,74,88
ENSMUSG00000044456,10,42,38,37,30,32,52,49,56,45,45,75
ENSMUSG00000024325,4,79,81,55,71,87,88,86,116,67,105,112
ENSMUSG00000051735,0,9,4,4,10,9,15,16,6,8,12,18
ENSMUSG00000028999,3,22,19,21,22,26,18,15,23,29,23,41
ENSMUSG00000021428,2,31,30,32,40,29,54,39,39,49,43,58
ENSMUSG00000024404,18,182,155,117,166,178,213,173,220,199,222,287
ENSMUSG00000046791,0,15,17,17,20,16,13,18,22,28,22,33
ENSMUSG00000022724,3,60,46,31,44,51,64,54,60,54,59,77
ENSMUSG00000041135,2,18,13,10,15,17,18,26,18,12,17,27
ENSMUSG00000022221,3,5,4,4,4,6,8,11,11,5,7,22
ENSMUSG00000005251,0,0,0,1,2,1,0,1,2,0,0,3
ENSMUSG00000036006,3,34,23,8,22,32,23,26,24,25,32,23
ENSMUSG00000074577,1,6,1,1,3,3,1,1,0,2,5,4
ENSMUSG00000022941,0,24,20,9,10,13,23,11,13,18,21,21
ENSMUSG00000028057,19,268,257,167,270,187,325,366,456,391,360,464
ENSMUSG00000057455,0,0,0,0,0,0,0,0,0,0,0,0
ENSMUSG00000029600,1,30,27,20,28,26,23,27,31,39,25,37
ENSMUSG00000049878,2,22,30,24,25,38,23,24,53,34,23,37
ENSMUSG00000056537,5,72,71,60,82,92,110,101,100,100,110,128
ENSMUSG00000039097,0,0,0,0,0,0,0,0,0,0,1,0
ENSMUSG00000028229,9,161,135,97,146,133,120,125,156,127,123,176
ENSMUSG00000036368,2,23,19,7,19,16,19,7,16,20,24,23
ENSMUSG00000070730,6,54,40,29,43,49,52,38,50,46,70,85
ENSMUSG00000035367,7,42,33,20,32,29,27,30,32,29,38,66
ENSMUSG00000037991,0,2,1,1,0,3,1,4,0,1,0,4
ENSMUSG00000019763,16,204,155,129,154,150,152,152,141,153,168,205
ENSMUSG00000002222,11,148,155,106,143,151,163,125,166,176,163,219
ENSMUSG00000001054,3,61,43,39,51,46,55,59,55,46,62,82
ENSMUSG00000035896,1,3,3,3,4,1,3,4,8,4,4,11
ENSMUSG00000021872,0,0,2,0,1,0,0,1,1,2,0,3
ENSMUSG00000021876,9,133,120,79,110,106,152,140,149,170,158,259
ENSMUSG00000021880,0,3,0,1,0,1,3,10,8,2,0,15
ENSMUSG00000020630,0,18,17,10,23,12,26,26,14,24,27,37
ENSMUSG00000052926,4,51,51,60,38,46,51,75,91,97,75,146
ENSMUSG00000021932,4,25,24,31,35,30,31,43,41,30,38,51
ENSMUSG00000024925,8,107,100,66,90,73,104,130,106,136,141,214
ENSMUSG00000066800,1,12,11,8,10,6,12,15,11,9,14,21
ENSMUSG00000095687,25,493,390,258,379,423,458,566,578,423,550,797
ENSMUSG00000094724,19,438,387,278,354,416,443,514,516,426,549,689
ENSMUSG00000054855,1,5,3,6,6,6,9,12,7,6,13,18
ENSMUSG00000001313,3,18,22,10,18,10,15,27,30,17,21,22
ENSMUSG00000017144,3,29,26,21,30,27,43,43,34,24,32,56
ENSMUSG00000041740,45,677,562,376,614,591,630,543,667,371,365,676
ENSMUSG00000052656,9,61,76,54,55,70,82,74,92,76,71,112
ENSMUSG00000028557,30,324,252,192,294,274,315,276,289,271,245,379
ENSMUSG00000032217,6,37,42,29,55,50,53,45,49,40,45,70
ENSMUSG00000010086,0,0,0,0,0,0,0,0,0,0,0,0
ENSMUSG00000036537,1,3,7,5,3,6,4,8,4,6,10,15
ENSMUSG00000098134,2,36,30,20,39,28,47,45,46,32,48,66
ENSMUSG00000006418,15,264,232,170,265,277,362,431,425,441,423,570
ENSMUSG00000028098,5,67,58,45,57,73,59,69,67,57,40,128
ENSMUSG00000070426,2,45,50,41,47,54,79,65,65,66,73,104
ENSMUSG00000039328,3,32,31,22,38,42,39,42,43,30,43,60
ENSMUSG00000041528,20,240,258,198,221,233,241,191,216,286,231,284
ENSMUSG00000033107,2,5,0,4,3,3,6,2,6,1,2,7
ENSMUSG00000035890,11,87,102,61,63,101,105,139,112,154,161,184
ENSMUSG00000031438,7,168,194,107,168,171,145,163,154,130,140,229
ENSMUSG00000036503,18,238,225,154,220,196,265,255,305,273,277,340
ENSMUSG00000020376,11,110,119,67,128,120,157,155,156,139,170,218
ENSMUSG00000020707,7,14,25,8,19,16,21,25,21,35,30,38
ENSMUSG00000024317,5,32,25,20,22,15,33,33,31,29,26,53
ENSMUSG00000083695,0,0,1,0,0,1,1,0,0,0,0,0
ENSMUSG00000037075,6,163,146,116,177,150,180,174,188,161,154,252
ENSMUSG00000060450,14,198,175,157,193,201,220,192,213,200,204,282
ENSMUSG00000030788,3,77,82,47,80,76,74,57,72,83,73,102
ENSMUSG00000020642,6,47,30,8,35,30,34,33,19,24,26,34
ENSMUSG00000038068,7,58,55,36,64,58,83,84,138,113,73,163
ENSMUSG00000019189,5,17,20,25,25,31,33,25,30,25,23,42
ENSMUSG00000038876,6,97,93,54,69,100,94,104,125,109,104,138
ENSMUSG00000078179,0,0,0,0,0,0,0,0,0,0,0,0
ENSMUSG00000047747,1,64,58,42,51,54,57,47,42,48,55,45
ENSMUSG00000008482,0,0,0,0,0,0,0,1,0,0,0,0
ENSMUSG00000047496,2,9,5,9,8,9,5,9,7,2,5,6
ENSMUSG00000052949,1,18,13,11,15,18,20,15,13,16,23,28
ENSMUSG00000025427,1,1,2,0,2,5,2,2,3,0,1,4
ENSMUSG00000014470,12,212,192,160,167,219,186,211,243,263,262,304
ENSMUSG00000040746,20,172,157,116,155,180,181,214,207,171,229,229
ENSMUSG00000014074,4,51,33,28,51,46,42,47,42,39,34,64
ENSMUSG00000058761,8,46,46,21,35,38,59,58,45,50,49,76
ENSMUSG00000000365,0,1,2,0,3,0,1,2,1,0,5,2
ENSMUSG00000021720,0,3,1,1,0,1,6,1,4,1,1,1
ENSMUSG00000055850,12,107,107,65,103,104,140,127,137,126,160,189
ENSMUSG00000044164,0,1,0,0,0,0,0,1,0,0,0,0
ENSMUSG00000063851,0,0,0,0,0,0,0,0,0,0,0,1
ENSMUSG00000020448,6,60,45,39,63,54,57,68,67,65,60,81
ENSMUSG00000020496,63,745,637,476,635,627,670,680,644,875,869,982
ENSMUSG00000022280,4,22,37,11,24,42,35,31,24,28,26,28
ENSMUSG00000028793,7,47,38,35,43,54,74,88,91,59,58,172
ENSMUSG00000026484,5,35,32,26,40,35,54,44,41,40,32,61
ENSMUSG00000028309,9,66,79,52,86,75,83,71,71,68,73,95
ENSMUSG00000058498,8,159,173,102,184,168,136,149,144,140,166,152
ENSMUSG00000044628,0,3,1,1,7,2,1,3,4,2,3,2
ENSMUSG00000070327,15,63,63,54,63,59,137,237,79,84,115,469
ENSMUSG00000042790,5,63,52,37,54,52,73,60,57,66,70,72
ENSMUSG00000003581,5,42,32,32,39,35,36,32,36,37,42,58
ENSMUSG00000045078,9,84,73,46,87,76,88,76,76,85,81,100
ENSMUSG00000063760,2,28,40,27,33,42,35,27,35,40,36,51
ENSMUSG00000022120,0,9,11,3,4,3,5,3,6,9,17,17
ENSMUSG00000028677,11,99,68,77,89,76,90,100,91,110,112,156
ENSMUSG00000046490,0,0,2,0,0,3,6,1,1,1,0,2
ENSMUSG00000110404,0,0,2,0,0,0,1,0,0,0,2,1
ENSMUSG00000033967,0,0,0,0,0,0,0,0,1,1,0,1
ENSMUSG00000048911,0,2,11,1,9,6,8,9,8,6,11,16
ENSMUSG00000026171,3,46,37,36,38,49,78,54,96,64,65,99
ENSMUSG00000047098,2,28,20,15,17,21,34,34,31,40,42,71
ENSMUSG00000029130,0,1,1,2,0,1,0,1,2,1,1,2
ENSMUSG00000029474,7,81,75,49,82,83,64,78,85,90,97,102
ENSMUSG00000035696,7,62,49,35,54,52,57,36,49,54,40,79
ENSMUSG00000036492,1,1,0,0,0,0,0,0,0,0,0,0
ENSMUSG00000029110,7,78,68,27,60,68,85,66,91,75,70,111
ENSMUSG00000030816,16,99,100,79,89,67,141,115,123,121,177,155
ENSMUSG00000025373,0,38,18,13,36,33,36,41,30,22,24,54
ENSMUSG00000034177,0,0,0,0,0,0,1,0,0,0,0,1
ENSMUSG00000034928,7,109,91,70,105,88,123,102,82,121,144,157
ENSMUSG00000015478,5,144,134,77,103,117,107,141,151,146,150,237
ENSMUSG00000029634,1,67,73,42,62,91,57,81,79,65,69,89
ENSMUSG00000051234,16,214,207,133,200,195,180,176,206,206,233,302
ENSMUSG00000090083,7,67,43,36,47,51,53,73,72,37,68,72
ENSMUSG00000020521,3,49,43,23,70,60,57,74,83,64,60,81
ENSMUSG00000032850,1,3,3,4,3,4,5,2,3,3,1,7
ENSMUSG00000028274,2,24,32,10,24,24,29,21,21,20,19,32
ENSMUSG00000038650,16,197,216,167,236,246,324,370,274,354,327,566
ENSMUSG00000071573,0,22,19,10,16,13,19,12,17,13,13,19
ENSMUSG00000009535,4,32,26,21,30,33,46,40,34,41,44,63
ENSMUSG00000027981,0,14,5,5,7,13,15,14,18,7,9,14
ENSMUSG00000041926,12,89,88,70,94,95,105,126,93,103,122,170
ENSMUSG00000026269,45,338,296,215,282,314,334,330,306,402,455,495
ENSMUSG00000034681,6,80,60,45,58,67,60,59,78,81,88,111
ENSMUSG00000022883,1,1,3,2,1,2,3,3,4,0,2,1
ENSMUSG00000052516,0,1,0,1,1,1,0,1,0,1,2,0
ENSMUSG00000032128,0,1,0,1,0,0,2,0,0,1,0,0
ENSMUSG00000032125,40,107,119,102,100,128,185,118,164,190,182,185
ENSMUSG00000024290,14,110,93,81,101,111,133,95,116,97,68,129
ENSMUSG00000020580,21,234,216,136,221,251,243,189,185,179,168,249
ENSMUSG00000022540,9,62,75,45,59,83,58,69,72,73,86,105
ENSMUSG00000071648,5,90,106,62,69,64,44,44,58,59,61,79
ENSMUSG00000067847,47,1032,953,617,966,914,826,885,982,943,1009,1390
ENSMUSG00000022832,0,0,0,0,0,1,0,0,0,0,0,0
ENSMUSG00000022236,0,1,2,2,0,2,4,1,4,5,7,7
ENSMUSG00000035305,0,11,17,6,6,11,3,14,12,11,6,15
ENSMUSG00000021464,0,2,0,0,0,0,1,4,0,4,2,3
ENSMUSG00000032238,8,118,85,74,110,109,138,125,159,115,97,168
ENSMUSG00000036192,0,4,5,4,5,6,4,5,2,5,3,7
ENSMUSG00000028150,12,166,113,92,160,143,229,234,314,267,251,225
ENSMUSG00000025900,1,0,0,0,0,0,0,0,0,0,0,0
ENSMUSG00000046049,1,0,0,0,0,0,0,0,0,0,0,0
ENSMUSG00000060090,1,14,21,7,23,17,19,23,23,18,12,22
ENSMUSG00000032239,35,235,267,156,215,248,203,252,260,185,241,313
ENSMUSG00000000751,6,102,126,68,112,105,138,121,141,151,155,179
ENSMUSG00000028884,1,48,53,48,51,57,76,73,86,67,97,97
ENSMUSG00000012483,3,42,52,23,52,41,33,31,32,30,50,50
ENSMUSG00000018449,4,39,46,31,29,40,60,44,47,48,45,86
ENSMUSG00000034032,2,33,58,27,35,53,43,39,48,41,69,74
ENSMUSG00000033773,2,24,26,14,14,26,33,23,33,42,19,35
ENSMUSG00000022466,8,47,50,40,52,42,91,75,92,77,82,93
ENSMUSG00000026005,0,12,14,6,19,14,17,25,17,12,23,20
ENSMUSG00000028187,0,56,54,33,47,43,71,74,96,74,107,105
ENSMUSG00000038510,4,36,34,28,31,41,67,49,68,50,44,93
ENSMUSG00000057132,0,11,4,5,9,4,7,10,11,4,3,21
ENSMUSG00000033282,1,7,5,2,6,4,7,2,7,3,11,6
ENSMUSG00000020847,3,16,16,16,19,16,24,29,31,20,19,30
ENSMUSG00000053604,7,39,40,31,43,38,37,45,49,33,53,59
ENSMUSG00000058443,44,568,455,346,483,490,662,675,558,651,720,1103
ENSMUSG00000037805,83,631,620,458,621,633,917,994,852,943,1024,1405
ENSMUSG00000060499,3,0,0,0,0,0,1,0,0,0,0,0
ENSMUSG00000059291,26,340,239,218,251,271,297,397,344,368,459,571
ENSMUSG00000038900,15,181,164,125,164,175,213,265,234,269,300,415
ENSMUSG00000000740,125,1199,971,797,987,1071,1283,1538,1342,1570,1644,2229
ENSMUSG00000025794,179,1539,1436,1044,1519,1581,1858,2291,1917,2105,2635,3053
ENSMUSG00000012405,37,409,393,262,388,378,411,512,482,548,525,717
ENSMUSG00000062328,16,166,162,121,143,183,204,264,236,222,277,376
ENSMUSG00000059070,55,570,546,444,574,517,639,805,688,832,886,1171
ENSMUSG00000045128,101,710,695,519,692,705,950,1091,1067,1233,1295,1626
ENSMUSG00000017404,63,634,514,398,637,606,778,869,805,710,966,1300
ENSMUSG00000041453,50,418,357,313,404,423,506,637,509,633,799,975
ENSMUSG00000028936,111,935,780,674,888,869,1130,1346,1155,1349,1476,1839
ENSMUSG00000039221,9,172,159,105,147,166,189,245,219,228,227,348
ENSMUSG00000071415,116,1181,976,792,984,1102,1450,1624,1434,1426,1667,2321
ENSMUSG00000058546,9,154,121,101,160,156,171,195,196,216,229,339
ENSMUSG00000060938,180,1245,1030,766,1098,1118,1515,1543,1451,1665,1843,2418
ENSMUSG00000063316,18,182,158,106,167,179,208,266,231,200,237,349
ENSMUSG00000046364,74,526,473,391,466,520,644,730,661,668,791,1101
ENSMUSG00000030432,70,613,518,430,578,545,728,852,776,896,937,1147
ENSMUSG00000048758,37,471,451,312,416,471,510,676,586,547,799,985
ENSMUSG00000060036,32,198,166,147,206,188,298,328,266,277,287,511
ENSMUSG00000058600,11,117,113,84,109,122,154,206,203,187,212,279
ENSMUSG00000073702,36,247,230,150,230,214,285,370,325,335,362,484
ENSMUSG00000062006,70,633,579,437,615,611,748,966,741,830,894,1303
ENSMUSG00000062997,116,844,722,598,723,722,947,1197,994,1188,1449,1760
ENSMUSG00000060636,16,133,131,101,137,141,172,180,177,188,218,308
ENSMUSG00000057863,93,578,543,429,631,561,712,858,767,880,1017,1271
ENSMUSG00000079435,15,184,182,137,163,196,247,289,253,236,247,374
ENSMUSG00000041841,80,885,728,600,745,799,1165,1282,1183,1207,1405,1845
ENSMUSG00000046330,69,607,560,460,628,609,715,901,787,889,933,1193
ENSMUSG00000057322,40,365,280,226,283,282,416,425,390,448,491,659
ENSMUSG00000079641,79,797,706,534,648,789,1011,1240,1024,988,1034,1722
ENSMUSG00000039209,0,0,1,0,1,0,0,2,1,1,1,4
ENSMUSG00000002500,57,1127,1089,782,889,1123,859,864,1110,1178,1209,1280
ENSMUSG00000093674,184,1987,1843,1366,1833,1786,2248,2862,2532,2739,3307,4234
ENSMUSG00000058558,42,478,417,330,465,453,590,651,559,694,771,937
ENSMUSG00000043716,47,364,341,266,366,395,447,594,587,535,655,881
ENSMUSG00000062647,27,248,225,167,226,214,285,325,286,250,295,447
ENSMUSG00000063888,17,154,96,95,112,155,179,176,210,162,237,304
ENSMUSG00000003970,255,1783,1547,1233,1625,1639,1913,2316,2080,2316,2556,3530
ENSMUSG00000047215,30,290,216,212,275,258,315,317,337,363,369,512
ENSMUSG00000062456,108,1077,889,696,987,1032,1309,1393,1262,1309,1420,1839
ENSMUSG00000067274,191,2092,1942,1302,1885,2068,2467,2730,2584,2644,3072,4056
ENSMUSG00000007892,343,3191,2810,2148,2974,3043,3551,4710,4008,4143,5082,6639
ENSMUSG00000030062,12,132,112,89,140,129,119,157,138,126,179,270
ENSMUSG00000027642,22,285,231,191,249,272,329,322,258,283,338,546
ENSMUSG00000023156,6,118,91,49,85,96,100,106,144,89,106,134
ENSMUSG00000024446,7,138,135,90,138,146,98,143,156,137,157,199
ENSMUSG00000062309,0,2,3,2,10,1,10,6,7,1,5,10
ENSMUSG00000036114,4,91,92,56,62,77,106,88,110,80,114,140
ENSMUSG00000024800,6,44,39,31,54,45,52,57,66,59,71,93
ENSMUSG00000049950,0,10,10,6,13,13,13,15,13,21,13,21
ENSMUSG00000021418,2,17,13,9,24,22,43,29,52,47,55,57
ENSMUSG00000040446,2,51,53,36,62,67,44,32,49,45,63,77
ENSMUSG00000027651,2,58,47,33,66,50,69,57,69,58,68,71
ENSMUSG00000028106,4,71,70,56,58,54,85,83,75,78,80,98
ENSMUSG00000075334,0,0,0,0,0,2,0,1,0,0,4,2
ENSMUSG00000046215,0,0,0,0,0,0,0,0,0,0,0,1
ENSMUSG00000052146,34,273,222,187,262,253,285,329,294,320,408,457
ENSMUSG00000024608,124,1325,1207,936,1233,1323,1634,1957,1826,1944,2198,2761
ENSMUSG00000063457,301,1888,1712,1332,1675,1762,2259,2657,2413,2576,3184,3939
ENSMUSG00000008683,62,689,652,483,585,633,759,895,839,763,849,1225
ENSMUSG00000037563,91,575,546,422,551,563,735,927,810,753,996,1276
ENSMUSG00000061787,56,549,465,362,450,475,596,620,606,653,708,930
ENSMUSG00000008668,59,466,395,326,433,467,602,839,657,698,974,1115
ENSMUSG00000040952,33,302,280,268,303,303,374,579,459,486,614,840
ENSMUSG00000051518,6,57,45,33,54,51,56,58,51,58,84,85
ENSMUSG00000044533,55,765,718,469,610,628,609,793,708,802,915,1274
ENSMUSG00000028234,178,1370,1213,969,1337,1341,1719,2186,2016,1908,2114,3101
ENSMUSG00000039001,64,514,466,370,472,456,593,734,671,649,738,1012
ENSMUSG00000049517,36,353,294,219,342,388,437,494,500,496,560,789
ENSMUSG00000025290,114,1079,918,767,1023,1069,1441,1614,1596,1621,1748,2503
ENSMUSG00000009927,51,577,464,388,548,531,705,843,715,841,1044,1250
ENSMUSG00000025362,77,725,665,479,730,722,987,1178,930,921,1052,1576
ENSMUSG00000090733,47,349,293,270,332,378,414,495,489,541,646,790
ENSMUSG00000020460,39,389,314,237,332,364,446,563,501,455,538,751
ENSMUSG00000036781,24,414,414,299,396,370,442,532,520,516,634,838
ENSMUSG00000050621,119,1062,883,832,988,1116,1300,1619,1451,1855,2162,2488
ENSMUSG00000067288,31,340,274,219,299,289,410,486,416,415,562,715
ENSMUSG00000034892,85,1145,982,761,955,1002,1092,1363,1215,1269,1420,2010
ENSMUSG00000030744,152,1579,1324,1069,1408,1397,1784,2069,1888,2180,2452,3289
ENSMUSG00000028081,57,624,570,354,602,642,705,814,762,877,1047,1297
ENSMUSG00000063171,6,106,117,88,75,150,91,124,97,132,131,163
ENSMUSG00000031320,88,816,696,573,727,765,1026,1162,1069,1224,1160,1727
ENSMUSG00000012848,190,1764,1529,1185,1602,1743,2395,2641,2620,2589,2858,3869
ENSMUSG00000028495,31,276,278,180,262,274,318,427,334,355,449,599
ENSMUSG00000031309,10,92,64,61,90,70,107,96,76,85,98,152
ENSMUSG00000021180,2,13,13,6,20,25,9,10,23,20,11,17
ENSMUSG00000025665,0,1,0,0,0,0,0,0,0,0,1,0
ENSMUSG00000020516,13,96,92,66,101,98,131,85,114,79,108,170
ENSMUSG00000019235,11,48,45,34,71,57,31,25,32,38,30,53
ENSMUSG00000061477,22,227,205,131,190,225,260,329,285,318,351,444
ENSMUSG00000047675,119,928,823,658,853,892,1128,1360,1353,1302,1418,1924
ENSMUSG00000006333,157,1681,1607,1238,1649,1723,2133,2702,2458,2559,3108,3783
ENSMUSG00000032518,104,1065,915,657,908,905,1121,1390,1161,1191,1244,1970
ENSMUSG00000025583,12,114,79,61,115,99,101,94,74,96,110,142
ENSMUSG00000041199,1,29,25,16,28,17,25,20,31,26,20,45
ENSMUSG00000027324,0,10,7,2,6,1,1,5,6,3,7,7
ENSMUSG00000051169,0,42,24,25,25,26,18,20,37,27,33,31
ENSMUSG00000032044,2,46,48,26,42,37,34,29,42,40,45,47
ENSMUSG00000031880,30,948,688,363,851,601,829,937,794,662,1255,1266
ENSMUSG00000070934,10,98,100,62,115,106,109,111,106,77,63,162
ENSMUSG00000041658,0,0,2,1,3,3,3,6,3,3,3,2
ENSMUSG00000028646,10,125,110,95,121,141,167,148,149,172,164,260
ENSMUSG00000028278,6,224,166,134,197,191,249,172,191,182,215,255
ENSMUSG00000038387,26,197,177,167,186,221,256,263,273,298,298,443
ENSMUSG00000055723,12,176,164,106,129,156,188,207,144,143,196,266
ENSMUSG00000027422,52,299,312,235,265,347,405,443,295,365,479,664
ENSMUSG00000039087,9,105,81,59,120,92,109,82,96,142,100,135
ENSMUSG00000028012,0,0,0,0,0,0,0,0,0,0,0,0
ENSMUSG00000030978,2,35,28,15,32,33,31,45,35,26,53,70
ENSMUSG00000020649,1,6,5,3,6,4,12,12,11,3,2,10
ENSMUSG00000022292,4,38,41,35,49,51,49,50,55,46,39,58
ENSMUSG00000022682,6,165,143,97,142,120,132,148,153,133,137,206
ENSMUSG00000004896,2,24,23,17,24,30,26,30,19,33,40,27
ENSMUSG00000035049,3,51,52,25,44,48,56,66,55,62,64,88
ENSMUSG00000001305,3,28,18,14,26,23,22,30,20,20,37,53
ENSMUSG00000058392,3,17,15,14,16,22,29,21,25,16,23,36
ENSMUSG00000023971,0,9,5,2,8,6,10,7,6,4,9,14
ENSMUSG00000018040,7,67,72,52,69,68,89,83,74,108,116,154
ENSMUSG00000030888,2,23,23,8,24,23,50,32,28,25,22,53
ENSMUSG00000041506,8,79,74,44,50,72,73,62,91,62,70,138
ENSMUSG00000061024,1,48,53,40,61,48,88,47,68,48,56,98
ENSMUSG00000031293,0,0,0,0,0,0,2,1,2,1,0,1
ENSMUSG00000039096,1,56,56,46,33,47,53,45,57,47,32,54
ENSMUSG00000020641,48,105,80,35,112,73,207,444,177,127,230,687
ENSMUSG00000044098,24,30,28,13,62,39,46,45,52,37,39,48
ENSMUSG00000039968,10,36,44,29,62,57,59,46,57,57,56,71
ENSMUSG00000035623,7,31,42,18,37,41,40,34,46,31,29,45
ENSMUSG00000073733,0,0,0,0,0,0,1,0,0,0,0,0
ENSMUSG00000058900,1,11,6,5,7,6,11,10,7,9,6,13
ENSMUSG00000005846,13,201,144,109,158,150,249,218,258,213,268,335
ENSMUSG00000032215,11,101,105,70,104,102,94,112,117,88,101,157
ENSMUSG00000024033,0,1,2,1,1,0,2,0,3,4,1,0
ENSMUSG00000073471,7,146,124,97,115,157,159,155,168,173,194,210
ENSMUSG00000023806,8,126,143,74,107,142,136,149,139,160,158,229
ENSMUSG00000039552,0,0,0,0,0,1,0,0,0,0,0,0
ENSMUSG00000023966,0,0,3,2,0,3,9,1,1,6,3,5
ENSMUSG00000028871,0,5,4,8,3,6,0,4,0,8,1,3
ENSMUSG00000051920,0,0,0,0,0,0,0,0,0,0,0,0
ENSMUSG00000019880,0,1,0,0,0,0,1,2,0,1,0,1
ENSMUSG00000032852,0,0,0,0,0,0,0,0,1,0,0,0
ENSMUSG00000050079,5,21,36,20,39,33,36,35,38,32,41,48
ENSMUSG00000034544,7,23,26,16,31,27,28,27,35,32,43,40
ENSMUSG00000029422,11,144,114,103,140,140,156,164,147,132,128,209
ENSMUSG00000037266,44,480,463,312,460,594,553,655,538,472,464,801
ENSMUSG00000026727,17,91,86,57,97,78,113,100,89,72,87,120
ENSMUSG00000000339,5,101,77,46,62,68,88,88,73,106,90,122
ENSMUSG00000001783,17,183,147,118,181,202,280,262,279,242,294,382
ENSMUSG00000038685,4,13,20,9,21,16,18,10,10,27,17,28
ENSMUSG00000027304,21,151,127,68,139,147,154,154,187,129,109,212
ENSMUSG00000027502,13,114,105,87,105,98,147,132,138,148,172,214
ENSMUSG00000034930,4,27,37,20,23,30,38,26,30,40,26,36
ENSMUSG00000037846,0,0,0,0,1,1,0,1,1,1,0,0
ENSMUSG00000085925,0,0,0,0,0,0,0,0,0,1,1,1
ENSMUSG00000021087,1,12,13,8,16,11,5,3,5,13,6,20
ENSMUSG00000030401,17,512,408,364,524,510,457,514,707,608,789,765
ENSMUSG00000024758,20,297,280,183,272,276,289,275,272,272,318,464
ENSMUSG00000020458,26,185,200,107,203,183,331,380,235,201,193,445
ENSMUSG00000019864,10,198,186,110,184,145,118,103,109,117,107,174
ENSMUSG00000043811,0,5,4,3,2,1,1,6,2,3,1,6
ENSMUSG00000045287,1,20,17,11,10,16,21,16,15,17,15,29
ENSMUSG00000050896,0,0,0,0,0,0,0,1,0,0,1,0
ENSMUSG00000033383,0,0,0,0,0,0,0,0,0,0,1,1
ENSMUSG00000066319,0,9,9,4,6,6,9,13,14,5,12,16
ENSMUSG00000023066,0,6,5,3,11,3,8,6,5,7,4,10
ENSMUSG00000035629,9,100,103,77,104,92,123,114,98,106,113,137
ENSMUSG00000034959,0,0,1,1,7,4,2,3,3,0,1,2
ENSMUSG00000020375,5,108,120,98,100,117,118,131,145,119,156,198
ENSMUSG00000020070,5,12,19,7,25,24,22,21,28,17,16,37
ENSMUSG00000029291,6,64,50,43,53,44,57,67,63,46,59,83
ENSMUSG00000061815,0,5,2,1,4,8,4,3,7,6,5,2
ENSMUSG00000035007,3,41,30,36,35,38,51,45,44,43,51,64
ENSMUSG00000006575,1,3,3,1,1,1,2,1,3,3,3,7
ENSMUSG00000040570,0,0,0,1,0,1,1,1,2,0,0,2
ENSMUSG00000022952,2,6,7,1,7,5,15,32,14,7,10,36
ENSMUSG00000006586,1,24,14,12,14,37,30,19,38,19,15,27
ENSMUSG00000039153,0,1,1,1,3,3,3,1,3,2,3,7
ENSMUSG00000070691,0,2,1,2,3,5,8,8,5,3,0,15
ENSMUSG00000041263,7,74,49,37,63,58,89,60,64,63,89,107
ENSMUSG00000035969,12,94,90,72,94,98,136,118,119,150,157,218
ENSMUSG00000030079,1,30,35,28,35,54,57,68,63,53,73,62
ENSMUSG00000003868,11,62,54,59,58,82,65,64,79,80,95,102
ENSMUSG00000019782,17,158,138,115,122,148,158,186,170,152,202,261
ENSMUSG00000032417,0,0,1,0,2,1,2,2,3,6,2,4
ENSMUSG00000041079,0,12,15,10,19,13,16,14,10,23,22,30
ENSMUSG00000028133,2,5,3,1,9,4,11,6,12,9,14,6
ENSMUSG00000031568,5,122,99,71,112,111,83,92,89,90,123,136
ENSMUSG00000034009,0,0,1,0,0,0,0,0,1,0,0,1
ENSMUSG00000053368,1,0,0,0,0,0,0,0,0,0,0,0
ENSMUSG00000015846,11,175,151,108,135,181,181,165,164,173,188,210
ENSMUSG00000039656,13,106,120,77,106,109,136,137,125,143,163,165
ENSMUSG00000015843,10,309,225,165,287,236,227,245,229,236,265,425
ENSMUSG00000072872,0,10,9,7,11,9,11,11,10,12,12,17
ENSMUSG00000032547,12,83,68,51,76,88,101,84,77,68,83,138
ENSMUSG00000030592,0,0,1,2,2,1,3,2,1,2,1,2
ENSMUSG00000021313,145,1668,1633,1031,1507,1466,1267,981,1080,1242,1008,1477
ENSMUSG00000057378,0,9,10,2,6,5,7,1,11,4,4,9
ENSMUSG00000044080,225,4927,4653,3300,4293,4174,4118,4161,3763,5773,6263,6716
ENSMUSG00000041959,44,163,152,102,144,164,179,235,192,164,164,370
ENSMUSG00000027907,38,230,186,111,212,176,251,350,199,181,273,496
ENSMUSG00000042312,32,249,200,183,236,246,259,306,280,311,349,425
ENSMUSG00000042306,0,0,0,0,0,0,0,0,0,0,0,0
ENSMUSG00000074457,38,220,188,141,228,191,220,231,187,184,253,319
ENSMUSG00000094018,0,0,0,0,0,0,0,0,0,0,0,0
ENSMUSG00000001021,0,0,1,0,0,0,0,0,1,1,0,0
ENSMUSG00000001023,0,0,0,0,0,0,0,0,0,0,0,0
ENSMUSG00000001025,61,355,332,291,336,311,606,746,288,366,491,1031
ENSMUSG00000063767,0,1,1,0,1,0,2,2,1,0,1,0
ENSMUSG00000056054,4,14,15,7,16,14,23,64,62,48,39,48
ENSMUSG00000056071,4,18,12,10,16,9,22,51,43,62,52,54
ENSMUSG00000033208,1,8,3,9,7,9,6,3,7,6,5,9
ENSMUSG00000040808,0,0,1,1,1,0,0,3,1,0,0,3
ENSMUSG00000040928,2,33,34,20,28,32,34,23,35,37,32,40
ENSMUSG00000045092,15,110,78,78,91,123,132,147,141,140,92,173
ENSMUSG00000043895,2,25,16,15,27,20,35,28,21,20,30,55
ENSMUSG00000067586,5,94,69,51,77,61,78,66,60,85,109,142
ENSMUSG00000044199,1,5,5,6,6,2,4,9,12,11,14,14
ENSMUSG00000045087,0,2,5,3,6,0,4,1,5,0,5,4
ENSMUSG00000074115,0,0,0,0,0,0,0,0,0,0,0,0
ENSMUSG00000057465,0,0,0,0,0,0,0,0,0,0,1,0
ENSMUSG00000040026,1,6,3,0,1,5,18,21,5,16,7,46
ENSMUSG00000006763,6,23,12,6,18,12,17,24,14,26,16,26
ENSMUSG00000024790,8,35,46,24,61,48,60,61,48,48,56,92
ENSMUSG00000025240,7,144,105,73,110,119,128,94,107,86,112,129
ENSMUSG00000048279,2,43,34,27,53,32,40,27,25,34,23,44
ENSMUSG00000052833,6,100,76,52,74,83,95,85,103,65,84,126
ENSMUSG00000071054,11,90,64,45,73,76,91,87,104,76,87,130
ENSMUSG00000042625,45,111,117,84,111,136,119,120,133,104,120,170
ENSMUSG00000056055,0,3,0,2,1,1,1,4,1,1,4,1
ENSMUSG00000031665,0,1,0,0,0,2,0,1,0,0,0,3
ENSMUSG00000049532,0,9,9,6,3,5,8,6,4,13,7,6
ENSMUSG00000027547,1,6,5,5,7,5,5,4,5,3,5,6
ENSMUSG00000079003,9,59,51,27,58,57,60,62,66,41,59,79
ENSMUSG00000038605,1,13,6,5,8,11,8,11,16,11,14,15
ENSMUSG00000096351,0,2,0,0,1,0,0,1,1,0,2,0
ENSMUSG00000058656,0,1,0,0,0,0,0,0,0,0,0,1
ENSMUSG00000048652,0,2,3,3,2,0,1,3,0,0,3,5
ENSMUSG00000047181,9,11,7,4,9,13,3,14,5,6,8,11
ENSMUSG00000090812,0,1,2,0,1,0,0,1,0,0,1,2
ENSMUSG00000051354,0,0,0,0,0,0,1,3,3,0,2,3
ENSMUSG00000021838,3,171,167,110,171,155,171,136,176,153,183,199
ENSMUSG00000109336,3,83,93,63,104,91,115,91,109,91,89,138
ENSMUSG00000060487,13,28,24,11,19,21,23,17,13,10,20,29
ENSMUSG00000021770,3,53,53,32,52,68,68,52,50,58,64,76
ENSMUSG00000047735,5,28,20,10,13,11,40,38,34,30,25,70
ENSMUSG00000027639,13,92,88,82,94,99,208,271,191,163,134,437
ENSMUSG00000022437,48,1201,1056,795,967,976,1137,1127,1101,1348,1561,1666
ENSMUSG00000022876,1,4,0,0,0,0,1,5,1,4,0,10
ENSMUSG00000024260,3,42,32,15,33,28,48,24,49,24,35,46
ENSMUSG00000021963,16,267,310,205,277,281,387,406,351,418,441,556
ENSMUSG00000061104,18,270,245,183,276,245,285,371,353,335,417,513
ENSMUSG00000020755,8,50,31,33,56,51,74,62,66,68,91,91
ENSMUSG00000020519,17,142,149,96,161,157,161,159,208,175,208,255
ENSMUSG00000036185,1,2,1,2,2,2,4,0,2,1,4,1
ENSMUSG00000026955,0,0,0,0,1,0,2,3,1,1,1,3
ENSMUSG00000020088,45,580,502,387,541,593,754,715,942,824,961,1102
ENSMUSG00000020386,23,372,362,209,314,347,320,329,344,381,400,516
ENSMUSG00000031532,48,848,781,611,862,968,971,1056,1185,991,1105,1438
ENSMUSG00000009614,3,26,25,20,22,34,21,25,16,23,24,26
ENSMUSG00000050132,0,1,1,0,1,0,1,0,0,0,1,0
ENSMUSG00000078427,5,79,76,46,78,70,86,87,90,84,119,133
ENSMUSG00000068739,33,220,230,138,191,213,297,310,372,284,395,465
ENSMUSG00000070699,4,45,35,29,40,41,32,43,50,51,49,61
ENSMUSG00000039148,15,142,100,100,131,128,179,184,217,188,225,233
ENSMUSG00000018974,5,40,39,16,44,50,45,53,52,52,69,78
ENSMUSG00000015305,7,74,43,26,62,71,77,56,73,71,80,110
ENSMUSG00000031101,1,7,2,4,9,4,13,15,9,4,6,26
ENSMUSG00000027959,0,5,2,4,4,6,7,6,8,6,10,9
ENSMUSG00000025283,3,71,55,31,86,66,83,103,76,69,75,135
ENSMUSG00000069835,2,7,9,12,13,14,11,17,17,22,18,24
ENSMUSG00000023927,3,51,84,44,62,109,104,75,102,66,70,96
ENSMUSG00000038331,0,0,0,0,0,0,0,0,0,0,1,0
ENSMUSG00000021067,4,53,49,34,57,51,65,76,71,63,86,118
ENSMUSG00000028492,0,0,0,0,0,0,0,0,0,0,0,0
ENSMUSG00000038570,1,12,6,5,7,4,13,9,11,6,9,13
ENSMUSG00000045107,5,42,46,32,43,36,46,43,57,53,69,70
ENSMUSG00000025337,3,143,94,85,122,109,150,173,193,142,146,198
ENSMUSG00000038371,15,138,115,79,128,132,174,127,158,160,163,173
ENSMUSG00000042978,12,178,211,160,177,211,219,216,230,273,321,289
ENSMUSG00000030433,0,39,33,30,38,23,19,26,33,23,19,29
ENSMUSG00000085272,0,20,24,15,10,37,20,18,13,27,18,23
ENSMUSG00000038095,26,94,85,50,127,114,100,83,75,77,94,116
ENSMUSG00000035673,9,32,45,38,35,32,94,92,46,49,51,197
ENSMUSG00000032719,0,0,0,0,0,0,0,0,0,0,0,0
ENSMUSG00000032018,1,55,52,27,52,47,48,50,39,50,45,60
ENSMUSG00000038406,8,114,101,92,92,115,111,114,122,177,151,193
ENSMUSG00000033228,7,121,119,73,101,114,131,99,127,148,112,167
ENSMUSG00000022983,3,23,23,24,31,31,23,22,36,31,40,53
ENSMUSG00000046201,4,36,26,21,41,44,49,40,39,53,38,54
ENSMUSG00000035236,2,5,16,13,13,15,14,17,12,12,10,16
ENSMUSG00000021687,8,108,87,51,87,85,82,80,81,108,96,122
ENSMUSG00000040188,9,102,96,54,98,99,132,134,95,106,115,179
ENSMUSG00000028049,8,197,181,149,196,181,209,232,187,204,208,332
ENSMUSG00000040722,3,22,26,14,28,17,25,34,26,21,29,39
ENSMUSG00000046229,22,395,356,266,342,344,350,495,440,484,629,753
ENSMUSG00000032485,14,85,72,62,81,83,88,86,93,108,110,139
ENSMUSG00000034007,9,49,49,35,53,56,56,67,55,52,43,66
ENSMUSG00000034463,0,6,7,7,2,8,4,9,2,6,4,11
ENSMUSG00000022032,3,57,49,28,61,72,49,69,76,81,75,58
ENSMUSG00000037936,25,105,120,59,96,112,103,107,90,98,104,151
ENSMUSG00000029426,20,440,413,299,444,433,520,581,563,452,454,822
ENSMUSG00000038188,4,42,22,22,27,42,23,35,22,32,28,40
ENSMUSG00000012017,11,37,31,20,43,47,49,33,33,42,54,76
ENSMUSG00000038936,8,168,141,143,177,186,163,172,146,151,166,225
ENSMUSG00000037071,3,14,22,9,20,6,17,24,19,10,18,23
ENSMUSG00000025202,0,2,1,0,0,0,2,0,0,1,1,1
ENSMUSG00000050195,3,20,40,48,69,68,94,82,70,103,60,164
ENSMUSG00000022123,0,0,0,0,0,0,0,0,0,0,0,0
ENSMUSG00000020952,3,58,47,32,47,47,76,71,77,63,69,101
ENSMUSG00000062110,2,58,38,22,36,25,35,37,48,51,48,53
ENSMUSG00000032181,2,0,0,0,0,0,0,1,0,1,0,1
ENSMUSG00000023236,0,0,0,0,1,0,0,2,0,2,0,2
ENSMUSG00000024653,0,1,1,0,0,21,1,2,1,19,30,67
ENSMUSG00000101232,0,0,0,0,0,0,0,0,0,0,0,0
ENSMUSG00000038801,11,204,214,161,253,154,222,177,193,265,329,244
ENSMUSG00000064057,1,5,3,1,2,3,22,20,1,7,5,35
ENSMUSG00000038791,0,0,1,0,0,2,0,0,0,1,3,10
ENSMUSG00000057135,0,1,1,0,3,1,7,22,7,6,12,48
ENSMUSG00000002565,0,9,8,6,9,14,26,13,11,12,9,23
ENSMUSG00000059834,2,14,16,8,14,13,13,9,12,15,11,19
ENSMUSG00000026307,6,69,59,40,51,52,44,55,56,50,63,108
ENSMUSG00000000085,9,153,139,104,106,122,166,123,135,139,160,186
ENSMUSG00000000037,0,1,1,0,3,2,0,1,1,0,0,1
ENSMUSG00000044770,0,9,3,1,2,2,4,1,2,4,2,7
ENSMUSG00000034533,1,4,5,4,2,8,1,8,7,12,6,10
ENSMUSG00000034115,0,0,0,0,0,0,0,0,0,0,0,0
ENSMUSG00000064329,0,1,0,0,0,0,0,0,0,0,0,0
ENSMUSG00000019194,5,114,103,58,74,90,104,128,62,100,117,183
ENSMUSG00000075318,0,4,0,1,1,0,0,2,0,0,0,1
ENSMUSG00000070304,0,1,1,1,1,0,0,0,4,1,2,4
ENSMUSG00000057182,1,3,2,2,2,5,5,6,7,6,4,7
ENSMUSG00000049281,0,3,3,2,0,1,1,0,2,2,2,3
ENSMUSG00000001027,1,11,4,9,12,10,2,11,6,9,10,13
ENSMUSG00000046480,6,92,79,76,89,110,51,28,44,62,43,88
ENSMUSG00000032511,21,603,545,398,527,530,580,584,430,597,667,1018
ENSMUSG00000034810,4,48,38,49,66,51,73,44,57,66,64,100
ENSMUSG00000023033,0,0,0,0,1,1,0,0,0,0,1,0
ENSMUSG00000075316,0,0,0,0,0,0,0,0,0,0,0,0
ENSMUSG00000092607,12,122,94,83,91,108,133,126,158,147,163,188
ENSMUSG00000030340,1,1,1,2,1,1,1,3,0,1,4,2
ENSMUSG00000069844,2,59,53,27,42,57,39,43,28,32,33,78
ENSMUSG00000091780,13,92,84,61,98,94,79,78,91,94,95,111
ENSMUSG00000063253,7,95,71,56,84,88,84,75,83,73,66,119
ENSMUSG00000028603,24,625,599,379,606,489,604,599,585,630,554,903
ENSMUSG00000000278,0,40,31,20,32,41,55,47,44,38,53,88
ENSMUSG00000031610,0,1,0,0,0,1,0,0,0,0,0,0
ENSMUSG00000022568,7,63,53,35,64,68,44,66,58,47,51,94
ENSMUSG00000019124,0,20,22,18,21,27,24,23,34,24,22,44
ENSMUSG00000020877,4,54,51,37,43,39,29,31,54,49,59,70
ENSMUSG00000008226,3,67,54,32,71,50,64,66,63,68,70,85
ENSMUSG00000048385,0,0,0,1,0,0,0,0,0,0,0,0
ENSMUSG00000038580,0,0,0,0,0,0,0,2,0,0,0,7
ENSMUSG00000016763,1,6,1,4,6,8,3,2,2,3,1,4
ENSMUSG00000007279,3,174,156,70,136,162,172,107,162,99,246,142
ENSMUSG00000038677,1,0,2,0,2,0,1,2,1,2,3,3
ENSMUSG00000034161,1,36,34,16,23,32,102,62,62,54,169,75
ENSMUSG00000024941,22,228,190,121,195,190,268,281,251,292,307,396
ENSMUSG00000069539,5,34,26,19,47,33,36,40,49,28,29,52
ENSMUSG00000026584,0,14,12,9,16,12,20,23,18,21,17,18
ENSMUSG00000029415,3,32,40,22,26,33,54,44,42,38,33,73
ENSMUSG00000020592,5,17,19,7,17,26,21,24,12,22,34,41
ENSMUSG00000022261,12,112,103,84,116,123,126,122,141,110,143,191
ENSMUSG00000025743,23,129,106,97,128,102,193,229,140,146,144,345
ENSMUSG00000017009,2,60,48,32,73,60,60,73,58,39,44,173
ENSMUSG00000028249,9,226,173,121,181,169,248,316,222,180,191,445
ENSMUSG00000027456,0,8,5,3,1,7,9,9,5,7,11,7
ENSMUSG00000026927,5,79,68,46,60,68,73,71,65,48,53,121
ENSMUSG00000026504,6,24,17,7,24,26,36,35,36,35,36,52
ENSMUSG00000038806,4,29,34,26,41,37,50,41,42,32,45,49
ENSMUSG00000002064,5,147,131,98,163,141,143,199,171,161,192,267
ENSMUSG00000022769,3,27,29,31,25,24,36,44,19,31,121,132
ENSMUSG00000029076,40,290,263,186,262,299,409,388,367,460,512,640
ENSMUSG00000021577,171,3182,3018,1996,3060,3140,2990,2991,3304,3296,3180,4114
ENSMUSG00000074211,11,124,124,78,112,126,106,115,113,124,133,189
ENSMUSG00000024668,12,214,239,136,179,168,183,194,218,221,238,319
ENSMUSG00000042505,1,51,47,24,49,42,32,59,44,50,41,55
ENSMUSG00000026154,4,165,187,135,181,172,119,130,115,104,110,168
ENSMUSG00000009863,219,5286,4943,3692,4817,5026,3904,4182,4598,5300,5539,6970
ENSMUSG00000058076,74,1659,1475,1087,1631,1566,1293,1418,1619,1123,1094,1953
ENSMUSG00000000171,72,1426,1258,844,1190,1210,1181,1206,1533,1262,1443,1885
ENSMUSG00000039683,0,3,1,1,2,3,1,1,3,4,5,2
ENSMUSG00000041592,0,0,0,1,3,0,1,3,1,0,0,0
ENSMUSG00000022223,12,357,317,206,327,313,238,270,307,289,305,397
ENSMUSG00000034308,0,6,9,6,9,5,10,6,3,8,11,10
ENSMUSG00000029597,0,0,2,0,2,0,1,1,0,2,0,1
ENSMUSG00000029596,1,33,37,25,36,31,36,41,35,42,33,68
ENSMUSG00000001103,0,0,0,0,0,0,0,0,0,0,0,0
ENSMUSG00000040364,0,0,1,1,0,1,2,1,2,2,0,1
ENSMUSG00000024516,12,81,69,48,69,71,86,99,83,96,80,138
ENSMUSG00000030298,9,141,133,109,165,121,144,175,208,169,212,281
ENSMUSG00000020823,22,205,144,121,171,173,155,168,163,154,152,227
ENSMUSG00000003585,1,3,2,4,0,2,2,0,1,0,0,2
ENSMUSG00000054986,0,0,0,0,0,1,0,0,0,1,0,0
ENSMUSG00000019368,0,0,0,0,0,0,0,0,0,0,0,0
ENSMUSG00000026924,13,122,107,64,112,105,137,107,96,142,138,166
ENSMUSG00000026589,2,5,3,1,14,4,5,9,1,12,12,6
ENSMUSG00000034473,4,27,36,25,41,41,43,42,48,27,41,55
ENSMUSG00000027879,8,95,88,65,81,91,82,111,79,74,95,148
ENSMUSG00000061536,2,21,18,16,14,18,21,16,10,18,18,27
ENSMUSG00000020986,7,112,112,93,92,129,123,121,95,103,108,145
ENSMUSG00000027429,3,38,26,20,40,34,36,34,17,34,35,73
ENSMUSG00000055319,3,61,41,30,38,42,53,49,57,55,71,62
ENSMUSG00000036391,4,53,38,12,45,40,52,45,47,45,42,52
ENSMUSG00000001052,0,61,36,40,59,71,71,54,81,72,76,109
ENSMUSG00000039367,17,145,153,102,155,185,197,153,173,178,236,259
ENSMUSG00000039234,4,70,77,37,70,68,61,66,57,70,67,92
ENSMUSG00000035325,14,219,165,142,233,202,236,246,216,256,254,297
ENSMUSG00000030082,14,154,104,110,131,126,169,197,133,172,180,281
ENSMUSG00000025816,7,37,49,32,42,57,63,49,46,49,32,60
ENSMUSG00000053317,4,61,46,29,50,39,51,86,54,42,79,134
ENSMUSG00000078974,17,169,131,99,138,124,135,137,147,147,150,232
ENSMUSG00000027706,37,340,307,215,345,355,408,395,417,348,356,499
ENSMUSG00000019802,11,124,132,75,121,107,188,171,136,134,190,260
ENSMUSG00000035139,4,34,31,25,36,35,38,41,35,50,43,54
ENSMUSG00000035093,2,57,49,32,64,57,51,60,59,47,49,83
ENSMUSG00000025165,0,0,0,0,0,0,0,8,1,1,0,5
ENSMUSG00000039364,0,0,0,0,0,0,0,0,0,0,0,0
ENSMUSG00000079614,6,71,55,51,86,71,63,67,89,78,84,121
ENSMUSG00000020964,22,188,214,107,221,227,271,229,213,206,264,303
ENSMUSG00000029189,0,4,8,6,3,1,1,3,1,4,0,3
ENSMUSG00000026582,0,0,2,0,1,0,1,2,0,0,0,1
ENSMUSG00000068874,31,435,401,282,365,388,396,429,577,522,578,633
ENSMUSG00000068877,5,91,109,63,109,101,104,113,167,163,159,167
ENSMUSG00000037072,24,220,237,154,241,226,241,274,281,226,264,434
ENSMUSG00000076437,14,115,105,95,98,113,135,133,148,136,161,183
ENSMUSG00000075703,0,27,22,23,32,33,25,26,29,22,33,33
ENSMUSG00000042682,40,332,283,194,297,287,341,429,411,379,433,623
ENSMUSG00000075702,28,135,144,100,119,151,171,213,168,196,241,312
ENSMUSG00000050989,12,68,60,37,86,70,103,65,61,88,68,107
ENSMUSG00000035757,7,68,58,35,63,64,73,66,68,75,54,90
ENSMUSG00000064373,63,974,770,561,875,870,1020,1034,1113,782,746,1147
ENSMUSG00000075701,10,88,77,46,100,96,86,100,108,75,123,158
ENSMUSG00000075700,18,363,318,242,315,321,335,361,309,318,372,509
ENSMUSG00000046750,0,0,0,0,1,0,0,0,0,0,0,0
ENSMUSG00000041571,90,648,606,423,646,601,1050,1061,1081,920,1086,1501
ENSMUSG00000026581,0,11,3,1,6,4,12,33,7,3,8,37
ENSMUSG00000026580,0,1,1,1,0,1,3,8,1,3,1,3
ENSMUSG00000048163,2,19,21,9,15,7,64,81,44,28,40,121
ENSMUSG00000042541,43,763,738,490,778,786,708,922,851,706,774,1292
ENSMUSG00000028883,0,5,2,2,1,1,4,2,3,5,5,4
ENSMUSG00000057969,11,129,119,90,98,137,145,157,125,195,194,216
ENSMUSG00000028780,4,17,19,15,19,17,23,14,15,17,23,19
ENSMUSG00000040254,0,0,2,1,3,0,4,1,0,2,4,4
ENSMUSG00000063531,0,0,1,0,0,0,2,0,0,0,0,0
ENSMUSG00000034684,19,28,25,20,32,33,23,43,31,34,37,65
ENSMUSG00000021904,2,37,49,32,50,44,76,65,69,81,63,81
ENSMUSG00000028064,2,5,7,5,7,7,12,15,17,10,9,25
ENSMUSG00000030539,2,26,23,17,31,46,26,16,30,23,29,58
ENSMUSG00000026121,4,28,25,17,26,28,35,19,27,19,36,25
ENSMUSG00000021451,1,4,7,2,8,14,22,53,12,11,16,52
ENSMUSG00000000627,1,1,1,5,1,2,2,0,2,1,4,4
ENSMUSG00000025207,1,3,2,0,0,0,1,1,1,0,1,1
ENSMUSG00000022231,1,13,11,8,14,12,30,16,23,18,33,24
ENSMUSG00000052133,0,5,4,1,3,2,3,2,1,2,1,4
ENSMUSG00000019647,11,67,55,46,81,77,57,53,44,46,54,71
ENSMUSG00000001227,21,45,39,36,51,55,78,77,92,109,78,108
ENSMUSG00000038777,2,16,13,6,22,20,17,15,25,27,22,23
ENSMUSG00000027200,2,43,40,21,35,29,28,32,31,28,31,34
ENSMUSG00000038264,21,98,80,63,69,90,113,132,111,106,91,191
ENSMUSG00000033075,1,28,17,13,24,20,32,29,24,19,32,26
ENSMUSG00000022855,4,53,35,36,41,39,50,42,55,52,47,62
ENSMUSG00000005204,12,77,80,55,63,61,87,90,82,61,73,96
ENSMUSG00000022772,1,0,4,1,5,3,4,6,1,4,4,5
ENSMUSG00000034252,11,91,82,56,97,78,89,95,91,106,108,115
ENSMUSG00000052917,3,24,20,16,29,28,28,28,31,15,31,39
ENSMUSG00000051705,0,27,25,11,30,19,22,21,38,15,14,32
ENSMUSG00000000486,1,7,8,5,12,9,11,13,8,9,12,18
ENSMUSG00000022456,0,1,1,1,1,1,0,1,0,1,0,1
ENSMUSG00000020486,30,165,113,74,151,123,127,117,103,122,184,150
ENSMUSG00000050379,2,23,13,17,17,13,23,27,22,18,26,30
ENSMUSG00000001833,23,261,228,166,269,299,286,272,331,233,303,395
ENSMUSG00000018398,8,100,98,65,115,118,143,115,102,100,100,143
ENSMUSG00000059248,5,58,43,32,69,50,54,42,68,43,55,103
ENSMUSG00000019917,1,18,23,19,27,19,19,26,19,26,14,18
ENSMUSG00000058013,8,75,51,39,69,67,98,68,73,54,67,93
ENSMUSG00000026662,6,56,40,30,52,38,53,38,37,47,43,60
ENSMUSG00000049091,2,83,71,69,104,84,81,76,99,87,99,133
ENSMUSG00000029173,3,15,16,12,24,14,18,19,20,18,24,29
ENSMUSG00000015659,0,4,7,7,3,3,5,3,6,5,3,6
ENSMUSG00000036371,70,1087,1059,705,1075,1096,1289,1289,1276,1041,1318,1678
ENSMUSG00000021643,2,31,24,16,23,26,28,36,37,38,47,50
ENSMUSG00000030839,1,17,9,11,12,7,13,18,18,23,24,29
ENSMUSG00000058586,13,133,127,95,104,101,124,157,158,128,147,205
ENSMUSG00000019877,31,548,465,366,484,521,671,604,658,665,681,858
ENSMUSG00000023232,0,0,2,1,1,1,4,5,0,3,5,6
ENSMUSG00000017707,132,1042,949,758,990,1078,1576,1521,1873,1575,1294,2377
ENSMUSG00000046110,0,3,3,0,3,2,0,1,1,3,1,6
ENSMUSG00000021703,2,34,33,16,32,39,42,38,28,35,23,47
ENSMUSG00000027808,12,76,63,53,75,80,125,127,96,100,95,184
ENSMUSG00000052584,0,0,1,0,2,1,0,5,1,2,3,2
ENSMUSG00000061947,0,0,0,0,0,0,0,0,0,0,0,0
ENSMUSG00000041567,0,1,0,0,0,0,0,1,0,0,2,2
ENSMUSG00000066366,0,2,0,0,0,1,1,0,0,0,0,0
ENSMUSG00000071178,0,3,2,0,0,2,1,1,0,0,0,1
ENSMUSG00000079015,0,0,1,0,0,0,0,0,0,0,0,0
ENSMUSG00000071177,1,1,1,0,0,1,1,0,0,1,2,0
ENSMUSG00000072849,0,0,1,0,0,1,0,0,1,1,2,1
ENSMUSG00000021081,0,0,0,0,0,1,0,0,0,0,0,0
ENSMUSG00000066361,0,0,3,1,5,2,8,3,4,1,11,9
ENSMUSG00000066363,0,0,2,0,1,1,8,23,3,4,4,55
ENSMUSG00000041481,0,3,4,1,4,3,11,65,16,17,13,109
ENSMUSG00000079014,0,1,0,0,1,0,4,3,1,1,3,10
ENSMUSG00000079012,0,0,0,0,1,0,0,0,0,2,0,6
ENSMUSG00000021091,5,52,28,33,59,55,360,388,93,173,163,926
ENSMUSG00000058260,0,1,1,0,0,0,0,2,3,4,1,1
ENSMUSG00000092572,0,0,1,0,0,0,1,0,1,0,1,3
ENSMUSG00000059956,0,0,0,0,0,0,0,0,0,0,0,0
ENSMUSG00000044734,1,8,14,8,4,9,13,25,8,10,8,22
ENSMUSG00000051029,1,0,0,0,0,0,0,0,0,0,0,0
ENSMUSG00000079049,0,0,0,0,0,0,1,5,1,0,2,4
ENSMUSG00000062345,0,0,0,0,1,0,0,0,0,0,1,0
ENSMUSG00000073602,0,1,0,0,0,0,0,0,0,0,0,0
ENSMUSG00000067006,0,0,0,0,0,0,0,0,0,0,0,0
ENSMUSG00000060147,34,418,397,282,406,424,510,476,457,480,499,775
ENSMUSG00000042842,11,123,152,99,170,169,230,305,284,220,262,367
ENSMUSG00000052180,0,0,0,1,1,0,0,1,1,0,0,0
ENSMUSG00000067001,0,1,0,0,0,0,0,0,0,0,0,0
ENSMUSG00000026315,0,5,5,3,4,3,19,15,3,9,9,15
ENSMUSG00000045827,4,51,38,22,44,37,73,106,97,58,66,117
ENSMUSG00000021403,0,1,0,0,0,0,1,1,0,0,0,1
ENSMUSG00000038327,2,1,0,1,1,1,1,0,2,0,0,0
ENSMUSG00000026715,0,1,0,0,1,3,0,1,1,2,1,3
ENSMUSG00000022766,0,0,1,0,0,1,0,1,4,2,1,2
ENSMUSG00000037411,6,106,158,179,138,222,147,306,168,233,84,351
ENSMUSG00000026249,4,81,66,65,86,81,91,124,74,89,90,155
ENSMUSG00000091155,0,0,0,0,0,0,0,0,0,0,0,0
ENSMUSG00000000753,8,120,95,65,115,103,121,119,99,92,105,227
ENSMUSG00000038224,0,0,0,0,1,0,1,1,0,0,0,0
ENSMUSG00000023224,34,396,393,287,389,368,767,798,591,742,688,1459
ENSMUSG00000070436,35,430,390,238,382,351,331,354,248,230,340,551
ENSMUSG00000027834,1,14,13,13,18,24,19,25,34,35,26,39
ENSMUSG00000034139,0,1,0,0,0,0,0,0,0,0,0,0
ENSMUSG00000008384,7,58,48,46,92,79,42,101,83,73,94,148
ENSMUSG00000049800,7,63,57,39,65,69,74,65,61,52,76,93
ENSMUSG00000055200,0,15,8,9,9,9,10,12,8,4,7,20
ENSMUSG00000016262,0,7,11,2,8,4,6,3,6,3,5,7
ENSMUSG00000056306,0,1,1,0,1,0,0,0,1,1,2,1
ENSMUSG00000038332,18,303,298,231,290,325,400,368,525,566,456,562
ENSMUSG00000028893,4,9,6,3,13,14,11,12,9,7,10,18
ENSMUSG00000032009,5,40,32,11,29,33,29,23,21,21,41,38
ENSMUSG00000042272,2,43,50,25,40,53,52,49,43,51,42,56
ENSMUSG00000054766,22,210,201,130,226,206,270,238,274,203,260,358
ENSMUSG00000024548,1,14,19,11,16,19,23,13,19,20,19,24
ENSMUSG00000038384,11,168,179,90,181,200,189,189,184,169,166,259
ENSMUSG00000044791,5,71,69,38,63,69,63,63,70,61,59,73
ENSMUSG00000056770,9,174,183,139,159,157,184,181,189,164,191,254
ENSMUSG00000022948,1,9,6,8,4,9,16,6,11,8,10,15
ENSMUSG00000034269,14,49,40,25,37,50,42,46,36,31,19,45
ENSMUSG00000031671,3,32,24,18,27,25,28,31,33,28,21,38
ENSMUSG00000037111,14,124,124,73,104,138,141,148,129,122,126,187
ENSMUSG00000015697,2,30,20,24,23,21,34,30,27,38,35,29
ENSMUSG00000071350,0,9,2,1,1,6,5,10,4,6,2,13
ENSMUSG00000034639,0,5,9,2,6,7,7,11,13,10,6,12
ENSMUSG00000043535,5,72,73,50,62,60,63,57,52,56,62,93
ENSMUSG00000000632,1,5,2,2,5,1,3,0,2,1,3,2
ENSMUSG00000058153,0,0,0,0,1,0,0,0,0,0,0,0
ENSMUSG00000030683,10,17,24,12,19,14,9,1,5,9,6,13
ENSMUSG00000024949,12,98,109,67,83,120,122,122,130,91,95,149
ENSMUSG00000002129,6,97,79,61,94,87,90,71,112,79,94,128
ENSMUSG00000020211,5,106,88,73,90,97,117,92,122,124,145,137
ENSMUSG00000028902,7,62,42,21,32,45,68,50,48,46,45,79
ENSMUSG00000025982,21,207,228,174,214,227,255,282,251,253,209,353
ENSMUSG00000024853,38,397,371,253,374,359,421,404,432,500,504,611
ENSMUSG00000033732,12,107,121,81,125,138,122,157,112,100,157,191
ENSMUSG00000068856,0,37,44,26,44,39,46,56,46,35,48,64
ENSMUSG00000078348,6,161,144,89,121,154,163,188,151,178,196,261
ENSMUSG00000037361,7,104,100,67,94,109,104,118,131,114,91,180
ENSMUSG00000023764,9,36,27,30,49,43,56,30,44,46,37,59
ENSMUSG00000006527,2,26,27,18,21,30,36,19,22,31,28,42
ENSMUSG00000061186,0,0,1,0,0,2,1,1,0,0,0,0
ENSMUSG00000047281,3,6,11,3,3,6,6,11,10,8,11,16
ENSMUSG00000028820,14,118,81,65,104,136,103,151,118,104,123,208
ENSMUSG00000025066,12,237,206,164,199,203,228,244,265,245,249,335
ENSMUSG00000031548,2,27,27,14,28,25,59,44,25,38,39,73
ENSMUSG00000027996,1,12,9,2,7,8,12,14,3,6,5,8
ENSMUSG00000021319,0,0,0,0,0,1,0,0,0,0,1,0
ENSMUSG00000018822,0,1,3,2,6,3,1,1,5,4,7,7
ENSMUSG00000029439,16,71,71,47,75,62,76,53,63,82,93,109
ENSMUSG00000040848,13,94,60,66,69,89,101,71,80,80,77,83
ENSMUSG00000044982,2,24,24,15,16,21,19,25,26,33,23,36
ENSMUSG00000090509,0,0,0,0,0,0,0,0,0,0,0,0
ENSMUSG00000021789,0,0,0,0,0,1,0,0,0,0,1,2
ENSMUSG00000056370,0,0,0,0,0,0,0,0,0,0,0,0
ENSMUSG00000022097,0,0,0,0,0,0,0,0,0,0,1,0
ENSMUSG00000021795,0,0,0,0,0,0,0,0,0,0,0,0
ENSMUSG00000021474,6,47,42,33,40,34,53,49,43,39,34,77
ENSMUSG00000025036,5,10,14,12,11,19,27,17,21,21,22,23
ENSMUSG00000025212,3,21,31,18,30,36,41,45,34,38,28,48
ENSMUSG00000063698,2,30,27,14,29,21,21,32,25,27,40,34
ENSMUSG00000033720,1,12,5,9,13,4,16,11,5,11,12,21
ENSMUSG00000001508,44,635,605,431,572,635,602,662,792,707,862,1015
ENSMUSG00000029156,9,286,262,199,283,301,280,308,277,299,271,415
ENSMUSG00000020354,4,19,26,8,32,18,30,37,31,32,28,45
ENSMUSG00000004631,1,38,29,38,40,44,55,51,53,45,53,62
ENSMUSG00000035296,25,452,447,278,403,434,503,540,687,551,631,819
ENSMUSG00000039539,0,0,0,0,0,0,0,0,0,0,0,0
ENSMUSG00000030714,11,50,55,45,57,46,59,59,62,72,77,86
ENSMUSG00000028524,0,1,5,3,8,5,9,5,5,11,4,6
ENSMUSG00000019970,24,200,119,137,193,182,205,219,204,199,190,244
ENSMUSG00000017868,0,0,0,0,0,0,0,0,0,0,0,0
ENSMUSG00000025915,1,25,25,11,34,31,37,43,33,40,27,50
ENSMUSG00000040451,13,86,86,68,118,125,150,151,124,144,105,162
ENSMUSG00000050931,0,5,5,2,6,4,6,4,3,1,0,3
ENSMUSG00000023940,1,1,0,0,1,2,3,2,0,2,1,6
ENSMUSG00000026039,1,18,17,17,17,14,27,25,43,18,32,18
ENSMUSG00000020097,5,52,61,29,58,56,84,97,64,77,56,109
ENSMUSG00000021054,7,77,74,46,69,74,95,80,89,93,94,129
ENSMUSG00000032908,0,0,0,0,0,0,1,0,0,0,0,0
ENSMUSG00000005043,1,21,16,10,8,13,16,13,16,16,13,26
ENSMUSG00000042216,0,0,1,0,2,2,1,2,0,0,0,0
ENSMUSG00000038351,2,10,16,13,19,25,33,31,27,22,25,24
ENSMUSG00000042303,4,43,31,26,26,26,24,33,36,43,35,50
ENSMUSG00000004937,20,309,278,212,247,297,321,374,379,378,426,525
ENSMUSG00000042743,1,2,0,2,1,2,1,1,0,1,0,1
ENSMUSG00000030733,7,169,139,99,134,151,147,142,150,171,184,218
ENSMUSG00000005057,0,5,1,2,2,4,4,5,4,3,5,12
ENSMUSG00000042594,12,92,81,57,88,100,85,97,115,93,107,164
ENSMUSG00000005696,0,0,0,0,1,0,1,0,1,1,0,2
ENSMUSG00000102418,0,0,2,1,0,0,2,5,1,1,3,4
ENSMUSG00000073494,0,0,0,0,0,0,1,0,0,0,0,0
ENSMUSG00000028071,0,0,2,2,1,0,6,3,6,3,8,11
ENSMUSG00000059013,14,74,78,53,73,95,76,93,115,140,91,135
ENSMUSG00000053886,5,62,42,29,53,39,48,59,39,37,50,49
ENSMUSG00000037833,0,0,0,0,2,0,0,1,0,0,0,0
ENSMUSG00000045349,0,1,1,0,1,0,1,1,0,0,1,0
ENSMUSG00000052631,0,0,0,0,0,1,2,0,0,0,2,2
ENSMUSG00000040666,46,708,678,472,595,591,238,502,356,409,335,688
ENSMUSG00000031246,11,83,55,47,75,62,81,91,88,69,72,151
ENSMUSG00000032261,4,12,7,6,17,9,14,11,6,15,17,15
ENSMUSG00000028843,63,190,178,125,170,158,329,447,273,232,286,603
ENSMUSG00000022436,2,25,22,16,20,13,27,31,25,9,24,45
ENSMUSG00000054520,1,7,8,3,5,10,16,16,10,5,4,38
ENSMUSG00000036206,6,34,29,14,42,33,36,27,37,29,37,40
ENSMUSG00000021892,8,189,170,87,179,185,196,227,188,204,219,223
ENSMUSG00000013646,3,64,54,53,58,69,71,55,63,75,83,93
ENSMUSG00000028082,4,33,31,22,36,29,40,30,23,26,37,49
ENSMUSG00000073758,2,17,17,13,13,17,20,19,30,32,24,26
ENSMUSG00000003200,8,50,45,33,41,45,51,59,46,52,56,76
ENSMUSG00000028488,0,4,3,2,4,4,2,2,1,2,3,2
ENSMUSG00000030638,0,1,1,1,0,1,3,1,1,0,3,0
ENSMUSG00000037062,91,1157,1133,812,1214,1118,1330,1361,1482,1412,1687,2076
ENSMUSG00000026860,30,256,237,153,255,214,214,228,189,257,258,318
ENSMUSG00000040990,19,356,261,186,258,289,236,253,272,238,278,433
ENSMUSG00000053617,16,102,104,78,111,120,100,81,97,62,102,94
ENSMUSG00000040711,2,7,14,9,18,10,26,17,8,15,23,38
ENSMUSG00000031642,6,17,28,13,16,19,12,14,10,13,10,30
ENSMUSG00000057719,4,78,68,47,66,61,95,85,76,87,107,81
ENSMUSG00000037990,1,1,3,1,1,1,4,4,0,2,5,3
ENSMUSG00000036553,11,28,33,17,28,24,39,39,38,38,51,59
ENSMUSG00000045629,3,9,7,8,2,10,9,8,7,7,10,9
ENSMUSG00000020669,0,1,3,2,5,5,2,4,2,1,4,8
ENSMUSG00000038738,0,5,3,5,8,7,4,2,2,2,3,6
ENSMUSG00000037541,0,1,0,0,0,0,0,0,1,1,0,0
ENSMUSG00000022623,43,124,91,62,126,96,95,99,83,102,106,114
ENSMUSG00000022552,16,143,115,105,121,126,111,154,147,178,153,237
ENSMUSG00000044813,3,82,67,46,53,65,68,70,69,73,91,90
ENSMUSG00000042626,4,57,48,25,71,55,78,65,33,43,63,77
ENSMUSG00000020312,0,2,5,1,4,3,0,0,4,1,3,4
ENSMUSG00000021448,0,0,1,0,0,0,1,0,0,0,1,0
ENSMUSG00000035109,0,2,3,1,4,1,3,2,1,4,1,2
ENSMUSG00000022322,0,1,1,1,2,0,0,3,2,0,1,5
ENSMUSG00000042708,0,0,0,0,0,0,1,0,0,0,1,0
ENSMUSG00000039154,0,0,2,1,0,1,0,2,0,0,1,2
ENSMUSG00000046280,6,36,40,33,35,41,62,42,28,32,30,44
ENSMUSG00000033256,1,22,7,15,14,15,18,16,12,23,22,14
ENSMUSG00000044461,0,0,1,1,1,1,1,1,1,0,3,2
ENSMUSG00000050010,0,5,6,1,2,7,5,6,4,2,4,5
ENSMUSG00000041889,9,35,33,20,31,37,35,57,37,57,82,59
ENSMUSG00000025647,19,159,93,83,129,130,209,335,160,179,248,504
ENSMUSG00000053930,0,0,3,3,1,0,0,0,2,1,0,1
ENSMUSG00000053550,0,0,0,0,0,0,0,0,0,0,1,0
ENSMUSG00000096883,0,0,1,0,0,0,0,1,0,0,0,1
ENSMUSG00000022494,0,0,0,0,0,0,1,0,0,0,0,0
ENSMUSG00000089832,4,38,31,29,38,26,37,47,41,37,38,67
ENSMUSG00000020534,0,29,37,21,34,36,38,36,41,46,45,46
ENSMUSG00000025403,14,179,159,110,146,133,152,177,172,206,188,239
ENSMUSG00000024976,3,50,32,36,29,37,65,35,41,31,27,72
ENSMUSG00000027833,1,1,2,1,3,4,2,1,1,2,3,3
ENSMUSG00000005951,0,9,2,5,8,7,6,4,6,6,7,14
ENSMUSG00000090112,3,30,35,17,38,32,37,25,22,27,22,30
ENSMUSG00000035378,0,4,4,11,3,4,6,10,10,7,9,11
ENSMUSG00000018387,0,3,3,2,2,1,5,2,0,3,0,3
ENSMUSG00000045180,0,11,10,4,11,7,8,10,7,9,8,14
ENSMUSG00000029381,3,68,80,54,71,90,145,153,91,98,102,217
ENSMUSG00000068270,8,28,37,24,38,22,41,31,46,46,31,45
ENSMUSG00000041362,1,3,6,4,2,4,10,10,4,7,6,17
ENSMUSG00000001942,4,41,30,30,47,33,32,45,37,31,35,45
ENSMUSG00000036840,4,41,43,16,45,46,63,51,54,39,47,53
ENSMUSG00000040749,0,3,12,6,8,4,7,2,4,2,4,12
ENSMUSG00000036432,2,27,17,30,24,23,20,26,22,19,35,27
ENSMUSG00000022696,1,2,4,2,3,4,4,1,2,1,1,4
ENSMUSG00000034908,19,135,95,82,131,117,122,141,148,105,139,189
ENSMUSG00000025494,11,27,24,17,23,23,25,18,23,37,30,38
ENSMUSG00000027322,0,6,5,3,3,1,26,27,6,12,3,51
ENSMUSG00000030474,0,4,2,1,3,3,19,9,13,8,7,25
ENSMUSG00000039013,0,0,1,0,0,0,1,1,1,1,1,0
ENSMUSG00000030468,0,4,1,1,3,1,1,0,2,0,2,6
ENSMUSG00000051504,1,2,2,0,1,2,0,3,0,1,1,1
ENSMUSG00000036078,4,40,57,38,46,63,66,63,43,59,60,99
ENSMUSG00000024042,10,56,34,28,52,61,79,67,53,38,33,55
ENSMUSG00000037112,1,11,12,12,16,10,11,13,12,13,19,18
ENSMUSG00000034135,15,206,219,138,212,214,270,229,314,277,375,360
ENSMUSG00000027854,16,113,108,71,113,112,118,113,115,126,109,169
ENSMUSG00000024357,1,92,75,52,65,76,103,98,86,110,135,162
ENSMUSG00000062713,0,0,0,0,0,0,0,0,0,0,0,1
ENSMUSG00000043183,4,7,7,3,9,6,8,8,11,5,4,17
ENSMUSG00000042557,2,36,49,20,51,56,47,40,43,31,45,49
ENSMUSG00000031622,10,176,182,143,192,187,219,227,211,193,244,357
ENSMUSG00000056917,22,103,88,68,87,75,84,94,75,99,127,107
ENSMUSG00000042700,12,31,32,27,29,38,42,27,38,47,27,54
ENSMUSG00000001995,7,128,122,75,110,135,112,101,68,116,144,153
ENSMUSG00000030583,4,9,10,5,8,12,12,12,13,15,11,15
ENSMUSG00000037902,5,90,72,53,76,74,155,131,69,88,124,150
ENSMUSG00000095788,0,0,1,0,0,1,3,13,0,1,2,11
ENSMUSG00000095028,0,0,2,2,0,1,3,13,2,1,1,16
ENSMUSG00000074677,0,0,0,0,0,0,5,12,2,2,3,11
ENSMUSG00000020063,1,25,22,16,21,18,19,30,33,29,25,35
ENSMUSG00000015149,32,434,413,300,370,417,470,475,462,542,661,693
ENSMUSG00000025486,5,181,158,134,147,140,115,124,137,158,161,175
ENSMUSG00000029524,2,37,31,20,25,35,44,30,47,42,38,39
ENSMUSG00000054021,5,117,99,81,94,105,98,108,103,91,81,143
ENSMUSG00000034748,7,20,14,12,19,10,23,13,28,22,18,40
ENSMUSG00000028460,0,0,1,0,0,1,0,0,0,1,0,0
ENSMUSG00000064326,3,95,93,78,102,104,95,100,101,110,129,162
ENSMUSG00000051367,0,9,5,4,2,8,4,8,12,5,14,6
ENSMUSG00000024134,0,1,1,1,2,1,2,1,0,1,1,2
ENSMUSG00000038805,0,0,0,0,0,0,0,0,0,0,0,0
ENSMUSG00000034460,0,9,12,8,20,14,15,11,19,15,10,10
ENSMUSG00000040841,2,41,32,26,35,48,34,33,30,44,43,33
ENSMUSG00000036223,0,3,0,0,0,0,0,2,0,0,0,1
ENSMUSG00000020492,1,36,36,20,40,35,52,29,64,46,55,61
ENSMUSG00000021965,0,0,0,0,0,1,1,0,0,0,1,0
ENSMUSG00000057058,0,0,0,0,1,1,0,2,3,2,4,7
ENSMUSG00000059182,2,25,22,9,25,28,40,40,28,26,26,60
ENSMUSG00000029050,19,170,169,135,200,196,163,184,186,166,201,271
ENSMUSG00000054074,2,18,12,2,12,7,12,10,9,10,5,13
ENSMUSG00000027660,2,31,24,15,19,25,38,40,26,34,28,43
ENSMUSG00000070868,0,0,0,0,0,1,0,0,1,1,0,0
ENSMUSG00000078598,0,0,1,0,0,0,0,0,0,0,0,0
ENSMUSG00000049214,0,0,0,0,0,0,0,0,0,0,0,1
ENSMUSG00000078599,0,0,0,0,0,0,0,0,1,0,0,0
ENSMUSG00000040356,10,79,67,55,79,79,78,121,95,131,127,162
ENSMUSG00000016018,5,95,92,44,80,72,94,108,105,101,98,160
ENSMUSG00000022245,0,0,0,0,0,0,0,0,0,1,0,1
ENSMUSG00000036309,30,588,493,358,557,520,399,490,435,288,386,671
ENSMUSG00000054115,1,1,1,1,0,0,3,7,1,1,1,1
ENSMUSG00000022372,1,8,5,4,1,6,13,28,18,14,7,21
ENSMUSG00000027636,1,4,2,0,4,5,3,8,3,0,3,4
ENSMUSG00000055717,1,0,0,0,0,0,0,2,0,0,2,1
ENSMUSG00000036087,19,346,338,239,338,354,441,303,342,337,402,456
ENSMUSG00000015316,4,3,3,1,1,2,2,1,2,2,5,1
ENSMUSG00000015314,1,1,1,1,0,0,1,3,0,0,3,2
ENSMUSG00000038179,1,3,4,1,0,2,16,22,5,10,4,41
ENSMUSG00000053318,0,1,0,3,2,3,8,11,7,2,3,29
ENSMUSG00000026548,6,23,24,16,19,22,84,142,52,53,46,141
ENSMUSG00000004642,5,40,33,26,37,42,36,53,50,35,48,51
ENSMUSG00000021135,0,0,0,0,0,0,2,0,0,0,2,0
ENSMUSG00000029219,0,1,0,0,0,0,0,1,0,0,0,0
ENSMUSG00000029321,2,18,10,6,12,21,44,54,27,44,20,84
ENSMUSG00000031684,0,8,10,8,9,11,13,14,6,12,14,20
ENSMUSG00000026177,1,18,18,10,13,17,28,71,22,28,21,75
ENSMUSG00000023030,2,68,70,43,45,54,76,58,59,53,50,105
ENSMUSG00000027202,0,0,0,0,0,0,0,1,0,0,0,0
ENSMUSG00000024597,3,56,59,32,59,70,65,46,64,50,59,52
ENSMUSG00000031766,0,0,0,0,0,0,0,1,2,1,1,3
ENSMUSG00000017765,22,129,123,88,101,131,145,160,125,184,163,255
ENSMUSG00000017740,1,5,5,2,8,8,4,0,2,3,5,6
ENSMUSG00000017756,22,395,376,252,327,329,338,328,292,336,380,434
ENSMUSG00000035506,0,1,1,0,0,3,3,3,1,3,1,2
ENSMUSG00000037344,6,22,17,9,19,20,31,25,23,22,14,45
ENSMUSG00000029700,0,1,0,0,0,0,0,0,0,0,0,0
ENSMUSG00000001095,0,0,0,0,0,0,1,0,0,0,0,0
ENSMUSG00000018459,0,4,1,0,1,2,4,3,5,3,0,3
ENSMUSG00000029843,0,0,0,0,0,0,1,3,1,5,2,5
ENSMUSG00000020805,0,0,0,0,0,0,1,0,0,0,1,0
ENSMUSG00000059336,0,4,1,1,1,1,0,2,3,4,8,7
ENSMUSG00000025557,0,0,0,2,0,0,0,0,0,0,0,1
ENSMUSG00000022899,4,6,10,1,4,2,9,17,7,19,14,8
ENSMUSG00000024737,2,10,10,4,11,10,44,59,14,11,17,90
ENSMUSG00000029416,7,26,27,20,43,23,37,46,45,41,55,53
ENSMUSG00000044378,0,0,1,0,0,1,0,0,0,1,0,0
ENSMUSG00000032902,18,444,401,310,463,490,438,389,369,384,328,561
ENSMUSG00000019838,3,62,58,31,63,51,48,47,36,52,46,87
ENSMUSG00000040938,1,3,3,4,6,2,3,5,0,3,2,2
ENSMUSG00000009378,0,6,3,0,4,8,3,7,9,2,3,13
ENSMUSG00000044367,4,5,10,6,4,8,11,7,6,9,7,11
ENSMUSG00000033965,3,31,31,23,35,28,50,51,33,26,43,55
ENSMUSG00000025161,1,10,11,7,10,14,21,26,17,21,23,41
ENSMUSG00000027896,1,2,2,1,3,1,0,1,1,2,0,2
ENSMUSG00000041920,3,11,13,16,24,27,30,21,29,9,11,15
ENSMUSG00000020102,1,16,12,3,12,15,9,9,7,13,9,7
ENSMUSG00000032988,0,8,6,2,7,1,3,1,4,5,5,3
ENSMUSG00000037762,0,14,8,3,15,10,15,17,11,13,17,16
ENSMUSG00000021335,0,0,0,0,0,0,0,0,0,0,0,0
ENSMUSG00000036083,0,0,0,0,0,0,0,0,0,0,0,0
ENSMUSG00000049624,1,16,8,5,9,11,9,11,16,18,9,14
ENSMUSG00000070570,2,37,54,16,33,29,16,31,17,36,27,42
ENSMUSG00000019935,0,0,0,1,0,0,1,0,0,0,0,0
ENSMUSG00000023393,1,3,2,1,2,4,4,5,1,0,6,3
ENSMUSG00000036330,0,0,0,1,2,1,0,1,2,0,0,0
ENSMUSG00000025094,2,5,8,4,7,2,6,7,10,5,4,8
ENSMUSG00000037455,3,11,16,8,19,24,13,10,16,7,16,22
ENSMUSG00000001436,0,12,14,10,14,4,9,13,15,10,16,19
ENSMUSG00000040918,1,23,18,16,28,15,19,14,22,13,21,27
ENSMUSG00000038496,0,2,0,0,3,3,2,1,2,1,1,2
ENSMUSG00000024935,0,7,7,6,4,5,3,5,3,2,1,9
ENSMUSG00000005089,0,1,0,1,4,1,4,2,2,1,2,7
ENSMUSG00000005360,0,5,8,1,4,4,6,7,6,2,8,10
ENSMUSG00000020142,1,5,3,1,6,5,2,5,7,4,7,10
ENSMUSG00000001918,14,65,73,72,70,91,113,112,112,121,104,181
ENSMUSG00000005357,0,0,0,0,0,0,0,0,1,0,0,0
ENSMUSG00000008932,0,2,3,0,1,0,0,1,0,1,0,1
ENSMUSG00000027397,7,21,42,19,30,32,68,31,29,34,40,45
ENSMUSG00000037656,31,506,433,316,442,411,497,442,510,572,481,742
ENSMUSG00000023829,0,9,10,10,15,10,8,4,19,14,10,12
ENSMUSG00000061742,0,1,0,0,1,0,1,1,4,4,0,0
ENSMUSG00000074028,0,1,0,0,0,0,0,0,0,0,0,0
ENSMUSG00000092212,0,0,1,1,2,3,1,1,0,2,2,2
ENSMUSG00000070280,0,0,0,2,0,0,0,1,0,1,0,1
ENSMUSG00000033147,3,7,10,6,9,7,13,10,7,5,10,13
ENSMUSG00000022199,0,15,14,4,16,16,21,8,18,17,22,17
ENSMUSG00000000154,0,3,3,2,3,5,0,2,4,2,4,3
ENSMUSG00000024757,0,0,0,0,0,0,0,0,0,0,0,0
ENSMUSG00000040966,0,1,0,1,0,0,0,0,0,0,0,0
ENSMUSG00000063652,1,14,14,5,10,12,20,11,17,9,11,14
ENSMUSG00000022366,0,1,0,0,0,0,0,0,0,0,0,0
ENSMUSG00000038267,1,24,23,14,23,22,29,14,18,21,22,33
ENSMUSG00000063590,0,0,0,0,0,0,0,0,0,0,0,0
ENSMUSG00000075044,1,0,0,0,0,0,0,0,0,0,0,0
ENSMUSG00000023828,0,19,20,17,22,23,15,7,10,7,15,16
ENSMUSG00000052562,0,0,0,1,0,0,0,0,0,0,0,0
ENSMUSG00000020334,0,6,3,3,6,3,8,3,4,7,3,6
ENSMUSG00000018900,1,43,41,29,40,41,47,38,66,43,30,47
ENSMUSG00000024650,1,0,0,0,0,0,0,0,0,0,0,0
ENSMUSG00000067144,0,0,0,0,0,0,0,0,1,1,0,0
ENSMUSG00000063796,0,1,0,0,0,0,0,0,0,0,0,0
ENSMUSG00000024354,0,0,0,0,0,0,1,1,0,0,0,0
ENSMUSG00000027340,1,26,33,20,27,27,33,24,20,23,20,41
ENSMUSG00000026205,0,1,1,0,1,0,0,1,0,0,2,2
ENSMUSG00000029847,0,0,0,0,0,1,0,0,0,1,0,0
ENSMUSG00000034452,0,2,0,0,0,0,0,1,0,0,1,0
ENSMUSG00000037996,1,1,0,1,2,1,1,0,3,2,4,2
ENSMUSG00000063873,2,5,2,4,8,9,6,7,4,3,3,6
ENSMUSG00000041771,0,0,0,0,2,0,0,1,0,0,0,0
ENSMUSG00000035183,0,3,0,1,2,0,1,0,2,0,1,3
ENSMUSG00000003528,8,36,25,20,36,35,44,56,25,42,55,65
ENSMUSG00000025792,4,57,50,31,32,44,46,40,42,42,44,70
ENSMUSG00000014606,112,2154,2049,1449,1809,1979,1549,1684,1810,1941,1921,2419
ENSMUSG00000027010,27,619,513,324,530,546,516,486,559,596,573,691
ENSMUSG00000015112,21,521,485,293,367,458,306,312,351,353,327,551
ENSMUSG00000031105,1,6,4,7,7,6,13,6,14,13,15,13
ENSMUSG00000031482,4,46,42,26,48,52,52,37,26,36,24,48
ENSMUSG00000071253,4,64,56,43,58,49,68,63,58,65,48,76
ENSMUSG00000022404,1,49,34,23,30,37,45,43,45,33,40,58
ENSMUSG00000004902,0,0,1,0,1,0,1,0,0,0,0,0
ENSMUSG00000020744,7,148,124,99,102,96,102,96,102,125,143,161
ENSMUSG00000050304,0,0,0,2,0,0,1,0,0,0,1,0
ENSMUSG00000032602,45,682,593,440,699,629,710,633,759,571,566,812
ENSMUSG00000035472,1,0,0,0,0,0,0,0,0,0,0,1
ENSMUSG00000019082,7,73,90,71,105,104,95,119,93,112,74,177
ENSMUSG00000046329,12,155,143,117,117,125,127,149,118,126,165,186
ENSMUSG00000040322,3,6,13,5,13,6,15,13,10,10,8,13
ENSMUSG00000026819,4,27,16,17,25,40,34,37,33,24,27,43
ENSMUSG00000045100,7,107,95,73,87,89,103,100,117,89,113,143
ENSMUSG00000023912,0,15,17,6,12,22,9,8,15,16,11,17
ENSMUSG00000040414,13,156,134,95,178,164,221,248,252,261,269,314
ENSMUSG00000021265,1,36,45,28,28,33,31,21,20,29,39,50
ENSMUSG00000061904,389,7922,7377,5203,7228,7051,6220,7032,7547,7846,7977,10201
ENSMUSG00000022003,0,0,0,1,0,0,0,2,0,0,0,0
ENSMUSG00000069041,0,3,1,2,2,3,2,3,0,2,3,3
ENSMUSG00000022299,2,5,10,4,6,4,8,1,9,8,6,12
ENSMUSG00000028982,4,84,91,79,72,100,96,126,185,134,84,168
ENSMUSG00000040740,34,533,582,418,688,712,903,799,929,907,728,1062
ENSMUSG00000018740,2,28,33,24,16,24,16,20,13,21,23,35
ENSMUSG00000032449,1,87,93,44,98,79,102,96,93,73,80,116
ENSMUSG00000034248,28,106,80,28,76,58,38,39,40,47,48,77
ENSMUSG00000032519,8,79,70,55,81,76,82,70,83,91,93,109
ENSMUSG00000018677,52,682,559,445,612,571,499,568,608,615,668,857
ENSMUSG00000031633,1223,25329,23189,16559,22327,23082,21125,23361,26871,29447,31895,36500
ENSMUSG00000054099,0,15,10,15,17,10,13,10,23,7,18,19
ENSMUSG00000011486,0,0,1,0,0,0,0,0,0,0,1,0
ENSMUSG00000002346,13,184,192,172,204,192,138,146,169,155,142,233
ENSMUSG00000037636,0,0,0,0,0,0,1,1,0,0,0,0
ENSMUSG00000050144,1,41,47,28,35,39,40,42,41,32,39,61
ENSMUSG00000024818,3,8,12,6,17,13,20,16,11,14,24,28
ENSMUSG00000024259,13,245,184,127,194,209,211,203,196,196,164,271
ENSMUSG00000048856,2,15,10,13,12,15,11,14,11,18,17,23
ENSMUSG00000021509,0,0,0,0,0,0,0,0,0,0,1,0
ENSMUSG00000016319,36,850,685,512,664,616,624,776,656,711,783,1140
ENSMUSG00000045973,16,234,206,129,214,223,207,182,187,175,189,225
ENSMUSG00000044348,0,1,3,5,5,2,4,3,7,2,2,5
ENSMUSG00000027880,0,0,0,1,0,0,0,0,0,0,0,0
ENSMUSG00000046959,0,0,0,0,0,0,0,0,0,0,0,1
ENSMUSG00000040441,51,104,113,77,114,85,120,87,135,156,168,145
ENSMUSG00000039908,1,8,12,4,6,11,15,9,7,4,8,10
ENSMUSG00000034320,1,33,43,11,31,28,28,17,20,14,13,34
ENSMUSG00000001225,0,0,0,0,1,3,0,0,3,0,0,0
ENSMUSG00000020651,0,0,0,0,0,1,0,0,0,0,0,0
ENSMUSG00000029015,2,8,0,0,2,2,4,4,4,3,1,5
ENSMUSG00000023259,1,24,22,13,17,29,20,12,20,25,24,25
ENSMUSG00000040569,0,1,1,1,0,1,2,1,0,0,1,3
ENSMUSG00000036196,0,1,1,1,0,1,2,2,1,0,0,1
ENSMUSG00000042268,0,0,0,0,0,0,0,0,0,0,0,0
ENSMUSG00000031808,30,312,275,235,348,390,562,423,548,513,424,608
ENSMUSG00000027359,0,0,1,0,0,1,1,1,0,0,0,0
ENSMUSG00000027932,1,4,2,3,4,2,2,2,1,5,6,10
ENSMUSG00000059316,5,57,63,48,57,58,50,67,69,51,71,106
ENSMUSG00000030382,0,0,0,0,0,0,0,0,1,0,1,1
ENSMUSG00000025726,0,0,0,1,1,2,1,1,0,0,0,0
ENSMUSG00000027219,29,76,64,48,88,79,91,70,50,59,83,111
ENSMUSG00000021553,1,0,1,0,1,1,2,0,0,0,1,0
ENSMUSG00000023942,10,245,191,155,227,208,215,208,206,228,240,310
ENSMUSG00000024891,1,38,29,33,30,41,38,38,36,32,38,53
ENSMUSG00000020100,3,17,14,11,32,17,31,34,41,18,22,55
ENSMUSG00000050822,0,1,0,1,1,2,0,2,0,0,0,2
ENSMUSG00000028645,7,41,39,28,38,49,59,47,68,55,69,72
ENSMUSG00000027661,0,1,6,0,2,1,2,2,1,1,5,6
ENSMUSG00000037490,1,17,20,19,20,24,18,15,18,12,31,17
ENSMUSG00000036298,0,2,0,0,2,0,1,1,0,0,0,0
ENSMUSG00000027690,0,1,0,0,2,0,0,0,0,0,0,0
ENSMUSG00000003153,3,5,3,4,9,7,6,4,10,10,9,13
ENSMUSG00000018566,53,1250,1175,886,1046,1172,823,860,1193,1058,1265,1437
ENSMUSG00000028976,0,0,0,0,0,0,0,0,0,1,0,0
ENSMUSG00000036067,0,0,2,4,0,0,2,3,0,1,0,13
ENSMUSG00000026791,2,83,84,59,87,93,117,88,122,108,99,163
ENSMUSG00000005107,1,4,3,1,7,5,7,3,2,8,7,7
ENSMUSG00000037434,2,34,35,26,32,40,30,39,43,36,44,51
ENSMUSG00000026614,0,0,0,0,0,0,1,0,0,0,1,0
ENSMUSG00000028836,0,4,3,5,3,5,0,2,2,0,1,7
ENSMUSG00000029151,0,0,0,1,0,0,0,1,3,1,1,0
ENSMUSG00000005802,1,5,13,7,12,7,13,10,11,7,13,15
ENSMUSG00000021629,5,49,36,9,28,41,40,38,42,45,50,60
ENSMUSG00000024069,0,20,22,17,28,19,28,26,29,22,31,50
ENSMUSG00000054414,1,19,34,24,34,23,36,36,21,19,29,58
ENSMUSG00000029221,23,350,324,250,332,376,288,266,275,273,296,411
ENSMUSG00000066150,7,95,82,61,82,96,88,71,80,65,75,108
ENSMUSG00000066152,5,36,48,33,44,41,59,60,90,69,41,108
ENSMUSG00000037771,0,0,0,0,0,0,0,0,0,0,0,0
ENSMUSG00000027822,2,25,19,15,33,19,36,18,17,26,19,39
ENSMUSG00000021490,1,0,0,1,0,1,0,0,0,0,0,0
ENSMUSG00000029188,0,0,0,0,0,0,0,0,0,0,1,1
ENSMUSG00000028293,4,31,42,34,39,32,45,51,42,39,38,76
ENSMUSG00000031156,3,37,21,10,33,33,21,44,25,23,31,52
ENSMUSG00000027957,2,36,32,26,28,27,29,27,21,26,32,29
ENSMUSG00000033272,8,134,126,85,98,118,143,123,127,130,157,200
ENSMUSG00000022664,0,24,19,11,17,16,27,24,18,18,18,31
ENSMUSG00000020873,3,108,74,68,82,87,93,126,84,109,159,180
ENSMUSG00000037089,12,111,117,77,92,84,83,129,105,140,132,178
ENSMUSG00000021432,2,8,9,1,15,9,18,17,17,6,13,17
ENSMUSG00000018999,3,28,24,21,22,10,26,26,22,33,28,34
ENSMUSG00000049922,1,19,29,12,32,19,23,23,20,30,30,49
ENSMUSG00000017664,9,83,83,54,78,87,94,93,86,101,93,142
ENSMUSG00000028521,1,24,30,12,20,27,29,32,24,27,42,32
ENSMUSG00000033114,0,6,11,4,8,10,12,7,7,9,10,15
ENSMUSG00000050473,0,0,0,0,0,0,0,1,0,0,0,0
ENSMUSG00000019731,13,161,134,119,139,151,139,106,102,144,153,179
ENSMUSG00000042202,4,23,15,20,28,27,17,22,30,20,19,29
ENSMUSG00000060181,0,16,19,14,13,15,19,13,10,19,18,29
ENSMUSG00000048807,0,21,16,16,24,17,14,22,24,25,16,33
ENSMUSG00000038602,0,2,1,1,2,5,4,3,2,5,4,7
ENSMUSG00000042195,0,0,0,0,0,0,0,0,0,0,0,0
ENSMUSG00000057060,0,0,0,0,0,0,0,0,0,1,0,0
ENSMUSG00000021852,0,0,0,0,0,0,0,2,1,0,0,1
ENSMUSG00000026342,10,245,254,154,283,252,302,266,304,246,261,351
ENSMUSG00000029175,11,288,216,157,201,203,229,178,196,223,247,310
ENSMUSG00000044026,0,11,2,3,6,7,4,4,1,1,3,3
ENSMUSG00000070287,1,5,7,7,7,5,5,12,4,2,4,6
ENSMUSG00000018776,0,0,0,0,2,0,0,0,0,0,0,0
ENSMUSG00000020261,3,12,10,11,16,25,24,19,13,10,17,28
ENSMUSG00000020264,4,108,101,51,77,101,68,50,67,88,63,82
ENSMUSG00000049491,0,0,1,0,0,0,0,0,0,0,0,0
ENSMUSG00000043885,2,14,22,17,25,16,15,18,12,16,17,25
ENSMUSG00000024036,1,33,18,13,29,20,28,27,38,12,28,23
ENSMUSG00000032122,1,32,15,14,20,15,22,39,13,12,16,35
ENSMUSG00000029924,2,23,26,25,29,24,26,20,21,34,26,43
ENSMUSG00000023169,3,26,22,17,18,25,29,37,23,15,34,43
ENSMUSG00000061306,30,205,197,136,198,188,198,218,183,219,233,299
ENSMUSG00000061171,0,2,2,0,1,1,3,1,0,0,0,0
ENSMUSG00000022462,42,467,443,320,504,458,565,578,527,403,428,667
ENSMUSG00000010064,28,262,271,227,246,284,197,194,235,313,275,246
ENSMUSG00000022464,0,18,16,13,17,23,16,6,17,20,17,18
ENSMUSG00000031170,0,1,2,2,3,2,2,0,0,1,2,2
ENSMUSG00000044712,0,12,13,9,11,13,33,16,14,11,18,18
ENSMUSG00000036534,7,53,50,36,60,65,65,62,81,68,79,83
ENSMUSG00000047789,5,49,53,22,67,45,61,68,66,44,45,72
ENSMUSG00000052310,14,153,139,96,141,148,170,175,156,122,120,301
ENSMUSG00000025986,0,18,16,6,12,10,15,17,12,12,7,12
ENSMUSG00000041654,1,9,6,6,6,6,8,13,11,13,11,16
ENSMUSG00000036949,0,0,0,0,1,1,0,0,0,1,0,0
ENSMUSG00000002105,10,64,71,40,76,80,90,97,72,78,107,163
ENSMUSG00000022094,8,80,81,57,75,64,77,68,80,86,78,143
ENSMUSG00000046822,11,58,54,35,45,57,57,47,60,48,52,84
ENSMUSG00000063354,1,0,0,0,2,2,0,1,0,1,2,0
ENSMUSG00000039878,0,37,26,29,40,36,35,46,38,34,32,44
ENSMUSG00000024270,4,9,9,5,20,15,20,18,14,7,14,25
ENSMUSG00000024327,0,0,1,1,0,0,0,0,0,0,1,0
ENSMUSG00000053897,2,0,3,1,2,0,0,5,1,8,2,2
ENSMUSG00000048833,5,40,37,27,43,40,41,46,46,48,66,48
ENSMUSG00000024131,0,0,0,0,1,1,0,2,0,0,0,0
ENSMUSG00000010095,14,124,114,87,110,155,237,249,206,187,178,397
ENSMUSG00000025993,4,24,43,29,49,41,64,54,53,46,33,60
ENSMUSG00000013275,6,100,127,96,134,149,115,139,134,128,141,196
ENSMUSG00000034591,0,4,2,2,4,2,4,6,0,4,5,13
ENSMUSG00000030089,12,386,195,78,278,203,178,150,173,105,364,250
ENSMUSG00000027075,1,5,7,9,11,7,12,13,18,11,22,15
ENSMUSG00000038178,5,49,44,32,62,50,63,67,75,40,59,61
ENSMUSG00000027074,42,138,176,145,147,175,231,242,302,307,253,462
ENSMUSG00000028412,6,93,79,86,100,82,106,106,93,92,80,132
ENSMUSG00000057193,29,223,191,178,221,237,196,207,180,196,195,337
ENSMUSG00000039865,0,0,0,1,0,0,0,0,2,1,0,0
ENSMUSG00000007034,0,0,0,0,0,0,1,0,0,0,0,0
ENSMUSG00000028360,0,1,0,0,1,1,1,1,0,0,0,0
ENSMUSG00000039838,0,0,0,0,0,0,0,0,0,0,0,0
ENSMUSG00000022243,0,0,0,0,0,0,0,0,0,0,0,0
ENSMUSG00000026435,0,5,7,7,11,8,7,17,14,10,5,20
ENSMUSG00000079020,1,47,45,22,52,42,36,34,39,41,51,57
ENSMUSG00000020829,1,12,11,3,8,9,7,7,9,9,10,9
ENSMUSG00000028386,0,1,0,0,1,0,0,0,0,0,0,0
ENSMUSG00000029650,3,43,28,33,36,38,32,25,48,46,30,52
ENSMUSG00000010122,8,156,125,108,111,131,147,146,147,143,166,175
ENSMUSG00000069855,0,0,0,0,0,2,0,0,0,0,0,0
ENSMUSG00000081534,39,393,310,252,340,352,352,357,330,360,423,453
ENSMUSG00000006574,15,17,9,2,5,7,0,3,13,9,4,11
ENSMUSG00000026904,0,1,0,0,0,0,0,0,0,0,0,0
ENSMUSG00000074796,0,1,0,0,1,0,0,0,0,0,0,0
ENSMUSG00000029141,3,25,42,23,40,43,55,59,71,46,55,85
ENSMUSG00000028962,9,71,65,61,73,82,69,79,50,71,93,118
ENSMUSG00000006576,121,643,667,484,668,737,815,702,815,787,1076,1226
ENSMUSG00000060961,1,36,34,25,29,36,40,35,32,26,33,33
ENSMUSG00000068323,0,0,0,0,0,0,0,1,0,0,0,0
ENSMUSG00000021733,2,35,28,18,26,26,23,20,30,42,23,36
ENSMUSG00000023032,1,3,3,11,6,8,12,9,18,23,7,17
ENSMUSG00000027953,13,118,93,67,99,105,147,167,154,167,187,238
ENSMUSG00000035699,0,2,2,2,0,1,1,1,0,1,0,1
ENSMUSG00000053862,0,0,0,0,0,0,0,0,0,0,0,0
ENSMUSG00000022560,5,21,12,21,29,22,31,21,27,21,25,43
ENSMUSG00000027463,0,4,2,1,2,2,1,0,2,4,5,8
ENSMUSG00000011034,0,2,3,1,3,2,1,2,5,4,3,2
ENSMUSG00000042371,0,0,1,0,0,0,0,0,0,0,0,0
ENSMUSG00000030769,0,0,0,0,0,0,0,0,0,0,0,4
ENSMUSG00000041644,0,0,0,0,0,0,0,0,0,0,0,0
ENSMUSG00000030781,0,2,0,1,1,0,0,0,0,0,0,0
ENSMUSG00000089774,0,8,0,4,7,6,5,9,4,4,6,2
ENSMUSG00000020229,0,0,0,0,0,0,0,0,0,0,0,0
ENSMUSG00000020226,0,0,0,0,0,0,0,0,0,0,0,0
ENSMUSG00000000792,2,0,0,1,1,0,1,0,0,0,0,0
ENSMUSG00000006641,4,41,33,27,43,40,38,29,39,42,38,55
ENSMUSG00000023945,0,0,0,0,0,0,0,0,0,0,0,0
ENSMUSG00000020062,0,0,0,0,0,0,0,0,0,0,0,0
ENSMUSG00000028544,0,2,0,0,0,0,0,0,0,0,0,0
ENSMUSG00000030310,0,0,0,0,0,0,0,1,0,1,0,0
ENSMUSG00000030109,0,0,0,0,1,0,0,0,1,0,0,0
ENSMUSG00000030108,0,1,1,2,0,3,1,2,1,0,1,1
ENSMUSG00000019894,0,0,0,2,1,0,1,0,0,1,0,0
ENSMUSG00000094152,0,0,0,0,0,0,0,0,0,0,0,0
ENSMUSG00000027894,2,7,1,6,8,5,6,2,6,6,10,10
ENSMUSG00000021612,0,0,0,0,0,0,1,1,0,0,0,0
ENSMUSG00000021565,0,0,1,0,0,0,0,0,0,0,0,0
ENSMUSG00000055368,0,0,0,0,0,0,0,0,0,0,1,0
ENSMUSG00000036814,0,0,0,0,0,0,0,0,0,0,0,0
ENSMUSG00000025243,1,1,1,0,3,3,1,2,0,3,1,3
ENSMUSG00000021609,0,0,0,0,0,0,0,0,0,0,0,0
ENSMUSG00000020838,2,2,1,1,2,2,1,0,0,0,1,3
ENSMUSG00000039728,0,0,0,0,0,0,0,0,0,0,0,0
ENSMUSG00000030096,12,178,194,152,172,216,220,224,202,186,195,348
ENSMUSG00000052026,0,0,2,0,0,0,1,1,0,2,1,0
ENSMUSG00000019558,29,588,498,404,502,504,638,544,465,611,805,813
ENSMUSG00000028542,0,6,3,7,5,7,16,14,14,15,14,21
ENSMUSG00000041313,4,83,75,43,101,110,86,68,79,74,79,75
ENSMUSG00000030495,0,0,1,0,0,0,0,0,1,1,0,0
ENSMUSG00000027737,0,0,0,0,2,0,1,0,0,1,0,4
ENSMUSG00000039710,0,0,0,0,1,0,0,0,0,0,0,0
ENSMUSG00000041052,0,0,0,0,1,0,1,0,0,0,0,0
ENSMUSG00000069072,0,1,0,0,0,0,0,0,1,0,0,0
ENSMUSG00000020600,0,0,0,0,0,0,0,1,0,1,0,0
ENSMUSG00000031596,2,5,9,3,9,7,6,8,10,7,5,9
ENSMUSG00000031297,0,1,0,0,0,0,0,0,1,2,0,0
ENSMUSG00000022756,1,4,9,8,10,10,5,1,12,7,3,16
ENSMUSG00000040010,4,14,9,5,13,14,18,16,8,8,16,23
ENSMUSG00000031904,2,23,27,7,17,18,16,31,24,30,9,27
ENSMUSG00000033106,2,34,9,8,16,15,17,17,17,17,13,28
ENSMUSG00000000958,0,8,6,3,10,4,11,21,7,8,19,25
ENSMUSG00000022180,0,4,8,2,4,5,18,13,8,8,12,15
ENSMUSG00000030492,0,0,0,0,0,0,0,0,0,0,0,0
ENSMUSG00000054640,2,4,4,2,5,7,5,8,4,6,3,5
ENSMUSG00000030376,0,5,4,4,1,4,8,4,1,1,5,6
ENSMUSG00000079055,0,0,1,0,0,0,1,0,0,0,0,1
ENSMUSG00000032754,2,15,19,12,19,13,29,25,13,18,30,28
ENSMUSG00000026062,2,17,8,22,27,19,25,14,22,19,17,22
ENSMUSG00000036123,0,2,2,2,0,4,3,1,0,0,4,1
ENSMUSG00000020733,3,34,27,23,18,29,45,63,31,35,49,72
ENSMUSG00000002504,132,523,523,376,446,517,497,460,768,738,686,851
ENSMUSG00000026065,0,1,5,0,1,0,0,1,4,1,1,2
ENSMUSG00000014786,1,5,3,4,6,4,3,3,4,10,9,6
ENSMUSG00000060681,0,64,60,51,47,66,70,62,59,57,69,92
ENSMUSG00000037341,0,0,1,0,2,2,2,2,0,1,2,2
ENSMUSG00000039463,11,69,63,63,78,71,66,74,70,65,81,107
ENSMUSG00000031129,0,9,8,6,7,6,9,6,6,1,8,11
ENSMUSG00000050150,0,0,0,0,0,0,0,0,0,0,0,0
ENSMUSG00000037994,0,0,0,0,0,0,1,0,0,0,1,1
ENSMUSG00000033210,0,1,0,0,0,0,0,0,0,0,0,0
ENSMUSG00000041698,0,0,1,0,0,0,1,0,0,0,0,0
ENSMUSG00000030237,0,2,2,1,0,3,1,4,2,8,1,2
ENSMUSG00000063975,0,0,0,0,0,0,0,0,0,0,0,0
ENSMUSG00000079262,0,0,0,0,0,1,0,0,1,0,0,0
ENSMUSG00000030235,0,1,0,0,0,1,0,0,1,1,1,0
ENSMUSG00000032548,0,4,9,8,10,9,12,8,14,7,13,19
ENSMUSG00000030737,5,53,38,21,57,71,52,84,66,78,87,94
ENSMUSG00000025790,24,255,237,156,281,313,342,341,368,309,382,464
ENSMUSG00000038963,0,0,0,0,0,1,0,0,0,0,0,0
ENSMUSG00000040693,0,0,1,0,0,0,0,0,0,0,0,0
ENSMUSG00000025938,5,28,25,23,30,30,29,31,23,29,24,54
ENSMUSG00000021597,3,62,46,32,59,48,56,48,49,36,32,85
ENSMUSG00000036097,7,53,70,37,75,77,104,70,70,57,70,85
ENSMUSG00000078763,1,3,2,1,1,2,28,54,10,17,12,74
ENSMUSG00000072621,0,0,0,0,0,0,1,1,0,0,0,3
ENSMUSG00000082101,0,0,0,0,0,0,0,1,0,0,0,0
ENSMUSG00000072620,5,28,22,13,21,27,70,102,31,41,48,197
ENSMUSG00000018986,0,0,0,0,0,1,0,0,0,0,0,2
ENSMUSG00000000204,1,5,3,5,6,9,69,86,8,11,7,111
ENSMUSG00000054404,33,165,128,109,156,149,227,256,169,192,183,466
ENSMUSG00000035208,1,7,8,4,12,11,22,45,9,11,10,51
ENSMUSG00000069793,0,2,3,1,7,2,6,20,11,5,5,31
ENSMUSG00000047518,0,1,0,0,0,0,0,0,0,0,0,0
ENSMUSG00000021040,23,360,344,229,351,339,414,468,532,396,516,724
ENSMUSG00000025020,0,0,0,0,1,1,0,1,0,1,2,0
ENSMUSG00000031558,0,12,6,16,22,19,12,14,14,5,11,25
ENSMUSG00000056427,1,9,11,13,8,8,15,18,14,27,20,26
ENSMUSG00000036790,0,1,1,0,0,1,1,0,1,0,1,0
ENSMUSG00000048304,0,0,0,0,0,1,0,0,0,0,0,0
ENSMUSG00000046699,0,2,5,2,2,1,4,5,0,6,2,4
ENSMUSG00000033214,0,0,0,0,0,0,0,0,1,0,1,0
ENSMUSG00000045871,1,0,0,1,0,0,1,2,2,1,3,0
ENSMUSG00000025060,14,226,210,126,179,201,228,170,195,207,210,286
ENSMUSG00000021870,19,309,309,229,276,331,434,330,338,353,321,487
ENSMUSG00000042045,0,0,2,0,0,0,0,0,0,0,2,0
ENSMUSG00000032212,15,67,59,50,74,79,74,89,83,59,64,93
ENSMUSG00000020409,15,78,86,54,91,96,172,130,183,131,215,195
ENSMUSG00000022596,0,0,0,0,0,0,0,0,0,0,0,0
ENSMUSG00000075605,0,1,0,0,0,0,0,0,0,1,1,0
ENSMUSG00000059772,1,37,34,23,23,42,34,17,23,22,38,34
ENSMUSG00000039738,0,12,2,6,7,8,10,5,15,13,12,12
ENSMUSG00000027281,0,2,2,2,0,3,0,6,2,5,2,4
ENSMUSG00000067909,0,0,0,0,0,0,0,0,0,0,0,0
ENSMUSG00000031681,3,36,42,24,36,36,32,51,52,33,43,67
ENSMUSG00000024563,6,34,34,22,44,35,36,48,39,43,45,67
ENSMUSG00000032402,0,47,40,31,56,37,39,42,38,39,65,62
ENSMUSG00000024515,11,70,59,39,67,80,116,80,81,67,75,102
ENSMUSG00000021540,9,99,88,61,93,112,99,87,92,99,94,123
ENSMUSG00000036867,8,37,28,24,22,26,29,40,46,43,53,51
ENSMUSG00000025880,2,44,46,32,58,42,57,66,56,80,54,66
ENSMUSG00000027796,0,6,1,3,5,0,2,4,7,5,11,4
ENSMUSG00000053559,7,50,48,21,62,55,69,68,69,30,60,103
ENSMUSG00000026155,15,55,44,34,39,49,58,62,63,53,48,90
ENSMUSG00000032870,11,187,164,111,193,190,191,184,195,216,214,264
ENSMUSG00000031099,0,3,3,1,4,2,4,2,4,6,3,2
ENSMUSG00000024921,13,165,143,112,185,156,169,153,183,153,132,169
ENSMUSG00000032187,43,254,235,178,235,216,272,234,212,264,253,366
ENSMUSG00000029920,3,24,16,9,18,22,20,23,18,27,14,27
ENSMUSG00000039354,5,64,53,38,56,53,92,83,98,57,101,92
ENSMUSG00000000902,6,63,59,46,82,74,71,78,61,75,84,119
ENSMUSG00000032481,7,52,70,41,63,62,89,83,74,51,67,121
ENSMUSG00000025369,16,160,145,117,171,175,210,195,201,186,207,251
ENSMUSG00000023018,3,77,71,46,55,67,64,48,79,71,104,94
ENSMUSG00000078619,6,45,37,32,46,41,54,54,54,40,48,83
ENSMUSG00000028949,17,295,260,206,252,250,253,300,248,298,313,386
ENSMUSG00000037935,14,98,85,72,105,108,102,104,121,115,123,200
ENSMUSG00000041133,14,90,79,42,75,81,91,89,85,78,99,112
ENSMUSG00000022432,0,0,0,0,0,0,2,1,0,0,0,0
ENSMUSG00000028312,0,3,3,5,2,2,3,7,4,4,8,12
ENSMUSG00000024974,4,66,57,32,53,62,64,51,88,53,65,82
ENSMUSG00000034349,2,34,26,21,29,29,51,42,41,35,35,49
ENSMUSG00000024943,4,55,43,36,54,57,70,84,66,61,84,87
ENSMUSG00000020608,16,74,71,52,75,70,78,76,75,69,54,96
ENSMUSG00000024054,4,46,35,31,43,32,38,34,37,52,39,54
ENSMUSG00000046345,0,65,50,37,60,52,36,42,75,56,43,60
ENSMUSG00000030292,0,1,1,1,1,0,0,0,2,1,0,0
ENSMUSG00000043298,0,0,0,0,0,0,0,1,0,0,0,0
ENSMUSG00000058173,15,109,122,67,134,124,65,70,94,90,77,110
ENSMUSG00000049323,3,46,26,23,38,32,32,27,22,44,22,44
ENSMUSG00000022452,54,866,851,596,845,895,740,980,937,994,1173,1452
ENSMUSG00000030655,10,61,65,45,65,66,68,68,66,80,62,97
ENSMUSG00000001415,22,155,127,94,146,118,127,111,116,171,179,158
ENSMUSG00000038290,7,29,36,25,36,45,65,58,53,47,60,74
ENSMUSG00000042772,15,117,109,77,112,88,107,121,116,132,148,142
ENSMUSG00000020495,1,13,17,15,13,27,14,23,21,19,23,42
ENSMUSG00000002210,5,43,29,36,37,34,42,42,35,35,55,48
ENSMUSG00000047295,0,0,0,0,0,0,0,0,0,0,0,0
ENSMUSG00000078350,1,14,6,13,14,10,15,19,7,17,21,28
ENSMUSG00000054850,0,2,1,2,2,1,0,1,2,3,1,0
ENSMUSG00000051989,12,295,242,194,244,279,257,239,284,229,277,369
ENSMUSG00000042380,5,180,173,151,185,167,141,159,163,200,233,287
ENSMUSG00000091264,7,102,84,74,81,89,104,69,80,67,89,108
ENSMUSG00000037822,19,209,221,145,241,227,202,205,224,142,224,302
ENSMUSG00000071180,7,48,53,29,41,43,36,55,60,45,38,86
ENSMUSG00000093536,0,0,1,1,0,0,0,0,1,0,0,0
ENSMUSG00000094500,0,0,0,0,0,0,0,0,0,0,0,0
ENSMUSG00000031534,20,299,231,211,271,262,314,339,344,414,381,508
ENSMUSG00000061461,24,428,361,225,317,364,327,287,369,323,332,446
ENSMUSG00000096215,0,0,0,0,0,0,1,0,0,0,0,1
ENSMUSG00000078439,1,10,11,7,3,11,9,12,6,7,5,10
ENSMUSG00000074754,17,250,247,186,256,236,237,294,316,272,335,363
ENSMUSG00000038059,4,27,40,23,19,26,22,25,20,24,24,35
ENSMUSG00000058351,23,256,250,168,221,237,272,335,349,381,465,483
ENSMUSG00000048442,2,59,77,72,68,91,81,80,111,79,42,140
ENSMUSG00000075420,0,0,0,0,2,0,0,0,1,1,1,4
ENSMUSG00000044600,32,409,360,306,369,390,451,429,484,472,450,638
ENSMUSG00000028295,5,224,187,148,188,224,169,202,241,228,230,310
ENSMUSG00000073094,0,0,0,0,0,0,1,0,0,0,0,0
ENSMUSG00000096546,0,0,0,0,0,0,0,0,0,0,0,0
ENSMUSG00000021645,3,38,28,22,30,24,39,51,59,34,45,53
ENSMUSG00000025024,0,58,51,33,62,52,53,75,57,46,73,80
ENSMUSG00000001761,3,33,12,18,26,20,39,40,17,43,42,37
ENSMUSG00000021136,2,7,14,6,10,11,9,5,9,14,19,23
ENSMUSG00000023886,9,165,142,110,131,152,143,162,128,102,122,202
ENSMUSG00000075599,0,0,0,0,0,0,0,0,0,0,0,1
ENSMUSG00000027333,12,71,55,39,50,42,48,57,50,59,52,91
ENSMUSG00000037049,47,672,588,444,595,621,585,564,501,707,807,941
ENSMUSG00000019822,11,141,133,105,123,164,158,138,148,208,183,206
ENSMUSG00000031906,1,5,1,3,2,4,2,3,6,6,4,8
ENSMUSG00000005899,4,62,51,23,49,52,59,48,58,57,50,57
ENSMUSG00000071724,0,1,2,0,3,3,2,6,1,0,1,5
ENSMUSG00000019872,16,237,210,154,201,185,248,266,287,268,309,384
ENSMUSG00000028885,2,2,1,4,2,3,10,14,3,5,9,16
ENSMUSG00000041476,41,856,873,642,879,1008,892,1099,1039,889,1054,1332
ENSMUSG00000071708,10,113,121,95,138,125,139,110,138,117,125,175
ENSMUSG00000020439,56,878,703,607,739,725,475,457,470,581,662,753
ENSMUSG00000027077,0,0,0,0,0,1,0,0,1,0,3,2
ENSMUSG00000045667,5,69,61,47,43,50,47,37,36,36,38,73
ENSMUSG00000028409,5,88,106,75,89,97,137,110,138,107,128,170
ENSMUSG00000036061,2,22,25,16,27,16,30,19,19,20,24,34
ENSMUSG00000038780,9,54,80,41,82,56,74,45,70,58,80,103
ENSMUSG00000018363,7,92,81,67,109,100,90,86,83,101,83,119
ENSMUSG00000055027,68,1368,1372,912,1318,1446,1294,1213,1416,1427,1510,2073
ENSMUSG00000026603,33,483,458,285,442,498,489,617,556,541,702,803
ENSMUSG00000055067,2,16,18,12,17,26,24,29,25,32,37,37
ENSMUSG00000018809,4,23,16,15,22,28,30,24,29,20,32,36
ENSMUSG00000033706,1,32,23,28,27,32,40,34,30,30,34,50
ENSMUSG00000042821,0,14,10,1,6,2,19,11,7,10,10,23
ENSMUSG00000022676,4,10,7,2,6,4,12,7,8,8,11,6
ENSMUSG00000006587,0,34,41,32,31,56,36,36,44,29,55,40
ENSMUSG00000027287,12,108,100,69,98,97,114,111,96,115,124,160
ENSMUSG00000027273,0,0,0,0,0,0,0,0,0,0,0,0
ENSMUSG00000022765,6,46,37,34,54,44,84,75,78,67,78,102
ENSMUSG00000009894,2,144,92,81,121,119,117,117,99,114,118,206
ENSMUSG00000033419,0,36,24,19,24,23,47,36,31,25,24,53
ENSMUSG00000011837,7,70,91,40,64,64,88,87,71,76,121,123
ENSMUSG00000028483,7,41,36,19,44,42,32,38,34,36,33,47
ENSMUSG00000036281,9,20,39,19,21,29,34,49,31,37,39,43
ENSMUSG00000032398,9,121,126,96,109,119,121,156,121,135,148,198
ENSMUSG00000001018,18,208,174,118,174,200,231,217,214,206,209,281
ENSMUSG00000025889,27,50,28,6,28,16,2,4,15,10,12,16
ENSMUSG00000024534,1,11,17,7,18,19,23,14,14,14,16,15
ENSMUSG00000034891,0,0,0,1,0,0,0,0,0,0,0,0
ENSMUSG00000023064,10,25,36,29,43,30,58,44,50,50,84,90
ENSMUSG00000001424,15,212,190,145,247,206,246,247,248,282,318,381
ENSMUSG00000047793,10,37,49,19,33,34,28,20,15,31,43,37
ENSMUSG00000006058,10,149,152,105,120,152,132,159,131,158,188,275
ENSMUSG00000050213,0,16,15,25,21,28,20,18,26,14,23,21
ENSMUSG00000037972,6,91,78,54,54,66,72,58,82,79,91,78
ENSMUSG00000027457,0,0,0,0,0,0,0,0,0,0,0,0
ENSMUSG00000038145,74,242,268,259,319,365,346,306,376,282,252,421
ENSMUSG00000003660,11,184,140,125,176,180,226,199,226,227,263,282
ENSMUSG00000040767,3,37,41,29,33,36,14,28,23,31,24,43
ENSMUSG00000001158,16,175,141,101,151,154,154,161,200,170,168,276
ENSMUSG00000029402,4,27,23,17,11,16,37,25,36,36,49,47
ENSMUSG00000074088,1,15,21,12,23,24,20,27,17,21,24,31
ENSMUSG00000021431,5,55,45,30,69,44,66,58,72,59,58,84
ENSMUSG00000063511,27,232,235,168,239,255,257,251,249,257,303,391
ENSMUSG00000061479,4,78,84,58,93,86,86,80,77,72,99,140
ENSMUSG00000030512,6,85,61,67,72,82,79,106,91,99,101,149
ENSMUSG00000027404,37,488,388,304,375,445,435,478,412,480,473,677
ENSMUSG00000008333,1,59,60,36,60,68,76,86,89,51,66,119
ENSMUSG00000024217,6,80,74,45,80,70,84,101,86,82,69,134
ENSMUSG00000002477,5,74,48,38,67,47,69,71,51,68,74,114
ENSMUSG00000040824,21,366,302,245,352,315,383,413,429,399,492,629
ENSMUSG00000020180,11,174,144,117,181,176,130,127,178,103,98,226
ENSMUSG00000090553,7,155,118,77,133,110,156,178,152,101,142,220
ENSMUSG00000020018,4,103,78,55,75,81,76,97,82,74,69,129
ENSMUSG00000057278,9,106,110,87,106,125,111,165,133,139,155,208
ENSMUSG00000027488,32,335,283,232,311,343,542,468,562,588,658,647
ENSMUSG00000060429,0,0,0,0,0,0,0,2,0,0,0,0
ENSMUSG00000041308,4,30,23,29,23,17,26,28,35,27,24,40
ENSMUSG00000025909,0,0,0,0,0,0,0,0,0,0,0,0
ENSMUSG00000020672,0,0,0,1,0,0,0,0,1,0,3,0
ENSMUSG00000063480,8,148,118,101,110,127,143,171,175,149,178,236
ENSMUSG00000055334,2,39,19,18,27,26,33,24,32,26,32,51
ENSMUSG00000021039,22,173,173,149,177,175,301,268,308,279,303,407
ENSMUSG00000032382,11,64,60,32,62,44,74,99,70,80,76,120
ENSMUSG00000038301,8,43,34,23,42,32,54,80,39,67,60,104
ENSMUSG00000020876,1,29,39,18,31,25,46,30,33,26,37,41
ENSMUSG00000046032,3,89,88,53,85,90,68,95,105,93,101,158
ENSMUSG00000020590,12,131,103,78,104,105,131,113,108,130,112,138
ENSMUSG00000032422,3,45,55,41,51,44,42,52,44,50,48,65
ENSMUSG00000024787,3,59,48,39,42,41,43,55,35,40,41,65
ENSMUSG00000027534,1,18,14,9,17,20,23,17,20,19,17,29
ENSMUSG00000029146,28,217,231,154,184,232,280,274,270,274,309,420
ENSMUSG00000042364,3,34,34,29,46,39,38,42,40,43,41,69
ENSMUSG00000031993,2,81,73,54,70,61,90,55,70,92,92,108
ENSMUSG00000034484,7,79,75,56,76,60,118,102,113,105,114,151
ENSMUSG00000031662,1,7,8,1,5,6,20,35,7,11,14,50
ENSMUSG00000050373,5,108,111,74,113,114,119,109,133,119,133,149
ENSMUSG00000039452,0,1,0,5,5,4,3,2,0,3,3,5
ENSMUSG00000024535,0,8,4,9,18,13,11,14,21,15,16,15
ENSMUSG00000038291,3,15,25,11,8,21,13,14,13,16,23,26
ENSMUSG00000028136,6,74,57,54,69,67,73,59,57,70,68,84
ENSMUSG00000071669,0,1,0,0,1,1,0,0,1,0,1,2
ENSMUSG00000019804,45,410,403,317,416,426,438,485,451,523,550,730
ENSMUSG00000056185,2,34,18,21,35,28,19,41,35,34,37,61
ENSMUSG00000032733,1,18,26,6,23,17,31,26,27,19,39,38
ENSMUSG00000022808,8,82,71,52,72,73,103,101,83,86,96,133
ENSMUSG00000027423,20,195,160,134,185,167,273,236,204,208,198,337
ENSMUSG00000005656,8,113,109,72,107,102,142,130,149,112,133,170
ENSMUSG00000028007,2,6,9,7,15,17,18,9,13,12,18,23
ENSMUSG00000029560,5,42,46,32,39,30,72,44,48,60,66,78
ENSMUSG00000002365,2,17,28,11,18,14,22,28,20,22,13,32
ENSMUSG00000026600,3,7,3,6,8,11,20,26,7,8,7,24
ENSMUSG00000023045,0,0,0,0,0,0,2,0,0,0,5,3
ENSMUSG00000038248,6,176,136,77,130,136,119,104,110,138,147,148
ENSMUSG00000038037,1,6,6,4,15,8,11,37,7,12,15,81
ENSMUSG00000020027,16,156,149,114,141,200,214,209,186,177,182,322
ENSMUSG00000053113,0,22,12,12,18,15,43,60,23,39,36,171
ENSMUSG00000048379,5,31,36,24,34,27,35,33,26,32,32,42
ENSMUSG00000037104,8,44,36,32,45,32,51,38,29,48,55,47
ENSMUSG00000056153,1,34,25,22,40,35,44,47,30,33,48,51
ENSMUSG00000038485,3,70,66,43,62,77,67,57,83,50,67,87
ENSMUSG00000022982,121,1566,1454,1104,1509,1507,1541,1828,1792,1938,1907,2478
ENSMUSG00000006818,87,2253,2146,1510,1940,1936,1560,1724,1943,1977,2030,2685
ENSMUSG00000072941,15,192,150,151,171,155,202,234,115,204,269,364
ENSMUSG00000055485,3,8,6,5,15,17,8,16,9,12,11,15
ENSMUSG00000027794,0,0,0,0,0,0,0,0,0,0,0,0
ENSMUSG00000022961,192,742,651,444,698,629,936,665,779,607,592,963
ENSMUSG00000025006,83,777,763,702,868,1083,1303,1047,1271,718,788,1185
ENSMUSG00000031626,27,599,617,461,718,724,714,647,633,424,405,872
ENSMUSG00000022091,34,57,51,28,50,55,70,66,49,50,53,75
ENSMUSG00000043531,0,1,0,2,0,0,1,0,2,1,0,1
ENSMUSG00000029093,7,35,42,20,30,56,31,38,44,39,28,42
ENSMUSG00000027227,45,583,514,428,546,540,581,550,632,581,596,701
ENSMUSG00000049313,3,32,32,13,25,27,31,39,34,39,34,62
ENSMUSG00000068747,3,53,44,30,69,74,62,42,59,59,91,73
ENSMUSG00000024241,3,38,32,26,47,41,45,39,37,48,31,46
ENSMUSG00000034801,10,55,76,40,70,79,61,53,55,48,71,75
ENSMUSG00000001494,0,1,0,0,0,1,4,1,2,0,1,1
ENSMUSG00000036169,0,1,1,1,0,3,1,0,0,0,2,3
ENSMUSG00000044352,0,0,1,0,0,0,1,0,0,1,1,1
ENSMUSG00000098188,0,2,2,5,6,3,6,11,7,9,5,11
ENSMUSG00000044400,0,0,0,0,0,0,0,0,0,0,0,0
ENSMUSG00000096014,0,3,1,2,1,0,1,0,0,2,0,2
ENSMUSG00000033006,0,4,1,4,5,5,7,6,6,4,12,12
ENSMUSG00000063632,0,0,0,0,0,0,1,1,0,0,0,1
ENSMUSG00000051817,4,83,84,72,73,68,101,57,76,80,109,102
ENSMUSG00000070643,3,44,33,32,44,26,44,27,28,30,46,39
ENSMUSG00000041287,1,0,1,0,0,0,0,0,0,0,0,0
ENSMUSG00000025902,2,44,21,19,22,34,26,43,44,44,25,48
ENSMUSG00000046470,9,70,63,17,69,48,82,69,77,59,60,67
ENSMUSG00000074637,0,0,0,0,0,0,0,2,0,0,1,0
ENSMUSG00000040489,0,8,2,0,1,0,0,1,1,0,3,3
ENSMUSG00000076431,11,101,85,40,147,92,97,56,75,30,107,78
ENSMUSG00000041540,3,4,4,1,2,2,2,4,5,4,2,5
ENSMUSG00000051910,1,30,25,24,36,31,40,10,24,25,27,37
ENSMUSG00000063060,4,37,37,18,25,33,37,25,40,36,46,46
ENSMUSG00000024176,0,1,1,0,1,0,2,0,1,3,1,1
ENSMUSG00000000567,0,9,12,7,13,11,19,13,9,9,10,22
ENSMUSG00000001280,10,59,56,40,69,71,58,59,44,66,52,86
ENSMUSG00000026222,10,86,62,37,72,65,111,147,79,94,109,196
ENSMUSG00000070034,2,24,16,7,12,14,30,55,21,23,30,92
ENSMUSG00000070031,2,3,3,3,13,7,21,20,13,7,13,40
ENSMUSG00000018678,2,29,36,18,33,23,43,28,30,51,45,56
ENSMUSG00000027109,5,45,57,19,49,40,78,52,50,42,51,60
ENSMUSG00000025323,1,15,15,9,20,19,24,25,19,15,19,21
ENSMUSG00000038560,0,0,2,0,1,1,3,0,2,0,2,5
ENSMUSG00000060284,0,0,0,0,0,0,0,0,0,0,1,0
ENSMUSG00000048562,0,0,0,1,0,0,0,0,0,0,0,0
ENSMUSG00000068859,0,0,0,0,0,0,0,0,0,0,0,1
ENSMUSG00000001948,3,21,22,25,21,33,36,35,36,38,37,52
ENSMUSG00000028475,2,10,11,8,9,26,20,14,18,23,31,25
ENSMUSG00000028264,0,0,1,0,0,1,0,0,0,0,0,1
ENSMUSG00000053184,0,0,0,0,1,1,0,0,0,0,0,2
ENSMUSG00000037167,0,0,0,0,0,0,0,0,0,0,0,0
ENSMUSG00000080316,1,16,13,10,15,7,15,22,14,11,10,19
ENSMUSG00000010435,1,0,0,0,0,0,0,0,0,0,0,0
ENSMUSG00000026809,0,0,0,0,0,0,1,0,0,0,0,1
ENSMUSG00000037617,0,2,1,1,1,2,1,5,4,2,8,8
ENSMUSG00000027867,0,0,0,0,0,0,0,0,0,0,0,0
ENSMUSG00000038180,0,1,1,4,5,1,3,1,5,4,1,6
ENSMUSG00000002055,2,1,1,0,0,0,1,3,0,1,1,0
ENSMUSG00000037708,0,2,2,0,0,0,1,2,1,2,2,0
ENSMUSG00000066196,2,13,13,10,11,15,12,12,10,23,14,26
ENSMUSG00000020859,18,255,216,180,279,266,307,273,294,283,270,348
ENSMUSG00000018593,216,1405,1360,794,1403,1153,1133,1520,1063,892,1226,1963
ENSMUSG00000029309,152,747,694,485,705,695,665,639,817,738,726,868
ENSMUSG00000024068,6,120,86,75,95,87,98,104,81,81,114,133
ENSMUSG00000028188,0,5,7,9,5,4,8,5,16,11,9,10
ENSMUSG00000021990,1,32,24,15,33,30,29,31,17,25,38,42
ENSMUSG00000026611,0,0,0,1,0,0,3,0,3,1,4,3
ENSMUSG00000029155,0,0,0,0,2,0,0,1,0,0,0,0
ENSMUSG00000031991,0,0,0,0,0,0,0,0,0,0,0,1
ENSMUSG00000047030,1,18,18,10,11,21,19,15,20,18,15,20
ENSMUSG00000020867,0,3,3,0,0,0,0,1,0,0,1,1
ENSMUSG00000024352,1,19,16,21,14,23,43,51,55,42,84,76
ENSMUSG00000017767,0,0,0,0,0,0,0,1,0,0,0,0
ENSMUSG00000033594,0,23,18,17,18,14,16,13,17,19,16,15
ENSMUSG00000050876,0,0,1,0,0,0,0,0,0,1,0,1
ENSMUSG00000091311,0,0,0,0,1,0,0,0,0,0,0,0
ENSMUSG00000043986,0,0,0,0,0,0,0,0,0,0,0,0
ENSMUSG00000044787,0,0,0,0,0,0,0,0,0,0,0,0
ENSMUSG00000048478,7,70,51,42,46,66,26,39,44,50,67,71
ENSMUSG00000031518,0,0,0,0,0,0,0,0,0,0,0,0
ENSMUSG00000042800,0,0,0,0,0,0,0,0,0,0,0,0
ENSMUSG00000027722,1,7,15,10,11,15,15,24,19,11,6,25
ENSMUSG00000034401,4,17,13,9,13,15,17,17,29,25,18,30
ENSMUSG00000021007,2,12,14,9,15,25,20,18,15,11,10,23
ENSMUSG00000021590,0,1,0,0,0,0,0,1,1,0,0,0
ENSMUSG00000009115,0,0,0,0,0,0,0,0,0,0,0,0
ENSMUSG00000023935,0,1,0,0,0,1,0,2,0,1,0,0
ENSMUSG00000051934,3,26,19,12,20,21,20,17,20,14,23,34
ENSMUSG00000038305,4,25,16,16,14,28,32,24,33,16,18,39
ENSMUSG00000074476,0,23,25,27,19,19,31,24,26,37,38,47
ENSMUSG00000005233,1,4,2,1,2,6,5,9,2,2,3,7
ENSMUSG00000021917,23,277,212,165,244,272,251,349,324,299,330,488
ENSMUSG00000035227,15,169,148,106,185,148,229,275,223,232,286,368
ENSMUSG00000054408,4,118,126,67,101,95,141,130,82,98,132,192
ENSMUSG00000024215,0,0,0,0,0,0,0,0,0,0,0,0
ENSMUSG00000069910,0,0,0,0,0,2,3,1,0,0,0,3
ENSMUSG00000052525,0,0,0,0,1,0,2,2,0,1,0,1
ENSMUSG00000039296,0,0,0,0,0,0,0,0,0,0,0,0
ENSMUSG00000074812,0,0,0,0,0,0,0,0,0,0,0,0
ENSMUSG00000042331,3,12,8,3,14,7,7,8,12,9,7,13
ENSMUSG00000033444,9,135,89,81,122,131,158,104,96,106,144,156
ENSMUSG00000073119,0,0,0,0,0,0,0,0,0,1,0,0
ENSMUSG00000048703,0,0,0,0,0,0,0,1,0,0,0,0
ENSMUSG00000073208,0,0,0,0,0,0,0,0,0,0,0,0
ENSMUSG00000058643,0,0,0,0,0,0,0,0,0,0,0,0
ENSMUSG00000072663,0,1,0,0,1,0,0,0,0,0,0,0
ENSMUSG00000026207,34,457,452,311,391,444,416,344,328,476,543,572
ENSMUSG00000041165,1,1,0,1,2,1,1,1,0,2,2,0
ENSMUSG00000040761,14,79,91,49,93,102,120,80,100,93,83,113
ENSMUSG00000046846,0,0,0,0,0,0,0,0,0,0,0,0
ENSMUSG00000033396,1,28,18,10,23,23,25,20,15,15,18,31
ENSMUSG00000036580,1,80,61,45,64,68,100,72,76,57,94,99
ENSMUSG00000032388,6,49,30,36,45,42,68,91,63,45,74,101
ENSMUSG00000000738,20,260,258,192,287,302,297,310,328,331,333,405
ENSMUSG00000061878,1,4,5,1,7,5,13,4,6,15,13,22
ENSMUSG00000057342,7,90,53,51,58,56,74,63,74,87,83,103
ENSMUSG00000026163,0,0,0,0,0,1,0,0,0,0,1,0
ENSMUSG00000002111,3,25,28,15,25,14,82,113,43,50,58,155
ENSMUSG00000008193,0,2,5,1,4,0,2,2,0,0,0,1
ENSMUSG00000004359,0,0,0,0,0,1,1,1,0,1,0,1
ENSMUSG00000043065,2,12,17,9,10,20,17,12,16,19,9,18
ENSMUSG00000041974,1,9,3,4,5,2,5,8,7,6,6,14
ENSMUSG00000021395,7,75,75,76,79,80,101,115,85,117,116,148
ENSMUSG00000046550,0,0,1,1,0,0,0,3,0,0,0,0
ENSMUSG00000071722,0,2,3,3,3,1,4,3,1,0,7,1
ENSMUSG00000024503,0,0,0,1,0,0,0,0,0,0,0,0
ENSMUSG00000044176,3,2,5,1,2,6,3,9,3,3,7,12
ENSMUSG00000073573,0,0,0,0,0,1,0,0,0,0,0,0
ENSMUSG00000053030,0,0,0,0,0,1,0,1,0,0,1,1
ENSMUSG00000028415,0,3,2,0,1,3,0,1,2,1,0,0
ENSMUSG00000027315,0,0,0,0,0,0,4,0,0,0,1,6
ENSMUSG00000074227,4,67,57,59,81,77,67,74,109,65,90,117
ENSMUSG00000024533,1,11,6,5,6,15,12,15,14,13,17,23
ENSMUSG00000010154,0,0,0,0,0,0,0,0,0,3,0,1
ENSMUSG00000051457,0,1,2,0,5,3,14,19,11,7,6,15
ENSMUSG00000030741,21,96,88,69,76,106,101,94,98,101,124,160
ENSMUSG00000040447,3,23,17,23,24,25,30,33,24,40,38,46
ENSMUSG00000020798,0,1,0,0,1,0,1,0,0,3,1,1
ENSMUSG00000005883,0,0,0,0,0,0,0,1,0,0,0,0
ENSMUSG00000028784,0,0,0,0,0,0,0,0,0,0,0,0
ENSMUSG00000056222,0,0,0,0,1,0,0,0,0,0,0,0
ENSMUSG00000058297,1,17,14,12,20,21,40,32,46,87,45,42
ENSMUSG00000054162,1,0,0,0,0,0,0,0,0,0,0,0
ENSMUSG00000038156,7,81,56,63,65,65,88,98,90,63,75,134
ENSMUSG00000037379,0,21,6,1,18,5,12,16,3,2,26,13
ENSMUSG00000057522,30,421,394,272,370,383,429,400,393,393,410,595
ENSMUSG00000026771,1,40,32,15,40,31,40,53,45,45,32,63
ENSMUSG00000039660,1,19,27,17,18,27,35,42,39,29,47,36
ENSMUSG00000026295,0,0,0,0,0,0,0,0,0,0,0,0
ENSMUSG00000027366,10,119,105,71,109,118,132,155,142,130,108,224
ENSMUSG00000035206,3,80,69,45,64,55,55,67,52,51,75,91
ENSMUSG00000029550,11,109,98,73,102,97,117,108,108,101,133,161
ENSMUSG00000033735,20,374,324,250,331,314,308,372,408,429,434,509
ENSMUSG00000027351,5,71,55,28,73,62,67,76,56,54,64,84
ENSMUSG00000045671,5,74,56,36,58,62,63,56,50,69,69,87
ENSMUSG00000037239,0,2,2,2,5,2,4,0,3,5,7,5
ENSMUSG00000045733,1,0,1,2,4,1,2,0,2,2,4,0
ENSMUSG00000050359,0,6,4,0,2,3,28,70,7,9,13,108
ENSMUSG00000078664,0,1,0,0,0,0,0,0,0,0,0,0
ENSMUSG00000068893,0,0,0,0,1,0,2,0,0,0,0,0
ENSMUSG00000074445,0,0,0,0,1,1,0,1,0,0,0,0
ENSMUSG00000050635,0,0,0,0,0,0,0,0,0,0,0,0
ENSMUSG00000046203,0,0,0,0,0,0,0,0,0,0,0,0
ENSMUSG00000031986,4,47,40,18,41,43,50,42,37,45,36,60
ENSMUSG00000037211,15,102,91,60,97,103,133,110,105,141,134,172
ENSMUSG00000022114,3,57,47,31,82,57,53,58,60,40,48,92
ENSMUSG00000024427,0,28,18,27,32,27,23,26,23,22,17,31
ENSMUSG00000036966,5,49,42,34,43,37,46,56,39,53,47,95
ENSMUSG00000051346,3,96,78,51,86,67,59,67,57,85,85,85
ENSMUSG00000021930,14,121,102,74,139,133,81,114,136,104,109,154
ENSMUSG00000039911,5,111,102,63,82,111,103,104,172,149,99,163
ENSMUSG00000038451,0,9,10,10,16,10,21,26,19,26,22,37
ENSMUSG00000024160,4,106,62,57,78,67,83,74,70,80,105,125
ENSMUSG00000046997,2,26,31,19,28,37,20,21,16,21,22,39
ENSMUSG00000026532,2,33,16,25,20,29,34,26,36,37,39,41
ENSMUSG00000057738,72,389,352,293,404,370,414,326,352,397,326,488
ENSMUSG00000021061,17,352,324,214,306,350,339,283,313,424,470,553
ENSMUSG00000020315,324,1727,1592,1204,1627,1664,2042,1468,1583,1765,1747,2107
ENSMUSG00000067889,1,2,1,1,6,3,2,3,2,3,2,3
ENSMUSG00000011751,0,1,0,0,1,1,0,1,5,1,5,1
ENSMUSG00000074899,0,0,0,0,0,0,0,0,1,0,1,0
ENSMUSG00000021468,3,63,48,39,51,38,64,63,70,41,55,75
ENSMUSG00000021036,5,39,52,23,32,41,67,78,54,45,57,107
ENSMUSG00000049516,1,21,25,11,17,31,20,21,15,20,19,20
ENSMUSG00000071112,0,0,0,0,0,1,0,1,0,0,0,0
ENSMUSG00000022351,0,7,6,1,2,4,12,5,2,3,6,5
ENSMUSG00000005803,9,157,129,103,139,122,140,133,146,165,155,183
ENSMUSG00000015837,100,1187,1203,848,1285,1296,2301,2413,2594,1944,2225,2577
ENSMUSG00000006050,19,282,256,162,239,237,244,289,274,298,317,477
ENSMUSG00000024135,1,13,17,14,12,12,24,20,22,12,24,23
ENSMUSG00000027646,0,19,15,20,16,13,12,5,9,10,21,25
ENSMUSG00000038453,0,1,0,0,3,0,1,0,1,3,1,4
ENSMUSG00000021594,0,1,1,2,3,3,1,5,4,4,3,7
ENSMUSG00000038541,0,0,0,0,0,0,0,0,0,0,0,0
ENSMUSG00000029233,0,26,22,18,19,16,35,24,21,24,14,51
ENSMUSG00000022463,10,75,55,42,60,35,62,48,42,38,59,71
ENSMUSG00000032621,18,64,55,34,69,78,69,64,52,70,76,80
ENSMUSG00000021716,16,115,113,62,128,134,112,115,114,84,111,134
ENSMUSG00000015605,11,230,193,159,232,192,201,203,181,196,248,308
ENSMUSG00000024528,0,10,3,7,6,8,15,13,16,14,16,17
ENSMUSG00000020121,0,4,4,1,7,1,9,10,0,4,6,1
ENSMUSG00000026425,20,81,54,29,60,62,86,99,70,75,79,98
ENSMUSG00000030257,0,1,2,2,1,1,2,4,2,3,5,4
ENSMUSG00000020077,26,143,134,83,156,112,170,251,202,157,156,306
ENSMUSG00000003161,20,166,129,99,160,146,215,216,191,191,213,335
ENSMUSG00000022519,94,2023,1873,1436,1832,1893,1423,1400,1408,1503,1593,2221
ENSMUSG00000006442,7,65,52,42,57,62,74,86,72,84,104,143
ENSMUSG00000027579,0,4,1,0,2,0,0,3,2,4,0,2
ENSMUSG00000009549,21,294,286,221,302,299,324,389,346,347,381,525
ENSMUSG00000014504,8,164,161,99,131,119,132,148,132,163,124,214
ENSMUSG00000079108,10,124,118,70,119,123,173,151,149,114,149,198
ENSMUSG00000020780,18,212,200,147,195,209,331,281,315,363,437,439
ENSMUSG00000036323,16,108,125,89,122,135,147,141,140,139,141,214
ENSMUSG00000026511,24,174,180,117,160,156,188,202,206,182,246,304
ENSMUSG00000004865,9,95,91,53,95,84,104,79,64,63,75,117
ENSMUSG00000062604,10,173,146,94,153,143,181,122,123,119,170,152
ENSMUSG00000002007,7,112,136,100,134,118,120,120,131,141,165,188
ENSMUSG00000032042,12,169,166,105,144,150,134,171,166,226,195,277
ENSMUSG00000032553,8,106,90,84,98,83,95,112,126,126,102,141
ENSMUSG00000090084,0,6,2,8,4,5,15,17,8,18,6,30
ENSMUSG00000031253,2,29,17,15,18,24,33,33,24,26,23,45
ENSMUSG00000001323,9,49,48,33,45,50,58,44,48,60,71,73
ENSMUSG00000029346,2,48,27,26,41,33,45,54,60,46,52,57
ENSMUSG00000028809,23,127,129,102,140,155,200,138,158,154,164,170
ENSMUSG00000039218,163,478,497,322,628,593,618,596,608,535,694,720
ENSMUSG00000039860,0,0,0,0,0,0,0,0,0,1,0,0
ENSMUSG00000063919,5,72,38,37,61,47,44,18,34,34,39,40
ENSMUSG00000018379,12,98,68,60,83,80,90,68,84,75,100,125
ENSMUSG00000028676,9,60,44,40,67,53,59,67,80,67,66,96
ENSMUSG00000055436,27,120,121,72,116,135,170,126,161,141,134,189
ENSMUSG00000054679,0,0,0,0,0,0,0,0,0,0,0,1
ENSMUSG00000034120,26,260,209,153,244,228,234,278,247,212,236,377
ENSMUSG00000071172,15,200,162,119,180,187,202,238,235,224,216,341
ENSMUSG00000028911,6,48,45,30,50,58,55,77,74,65,56,111
ENSMUSG00000021134,29,387,331,243,428,398,452,414,427,377,372,582
ENSMUSG00000016921,30,286,236,171,241,220,223,256,201,218,208,367
ENSMUSG00000024097,15,95,88,81,91,103,124,136,140,95,105,183
ENSMUSG00000029538,15,91,80,60,84,81,95,125,84,89,104,175
ENSMUSG00000032802,13,57,55,38,73,51,88,94,56,68,101,126
ENSMUSG00000037013,5,76,58,38,68,59,66,72,59,50,77,102
ENSMUSG00000039086,0,11,12,4,16,5,14,7,10,8,16,14
ENSMUSG00000032526,23,500,429,342,407,443,429,510,530,473,654,681
ENSMUSG00000068882,14,112,120,74,143,111,120,167,143,118,150,180
ENSMUSG00000029911,3,81,51,43,64,59,79,72,83,60,65,121
ENSMUSG00000003992,1,64,61,27,60,73,69,60,80,64,77,86
ENSMUSG00000061887,15,123,133,101,149,119,126,128,127,109,137,171
ENSMUSG00000070003,16,85,89,62,84,97,116,148,118,116,110,208
ENSMUSG00000029699,0,3,0,0,1,3,6,1,8,2,3,5
ENSMUSG00000035279,2,10,19,11,17,22,27,39,9,22,22,34
ENSMUSG00000027007,3,48,34,31,46,41,44,47,55,55,44,82
ENSMUSG00000042121,4,65,65,35,83,65,94,54,68,59,76,84
ENSMUSG00000037926,32,297,272,187,316,252,343,271,312,210,240,328
ENSMUSG00000034616,2,14,22,9,15,18,26,24,18,24,17,32
ENSMUSG00000029784,0,0,0,0,0,0,0,0,0,0,1,0
ENSMUSG00000026966,14,142,137,119,140,148,141,150,133,161,187,221
ENSMUSG00000030255,25,551,495,427,491,573,473,432,428,437,387,645
ENSMUSG00000029797,0,0,2,1,1,1,1,5,1,1,3,11
ENSMUSG00000021427,13,114,79,65,99,81,140,140,109,93,93,216
ENSMUSG00000041355,25,233,208,178,198,206,227,271,230,268,353,463
ENSMUSG00000027828,12,227,226,158,206,218,253,272,227,221,274,371
ENSMUSG00000002014,24,290,279,191,288,258,324,402,333,357,404,565
ENSMUSG00000027067,12,112,112,68,113,113,130,166,145,124,149,189
ENSMUSG00000035431,0,0,0,0,0,0,0,0,0,0,0,0
ENSMUSG00000047904,1,0,0,0,0,0,0,0,0,0,0,1
ENSMUSG00000044933,0,1,0,0,0,1,0,0,0,0,0,0
ENSMUSG00000037014,0,0,0,0,0,0,0,0,0,0,0,0
ENSMUSG00000034387,2,20,9,6,12,9,13,8,11,9,5,7
ENSMUSG00000029038,15,171,151,119,149,150,167,206,193,217,200,306
ENSMUSG00000036825,6,48,45,50,45,47,60,36,36,47,48,53
ENSMUSG00000079705,0,0,0,0,0,0,0,0,0,0,0,0
ENSMUSG00000023165,0,1,0,0,0,0,0,0,0,0,0,0
ENSMUSG00000022403,12,254,233,171,237,242,239,230,266,257,268,322
ENSMUSG00000031995,0,2,0,0,3,1,1,2,2,1,0,3
ENSMUSG00000013846,9,71,68,41,77,77,112,90,83,68,84,136
ENSMUSG00000031749,6,63,59,42,56,62,61,49,39,68,66,110
ENSMUSG00000028538,18,258,243,159,198,230,195,189,213,226,269,292
ENSMUSG00000032038,8,82,63,49,68,59,49,70,59,62,66,97
ENSMUSG00000056091,19,126,103,64,98,90,112,99,110,109,115,170
ENSMUSG00000022747,10,100,100,55,97,88,140,105,146,107,136,154
ENSMUSG00000031024,10,112,97,76,104,107,110,85,86,98,140,123
ENSMUSG00000022885,2,23,21,13,27,21,17,15,21,13,20,19
ENSMUSG00000052544,0,15,7,9,18,8,23,16,4,13,18,7
ENSMUSG00000079442,13,72,64,46,55,70,83,108,68,65,73,100
ENSMUSG00000039037,0,0,0,0,0,0,0,0,0,0,0,1
ENSMUSG00000045576,2,34,22,19,26,24,40,41,51,37,39,63
ENSMUSG00000030283,0,2,1,0,2,0,1,1,0,0,0,3
ENSMUSG00000025789,1,1,0,1,0,0,1,0,0,1,1,1
ENSMUSG00000040710,4,30,26,26,34,28,28,24,36,37,23,26
ENSMUSG00000025425,0,0,1,0,0,0,2,0,0,0,0,0
ENSMUSG00000003418,0,9,9,9,7,9,14,13,14,12,8,7
ENSMUSG00000042286,46,155,146,84,139,121,179,163,111,159,165,251
ENSMUSG00000035459,0,2,2,1,0,2,2,2,4,6,2,0
ENSMUSG00000032502,0,0,1,0,2,2,0,1,1,0,2,1
ENSMUSG00000017400,1,1,1,0,0,0,3,0,0,0,2,1
ENSMUSG00000040287,0,6,10,7,3,8,3,7,4,0,7,13
ENSMUSG00000037286,10,45,38,32,45,44,58,62,63,57,90,69
ENSMUSG00000025862,8,87,77,74,79,92,88,76,114,80,92,127
ENSMUSG00000036928,0,1,0,0,2,2,1,0,0,1,1,0
ENSMUSG00000026718,3,38,31,20,35,39,36,35,27,29,31,38
ENSMUSG00000055371,2,40,43,23,42,39,57,52,41,47,55,72
ENSMUSG00000006906,4,32,23,23,25,35,45,46,45,31,41,55
ENSMUSG00000024776,1,4,8,7,12,4,10,8,3,6,8,20
ENSMUSG00000029254,0,1,6,0,2,2,14,12,10,4,5,12
ENSMUSG00000038781,6,69,57,55,62,63,54,59,65,100,81,109
ENSMUSG00000031574,1,5,5,5,3,7,4,11,5,13,7,17
ENSMUSG00000030688,13,113,120,79,102,95,87,105,125,141,134,161
ENSMUSG00000016128,5,51,51,30,47,52,58,55,70,47,47,59
ENSMUSG00000018167,9,86,87,59,101,89,90,110,99,108,94,182
ENSMUSG00000003062,5,38,46,36,41,47,48,50,41,55,33,84
ENSMUSG00000024378,0,15,9,8,9,7,13,10,8,7,16,14
ENSMUSG00000046027,7,25,16,11,23,16,19,19,31,10,26,28
ENSMUSG00000079608,2,2,2,2,2,2,6,0,3,3,2,2
ENSMUSG00000027367,20,409,374,244,364,373,334,316,313,325,366,432
ENSMUSG00000031216,25,120,157,108,154,133,137,115,118,183,166,192
ENSMUSG00000033705,9,45,28,22,24,23,31,26,15,23,33,43
ENSMUSG00000026104,20,152,133,95,108,110,307,722,623,333,346,1126
ENSMUSG00000040033,19,68,49,43,39,49,86,172,125,97,101,332
ENSMUSG00000004040,21,183,185,114,180,181,262,275,266,226,223,457
ENSMUSG00000062939,0,1,0,2,1,0,3,1,6,1,2,0
ENSMUSG00000004043,4,52,59,34,53,54,46,42,54,42,56,93
ENSMUSG00000020919,16,159,160,107,139,157,161,158,147,192,167,199
ENSMUSG00000002147,17,153,136,106,151,144,204,185,150,193,199,264
ENSMUSG00000039536,12,154,120,111,142,115,161,161,169,169,139,228
ENSMUSG00000025920,12,151,127,105,165,140,172,121,149,153,156,177
ENSMUSG00000047963,0,14,11,11,19,17,16,29,29,12,7,61
ENSMUSG00000014813,1,14,6,5,8,13,8,13,5,6,7,11
ENSMUSG00000020303,4,54,53,37,42,49,42,31,40,48,27,62
ENSMUSG00000015652,0,2,0,0,0,0,1,3,0,1,2,2
ENSMUSG00000015653,0,3,2,2,5,2,3,4,5,1,2,9
ENSMUSG00000026389,7,67,55,57,59,60,64,58,59,78,59,99
ENSMUSG00000012428,3,74,45,39,88,62,99,75,65,77,88,122
ENSMUSG00000071562,0,0,0,0,0,0,0,0,0,0,0,0
ENSMUSG00000022902,0,0,0,0,0,0,0,0,0,0,1,0
ENSMUSG00000059657,0,0,1,0,1,1,0,5,0,1,2,4
ENSMUSG00000054905,0,0,0,0,0,0,0,0,0,0,0,0
ENSMUSG00000028718,0,0,0,0,1,0,0,1,0,0,0,2
ENSMUSG00000030987,10,30,36,31,29,41,43,40,47,49,53,76
ENSMUSG00000039156,10,44,29,26,39,42,45,42,50,32,33,64
ENSMUSG00000024966,16,275,249,182,276,313,312,283,296,235,307,400
ENSMUSG00000020272,4,30,33,21,37,31,40,32,38,35,43,46
ENSMUSG00000003068,38,385,388,279,415,407,429,510,499,401,609,651
ENSMUSG00000026213,4,28,15,10,26,16,25,28,34,14,14,43
ENSMUSG00000026201,9,105,77,67,98,97,97,114,88,117,109,161
ENSMUSG00000026094,5,38,23,19,30,42,57,53,39,40,37,58
ENSMUSG00000061207,7,44,29,32,40,25,41,48,37,38,43,40
ENSMUSG00000063410,6,83,57,52,83,67,88,84,80,69,111,124
ENSMUSG00000026277,12,97,102,52,94,94,102,89,133,89,93,145
ENSMUSG00000031112,0,1,0,0,0,0,0,0,0,1,0,0
ENSMUSG00000022329,2,19,20,14,16,24,17,29,26,13,27,32
ENSMUSG00000039954,0,0,1,2,2,1,1,1,2,5,2,3
ENSMUSG00000029123,0,0,1,0,3,0,0,0,0,1,1,0
ENSMUSG00000015981,0,0,0,0,0,0,1,1,1,1,0,0
ENSMUSG00000031027,0,0,0,0,1,2,0,0,0,0,0,0
ENSMUSG00000037885,2,23,29,21,22,37,31,17,17,29,19,35
ENSMUSG00000033276,0,0,1,0,0,1,1,1,2,3,1,0
ENSMUSG00000024006,20,70,72,48,71,63,71,64,72,74,61,108
ENSMUSG00000001630,3,30,39,25,42,39,38,30,32,39,49,50
ENSMUSG00000027030,20,246,183,167,228,205,215,187,223,240,342,362
ENSMUSG00000018209,9,46,43,25,41,39,56,54,41,54,38,64
ENSMUSG00000042608,8,193,130,99,163,156,158,184,135,159,202,242
ENSMUSG00000049897,0,0,1,0,0,0,0,0,0,0,0,0
ENSMUSG00000028832,6,25,23,23,17,23,28,41,52,30,35,53
ENSMUSG00000027500,4,21,14,17,27,23,21,19,32,28,28,33
ENSMUSG00000027581,0,1,0,0,2,1,1,0,1,1,1,1
ENSMUSG00000022044,0,1,3,1,0,1,0,0,0,1,0,1
ENSMUSG00000063529,0,0,1,1,0,0,0,0,0,0,0,0
ENSMUSG00000042694,2,43,43,24,38,46,28,48,53,59,36,70
ENSMUSG00000026880,45,524,430,312,476,487,462,407,408,432,432,614
ENSMUSG00000032333,5,45,39,22,48,36,53,33,49,41,62,83
ENSMUSG00000028455,12,188,188,137,198,174,200,280,217,236,246,330
ENSMUSG00000027744,0,0,0,0,0,0,0,0,0,0,0,0
ENSMUSG00000033855,0,1,0,0,0,3,2,1,2,0,2,3
ENSMUSG00000020961,2,12,8,6,11,16,5,3,11,9,8,8
ENSMUSG00000036923,0,5,1,1,3,3,1,4,1,4,5,4
ENSMUSG00000038143,4,43,24,26,41,30,53,41,59,34,46,53
ENSMUSG00000028801,0,0,1,0,1,0,0,0,1,1,3,2
ENSMUSG00000047940,0,0,0,0,0,0,0,0,0,1,0,0
ENSMUSG00000036770,0,0,0,0,0,0,0,0,0,0,0,1
ENSMUSG00000032327,0,0,0,0,0,0,0,0,0,0,1,0
ENSMUSG00000028327,0,0,0,0,0,0,2,1,0,0,0,2
ENSMUSG00000069631,4,33,30,16,43,26,32,28,31,30,29,38
ENSMUSG00000026027,10,167,151,93,160,140,157,123,149,121,135,210
ENSMUSG00000030224,19,279,297,179,272,311,311,306,325,308,299,461
ENSMUSG00000026915,4,20,22,12,24,30,23,21,26,19,28,21
ENSMUSG00000033498,0,0,0,0,1,0,0,1,0,0,1,0
ENSMUSG00000014601,8,79,69,43,73,55,77,58,57,64,84,110
ENSMUSG00000039629,14,203,183,140,202,238,197,175,168,155,156,286
ENSMUSG00000024077,8,57,44,38,55,47,76,59,56,62,49,85
ENSMUSG00000020954,9,113,102,74,106,133,151,92,131,60,80,142
ENSMUSG00000030374,18,202,181,94,143,172,209,190,144,181,234,253
ENSMUSG00000032116,6,82,78,41,80,81,103,113,76,80,89,142
ENSMUSG00000032437,8,121,129,99,133,153,155,154,154,152,166,226
ENSMUSG00000053963,2,12,8,9,17,9,24,14,26,21,29,13
ENSMUSG00000039232,1,7,6,4,8,6,4,14,5,6,9,15
ENSMUSG00000028879,12,164,123,100,160,138,189,191,161,162,156,243
ENSMUSG00000027522,6,62,62,49,55,71,67,75,85,58,63,99
ENSMUSG00000061455,3,73,75,44,79,72,79,89,96,91,85,114
ENSMUSG00000029125,1,52,42,26,43,42,57,51,48,60,68,91
ENSMUSG00000047854,0,0,1,1,1,0,0,1,1,1,0,0
ENSMUSG00000007207,3,7,8,4,7,6,9,4,7,5,9,10
ENSMUSG00000030806,0,0,1,0,3,2,1,0,0,3,3,5
ENSMUSG00000029428,12,31,34,15,35,34,34,42,36,33,42,62
ENSMUSG00000041488,13,55,66,54,55,73,70,56,62,81,59,114
ENSMUSG00000030805,23,197,206,137,208,218,211,258,217,269,252,404
ENSMUSG00000026470,2,38,54,28,74,47,45,46,48,35,35,63
ENSMUSG00000019998,9,115,94,60,80,102,121,117,138,105,95,188
ENSMUSG00000020903,5,115,96,70,114,88,145,179,173,145,207,243
ENSMUSG00000026797,3,38,37,29,39,43,37,47,41,38,34,73
ENSMUSG00000004626,0,16,10,6,6,8,18,28,28,16,15,41
ENSMUSG00000027882,9,51,47,41,50,67,66,58,62,64,59,71
ENSMUSG00000020546,2,13,6,9,13,14,11,15,17,7,14,18
ENSMUSG00000019790,4,26,29,23,22,19,36,43,23,29,35,37
ENSMUSG00000022829,0,0,0,0,1,0,0,2,1,1,0,0
ENSMUSG00000046314,1,14,10,8,11,18,15,19,12,15,12,16
ENSMUSG00000032899,0,1,0,0,0,0,0,3,0,0,0,1
ENSMUSG00000053205,0,0,4,0,1,0,1,0,3,1,0,0
ENSMUSG00000019178,0,0,0,0,0,0,0,0,0,0,0,0
ENSMUSG00000022205,14,260,211,168,227,266,252,328,288,285,260,421
ENSMUSG00000022110,70,1694,1623,1084,1583,1528,1375,1343,1589,1405,1446,2007
ENSMUSG00000052738,61,1579,1516,1002,1483,1477,1197,1356,1527,1435,1563,2001
ENSMUSG00000061838,10,291,248,187,263,237,251,260,226,260,242,361
ENSMUSG00000027762,0,0,1,0,0,0,5,0,0,0,3,0
ENSMUSG00000040297,2,20,23,15,35,28,38,21,28,22,25,33
ENSMUSG00000066900,34,310,232,164,294,269,301,313,335,354,353,483
ENSMUSG00000025231,2,30,17,20,30,33,24,22,34,23,45,41
ENSMUSG00000055137,0,8,2,3,10,8,3,11,7,4,3,10
ENSMUSG00000011306,13,86,86,71,79,82,157,142,153,151,204,177
ENSMUSG00000036054,6,65,48,46,54,46,82,70,63,84,66,94
ENSMUSG00000022024,15,117,117,86,111,116,150,170,215,153,202,264
ENSMUSG00000016918,6,35,44,18,32,31,49,64,33,32,43,71
ENSMUSG00000006800,3,100,77,77,120,126,93,120,84,96,132,173
ENSMUSG00000030711,39,140,152,138,155,170,275,234,376,442,287,478
ENSMUSG00000029269,0,0,0,0,0,0,0,0,0,0,0,0
ENSMUSG00000023122,0,0,0,0,0,0,0,0,0,0,0,0
ENSMUSG00000029273,0,1,0,0,0,0,0,0,0,0,0,0
ENSMUSG00000029272,0,0,0,0,0,0,0,0,0,1,0,0
ENSMUSG00000030378,0,0,0,0,0,0,0,0,0,0,0,1
ENSMUSG00000003271,0,0,0,0,0,0,0,0,0,2,0,1
ENSMUSG00000018865,0,1,0,0,0,0,0,0,0,0,0,1
ENSMUSG00000000739,3,8,2,3,3,2,6,7,9,8,8,9
ENSMUSG00000038045,1,0,2,0,1,0,2,2,0,0,1,1
ENSMUSG00000048473,0,0,0,0,0,0,0,0,0,0,0,1
ENSMUSG00000030101,3,40,43,33,34,41,61,48,36,50,62,76
ENSMUSG00000025538,0,11,10,10,15,12,11,12,17,10,12,19
ENSMUSG00000026021,17,144,124,111,123,125,155,169,186,166,157,258
ENSMUSG00000020738,4,51,64,27,49,51,57,70,67,52,66,103
ENSMUSG00000036817,10,79,84,40,89,86,79,70,69,86,102,110
ENSMUSG00000042524,19,288,235,177,268,289,279,323,302,290,367,427
ENSMUSG00000040985,0,4,1,2,0,3,2,0,1,3,5,5
ENSMUSG00000049858,2,57,54,28,60,63,45,40,38,39,27,47
ENSMUSG00000035726,5,25,24,14,43,27,36,33,30,25,31,44
ENSMUSG00000027751,7,38,42,21,44,45,62,50,56,52,53,48
ENSMUSG00000038954,4,68,57,50,56,63,96,96,91,105,138,120
ENSMUSG00000020485,7,67,68,57,80,68,115,108,147,105,173,163
ENSMUSG00000003435,36,294,256,176,271,262,360,319,385,345,408,439
ENSMUSG00000002052,12,103,106,68,94,93,124,117,120,134,119,162
ENSMUSG00000053134,2,33,28,20,32,22,39,29,32,30,35,57
ENSMUSG00000020079,4,91,86,56,88,69,66,50,54,85,59,94
ENSMUSG00000015790,10,150,145,102,141,153,188,182,196,212,228,269
ENSMUSG00000014873,3,54,52,40,57,39,49,50,67,77,68,109
ENSMUSG00000014867,18,317,306,254,309,336,379,334,315,313,388,605
ENSMUSG00000036160,2,19,12,14,14,13,17,13,25,20,23,28
ENSMUSG00000038578,0,5,2,1,2,1,2,2,4,3,4,3
ENSMUSG00000006342,4,6,2,8,11,9,6,6,10,4,8,9
ENSMUSG00000021384,0,2,4,0,5,2,13,18,6,7,3,16
ENSMUSG00000038576,0,1,3,1,2,1,1,1,1,2,0,0
ENSMUSG00000086596,0,1,1,4,7,2,2,2,7,1,7,2
ENSMUSG00000021133,12,167,146,132,157,141,191,156,197,183,174,246
ENSMUSG00000039231,2,27,20,13,14,23,22,24,20,25,25,38
ENSMUSG00000026646,2,3,5,2,1,4,4,1,1,3,4,8
ENSMUSG00000017548,2,43,48,27,53,48,51,41,49,56,46,63
ENSMUSG00000038486,0,13,12,7,7,9,12,6,10,19,16,14
ENSMUSG00000053025,0,1,0,1,2,0,6,2,1,2,2,2
ENSMUSG00000051111,0,0,1,0,2,0,0,0,0,1,0,1
ENSMUSG00000028643,8,105,72,71,91,83,86,108,127,99,102,189
ENSMUSG00000028369,0,17,24,11,27,20,30,32,19,29,29,62
ENSMUSG00000024236,25,532,504,326,537,524,654,505,611,663,628,690
ENSMUSG00000074093,11,119,116,71,112,98,87,118,123,117,116,107
ENSMUSG00000042078,0,0,0,0,0,0,0,0,0,0,0,0
ENSMUSG00000029830,0,3,2,4,3,0,5,3,3,5,1,5
ENSMUSG00000040132,0,0,0,0,0,0,0,0,0,0,0,0
ENSMUSG00000016998,1,0,0,0,0,0,0,0,0,0,0,0
ENSMUSG00000031015,2,22,19,14,31,29,30,28,24,17,29,38
ENSMUSG00000044627,41,591,554,423,631,637,617,640,677,524,637,915
ENSMUSG00000051238,2,31,35,23,36,35,30,28,27,40,43,50
ENSMUSG00000052748,9,30,29,14,26,29,41,31,41,21,28,49
ENSMUSG00000031357,0,9,5,9,14,10,8,15,11,10,11,24
ENSMUSG00000022340,0,21,20,9,15,22,9,15,15,14,15,21
ENSMUSG00000025480,0,0,0,0,0,0,0,0,0,0,0,0
ENSMUSG00000003824,0,4,1,4,4,8,7,11,7,8,8,13
ENSMUSG00000078938,0,0,0,0,0,0,0,0,0,0,0,0
ENSMUSG00000027855,0,0,0,0,0,0,0,0,0,0,0,0
ENSMUSG00000060445,0,2,1,2,2,0,0,2,1,3,0,3
ENSMUSG00000020059,0,23,8,11,19,21,13,13,12,16,6,24
ENSMUSG00000032714,3,30,24,22,36,29,35,36,44,41,40,55
ENSMUSG00000036863,4,49,51,24,48,40,47,40,57,32,39,52
ENSMUSG00000028821,34,227,238,186,252,266,420,368,438,431,459,572
ENSMUSG00000021457,7,54,59,28,52,55,90,73,70,68,63,122
ENSMUSG00000023118,19,213,223,134,239,255,310,285,261,283,302,400
ENSMUSG00000037217,0,4,3,0,2,3,2,0,0,2,6,2
ENSMUSG00000009394,0,5,6,6,11,11,16,9,9,15,13,21
ENSMUSG00000059602,2,8,8,7,7,5,13,8,11,8,5,12
ENSMUSG00000047977,0,0,1,1,1,4,2,0,0,1,0,0
ENSMUSG00000001333,0,1,2,0,2,2,2,1,2,0,1,1
ENSMUSG00000074736,1,0,0,0,0,0,1,1,0,1,0,1
ENSMUSG00000071234,0,0,0,1,0,1,0,0,0,0,0,0
ENSMUSG00000096054,15,11,9,2,18,9,19,10,16,8,19,9
ENSMUSG00000063450,12,77,61,33,71,54,56,48,58,45,65,73
ENSMUSG00000054150,0,3,1,3,1,4,0,4,5,1,0,3
ENSMUSG00000019737,0,4,0,1,2,2,1,3,1,1,1,1
ENSMUSG00000067629,0,8,4,6,13,4,9,7,13,3,8,6
ENSMUSG00000022415,20,353,304,228,293,318,363,388,408,429,575,607
ENSMUSG00000048277,35,636,619,466,599,617,706,741,726,781,918,1195
ENSMUSG00000007021,0,0,0,0,0,1,0,0,0,0,0,0
ENSMUSG00000040231,0,0,0,0,0,0,0,0,0,0,0,0
ENSMUSG00000022973,2,52,39,32,53,60,70,59,37,50,53,86
ENSMUSG00000023805,3,108,99,89,100,109,122,99,104,116,109,131
ENSMUSG00000030554,6,24,20,14,14,20,18,16,14,23,21,20
ENSMUSG00000043079,13,246,280,217,308,301,397,328,434,469,343,534
ENSMUSG00000050315,16,301,250,182,284,235,207,201,247,204,209,336
ENSMUSG00000039376,16,375,403,315,333,447,696,699,418,577,800,978
ENSMUSG00000056296,1,0,0,0,0,0,2,0,0,0,0,0
ENSMUSG00000034940,4,88,68,49,81,70,91,90,86,90,103,121
ENSMUSG00000031144,1,5,7,5,5,5,6,5,6,6,6,5
ENSMUSG00000020570,16,253,248,160,238,286,336,295,350,238,282,402
ENSMUSG00000027887,0,1,0,1,3,2,0,1,0,0,0,1
ENSMUSG00000045503,13,196,156,114,191,202,165,194,200,204,265,299
ENSMUSG00000035864,0,0,0,0,0,0,0,0,0,0,0,0
ENSMUSG00000068923,6,57,45,27,54,50,67,54,63,45,63,91
ENSMUSG00000049303,1,5,5,4,7,5,27,24,22,13,26,27
ENSMUSG00000027220,0,0,0,0,0,0,0,0,0,0,0,0
ENSMUSG00000016200,0,0,0,0,0,0,0,0,0,0,0,0
ENSMUSG00000041479,0,4,1,2,6,2,3,3,0,4,3,3
ENSMUSG00000058420,1,3,3,3,7,1,2,3,3,3,4,4
ENSMUSG00000026452,0,0,0,0,1,1,0,1,0,2,0,0
ENSMUSG00000030731,0,8,8,4,11,14,7,3,7,4,4,9
ENSMUSG00000024261,0,0,0,0,0,0,0,0,0,0,0,0
ENSMUSG00000004961,0,2,1,3,1,5,0,4,3,1,3,1
ENSMUSG00000027849,0,0,0,0,1,0,0,0,0,0,0,0
ENSMUSG00000024743,20,168,141,84,124,150,138,117,156,133,147,184
ENSMUSG00000031098,0,0,0,0,0,0,0,0,0,0,0,1
ENSMUSG00000028860,0,1,0,0,0,0,0,0,0,2,1,0
ENSMUSG00000030616,0,4,3,0,1,2,2,1,2,2,5,5
ENSMUSG00000041831,1,2,0,2,3,0,1,2,4,1,3,0
ENSMUSG00000031255,0,0,1,0,7,1,2,3,6,3,2,4
ENSMUSG00000054453,0,0,0,0,0,0,0,0,0,0,0,1
ENSMUSG00000040842,34,200,194,133,188,215,257,248,227,232,296,326
ENSMUSG00000033253,10,42,33,20,35,22,31,21,30,43,40,43
ENSMUSG00000062327,0,0,0,0,0,0,0,0,0,0,0,0
ENSMUSG00000058159,0,3,1,3,2,6,2,3,8,2,3,4
ENSMUSG00000059763,0,0,0,0,0,0,0,1,0,0,0,0
ENSMUSG00000022414,10,81,63,55,79,58,59,66,67,78,103,101
ENSMUSG00000015755,3,122,113,97,111,93,125,124,139,138,118,157
ENSMUSG00000035476,4,28,23,13,18,25,20,15,18,19,21,29
ENSMUSG00000061762,0,6,5,6,11,2,8,15,8,7,10,20
ENSMUSG00000020872,0,0,0,0,1,0,0,0,0,0,0,0
ENSMUSG00000065954,26,158,136,88,140,155,184,163,180,124,129,200
ENSMUSG00000030852,46,648,658,554,744,775,1352,1009,1212,1165,785,1163
ENSMUSG00000037313,1,7,7,1,6,3,8,6,7,1,4,10
ENSMUSG00000001983,2,21,20,17,20,20,14,11,19,13,15,16
ENSMUSG00000051397,0,0,0,0,0,0,0,1,0,0,0,0
ENSMUSG00000026563,0,18,19,13,27,18,31,31,25,28,30,32
ENSMUSG00000018651,1,16,14,6,11,19,21,22,19,16,12,24
ENSMUSG00000029196,3,33,24,25,29,37,42,34,29,34,37,47
ENSMUSG00000048930,5,80,58,36,61,51,68,64,57,52,56,79
ENSMUSG00000031314,3,35,30,27,35,26,43,51,29,31,43,39
ENSMUSG00000043866,17,224,204,146,182,193,200,229,238,237,267,338
ENSMUSG00000024218,4,61,53,63,72,65,65,79,56,60,73,108
ENSMUSG00000028899,7,94,62,66,85,75,93,87,102,93,101,123
ENSMUSG00000048100,4,55,47,49,43,51,50,58,42,47,51,66
ENSMUSG00000020680,7,25,24,20,32,36,59,35,34,29,14,38
ENSMUSG00000072258,1,43,38,39,50,43,56,46,56,68,52,67
ENSMUSG00000059669,0,23,25,20,26,22,47,45,42,29,47,62
ENSMUSG00000031832,2,18,14,20,23,23,23,36,21,33,36,21
ENSMUSG00000031939,8,44,34,24,53,38,48,54,52,38,33,69
ENSMUSG00000037343,1,21,25,11,23,35,21,25,21,21,21,33
ENSMUSG00000025782,5,21,32,22,28,32,33,33,28,23,28,37
ENSMUSG00000039117,6,32,41,23,41,44,41,45,43,54,46,52
ENSMUSG00000054321,0,9,13,8,6,11,7,10,7,1,9,10
ENSMUSG00000025049,2,14,11,6,16,14,21,11,22,14,8,27
ENSMUSG00000038697,1,31,24,27,33,30,40,26,30,25,36,52
ENSMUSG00000036980,9,88,84,45,73,71,84,76,85,82,90,101
ENSMUSG00000003680,4,74,78,55,60,60,85,106,104,86,121,148
ENSMUSG00000051316,1,23,14,10,21,24,26,29,29,9,19,37
ENSMUSG00000009596,0,0,0,0,0,0,0,0,0,0,0,0
ENSMUSG00000023980,1,24,23,14,26,29,28,22,31,21,42,23
ENSMUSG00000047242,3,23,29,24,31,37,45,49,33,25,35,47
ENSMUSG00000033450,2,14,10,9,9,15,14,21,15,9,10,14
ENSMUSG00000052031,1,23,27,18,20,21,26,23,29,27,24,38
ENSMUSG00000032085,19,69,90,138,169,106,100,107,200,134,241,205
ENSMUSG00000026547,60,273,256,215,295,277,350,388,272,309,315,718
ENSMUSG00000022658,0,0,1,4,1,3,1,3,0,1,0,2
ENSMUSG00000028717,2,6,9,11,7,7,14,7,9,12,21,17
ENSMUSG00000028417,0,2,0,0,0,0,1,1,1,1,0,1
ENSMUSG00000025503,26,324,290,227,283,300,312,339,304,316,335,522
ENSMUSG00000030316,5,40,27,19,28,27,19,36,33,24,40,44
ENSMUSG00000035168,23,104,95,72,88,108,130,95,115,113,110,123
ENSMUSG00000053580,4,40,30,17,38,38,32,14,23,25,24,34
ENSMUSG00000013539,18,251,254,153,257,267,256,219,314,325,301,325
ENSMUSG00000041949,0,37,12,16,21,23,27,26,30,37,28,37
ENSMUSG00000064289,1,42,21,12,26,28,28,40,37,22,25,41
ENSMUSG00000017291,13,232,193,154,223,213,234,204,207,192,185,244
ENSMUSG00000059981,57,125,106,92,121,127,145,122,121,118,134,198
ENSMUSG00000061288,3,30,22,19,30,24,39,49,36,27,27,74
ENSMUSG00000037321,10,72,50,25,52,48,135,313,357,158,139,564
ENSMUSG00000024339,6,79,74,50,72,64,139,160,127,88,85,249
ENSMUSG00000024308,58,330,255,240,363,340,470,779,501,390,456,1138
ENSMUSG00000038213,2,17,25,15,20,18,23,47,41,36,33,89
ENSMUSG00000046985,3,50,29,23,52,53,77,55,62,41,71,59
ENSMUSG00000090290,3,9,8,5,10,12,13,14,14,14,12,10
ENSMUSG00000023051,4,52,64,44,63,55,62,71,63,53,67,100
ENSMUSG00000041459,13,130,113,93,128,132,176,159,160,122,121,233
ENSMUSG00000053338,0,0,0,0,1,1,4,5,0,1,0,7
ENSMUSG00000022241,3,61,56,38,59,68,70,78,81,89,97,124
ENSMUSG00000028107,12,150,149,122,122,146,137,131,143,163,182,201
ENSMUSG00000030515,3,86,81,60,102,90,92,86,93,96,73,112
ENSMUSG00000028950,0,0,0,0,1,0,0,0,0,0,0,0
ENSMUSG00000029072,1,1,2,0,0,1,1,3,0,0,0,2
ENSMUSG00000051153,0,0,0,0,0,0,0,0,0,0,0,0
ENSMUSG00000056926,0,0,0,0,0,0,0,0,1,0,0,0
ENSMUSG00000030194,0,0,0,0,0,0,0,0,0,1,0,0
ENSMUSG00000052850,0,0,1,0,1,1,1,0,1,0,0,0
ENSMUSG00000039033,0,7,9,8,13,9,18,24,21,24,13,30
ENSMUSG00000050891,0,26,29,25,21,23,37,39,47,24,54,68
ENSMUSG00000056952,7,112,97,45,86,108,112,85,130,79,77,152
ENSMUSG00000026632,8,36,37,24,37,46,50,38,40,44,38,66
ENSMUSG00000004535,24,228,230,142,247,250,255,296,319,302,304,379
ENSMUSG00000040158,15,101,86,71,77,92,86,137,73,88,94,139
ENSMUSG00000009995,7,161,142,136,163,151,177,165,166,223,192,272
ENSMUSG00000020096,0,2,0,0,1,2,0,2,1,2,1,2
ENSMUSG00000029174,6,46,33,20,36,22,24,28,16,32,36,45
ENSMUSG00000034412,6,21,20,10,19,26,27,23,27,20,18,38
ENSMUSG00000042492,9,74,58,55,67,69,91,101,72,88,81,107
ENSMUSG00000040247,2,21,19,12,13,13,21,20,46,32,35,35
ENSMUSG00000048720,1,11,17,12,23,16,29,21,29,15,19,22
ENSMUSG00000039678,6,68,45,36,48,45,66,80,51,48,53,99
ENSMUSG00000029192,1,26,14,16,18,26,24,30,28,14,16,37
ENSMUSG00000020130,1,65,64,33,69,60,89,78,87,68,87,108
ENSMUSG00000039976,15,202,159,140,165,171,198,171,171,199,193,240
ENSMUSG00000038520,14,139,101,79,115,97,175,166,220,199,206,229
ENSMUSG00000039178,3,47,30,28,46,34,32,57,58,44,52,66
ENSMUSG00000039813,0,6,7,6,6,4,9,6,7,6,3,7
ENSMUSG00000027465,7,123,105,89,124,106,155,141,141,132,149,161
ENSMUSG00000036244,0,0,0,0,0,0,0,0,0,0,1,0
ENSMUSG00000051864,8,100,89,66,62,94,96,99,105,112,109,146
ENSMUSG00000022749,1,46,40,37,40,47,55,47,36,48,54,76
ENSMUSG00000036473,0,39,28,21,52,23,37,40,45,33,35,52
ENSMUSG00000039201,0,11,19,4,14,13,12,13,11,11,18,21
ENSMUSG00000037410,6,36,51,32,24,29,61,44,45,60,49,56
ENSMUSG00000052302,0,4,3,3,0,4,5,3,0,2,3,2
ENSMUSG00000022364,0,16,5,9,7,8,12,8,9,13,23,10
ENSMUSG00000038122,2,15,13,6,11,13,9,10,22,14,18,23
ENSMUSG00000033083,8,223,174,133,239,206,194,196,212,203,215,272
ENSMUSG00000021368,12,115,109,82,103,119,119,124,110,149,146,149
ENSMUSG00000003134,2,18,9,12,17,19,26,20,19,16,15,30
ENSMUSG00000042473,0,2,1,0,2,1,1,0,2,0,0,0
ENSMUSG00000031709,0,7,5,5,5,7,17,13,9,12,11,16
ENSMUSG00000036644,21,184,129,102,138,161,152,150,153,178,203,205
ENSMUSG00000042043,14,211,171,142,174,170,199,223,235,225,235,356
ENSMUSG00000006095,13,191,215,173,202,227,275,347,266,269,405,478
ENSMUSG00000036430,4,49,41,38,48,46,49,62,52,50,89,80
ENSMUSG00000004462,2,16,21,12,13,12,22,19,22,20,18,29
ENSMUSG00000039230,3,41,40,23,39,27,41,45,54,50,37,69
ENSMUSG00000039233,2,61,59,32,69,49,79,65,73,81,97,85
ENSMUSG00000037287,2,28,25,17,35,40,43,29,37,31,16,39
ENSMUSG00000028030,5,38,32,37,50,42,43,49,39,36,40,54
ENSMUSG00000020115,2,42,34,22,41,26,40,41,44,42,36,78
ENSMUSG00000038517,18,55,54,49,56,65,84,73,67,73,87,122
ENSMUSG00000025246,11,84,61,48,73,83,95,89,72,69,71,141
ENSMUSG00000027630,6,54,60,46,63,71,80,68,84,83,73,98
ENSMUSG00000005374,7,34,36,24,37,26,48,34,29,31,34,74
ENSMUSG00000040688,7,61,65,57,68,73,78,66,68,74,83,104
ENSMUSG00000014767,2,18,19,22,25,19,19,27,27,17,27,27
ENSMUSG00000071359,10,53,31,32,31,34,40,49,52,42,35,69
ENSMUSG00000035033,0,1,0,0,0,0,0,0,0,0,0,0
ENSMUSG00000011114,12,137,127,91,136,127,180,181,212,195,244,333
ENSMUSG00000000384,14,242,205,142,206,192,210,201,208,215,170,270
ENSMUSG00000009097,3,4,5,3,2,5,5,3,6,6,8,4
ENSMUSG00000037477,0,0,0,0,0,0,0,0,0,0,0,0
ENSMUSG00000027868,0,0,1,0,4,1,1,0,0,1,0,0
ENSMUSG00000032419,2,8,11,10,12,7,11,15,14,8,6,18
ENSMUSG00000000093,7,41,37,29,41,38,45,33,30,41,47,51
ENSMUSG00000031965,9,210,225,143,231,232,230,202,187,159,173,266
ENSMUSG00000001444,0,0,1,0,0,0,0,1,0,0,2,1
ENSMUSG00000018604,3,23,22,7,24,21,24,20,38,19,21,33
ENSMUSG00000000094,0,0,0,0,0,1,0,0,0,0,0,0
ENSMUSG00000018263,3,56,70,45,77,69,67,71,75,62,66,107
ENSMUSG00000030699,2,8,2,0,10,4,6,5,5,7,9,3
ENSMUSG00000034881,3,11,13,2,11,6,5,14,7,6,6,12
ENSMUSG00000029925,1,11,8,5,7,10,14,17,14,12,10,21
ENSMUSG00000021187,0,0,0,0,0,1,2,0,0,0,0,0
ENSMUSG00000036667,1,19,20,10,15,22,19,22,18,8,26,31
ENSMUSG00000029851,1,8,2,1,4,4,4,6,2,6,4,8
ENSMUSG00000046603,5,113,112,68,101,87,107,74,78,86,84,112
ENSMUSG00000020712,0,0,1,0,0,0,0,0,0,0,1,0
ENSMUSG00000007877,758,6962,10047,8690,7437,11184,11544,13037,24127,15178,20976,23866
ENSMUSG00000033813,5,49,36,28,54,39,52,60,52,51,53,80
ENSMUSG00000059540,3,22,14,11,10,21,20,18,23,23,33,31
ENSMUSG00000001604,60,766,732,599,635,718,753,804,1096,1085,1164,1066
ENSMUSG00000049536,4,33,28,14,29,27,39,46,32,20,41,58
ENSMUSG00000044550,0,5,2,5,0,1,1,2,0,2,4,0
ENSMUSG00000054034,0,0,1,2,1,0,0,0,1,1,2,1
ENSMUSG00000031409,0,0,0,0,0,1,1,0,0,0,0,0
ENSMUSG00000079428,0,0,0,2,2,1,1,0,0,4,3,3
ENSMUSG00000051579,3,53,50,40,58,57,54,64,67,59,91,117
ENSMUSG00000042712,4,45,35,20,36,39,41,42,71,57,42,76
ENSMUSG00000051224,1,6,8,3,10,6,8,7,4,9,8,7
ENSMUSG00000028619,5,35,39,15,30,33,42,33,45,42,44,75
ENSMUSG00000024498,5,40,50,28,44,33,52,53,45,44,48,62
ENSMUSG00000091002,0,0,0,0,0,0,1,0,0,0,1,0
ENSMUSG00000032228,5,56,41,33,60,44,60,53,49,67,54,60
ENSMUSG00000068079,18,125,148,82,114,94,99,91,132,115,139,125
ENSMUSG00000050410,0,8,9,7,5,8,9,17,13,15,15,21
ENSMUSG00000041852,0,15,10,16,12,18,17,14,11,12,18,11
ENSMUSG00000045680,3,19,19,11,16,17,26,30,35,28,19,40
ENSMUSG00000006642,4,2,4,2,6,7,22,13,26,24,12,23
ENSMUSG00000099032,0,0,0,2,2,2,1,1,1,0,0,2
ENSMUSG00000001472,55,465,428,400,521,471,589,573,511,682,689,945
ENSMUSG00000020167,8,60,53,32,70,51,60,49,58,55,65,73
ENSMUSG00000053477,88,469,410,240,514,501,613,413,436,295,381,509
ENSMUSG00000000782,0,3,0,1,0,4,1,3,2,0,0,3
ENSMUSG00000055799,9,55,47,33,61,53,49,68,60,50,60,86
ENSMUSG00000024985,5,83,78,41,92,82,110,80,80,67,79,108
ENSMUSG00000038932,0,0,0,0,1,0,0,0,0,1,0,0
ENSMUSG00000052415,0,1,0,0,1,1,0,1,1,0,0,1
ENSMUSG00000027908,0,0,0,0,0,0,0,0,0,0,1,0
ENSMUSG00000002486,4,19,20,11,13,15,22,31,26,29,26,48
ENSMUSG00000001750,23,42,31,23,39,30,56,83,41,52,56,99
ENSMUSG00000020432,17,187,170,130,178,183,192,202,194,231,229,293
ENSMUSG00000024613,8,42,32,23,43,37,55,36,35,44,52,77
ENSMUSG00000068039,34,478,471,398,520,549,551,601,546,514,576,849
ENSMUSG00000071322,0,0,0,0,0,0,0,0,0,0,0,0
ENSMUSG00000055602,0,0,0,0,1,0,0,0,0,1,0,0
ENSMUSG00000052469,0,0,0,1,0,0,0,0,0,0,0,0
ENSMUSG00000062859,0,0,0,0,0,0,0,0,0,0,0,0
ENSMUSG00000027175,0,21,15,16,21,18,18,29,21,23,29,18
ENSMUSG00000020034,14,275,262,181,324,300,322,326,354,343,339,398
ENSMUSG00000058252,0,0,0,0,0,0,1,0,0,0,0,1
ENSMUSG00000039461,16,250,257,154,234,210,282,277,315,311,297,325
ENSMUSG00000079707,0,1,0,0,0,0,0,0,1,1,2,3
ENSMUSG00000014075,1,31,19,27,22,21,27,45,26,22,26,33
ENSMUSG00000047671,0,0,0,1,0,0,2,2,0,1,3,3
ENSMUSG00000038593,3,19,15,10,16,13,19,17,25,22,19,24
ENSMUSG00000025008,4,21,13,14,17,11,13,17,24,28,29,28
ENSMUSG00000034674,2,19,14,14,13,15,16,13,11,18,13,17
ENSMUSG00000032494,0,0,0,0,0,0,1,0,1,0,0,0
ENSMUSG00000021953,0,0,0,0,0,0,0,0,0,0,0,0
ENSMUSG00000028011,0,1,0,0,0,0,0,0,0,0,0,0
ENSMUSG00000021177,0,10,21,12,16,13,22,23,17,16,21,28
ENSMUSG00000035958,0,23,27,18,33,34,20,30,32,25,32,33
ENSMUSG00000025081,0,0,0,0,0,0,0,0,0,0,0,0
ENSMUSG00000030491,0,0,0,0,0,0,3,0,0,1,0,0
ENSMUSG00000022019,2,24,21,21,33,35,30,38,25,22,28,49
ENSMUSG00000040140,0,0,1,0,0,0,0,0,0,0,0,1
ENSMUSG00000035517,5,33,17,15,38,27,42,38,28,30,44,71
ENSMUSG00000054003,0,0,0,0,0,0,0,0,0,0,0,0
ENSMUSG00000041912,0,8,17,10,8,17,15,15,14,9,15,22
ENSMUSG00000050052,2,10,7,3,9,6,8,4,10,10,10,16
ENSMUSG00000055320,15,365,293,184,303,302,290,226,262,231,278,350
ENSMUSG00000030796,6,14,14,16,18,21,18,21,15,25,20,33
ENSMUSG00000002249,9,48,37,31,49,52,49,54,56,59,48,73
ENSMUSG00000030353,3,11,12,14,11,6,7,9,9,11,6,19
ENSMUSG00000029217,2,23,24,15,29,31,29,36,31,18,52,41
ENSMUSG00000066621,58,259,254,177,274,235,280,205,212,281,326,364
ENSMUSG00000021275,2,23,24,16,29,21,25,14,25,26,19,26
ENSMUSG00000031708,130,2453,2375,1824,2176,2216,1729,1651,1884,2522,2079,2602
ENSMUSG00000049537,12,142,127,88,145,165,211,191,275,150,179,295
ENSMUSG00000037705,0,0,0,0,0,1,0,0,0,0,0,0
ENSMUSG00000024979,0,2,2,1,2,1,0,0,0,0,0,3
ENSMUSG00000043282,0,0,1,0,0,0,0,0,0,1,1,0
ENSMUSG00000045968,0,4,3,5,2,4,7,3,4,4,10,6
ENSMUSG00000090356,0,0,0,0,0,0,0,0,0,0,0,0
ENSMUSG00000022389,48,366,501,436,359,547,492,423,609,723,467,804
ENSMUSG00000046909,3,63,66,48,67,62,52,55,68,64,96,73
ENSMUSG00000006386,6,95,65,63,93,83,103,55,94,68,104,126
ENSMUSG00000020799,0,0,0,0,0,0,1,0,0,0,0,0
ENSMUSG00000028845,0,3,0,2,4,1,2,1,0,1,3,3
ENSMUSG00000042189,0,0,0,0,0,0,0,0,0,0,0,1
ENSMUSG00000024175,0,1,0,0,0,3,0,0,0,0,0,0
ENSMUSG00000039179,0,0,0,0,0,0,0,0,0,1,0,1
ENSMUSG00000024170,3,40,35,26,34,28,31,30,24,34,34,51
ENSMUSG00000020778,2,36,30,23,41,44,45,58,50,57,30,86
ENSMUSG00000016150,0,0,0,0,0,0,0,1,0,0,0,1
ENSMUSG00000049336,0,0,2,0,1,0,0,0,0,0,1,0
ENSMUSG00000031561,2,0,4,5,6,2,4,5,3,1,4,3
ENSMUSG00000048078,0,2,6,0,2,3,1,1,6,1,0,0
ENSMUSG00000006281,2,33,24,17,22,35,49,60,44,42,32,61
ENSMUSG00000090206,0,0,0,1,1,1,1,2,1,0,1,1
ENSMUSG00000025377,4,25,29,34,29,33,32,27,21,35,34,45
ENSMUSG00000052616,0,0,0,1,0,0,0,1,0,0,1,0
ENSMUSG00000025925,5,10,16,8,18,16,26,19,16,11,20,37
ENSMUSG00000033430,3,43,48,30,53,48,46,69,54,47,62,75
ENSMUSG00000021611,0,0,0,0,0,0,0,0,0,0,0,0
ENSMUSG00000029552,2,9,4,4,14,7,9,15,16,7,5,15
ENSMUSG00000029359,39,723,671,497,651,757,577,727,692,751,711,1005
ENSMUSG00000055826,0,0,0,0,0,0,0,0,0,0,0,0
ENSMUSG00000028458,15,134,126,87,145,128,148,164,152,163,181,245
ENSMUSG00000033985,1,7,3,2,6,4,4,12,6,7,5,9
ENSMUSG00000024905,5,6,8,8,11,16,10,10,7,8,4,12
ENSMUSG00000034833,0,1,0,0,0,0,3,2,2,1,0,2
ENSMUSG00000047146,0,12,6,4,9,13,5,3,9,3,8,7
ENSMUSG00000040943,1,27,27,10,26,32,45,29,32,21,16,54
ENSMUSG00000034832,5,29,22,19,30,30,33,21,20,13,19,48
ENSMUSG00000028345,4,32,20,19,19,27,31,34,36,23,34,32
ENSMUSG00000009670,0,1,0,0,3,0,1,1,2,1,2,1
ENSMUSG00000042386,0,0,0,0,0,0,0,0,0,0,0,0
ENSMUSG00000010342,0,0,0,1,0,0,0,0,1,0,1,0
ENSMUSG00000009628,0,0,0,0,0,0,0,0,0,0,0,0
ENSMUSG00000040548,1,103,82,62,85,103,94,88,75,87,98,110
ENSMUSG00000021056,0,0,0,0,0,0,0,0,0,1,1,0
ENSMUSG00000012211,0,0,0,1,0,0,0,0,0,0,2,0
ENSMUSG00000029660,0,0,0,1,0,0,0,0,0,0,0,0
ENSMUSG00000014748,20,325,321,211,338,343,407,329,338,280,341,510
ENSMUSG00000040813,14,167,173,103,160,156,241,201,219,194,249,328
ENSMUSG00000031512,0,1,0,0,0,0,1,0,0,0,0,0
ENSMUSG00000026592,0,0,0,0,0,0,0,0,0,0,0,0
ENSMUSG00000044556,0,2,0,3,2,1,0,5,7,1,5,3
ENSMUSG00000032900,0,0,0,0,0,0,0,0,0,0,0,0
ENSMUSG00000040340,0,0,0,0,0,0,0,0,0,0,0,0
ENSMUSG00000058935,0,0,0,0,0,0,0,0,0,0,0,0
ENSMUSG00000049160,0,0,0,1,0,1,0,0,0,0,0,2
ENSMUSG00000090626,0,3,4,5,2,2,2,4,5,5,5,8
ENSMUSG00000003923,10,120,140,112,130,108,95,118,124,119,147,179
ENSMUSG00000021359,0,4,3,0,2,0,1,0,1,2,2,3
ENSMUSG00000025927,0,0,0,0,0,0,0,1,0,0,0,0
ENSMUSG00000028640,0,0,0,0,0,1,0,0,0,0,0,0
ENSMUSG00000042477,0,0,0,0,0,0,0,0,1,0,0,0
ENSMUSG00000005718,4,11,9,2,12,5,16,9,8,7,13,10
ENSMUSG00000036983,0,27,20,25,22,21,23,28,27,25,38,36
ENSMUSG00000026492,8,80,69,45,77,59,82,58,70,80,66,111
ENSMUSG00000009733,3,7,15,12,6,9,19,22,17,14,12,19
ENSMUSG00000026380,0,3,3,1,0,2,2,2,2,1,2,2
ENSMUSG00000038482,8,39,41,24,42,38,28,28,32,38,31,60
ENSMUSG00000032411,21,180,149,111,159,181,276,237,338,310,278,347
ENSMUSG00000000134,12,52,45,37,58,52,44,62,50,49,62,108
ENSMUSG00000023990,8,127,113,91,101,100,92,118,119,104,158,171
ENSMUSG00000029553,0,0,0,0,0,0,2,0,0,2,0,2
ENSMUSG00000024028,0,0,0,0,0,0,0,0,0,0,0,0
ENSMUSG00000022757,11,206,192,109,168,153,155,179,184,246,261,298
ENSMUSG00000029345,6,56,70,51,59,70,63,82,89,99,81,136
ENSMUSG00000027082,14,193,172,121,182,154,202,174,230,222,196,256
ENSMUSG00000029664,0,2,0,4,3,3,3,5,9,2,1,6
ENSMUSG00000006335,4,49,46,44,66,57,81,66,76,96,87,113
ENSMUSG00000029716,0,0,0,0,0,1,0,0,0,0,1,0
ENSMUSG00000022797,2,259,131,69,85,116,35,46,31,35,34,91
ENSMUSG00000053469,0,6,8,3,3,1,6,4,5,5,5,4
ENSMUSG00000022130,1,18,10,13,19,12,9,13,17,12,24,25
ENSMUSG00000029999,0,1,0,1,1,1,1,0,0,1,2,0
ENSMUSG00000002603,27,133,146,93,119,126,131,149,143,158,199,244
ENSMUSG00000030782,18,58,47,36,49,52,48,53,47,62,33,61
ENSMUSG00000039239,3,29,25,17,33,33,45,40,40,24,36,68
ENSMUSG00000021253,6,33,30,29,46,38,43,50,42,50,71,65
ENSMUSG00000035493,13,82,80,44,66,61,166,297,76,116,79,407
ENSMUSG00000007613,3,56,30,39,39,44,66,54,76,67,53,78
ENSMUSG00000032440,4,98,83,74,96,83,141,137,147,131,135,225
ENSMUSG00000070939,5,60,35,46,45,57,55,32,52,55,41,68
ENSMUSG00000047407,2,7,6,8,7,6,11,7,15,11,12,27
ENSMUSG00000062175,0,2,0,1,0,1,2,3,1,4,1,4
ENSMUSG00000022218,0,1,0,0,0,0,1,0,0,0,0,2
ENSMUSG00000037820,60,602,540,355,495,608,785,966,713,942,816,1546
ENSMUSG00000027401,0,0,0,0,0,0,0,1,0,0,0,0
ENSMUSG00000025787,0,0,0,0,1,1,0,0,0,1,0,0
ENSMUSG00000053675,0,0,0,0,0,0,0,0,0,0,0,0
ENSMUSG00000056429,36,277,234,160,220,263,328,278,267,272,226,396
ENSMUSG00000028233,9,21,23,18,34,26,28,22,23,24,19,24
ENSMUSG00000078922,9,49,33,25,37,46,73,249,184,123,103,432
ENSMUSG00000078921,13,50,39,34,58,45,84,275,236,131,115,460
ENSMUSG00000017713,7,49,35,14,33,33,23,33,36,41,42,57
ENSMUSG00000024251,3,20,8,12,9,11,14,21,9,19,11,27
ENSMUSG00000036442,6,79,65,57,73,79,101,74,101,73,88,127
ENSMUSG00000030753,20,206,201,142,195,222,211,177,188,155,174,250
ENSMUSG00000020137,5,35,30,34,30,34,39,30,25,34,31,46
ENSMUSG00000039759,10,58,68,40,47,54,83,90,104,111,138,125
ENSMUSG00000026279,5,169,139,101,133,138,170,149,214,129,214,222
ENSMUSG00000022760,2,50,39,45,36,34,55,60,64,44,52,72
ENSMUSG00000074743,15,104,94,80,88,77,123,102,135,104,124,170
ENSMUSG00000040152,6,45,22,33,61,52,46,52,34,26,50,104
ENSMUSG00000023885,4,34,49,31,57,52,106,87,96,101,87,95
ENSMUSG00000028047,0,15,11,5,10,8,13,16,7,16,16,21
ENSMUSG00000021702,0,15,22,10,33,17,40,43,40,23,35,78
ENSMUSG00000028145,1,47,49,32,42,38,32,30,42,29,39,61
ENSMUSG00000056665,3,57,31,35,40,40,48,41,30,51,48,63
ENSMUSG00000055312,0,0,0,0,2,4,0,1,0,0,0,0
ENSMUSG00000049109,0,1,1,0,0,0,2,0,0,2,0,2
ENSMUSG00000037731,4,13,12,7,12,12,29,50,17,25,19,106
ENSMUSG00000011254,0,3,12,5,10,13,9,7,10,10,10,14
ENSMUSG00000048550,1,19,20,18,26,20,21,10,29,21,28,33
ENSMUSG00000054474,0,19,23,17,13,25,31,38,28,27,36,44
ENSMUSG00000024287,1,58,58,42,69,61,68,72,82,72,65,101
ENSMUSG00000037475,2,57,50,27,69,60,76,53,57,34,37,48
ENSMUSG00000025872,5,86,79,57,70,61,91,80,93,84,66,120
ENSMUSG00000034274,7,53,38,39,59,56,81,64,73,79,104,99
ENSMUSG00000041319,1,18,13,11,20,24,29,22,31,28,22,49
ENSMUSG00000053453,10,207,225,156,198,221,240,241,278,221,275,364
ENSMUSG00000004929,1,50,43,30,56,55,32,44,50,41,66,72
ENSMUSG00000022847,0,1,1,0,1,1,0,1,0,1,1,1
ENSMUSG00000058756,20,256,239,168,287,265,331,299,307,249,405,354
ENSMUSG00000043962,9,116,118,84,121,118,143,152,140,131,171,186
ENSMUSG00000021779,3,28,21,22,27,19,31,28,29,33,17,36
ENSMUSG00000035686,26,132,127,117,107,124,130,143,168,231,133,225
ENSMUSG00000031480,7,6,15,6,17,14,13,19,16,24,21,17
ENSMUSG00000032289,0,2,3,7,9,5,8,12,0,2,6,4
ENSMUSG00000032625,3,15,9,10,24,12,23,22,17,17,16,26
ENSMUSG00000042581,0,0,0,0,0,0,0,0,0,1,1,0
ENSMUSG00000045691,1,45,45,33,40,44,44,52,45,52,67,59
ENSMUSG00000030942,2,53,38,33,49,43,61,82,91,55,91,108
ENSMUSG00000024246,2,4,12,3,8,6,11,8,4,7,9,8
ENSMUSG00000030264,2,56,47,25,34,34,59,62,63,59,50,77
ENSMUSG00000032011,3,41,44,34,38,38,29,51,56,49,58,74
ENSMUSG00000035443,5,72,70,48,72,70,68,55,64,65,89,106
ENSMUSG00000071337,5,69,59,55,88,60,65,60,69,54,44,98
ENSMUSG00000030846,8,131,117,115,129,124,154,133,150,120,123,215
ENSMUSG00000002489,0,9,7,8,10,6,10,5,10,9,9,21
ENSMUSG00000023800,1,1,6,4,8,10,4,3,6,6,5,12
ENSMUSG00000047123,1,26,28,29,36,44,59,55,51,45,43,63
ENSMUSG00000056130,0,3,0,0,1,0,1,0,3,1,1,6
ENSMUSG00000046591,0,0,1,1,1,1,3,0,0,0,1,1
ENSMUSG00000033191,106,322,262,178,284,308,293,243,241,316,360,329
ENSMUSG00000046688,0,10,8,5,7,9,17,24,6,8,12,30
ENSMUSG00000049625,0,4,9,4,6,4,9,8,5,5,6,26
ENSMUSG00000038028,7,155,143,96,134,98,172,140,171,148,198,208
ENSMUSG00000049232,2,44,28,21,30,39,44,34,38,33,32,52
ENSMUSG00000044390,0,1,0,1,1,2,1,3,1,1,3,2
ENSMUSG00000047819,0,0,0,0,0,0,0,0,0,1,0,0
ENSMUSG00000103906,1,9,11,5,11,7,14,11,17,12,12,15
ENSMUSG00000071552,0,0,0,0,0,0,0,0,0,0,0,0
ENSMUSG00000040413,0,1,0,0,0,0,0,0,0,0,0,0
ENSMUSG00000055546,1,5,7,5,6,2,7,10,4,3,8,17
ENSMUSG00000039994,5,32,37,10,30,30,42,43,31,26,24,53
ENSMUSG00000027076,14,363,312,207,325,274,346,366,395,381,418,564
ENSMUSG00000089847,8,171,144,127,158,169,210,201,238,195,261,343
ENSMUSG00000020219,38,445,405,297,366,466,379,496,437,436,487,704
ENSMUSG00000062580,29,647,503,383,592,614,841,697,963,592,807,950
ENSMUSG00000031158,10,166,182,115,156,141,158,185,146,200,199,239
ENSMUSG00000024645,3,67,64,49,71,60,48,48,63,50,55,89
ENSMUSG00000020843,7,238,217,173,185,200,152,175,175,198,241,264
ENSMUSG00000013701,5,265,202,148,206,208,211,214,208,215,250,341
ENSMUSG00000048429,7,134,151,81,119,126,121,127,145,117,149,194
ENSMUSG00000002949,12,245,221,139,249,231,200,225,218,206,221,355
ENSMUSG00000003438,12,293,254,177,235,261,226,272,266,299,323,400
ENSMUSG00000048007,8,56,48,46,57,66,56,44,43,46,33,87
ENSMUSG00000039016,28,695,586,445,586,558,579,601,636,784,846,1032
ENSMUSG00000021079,4,76,70,54,93,83,79,63,74,67,89,96
ENSMUSG00000002846,11,94,88,44,83,82,98,77,99,91,72,123
ENSMUSG00000001131,7,38,19,12,25,36,275,505,48,77,83,810
ENSMUSG00000017466,24,285,255,216,265,263,310,356,240,384,351,511
ENSMUSG00000020044,67,263,411,361,331,489,468,449,697,811,350,765
ENSMUSG00000030317,67,111,161,162,124,173,229,191,332,266,100,350
ENSMUSG00000032357,0,0,0,0,0,0,0,0,0,0,0,0
ENSMUSG00000028776,14,92,96,100,130,136,149,177,275,212,151,274
ENSMUSG00000007589,4,32,19,19,36,29,31,34,37,35,32,52
ENSMUSG00000034640,2,29,24,12,27,20,38,30,26,18,20,50
ENSMUSG00000032397,2,30,34,17,26,28,35,20,21,25,43,45
ENSMUSG00000040843,8,106,87,74,101,109,137,114,91,75,109,158
ENSMUSG00000032041,3,27,17,19,22,19,27,31,26,32,31,42
ENSMUSG00000012296,3,93,69,42,79,66,106,84,84,78,110,104
ENSMUSG00000030516,15,153,131,83,127,134,150,124,140,122,123,141
ENSMUSG00000024812,13,57,58,31,50,41,50,59,45,55,72,68
ENSMUSG00000034917,0,0,1,0,0,0,0,2,0,0,2,0
ENSMUSG00000025574,2,18,9,11,11,12,16,12,15,9,22,29
ENSMUSG00000035824,2,36,29,20,47,31,54,54,44,49,51,58
ENSMUSG00000034371,4,30,28,35,27,18,35,38,44,39,55,44
ENSMUSG00000031397,0,0,0,0,0,0,0,0,0,0,0,0
ENSMUSG00000019437,4,32,21,16,21,31,41,32,25,33,20,46
ENSMUSG00000034105,1,52,36,32,29,31,39,36,34,31,54,50
ENSMUSG00000074628,0,0,0,0,0,0,0,0,0,0,0,0
ENSMUSG00000008305,3,17,11,11,23,16,15,19,23,21,26,25
ENSMUSG00000034771,7,30,33,27,49,34,34,38,28,42,36,41
ENSMUSG00000032280,10,34,26,10,28,24,35,36,38,36,26,44
ENSMUSG00000024642,3,36,27,15,30,27,27,30,35,35,24,33
ENSMUSG00000034758,6,26,23,14,22,16,21,17,25,18,23,29
ENSMUSG00000041997,3,71,64,45,71,56,99,73,62,51,68,90
ENSMUSG00000020694,8,68,79,68,65,71,102,94,90,78,97,123
ENSMUSG00000053626,0,0,0,0,0,0,0,0,0,0,1,0
ENSMUSG00000025013,0,0,1,0,0,0,0,0,0,0,0,0
ENSMUSG00000028465,61,427,391,314,397,386,528,557,421,560,580,763
ENSMUSG00000052698,12,188,133,115,177,166,167,166,137,186,174,211
ENSMUSG00000070462,2,29,18,12,26,23,22,31,26,20,22,39
ENSMUSG00000044827,2,1,0,6,1,3,11,16,7,2,8,16
ENSMUSG00000051969,0,0,0,0,0,0,0,0,1,0,0,0
ENSMUSG00000062545,0,1,2,0,0,0,0,0,2,1,0,2
ENSMUSG00000033777,0,7,5,1,5,5,24,36,13,12,10,54
ENSMUSG00000027995,0,10,9,7,5,8,15,29,14,22,14,47
ENSMUSG00000031639,2,23,25,18,18,27,38,52,27,17,22,82
ENSMUSG00000039005,0,9,12,9,10,14,34,28,30,14,28,29
ENSMUSG00000079164,1,0,1,0,1,0,0,0,0,0,0,0
ENSMUSG00000051498,0,2,0,0,1,2,2,2,1,0,3,6
ENSMUSG00000044583,0,6,4,1,8,8,13,24,9,14,8,33
ENSMUSG00000040522,0,0,0,0,0,0,0,0,0,0,0,0
ENSMUSG00000045322,0,1,0,0,0,0,0,1,0,2,0,0
ENSMUSG00000025215,0,0,0,0,0,1,0,0,1,3,2,1
ENSMUSG00000040610,1,0,0,0,0,0,0,0,0,0,0,0
ENSMUSG00000028563,5,129,102,76,117,121,119,129,159,117,123,192
ENSMUSG00000031556,11,193,167,156,162,205,195,232,213,221,245,336
ENSMUSG00000027800,24,288,232,156,246,210,356,333,259,291,345,407
ENSMUSG00000027801,0,0,0,0,0,0,1,2,1,1,0,0
ENSMUSG00000018919,0,2,3,0,0,2,0,1,1,2,1,1
ENSMUSG00000036151,0,2,3,2,2,3,3,3,4,5,2,4
ENSMUSG00000024799,0,4,6,3,4,3,3,5,6,3,2,8
ENSMUSG00000040234,6,49,48,36,39,43,59,51,51,52,49,76
ENSMUSG00000002320,0,4,2,2,5,7,5,7,5,2,5,6
ENSMUSG00000025544,14,309,260,185,269,261,257,276,309,284,277,411
ENSMUSG00000025016,15,196,209,111,216,193,223,211,179,188,198,299
ENSMUSG00000068040,10,105,95,58,109,114,140,113,87,109,130,181
ENSMUSG00000025591,3,23,15,11,23,21,38,26,26,26,29,65
ENSMUSG00000091537,14,218,186,176,213,198,224,290,302,254,314,415
ENSMUSG00000006301,18,238,227,155,236,255,452,462,437,421,487,669
ENSMUSG00000020225,10,257,243,156,240,255,231,246,269,208,228,398
ENSMUSG00000023010,48,674,603,454,626,650,839,867,819,638,692,1248
ENSMUSG00000014529,0,0,0,0,0,0,1,0,0,0,0,0
ENSMUSG00000060332,0,0,0,0,0,0,0,0,0,0,0,0
ENSMUSG00000038540,0,0,0,0,0,0,0,0,0,0,0,0
ENSMUSG00000030650,1,5,3,0,3,1,4,1,2,2,0,0
ENSMUSG00000025572,7,39,41,23,32,27,43,35,34,40,37,50
ENSMUSG00000042246,1,16,12,7,16,21,19,9,16,17,16,18
ENSMUSG00000050106,0,8,7,5,8,15,10,5,7,7,14,5
ENSMUSG00000030126,14,130,111,79,100,139,121,126,111,118,107,190
ENSMUSG00000020023,24,107,98,71,117,135,145,124,161,104,114,180
ENSMUSG00000052428,6,229,204,156,233,218,186,238,249,233,246,356
ENSMUSG00000038497,2,56,51,33,40,47,33,32,48,46,44,72
ENSMUSG00000041143,3,30,27,17,33,32,26,34,32,36,49,63
ENSMUSG00000027355,0,0,0,0,0,0,0,0,0,0,0,0
ENSMUSG00000006850,0,3,0,3,2,2,9,3,3,3,0,7
ENSMUSG00000032180,12,212,184,131,163,167,140,168,192,161,159,235
ENSMUSG00000021248,28,456,420,323,388,400,555,558,505,595,676,872
ENSMUSG00000029390,26,302,255,189,315,278,277,330,303,230,292,464
ENSMUSG00000032353,8,107,90,74,117,113,126,160,113,135,198,228
ENSMUSG00000004394,14,255,202,159,234,274,293,267,325,232,334,406
ENSMUSG00000063406,10,142,112,92,105,120,152,141,146,127,100,191
ENSMUSG00000031919,0,0,0,0,0,0,0,0,2,0,0,0
ENSMUSG00000034111,1,22,18,14,24,23,16,21,15,19,23,19
ENSMUSG00000058569,18,319,250,210,269,256,309,327,255,269,335,464
ENSMUSG00000028347,0,19,17,8,15,15,17,13,17,13,16,23
ENSMUSG00000026109,0,0,0,0,2,0,2,0,0,1,2,2
ENSMUSG00000069763,2,30,32,25,42,48,38,68,50,49,30,74
ENSMUSG00000020921,0,57,44,39,48,36,39,45,51,52,65,67
ENSMUSG00000089876,0,1,0,0,1,0,2,0,0,1,1,2
ENSMUSG00000045980,4,40,17,22,31,27,43,48,41,45,40,71
ENSMUSG00000034947,2,21,22,18,17,22,60,98,37,36,35,162
ENSMUSG00000029571,20,249,254,158,225,220,299,243,304,318,275,345
ENSMUSG00000052369,4,36,35,23,30,44,40,49,37,44,39,56
ENSMUSG00000020895,1,14,21,10,14,16,13,13,17,15,29,22
ENSMUSG00000042757,0,8,7,2,9,10,13,7,8,6,17,11
ENSMUSG00000034659,26,493,467,341,448,466,463,527,556,549,622,849
ENSMUSG00000043284,13,131,133,101,134,119,200,178,237,186,212,265
ENSMUSG00000006526,4,23,22,22,31,23,22,24,31,40,36,42
ENSMUSG00000010045,6,57,104,52,83,103,82,91,113,74,103,151
ENSMUSG00000029452,1,17,19,19,19,14,11,26,31,26,26,25
ENSMUSG00000063296,1,34,30,18,25,30,25,30,45,26,23,35
ENSMUSG00000054675,1,5,9,9,9,18,11,22,8,14,20,30
ENSMUSG00000039886,8,51,58,45,58,64,84,108,71,84,108,143
ENSMUSG00000054434,5,29,30,15,20,30,37,33,27,37,27,47
ENSMUSG00000049036,0,3,2,0,1,1,2,1,3,6,2,3
ENSMUSG00000050912,14,116,111,82,124,121,117,108,96,95,109,174
ENSMUSG00000050854,0,0,0,0,0,0,0,0,0,0,0,0
ENSMUSG00000030615,18,402,371,273,395,405,390,422,475,431,492,607
ENSMUSG00000030614,5,144,122,103,131,139,118,114,133,131,150,166
ENSMUSG00000034850,18,92,108,80,102,115,130,108,127,126,140,177
ENSMUSG00000067365,3,46,32,33,51,33,60,61,44,51,47,71
ENSMUSG00000019295,3,64,65,46,64,82,61,71,59,73,79,93
ENSMUSG00000043388,0,1,1,0,0,0,1,0,1,1,0,0
ENSMUSG00000026116,4,52,58,52,50,55,71,51,71,50,62,86
ENSMUSG00000033767,1,53,42,25,57,39,60,46,51,29,63,63
ENSMUSG00000024736,6,31,29,17,25,21,12,25,19,23,26,32
ENSMUSG00000070498,0,0,1,0,0,0,0,0,0,0,0,0
ENSMUSG00000034324,0,0,0,0,1,0,1,1,0,1,1,0
ENSMUSG00000034310,0,0,0,0,2,0,0,0,0,0,0,0
ENSMUSG00000020701,0,1,0,0,0,1,0,0,1,1,0,2
ENSMUSG00000024845,14,252,242,189,196,237,209,253,235,265,316,378
ENSMUSG00000039428,5,117,92,79,120,118,82,85,99,85,78,104
ENSMUSG00000048503,1,23,20,16,19,20,25,21,19,26,22,31
ENSMUSG00000024666,1,7,10,6,8,10,18,16,9,3,16,23
ENSMUSG00000071506,0,0,0,0,0,0,0,0,0,0,0,1
ENSMUSG00000057137,25,88,82,52,111,99,140,192,287,173,180,370
ENSMUSG00000026939,3,151,119,66,114,128,91,106,112,122,121,159
ENSMUSG00000002781,16,434,379,299,383,388,289,325,313,412,323,490
ENSMUSG00000027956,7,98,95,56,104,109,154,140,179,151,159,162
ENSMUSG00000043843,0,0,0,0,0,0,0,0,0,0,0,0
ENSMUSG00000006315,23,504,501,304,466,503,424,448,476,442,479,720
ENSMUSG00000025933,1,20,16,15,13,14,21,11,8,15,10,21
ENSMUSG00000021361,20,370,334,237,268,270,242,263,292,318,339,513
ENSMUSG00000055912,3,65,61,53,56,65,62,37,49,56,71,91
ENSMUSG00000046456,0,1,0,0,0,0,1,0,0,0,0,1
ENSMUSG00000050640,1,27,26,21,20,17,15,9,8,8,12,16
ENSMUSG00000061451,1,3,5,2,4,5,2,3,4,5,7,2
ENSMUSG00000096847,0,1,0,0,0,0,1,1,1,0,0,0
ENSMUSG00000056498,1,9,8,2,6,4,9,5,9,2,7,15
ENSMUSG00000037913,0,0,1,0,0,1,2,1,0,0,0,0
ENSMUSG00000054871,2,6,3,3,6,6,5,18,11,6,13,14
ENSMUSG00000030917,6,167,109,73,128,110,145,146,148,140,157,211
ENSMUSG00000019158,36,455,490,331,466,423,412,449,478,459,571,708
ENSMUSG00000002342,4,169,157,115,140,178,160,162,189,201,195,283
ENSMUSG00000035762,6,22,21,18,30,29,23,27,27,15,16,22
ENSMUSG00000026347,0,0,0,0,0,2,1,1,0,0,2,3
ENSMUSG00000047045,4,36,36,18,27,35,35,38,47,29,22,46
ENSMUSG00000012422,1,80,68,57,66,63,104,125,72,93,110,141
ENSMUSG00000068732,1,55,58,24,51,49,52,50,67,60,55,86
ENSMUSG00000029569,1,30,37,17,33,33,43,35,28,31,33,47
ENSMUSG00000026188,0,0,0,0,0,0,0,0,1,0,0,0
ENSMUSG00000049904,0,7,10,7,7,6,13,13,6,11,10,11
ENSMUSG00000031953,1,5,7,2,7,4,7,12,10,7,6,12
ENSMUSG00000087370,5,50,32,23,59,42,34,28,36,35,24,50
ENSMUSG00000052485,0,25,12,7,29,13,16,23,22,33,18,38
ENSMUSG00000024349,3,23,16,7,22,15,43,46,21,28,23,89
ENSMUSG00000046082,0,0,0,0,0,0,0,0,0,0,0,0
ENSMUSG00000013495,0,38,31,25,46,28,23,36,30,38,32,61
ENSMUSG00000023367,8,74,61,44,54,52,118,147,104,89,128,261
ENSMUSG00000029810,6,162,140,95,155,142,265,319,272,223,289,547
ENSMUSG00000036975,0,37,21,35,51,45,32,29,47,36,29,48
ENSMUSG00000024245,0,2,1,1,3,3,0,2,2,4,3,2
ENSMUSG00000057716,0,0,0,1,1,0,0,1,1,0,0,0
ENSMUSG00000054013,0,3,0,0,1,0,0,0,0,1,2,2
ENSMUSG00000043061,4,28,24,25,31,20,28,41,24,32,37,43
ENSMUSG00000038141,1,40,34,28,31,43,44,43,39,33,38,44
ENSMUSG00000079588,24,434,412,303,405,484,441,450,542,441,461,610
ENSMUSG00000042305,2,48,42,23,47,37,51,52,42,30,31,65
ENSMUSG00000036687,0,0,0,1,1,0,2,0,0,0,1,2
ENSMUSG00000009035,14,96,78,46,60,74,97,83,79,68,85,137
ENSMUSG00000031617,2,26,23,15,20,15,24,34,39,21,24,39
ENSMUSG00000073139,5,57,51,33,44,71,58,48,56,48,59,93
ENSMUSG00000098923,2,24,25,22,28,30,23,22,19,16,22,40
ENSMUSG00000043140,5,66,64,38,47,54,43,54,47,54,53,62
ENSMUSG00000069520,4,28,23,27,42,28,46,36,41,35,34,58
ENSMUSG00000013091,0,0,0,0,0,0,1,1,0,0,0,1
ENSMUSG00000055692,1,10,7,7,10,9,15,8,7,12,11,10
ENSMUSG00000025521,4,126,95,64,83,96,127,138,149,133,154,202
ENSMUSG00000048004,0,4,3,5,4,1,4,6,3,4,0,10
ENSMUSG00000051703,0,1,0,3,1,1,2,3,2,0,4,3
ENSMUSG00000047090,3,21,17,14,25,23,17,24,32,24,19,29
ENSMUSG00000051232,1,30,24,17,33,31,31,34,25,36,39,53
ENSMUSG00000024754,2,21,20,10,20,20,20,19,11,19,10,26
ENSMUSG00000049420,0,3,0,0,0,0,0,0,0,0,0,0
ENSMUSG00000070720,1,0,0,0,0,2,0,0,0,1,2,1
ENSMUSG00000095407,0,0,0,0,1,0,0,0,1,0,0,0
ENSMUSG00000044700,15,283,246,172,255,276,235,218,278,240,298,369
ENSMUSG00000049526,0,3,1,0,0,2,1,3,3,2,1,3
ENSMUSG00000078201,0,24,22,17,21,25,23,38,39,27,33,30
ENSMUSG00000024168,27,152,153,108,151,173,130,177,179,193,169,220
ENSMUSG00000040883,33,485,419,359,447,434,466,540,475,615,837,887
ENSMUSG00000026627,1,15,12,2,6,6,7,11,7,8,5,14
ENSMUSG00000014856,12,121,98,62,94,106,115,129,139,95,161,227
ENSMUSG00000029782,3,15,31,22,16,24,40,38,28,37,34,39
ENSMUSG00000026963,0,0,0,0,0,0,0,0,0,0,0,0
ENSMUSG00000066964,0,0,0,0,0,0,0,0,0,0,0,0
ENSMUSG00000043164,0,0,0,0,0,0,1,1,0,0,0,0
ENSMUSG00000029829,0,0,0,0,0,0,0,0,0,0,0,0
ENSMUSG00000038828,18,160,150,79,147,116,163,181,161,173,218,289
ENSMUSG00000046593,0,0,0,0,0,1,0,1,1,1,1,0
ENSMUSG00000024667,4,17,13,7,17,13,19,26,12,18,27,27
ENSMUSG00000079580,0,0,0,0,0,0,0,0,0,0,0,2
ENSMUSG00000032121,3,55,44,35,58,60,42,53,42,50,50,85
ENSMUSG00000060538,3,63,52,31,43,57,71,88,70,68,82,138
ENSMUSG00000050270,0,13,7,5,7,6,3,6,11,9,5,16
ENSMUSG00000043664,0,1,0,1,3,2,1,2,3,2,1,5
ENSMUSG00000028857,12,114,104,108,114,118,117,142,154,197,214,223
ENSMUSG00000048022,0,0,0,0,0,0,1,0,0,0,0,0
ENSMUSG00000046157,1,8,12,15,10,14,17,20,12,17,11,43
ENSMUSG00000027341,6,75,92,53,89,92,82,91,59,77,90,131
ENSMUSG00000031951,0,6,7,2,11,8,4,7,13,14,6,15
ENSMUSG00000045036,0,0,0,1,0,1,1,0,2,1,0,0
ENSMUSG00000079278,0,0,0,0,0,0,0,0,0,0,0,0
ENSMUSG00000028797,37,200,234,168,198,242,301,305,287,309,326,446
ENSMUSG00000061531,0,0,0,2,0,0,0,0,0,0,0,1
ENSMUSG00000038079,1,11,4,1,8,5,4,8,3,4,1,11
ENSMUSG00000030431,3,25,28,24,28,28,36,34,23,41,38,55
ENSMUSG00000084845,0,2,5,4,1,3,4,3,4,1,4,13
ENSMUSG00000049411,2,13,8,5,11,11,5,12,8,4,9,12
ENSMUSG00000004945,28,461,389,265,361,350,428,436,489,491,586,571
ENSMUSG00000079659,3,38,26,19,37,34,34,60,36,30,33,50
ENSMUSG00000055296,12,218,219,137,240,263,252,179,212,184,209,237
ENSMUSG00000039611,11,182,135,106,161,147,129,128,137,127,159,191
ENSMUSG00000037689,0,0,0,0,0,0,0,0,0,0,0,0
ENSMUSG00000053094,16,128,107,95,133,110,153,135,132,135,193,214
ENSMUSG00000002032,2,40,32,22,27,30,19,15,24,15,16,28
ENSMUSG00000087679,27,195,177,143,173,178,201,191,162,128,185,250
ENSMUSG00000046675,2,23,32,12,28,39,31,38,43,40,52,61
ENSMUSG00000048572,4,107,69,55,112,95,75,71,76,82,64,113
ENSMUSG00000072571,1,3,3,0,3,2,3,1,2,4,5,1
ENSMUSG00000072676,1,9,9,12,6,9,13,6,5,10,7,20
ENSMUSG00000036502,1,2,3,0,1,3,2,4,3,4,2,2
ENSMUSG00000038457,9,18,15,11,11,24,26,14,15,16,25,31
ENSMUSG00000070394,50,655,619,414,561,549,554,604,599,716,888,1028
ENSMUSG00000036372,23,442,361,280,389,416,411,353,404,353,342,622
ENSMUSG00000013858,39,368,334,227,343,320,299,355,323,331,424,525
ENSMUSG00000060044,0,0,1,0,0,0,0,0,1,0,0,0
ENSMUSG00000036339,4,27,16,13,29,31,21,20,20,19,27,26
ENSMUSG00000028398,14,247,218,149,188,198,195,225,235,254,264,353
ENSMUSG00000047733,0,1,0,0,0,2,0,0,0,0,1,0
ENSMUSG00000060935,4,57,59,25,49,42,49,46,52,48,44,76
ENSMUSG00000032313,3,8,11,9,5,15,7,2,8,6,5,9
ENSMUSG00000074634,1,43,40,24,25,31,29,15,21,19,33,59
ENSMUSG00000045917,1,54,42,12,31,35,42,23,31,38,44,50
ENSMUSG00000028642,0,1,0,0,0,0,0,0,0,0,0,0
ENSMUSG00000015401,0,1,0,0,0,0,0,0,0,0,0,0
ENSMUSG00000071719,0,0,0,0,0,0,0,0,0,0,0,0
ENSMUSG00000041353,0,7,10,5,9,11,4,4,3,10,12,18
ENSMUSG00000032328,17,202,166,133,197,218,219,207,227,193,162,296
ENSMUSG00000034435,0,1,0,0,2,0,0,0,0,0,0,1
ENSMUSG00000022753,0,2,0,0,1,0,0,1,0,0,0,1
ENSMUSG00000037720,4,94,82,49,88,85,81,82,77,82,76,136
ENSMUSG00000033578,1,16,10,6,3,11,9,10,13,8,9,15
ENSMUSG00000050777,0,27,19,11,19,11,31,21,23,11,17,30
ENSMUSG00000031791,73,1654,1526,1098,1462,1594,1366,1383,1493,1497,1684,1958
ENSMUSG00000002845,2,23,12,12,25,20,20,20,25,15,25,25
ENSMUSG00000053730,4,9,12,5,25,10,9,21,21,10,10,11
ENSMUSG00000059900,2,1,1,0,0,0,1,1,4,1,0,1
ENSMUSG00000022856,4,48,45,37,36,39,54,51,48,54,40,77
ENSMUSG00000047554,1,83,86,53,74,99,85,84,85,81,107,130
ENSMUSG00000066233,2,59,49,53,53,56,54,59,55,67,56,90
ENSMUSG00000030095,4,48,51,37,55,57,70,86,58,83,62,90
ENSMUSG00000022537,8,30,28,13,24,37,26,31,19,31,27,29
ENSMUSG00000022754,1,10,4,4,11,10,8,22,12,12,12,22
ENSMUSG00000046748,0,0,0,1,1,0,0,0,1,0,0,1
ENSMUSG00000025666,3,39,26,16,30,38,57,47,55,50,23,50
ENSMUSG00000034620,6,91,77,53,88,78,94,100,117,77,98,121
ENSMUSG00000028822,24,273,212,177,234,242,285,371,367,312,281,534
ENSMUSG00000022964,9,205,183,161,197,160,153,175,145,162,201,307
ENSMUSG00000040616,1,24,23,13,16,18,25,20,20,22,27,25
ENSMUSG00000023153,0,9,11,3,7,10,10,7,12,25,13,16
ENSMUSG00000030160,0,0,0,0,0,0,0,0,0,0,0,0
ENSMUSG00000048772,9,151,121,81,104,119,117,97,153,119,180,202
ENSMUSG00000028786,0,0,0,0,0,0,0,0,0,0,0,0
ENSMUSG00000028221,3,66,63,39,76,69,88,93,74,59,65,105
ENSMUSG00000035953,5,79,77,40,67,63,88,97,98,83,94,159
ENSMUSG00000028132,0,6,2,4,3,5,1,0,7,4,2,5
ENSMUSG00000028826,4,64,67,51,54,74,89,78,123,110,75,123
ENSMUSG00000028618,22,419,404,288,443,439,531,529,558,502,575,730
ENSMUSG00000035964,0,0,0,0,0,0,0,0,0,0,0,0
ENSMUSG00000045435,2,121,95,79,94,133,98,108,124,115,137,158
ENSMUSG00000085933,0,0,0,1,0,0,0,0,0,0,0,0
ENSMUSG00000054484,1,15,15,7,10,6,22,21,12,15,16,33
ENSMUSG00000026519,13,56,46,37,68,57,65,67,63,61,69,81
ENSMUSG00000036026,11,252,222,146,209,230,191,203,195,201,246,299
ENSMUSG00000034145,0,0,0,0,0,1,1,0,2,2,2,0
ENSMUSG00000043252,3,100,86,59,89,86,82,74,87,62,54,97
ENSMUSG00000062373,19,465,435,371,414,482,318,357,351,370,334,515
ENSMUSG00000049488,2,9,10,2,7,5,2,14,7,6,7,11
ENSMUSG00000028232,2,24,11,12,12,12,26,24,10,20,25,29
ENSMUSG00000055900,0,24,31,19,31,26,33,23,21,27,26,41
ENSMUSG00000025940,19,367,298,224,329,306,276,264,283,306,333,409
ENSMUSG00000036944,4,44,33,20,30,43,59,73,134,56,56,94
ENSMUSG00000048108,0,0,0,0,1,1,1,0,0,0,0,0
ENSMUSG00000044364,1,19,13,15,13,11,10,11,17,20,21,22
ENSMUSG00000087035,0,0,1,0,0,0,0,0,0,0,0,0
ENSMUSG00000001420,0,1,1,1,0,3,2,2,0,2,3,5
ENSMUSG00000024180,0,19,19,17,18,18,16,18,24,24,31,40
ENSMUSG00000025505,3,41,32,34,39,35,47,36,47,45,58,61
ENSMUSG00000048174,1,3,2,2,4,2,3,5,8,7,5,13
ENSMUSG00000043085,11,59,57,108,75,81,77,69,85,123,54,108
ENSMUSG00000010307,7,128,141,109,108,112,124,136,115,119,144,172
ENSMUSG00000045282,4,10,10,10,8,14,7,9,12,6,7,10
ENSMUSG00000033808,5,30,13,16,21,23,38,34,27,8,11,26
ENSMUSG00000014353,6,49,60,40,49,60,59,72,54,42,57,76
ENSMUSG00000045377,39,167,140,91,155,127,136,101,146,111,164,181
ENSMUSG00000073680,0,0,5,2,2,0,5,3,1,1,1,4
ENSMUSG00000025652,0,0,0,0,0,0,0,0,0,0,0,0
ENSMUSG00000078716,4,63,55,61,45,67,75,58,66,63,58,83
ENSMUSG00000026411,2,59,58,44,44,44,57,64,65,64,92,110
ENSMUSG00000061702,3,6,9,1,8,4,7,8,12,5,4,5
ENSMUSG00000020747,20,163,150,123,171,167,171,123,138,142,162,204
ENSMUSG00000094845,1,0,0,0,0,0,0,0,0,0,0,1
ENSMUSG00000037278,2,14,20,8,8,13,19,26,14,13,18,22
ENSMUSG00000035413,4,35,36,32,39,35,48,49,52,40,51,102
ENSMUSG00000031021,14,155,114,110,138,146,144,193,141,170,185,259
ENSMUSG00000030059,5,44,44,37,52,38,59,35,48,34,47,51
ENSMUSG00000049555,0,6,4,5,6,9,8,0,5,10,8,6
ENSMUSG00000020839,0,3,3,1,5,1,2,1,3,1,3,2
ENSMUSG00000074344,0,1,0,0,0,1,1,0,1,0,1,3
ENSMUSG00000028328,53,1253,1201,843,1105,1176,881,977,1103,977,1028,1626
ENSMUSG00000032186,1,3,7,5,8,11,8,7,6,5,8,14
ENSMUSG00000058587,20,117,100,73,110,135,131,147,110,103,119,179
ENSMUSG00000005628,6,114,117,95,114,115,135,137,217,171,225,244
ENSMUSG00000019961,10,110,74,61,104,89,133,122,114,101,132,157
ENSMUSG00000072845,0,0,0,0,0,0,0,0,1,0,0,0
ENSMUSG00000079451,0,0,0,0,0,0,0,0,0,0,0,0
ENSMUSG00000037129,0,3,1,3,1,1,0,0,0,1,0,4
ENSMUSG00000000385,0,0,0,0,0,0,0,1,0,0,0,0
ENSMUSG00000024034,0,0,0,0,0,0,0,0,0,1,0,0
ENSMUSG00000032091,0,0,0,0,0,0,0,0,0,0,1,0
ENSMUSG00000032268,0,0,1,0,3,0,1,0,1,0,0,0
ENSMUSG00000016942,0,0,0,0,0,0,0,0,0,0,0,0
ENSMUSG00000033177,0,0,0,0,0,0,0,0,0,0,0,0
ENSMUSG00000059406,0,0,0,0,1,0,0,0,1,0,0,1
ENSMUSG00000079523,73,207,160,133,187,178,229,453,206,257,368,659
ENSMUSG00000060726,0,0,1,0,1,0,0,3,0,2,1,4
ENSMUSG00000089768,0,0,2,1,2,0,0,3,2,0,0,0
ENSMUSG00000049775,684,2337,2049,1343,1929,1851,2587,3234,2335,2074,2486,4660
ENSMUSG00000030306,17,191,194,158,191,212,284,276,333,304,262,361
ENSMUSG00000036019,1,14,6,4,17,10,5,8,8,3,3,9
ENSMUSG00000036676,2,19,7,13,22,11,21,14,19,16,19,26
ENSMUSG00000041594,0,10,9,8,7,14,13,13,14,7,7,24
ENSMUSG00000028958,4,34,42,28,41,40,41,47,47,58,49,73
ENSMUSG00000034757,10,70,77,57,98,75,96,104,104,98,104,157
ENSMUSG00000021072,15,201,237,184,205,253,248,219,247,205,200,412
ENSMUSG00000050043,12,296,263,179,283,254,199,195,177,184,246,323
ENSMUSG00000024614,6,95,78,54,84,64,85,66,71,82,75,122
ENSMUSG00000034723,8,119,121,80,127,107,120,125,115,87,104,174
ENSMUSG00000028364,2,2,0,3,0,2,14,23,5,3,3,51
ENSMUSG00000024401,0,2,2,0,5,0,4,3,1,0,2,6
ENSMUSG00000017615,42,258,232,125,239,243,252,225,202,164,205,250
ENSMUSG00000021281,6,108,83,50,140,113,103,93,60,82,99,167
ENSMUSG00000019850,3,9,7,7,7,7,9,12,9,14,9,16
ENSMUSG00000053475,0,3,8,3,4,0,8,5,6,7,3,17
ENSMUSG00000062210,6,214,166,116,153,161,179,161,222,134,138,221
ENSMUSG00000044469,3,6,5,5,7,5,6,13,3,4,10,10
ENSMUSG00000013707,3,11,6,7,8,12,28,41,21,18,22,48
ENSMUSG00000074345,0,0,0,0,1,1,0,2,0,0,0,2
ENSMUSG00000022074,1,11,11,6,16,11,8,10,7,6,13,16
ENSMUSG00000026321,1,14,8,2,8,6,15,26,7,4,5,40
ENSMUSG00000063727,0,1,0,0,0,0,0,1,0,0,0,3
ENSMUSG00000023905,18,186,199,95,156,177,330,309,242,177,308,336
ENSMUSG00000010142,0,1,1,1,0,3,2,3,2,1,6,7
ENSMUSG00000068105,0,0,1,2,0,3,1,0,1,1,0,1
ENSMUSG00000042333,0,0,0,0,1,0,1,0,1,0,2,3
ENSMUSG00000022496,0,0,0,0,2,0,2,2,3,1,5,3
ENSMUSG00000041954,0,1,0,0,1,0,4,5,1,1,1,2
ENSMUSG00000060548,0,8,6,2,6,3,3,7,4,4,4,3
ENSMUSG00000030341,20,175,143,108,166,155,218,244,186,201,218,449
ENSMUSG00000028599,2,17,12,18,25,11,31,30,14,24,27,55
ENSMUSG00000023915,5,33,31,32,30,52,43,41,34,32,33,61
ENSMUSG00000010751,0,9,11,3,8,6,8,7,5,3,11,5
ENSMUSG00000037613,3,11,6,4,10,6,12,12,2,5,10,22
ENSMUSG00000024793,7,7,6,3,12,12,5,9,4,7,12,7
ENSMUSG00000045362,0,5,1,1,0,2,3,2,1,0,0,2
ENSMUSG00000029075,0,4,0,1,0,4,1,6,6,8,2,10
ENSMUSG00000028602,0,0,0,0,0,1,1,0,0,0,1,2
ENSMUSG00000028965,0,2,0,1,2,0,2,2,2,2,5,9
ENSMUSG00000039304,3,29,35,17,26,12,35,45,30,27,43,61
ENSMUSG00000022015,0,0,0,0,0,0,0,0,0,0,0,0
ENSMUSG00000097328,18,60,50,30,61,62,70,59,83,77,82,127
ENSMUSG00000089669,0,0,1,0,0,0,0,0,0,0,0,0
ENSMUSG00000031497,0,7,3,2,4,9,9,9,7,8,7,9
ENSMUSG00000005824,0,1,0,0,0,0,0,3,0,1,0,1
ENSMUSG00000050395,0,0,0,0,0,0,0,0,0,0,0,0
ENSMUSG00000066755,0,0,0,0,0,0,1,3,1,0,1,2
ENSMUSG00000028362,0,0,0,0,0,0,3,3,0,0,0,2
ENSMUSG00000035678,0,3,4,3,1,1,5,1,4,0,4,7
ENSMUSG00000027692,4,44,47,31,46,42,54,38,71,43,55,69
ENSMUSG00000020400,11,144,114,69,122,127,188,164,165,189,237,234
ENSMUSG00000059866,1,27,26,11,23,27,38,48,43,36,27,61
ENSMUSG00000044162,0,7,8,7,9,9,15,13,22,10,17,16
ENSMUSG00000001583,0,3,0,1,0,0,0,0,1,1,1,2
ENSMUSG00000022791,8,33,29,30,32,34,58,42,58,46,61,72
ENSMUSG00000031529,5,108,112,77,102,116,147,118,133,111,120,182
ENSMUSG00000033955,17,86,58,47,84,76,70,62,65,75,104,104
ENSMUSG00000024811,12,148,146,83,158,167,162,106,155,123,145,170
ENSMUSG00000031250,0,0,0,0,0,0,0,0,0,0,0,0
ENSMUSG00000026725,0,1,0,1,0,0,0,0,0,1,0,0
ENSMUSG00000091898,513,10468,9672,7303,9245,9860,8701,10492,9780,9088,9864,15051
ENSMUSG00000017300,0,4,0,1,2,1,2,1,0,5,4,1
ENSMUSG00000026418,0,2,0,1,3,1,1,0,4,6,6,3
ENSMUSG00000031097,1,8,6,5,12,10,11,13,10,8,15,13
ENSMUSG00000035458,1606,35615,33347,26728,31180,33539,25550,29233,34889,38413,42383,49904
ENSMUSG00000040086,9,230,235,158,216,227,239,231,259,236,248,313
ENSMUSG00000064179,4,78,74,49,74,87,57,52,32,45,54,79
ENSMUSG00000026414,2390,38279,38036,28204,36360,38854,41047,44003,43654,48758,54453,66086
ENSMUSG00000061723,1,2,1,1,0,0,1,3,0,3,2,4
ENSMUSG00000043050,0,0,0,0,0,0,0,0,0,0,0,0
ENSMUSG00000009470,5,93,90,71,121,95,118,119,136,91,117,163
ENSMUSG00000031691,7,90,81,74,94,88,100,98,99,98,101,143
ENSMUSG00000012535,13,132,108,93,122,155,126,133,107,155,123,172
ENSMUSG00000015829,0,0,0,1,0,3,0,2,0,0,1,0
ENSMUSG00000039477,9,64,60,43,56,63,62,85,55,58,76,93
ENSMUSG00000052707,32,168,171,128,195,182,240,210,231,167,216,274
ENSMUSG00000025571,65,199,221,120,203,251,277,227,250,211,232,256
ENSMUSG00000055322,209,2160,2137,1644,2049,2372,3194,2549,2754,3490,3256,3630
ENSMUSG00000037003,36,292,324,253,370,389,439,413,385,507,403,585
ENSMUSG00000020422,6,43,37,14,47,37,53,42,33,36,37,51
ENSMUSG00000017607,0,2,1,0,1,1,3,0,0,0,1,5
ENSMUSG00000033327,9,54,47,54,82,82,95,63,69,32,29,52
ENSMUSG00000037573,21,134,117,85,123,142,147,160,218,109,128,148
ENSMUSG00000048546,12,132,114,99,148,221,165,220,181,185,117,234
ENSMUSG00000028688,1,19,25,17,17,18,28,25,32,24,32,29
ENSMUSG00000035614,5,25,24,9,26,30,18,26,16,20,18,35
ENSMUSG00000045761,0,18,11,8,12,6,9,13,5,5,14,14
ENSMUSG00000025139,7,107,110,85,143,126,118,93,127,103,122,156
ENSMUSG00000042870,12,182,161,128,161,166,269,271,250,283,315,394
ENSMUSG00000020541,1,59,52,37,55,47,53,41,73,59,50,62
ENSMUSG00000000538,13,346,299,277,331,327,331,330,309,423,451,495
ENSMUSG00000093904,11,203,176,90,149,151,208,190,227,231,228,330
ENSMUSG00000021078,0,2,0,0,0,1,0,0,0,0,0,0
ENSMUSG00000022427,14,330,290,196,320,312,252,308,285,297,298,452
ENSMUSG00000018322,5,86,57,60,80,81,86,99,84,87,92,144
ENSMUSG00000002984,23,329,241,180,280,291,248,287,252,309,352,459
ENSMUSG00000005674,14,241,219,190,206,241,193,221,186,204,239,314
ENSMUSG00000078713,20,369,328,248,311,313,259,269,278,292,379,453
ENSMUSG00000028998,52,760,684,522,651,725,715,769,836,800,989,1056
ENSMUSG00000022752,9,195,155,96,161,169,155,169,173,141,122,231
ENSMUSG00000078630,0,0,0,0,0,0,0,0,0,0,0,1
ENSMUSG00000059323,23,301,252,186,238,249,309,305,305,323,365,491
ENSMUSG00000070544,15,117,84,59,88,112,95,112,110,104,94,144
ENSMUSG00000000934,3,19,13,10,21,12,15,13,12,16,14,11
ENSMUSG00000020914,0,5,3,1,4,3,8,15,2,3,4,18
ENSMUSG00000017485,15,139,121,77,137,153,149,122,145,119,128,171
ENSMUSG00000002814,1,7,7,8,13,8,13,16,15,10,13,24
ENSMUSG00000022779,5,62,54,28,38,42,59,45,52,51,73,80
ENSMUSG00000032555,2,30,22,14,27,22,21,22,23,19,20,27
ENSMUSG00000036822,2,27,25,25,34,36,34,34,40,36,46,40
ENSMUSG00000028407,5,194,161,101,165,143,165,165,194,191,237,240
ENSMUSG00000026849,2,28,22,11,23,30,21,28,21,39,27,45
ENSMUSG00000026466,21,239,212,158,233,260,326,287,301,269,268,459
ENSMUSG00000050565,12,138,142,102,145,165,169,198,137,143,154,281
ENSMUSG00000026848,14,100,85,73,81,78,124,116,99,127,118,159
ENSMUSG00000009563,2,32,12,26,43,22,27,49,30,24,35,53
ENSMUSG00000060519,10,49,45,30,56,36,91,120,75,66,84,224
ENSMUSG00000059555,2,8,2,6,6,5,21,11,7,12,14,14
ENSMUSG00000041272,0,4,2,1,1,5,5,9,5,1,5,3
ENSMUSG00000074607,2,6,3,0,5,1,5,5,5,7,8,6
ENSMUSG00000043668,1,9,8,2,7,6,10,12,5,8,16,16
ENSMUSG00000016831,9,91,70,78,98,75,111,72,100,83,97,140
ENSMUSG00000035274,0,1,0,2,2,2,1,0,1,1,0,0
ENSMUSG00000096606,2,18,12,3,7,8,16,10,10,11,12,21
ENSMUSG00000032741,10,129,118,88,111,92,113,71,84,89,96,151
ENSMUSG00000048677,2,0,8,4,10,4,9,9,5,6,8,10
ENSMUSG00000027506,10,61,65,53,64,75,104,125,71,85,79,150
ENSMUSG00000000296,1,42,34,14,43,37,34,27,48,44,42,42
ENSMUSG00000000827,9,159,186,112,141,156,167,167,177,189,175,264
ENSMUSG00000020308,12,109,86,76,90,66,73,91,101,133,126,159
ENSMUSG00000024269,3,54,29,24,52,50,41,39,42,46,46,58
ENSMUSG00000040046,0,0,0,0,0,0,1,0,1,1,0,0
ENSMUSG00000006764,0,1,0,0,0,0,0,0,0,0,0,0
ENSMUSG00000023456,141,2698,2503,1868,2576,2566,2866,2968,3580,2883,4428,4490
ENSMUSG00000029735,0,4,3,4,5,10,3,9,6,5,7,6
ENSMUSG00000032366,1833,43285,42300,29031,40215,43801,33134,40358,39053,39957,40089,57465
ENSMUSG00000028464,32,73,90,107,136,115,85,101,146,131,201,209
ENSMUSG00000027940,54,184,159,113,171,156,274,288,220,212,219,450
ENSMUSG00000058126,13,45,37,27,29,33,58,62,72,46,56,105
ENSMUSG00000031799,46,221,155,126,188,174,175,212,162,130,139,313
ENSMUSG00000021376,0,9,4,6,6,4,8,9,14,9,10,12
ENSMUSG00000030894,11,110,81,70,94,101,113,117,134,107,112,152
ENSMUSG00000041763,8,101,106,77,82,95,116,105,89,88,98,145
ENSMUSG00000021573,2,28,33,10,28,22,23,16,15,39,23,26
ENSMUSG00000008813,0,0,0,0,0,1,0,0,0,1,0,0
ENSMUSG00000014846,6,84,60,33,81,76,54,61,53,67,102,78
ENSMUSG00000006005,16,186,160,117,180,196,230,194,226,204,234,263
ENSMUSG00000002871,12,99,99,74,91,90,114,109,109,106,161,160
ENSMUSG00000048399,0,0,0,0,0,0,0,0,0,1,1,0
ENSMUSG00000029030,42,522,457,375,445,437,550,577,513,671,645,795
ENSMUSG00000054226,4,43,41,33,35,37,68,37,46,47,51,47
ENSMUSG00000048707,1,12,8,7,8,13,8,16,21,11,21,18
ENSMUSG00000024173,0,0,1,0,1,0,0,1,0,2,1,2
ENSMUSG00000033825,0,2,6,6,5,5,0,2,6,4,12,5
ENSMUSG00000033200,0,0,0,0,0,0,0,0,0,0,0,0
ENSMUSG00000034118,5,44,31,32,57,39,44,54,43,47,38,70
ENSMUSG00000029344,13,91,117,64,92,99,84,103,104,130,125,155
ENSMUSG00000060126,251,3077,2617,2046,2608,2855,3205,3667,3804,3420,3425,5607
ENSMUSG00000027469,1,3,0,1,3,1,4,10,4,5,4,14
ENSMUSG00000029817,4,55,63,24,74,81,70,86,74,61,68,101
ENSMUSG00000022858,14,115,75,76,100,91,116,128,120,99,100,163
ENSMUSG00000015363,9,142,148,110,123,148,162,157,139,183,209,238
ENSMUSG00000070867,46,694,701,385,618,797,655,535,571,479,530,781
ENSMUSG00000031887,2,16,19,9,23,16,19,22,21,21,15,33
ENSMUSG00000026875,2,5,4,3,3,1,14,26,6,7,5,23
ENSMUSG00000026942,7,55,35,19,40,48,40,45,43,42,55,76
ENSMUSG00000021277,3,42,31,17,41,33,28,38,32,24,27,50
ENSMUSG00000034292,0,15,14,9,6,8,17,10,10,15,18,22
ENSMUSG00000019842,1,22,23,12,17,17,21,23,20,21,33,34
ENSMUSG00000037318,0,2,3,2,1,2,6,8,4,2,5,7
ENSMUSG00000017386,3,11,13,9,24,19,10,17,13,12,19,21
ENSMUSG00000026637,0,0,1,1,4,5,10,4,6,7,2,7
ENSMUSG00000027164,3,32,29,22,16,24,25,20,28,18,36,29
ENSMUSG00000052752,15,94,92,50,112,84,118,105,94,76,127,160
ENSMUSG00000042726,20,158,138,131,182,178,199,291,253,218,204,440
ENSMUSG00000032586,3,5,1,1,1,1,4,2,4,2,2,5
ENSMUSG00000032536,53,683,679,455,617,694,612,568,653,635,676,903
ENSMUSG00000026028,23,361,331,231,315,308,278,223,219,222,271,378
ENSMUSG00000025935,15,154,133,107,134,145,155,173,152,158,209,278
ENSMUSG00000044528,0,0,0,0,0,1,1,0,0,0,0,0
ENSMUSG00000041779,0,19,15,11,12,14,26,20,22,26,19,46
ENSMUSG00000062296,1,0,0,0,0,0,0,0,0,0,0,0
ENSMUSG00000005981,28,396,361,245,367,410,485,450,517,508,553,716
ENSMUSG00000049299,9,202,181,117,184,200,180,188,162,217,204,281
ENSMUSG00000000374,3,97,71,60,66,69,96,59,96,54,78,107
ENSMUSG00000038102,6,54,43,39,51,47,70,59,55,58,53,73
ENSMUSG00000020628,7,91,79,65,78,85,110,92,100,87,89,114
ENSMUSG00000021711,4,107,61,66,81,81,96,100,78,70,93,118
ENSMUSG00000079317,1,29,35,30,35,47,37,29,44,39,35,42
ENSMUSG00000015013,14,271,239,202,247,272,265,280,318,296,341,443
ENSMUSG00000028847,13,197,162,127,153,145,184,164,167,218,231,274
ENSMUSG00000071340,0,0,1,0,0,0,0,0,0,0,0,0
ENSMUSG00000032112,9,109,108,67,137,117,122,128,139,113,157,219
ENSMUSG00000040236,15,180,154,122,169,147,148,167,170,171,178,213
ENSMUSG00000002043,9,105,87,62,74,109,58,109,95,90,145,141
ENSMUSG00000020993,4,100,100,79,107,102,119,133,145,121,123,179
ENSMUSG00000033382,2,45,38,24,42,44,55,54,66,40,51,52
ENSMUSG00000047921,11,108,101,83,107,110,118,129,119,147,126,155
ENSMUSG00000026723,2,22,18,14,21,16,19,15,23,25,24,30
ENSMUSG00000019787,85,1019,1006,730,954,992,1101,1043,1240,1163,1186,1492
ENSMUSG00000032098,0,0,0,0,0,0,0,0,0,0,0,0
ENSMUSG00000042265,1,0,0,0,0,0,1,1,1,0,0,2
ENSMUSG00000023992,2,12,21,8,8,15,36,65,10,27,24,69
ENSMUSG00000041754,0,1,0,1,1,0,0,3,1,2,1,0
ENSMUSG00000023993,4,1,3,2,3,1,2,3,3,2,0,4
ENSMUSG00000071068,2,2,1,0,1,0,12,14,7,0,0,19
ENSMUSG00000051682,0,0,2,0,0,0,0,1,1,0,1,0
ENSMUSG00000064043,4,15,13,11,12,8,20,18,10,4,12,29
ENSMUSG00000031372,0,0,0,0,0,0,0,0,0,0,1,0
ENSMUSG00000032554,9,95,72,58,79,95,100,101,92,92,107,145
ENSMUSG00000005892,0,1,0,0,0,0,0,0,0,0,0,0
ENSMUSG00000050663,0,0,1,0,0,2,0,0,0,0,2,0
ENSMUSG00000029535,9,59,62,41,74,75,44,54,74,60,95,95
ENSMUSG00000032501,6,47,41,44,40,55,59,51,57,62,42,103
ENSMUSG00000020601,10,103,109,86,116,98,95,79,105,92,87,144
ENSMUSG00000032715,1,12,5,5,9,5,10,18,19,6,16,20
ENSMUSG00000043496,3,20,17,8,19,17,22,24,14,27,25,29
ENSMUSG00000073400,3,4,2,0,3,0,0,0,0,0,0,2
ENSMUSG00000020455,7,63,58,33,45,73,80,60,78,81,71,125
ENSMUSG00000066258,22,68,58,47,57,76,136,158,149,122,131,309
ENSMUSG00000035235,2,19,23,11,14,13,19,9,11,12,12,17
ENSMUSG00000039853,1,0,0,1,1,0,3,0,0,0,1,2
ENSMUSG00000050747,0,0,1,0,2,0,0,0,0,0,1,0
ENSMUSG00000047821,3,26,18,8,22,16,38,21,26,29,29,29
ENSMUSG00000036964,0,1,0,0,1,0,0,0,2,0,0,1
ENSMUSG00000027993,11,27,21,15,46,34,41,27,33,30,29,38
ENSMUSG00000030966,4,23,14,7,15,12,29,59,30,25,26,106
ENSMUSG00000021712,0,41,25,17,36,28,49,40,46,29,31,54
ENSMUSG00000029833,21,109,91,72,100,69,118,98,127,112,111,133
ENSMUSG00000000275,19,94,78,65,83,81,160,141,117,104,164,256
ENSMUSG00000024457,12,68,53,41,48,71,73,88,69,87,60,104
ENSMUSG00000021326,4,55,41,41,49,52,57,70,64,48,65,98
ENSMUSG00000005566,34,188,205,139,215,217,201,213,202,204,230,328
ENSMUSG00000032013,0,0,0,1,0,0,0,1,0,2,0,0
ENSMUSG00000036989,28,98,81,47,73,91,107,85,96,107,123,125
ENSMUSG00000030921,3,22,29,21,35,30,82,101,37,44,52,168
ENSMUSG00000052749,0,0,1,0,1,1,3,3,2,1,2,8
ENSMUSG00000078616,0,0,0,0,0,0,1,0,0,0,0,1
ENSMUSG00000057596,2,12,9,6,7,7,16,36,13,16,20,71
ENSMUSG00000058063,0,0,0,0,0,0,0,0,0,0,0,0
ENSMUSG00000051675,0,29,34,17,26,25,28,31,36,23,33,47
ENSMUSG00000033014,2,31,26,24,39,45,53,25,48,33,38,66
ENSMUSG00000056144,6,23,28,12,20,14,37,66,41,37,50,138
ENSMUSG00000090215,0,0,0,0,0,0,0,0,0,0,0,0
ENSMUSG00000022043,20,260,267,172,254,287,296,253,260,293,242,366
ENSMUSG00000033949,0,1,5,0,1,2,3,2,1,1,3,5
ENSMUSG00000018548,1,10,15,13,10,13,20,17,13,14,19,23
ENSMUSG00000064140,0,0,0,0,0,1,1,0,0,1,0,1
ENSMUSG00000045409,2,31,33,19,27,34,24,25,34,36,38,42
ENSMUSG00000073399,0,1,0,0,0,0,0,0,0,0,0,0
ENSMUSG00000040365,10,64,82,63,78,79,102,92,65,95,107,124
ENSMUSG00000090693,0,1,0,1,0,0,1,3,1,0,0,0
ENSMUSG00000079162,1,0,0,0,0,1,0,0,2,2,2,0
ENSMUSG00000067399,0,1,0,0,0,0,0,1,0,0,0,0
ENSMUSG00000027189,19,107,91,64,115,98,137,121,95,124,127,169
ENSMUSG00000033233,2,18,15,7,14,8,15,9,15,13,20,22
ENSMUSG00000042766,2,3,5,0,3,4,2,0,2,2,3,6
ENSMUSG00000060441,4,15,11,4,7,6,21,12,9,10,11,19
ENSMUSG00000053388,0,0,0,0,1,0,0,0,0,0,0,0
ENSMUSG00000062077,75,1265,1233,969,1182,1316,2280,2239,2285,2968,3404,3336
ENSMUSG00000060913,4,30,31,20,17,27,30,30,29,28,48,46
ENSMUSG00000043279,13,51,44,33,55,50,67,73,58,67,53,117
ENSMUSG00000034317,0,3,2,1,2,3,6,4,4,1,2,6
ENSMUSG00000072244,1,0,2,2,2,2,5,1,1,3,1,7
ENSMUSG00000109718,0,0,0,0,1,0,0,0,0,0,0,1
ENSMUSG00000041000,0,7,2,5,7,2,4,1,4,8,4,8
ENSMUSG00000028834,45,949,871,475,856,805,1260,1105,1374,1024,1303,1428
ENSMUSG00000054517,5,15,9,9,14,14,15,15,15,23,20,26
ENSMUSG00000031026,0,2,0,0,1,1,0,0,0,1,3,2
ENSMUSG00000036913,0,2,6,4,2,1,7,1,8,2,7,3
ENSMUSG00000073968,1,44,42,23,47,33,48,53,47,37,58,87
ENSMUSG00000033368,0,2,0,0,0,0,1,0,0,0,0,0
ENSMUSG00000040350,17,113,113,104,106,106,103,92,106,160,84,142
ENSMUSG00000079259,0,0,0,0,0,0,0,0,0,0,1,0
ENSMUSG00000042828,0,9,6,7,8,7,9,10,9,10,1,5
ENSMUSG00000071089,0,0,0,0,0,1,0,1,0,0,0,0
ENSMUSG00000025034,24,190,163,113,176,203,216,187,215,168,222,273
ENSMUSG00000070332,0,0,1,0,0,0,0,0,0,1,1,0
ENSMUSG00000021071,0,0,0,1,0,0,0,0,0,0,0,0
ENSMUSG00000091490,0,0,1,2,0,1,1,0,2,0,0,0
ENSMUSG00000022263,5,80,68,33,72,53,57,38,51,70,58,80
ENSMUSG00000033088,20,94,85,78,93,89,114,124,134,107,149,185
ENSMUSG00000019487,26,215,223,184,242,244,314,246,382,312,316,417
ENSMUSG00000021188,10,63,73,42,69,84,81,64,76,52,81,70
ENSMUSG00000026219,18,203,184,147,233,213,213,193,213,153,137,233
ENSMUSG00000021569,0,1,1,0,2,2,1,2,0,2,1,4
ENSMUSG00000032386,6,53,59,40,54,45,52,49,63,52,59,91
ENSMUSG00000023348,2,68,71,40,60,72,64,57,70,58,73,109
ENSMUSG00000055963,0,8,8,5,19,14,9,8,16,12,7,15
ENSMUSG00000041203,18,224,215,166,233,232,252,326,306,274,346,461
ENSMUSG00000028653,2,24,16,15,21,19,22,17,23,19,29,33
ENSMUSG00000028331,0,5,7,1,4,5,9,2,2,4,8,11
ENSMUSG00000001909,14,110,101,94,94,113,151,162,161,165,188,231
ENSMUSG00000004127,3,10,7,9,6,8,11,7,11,5,11,14
ENSMUSG00000035601,1,15,12,2,8,6,7,7,6,9,9,22
ENSMUSG00000044763,1,37,46,24,39,47,31,26,45,32,25,55
ENSMUSG00000019792,0,23,13,15,11,16,18,15,21,18,25,24
ENSMUSG00000038812,15,92,66,84,75,91,107,119,109,132,127,181
ENSMUSG00000037085,1,23,19,7,22,15,13,20,21,23,24,26
ENSMUSG00000033439,0,12,8,5,10,8,12,10,11,18,5,13
ENSMUSG00000053286,26,100,95,68,89,130,111,105,98,109,93,164
ENSMUSG00000022721,2,33,26,18,27,29,28,38,33,37,30,50
ENSMUSG00000067369,5,133,105,75,137,101,105,88,82,101,106,143
ENSMUSG00000029097,0,2,4,1,2,8,5,7,3,1,3,6
ENSMUSG00000034442,5,91,80,62,87,82,92,116,99,70,114,126
ENSMUSG00000037376,2,26,23,13,19,23,26,20,22,25,25,38
ENSMUSG00000060950,3,11,15,5,10,13,20,14,15,16,37,30
ENSMUSG00000022386,4,35,43,22,39,37,31,48,52,52,35,72
ENSMUSG00000028898,6,71,73,52,79,88,78,96,90,87,110,153
ENSMUSG00000056596,0,7,11,2,4,9,3,10,16,13,12,13
ENSMUSG00000013736,5,54,46,35,67,40,73,74,82,75,63,84
ENSMUSG00000025272,1,2,5,0,3,1,2,7,3,2,3,6
ENSMUSG00000032783,0,0,2,0,0,0,1,5,1,0,4,1
ENSMUSG00000018199,6,63,43,27,63,80,88,59,83,52,62,75
ENSMUSG00000059552,5,57,40,29,43,43,55,45,43,23,37,62
ENSMUSG00000043909,5,31,38,24,26,33,58,45,37,35,56,48
ENSMUSG00000026510,0,22,20,19,16,35,27,22,24,19,23,31
ENSMUSG00000068735,28,134,104,64,128,81,87,90,50,76,139,109
ENSMUSG00000044328,2,38,53,36,49,62,40,53,43,55,74,73
ENSMUSG00000028211,3,30,17,13,23,36,18,29,33,31,31,26
ENSMUSG00000038375,79,1567,1457,1209,1377,1437,1167,975,962,1303,1312,1720
ENSMUSG00000039725,1,39,31,18,35,39,32,32,40,44,41,81
ENSMUSG00000042854,0,14,10,10,10,8,15,12,14,15,11,29
ENSMUSG00000022510,0,0,1,1,0,0,2,1,2,2,1,2
ENSMUSG00000032769,0,0,0,0,0,0,0,0,0,0,0,0
ENSMUSG00000032839,0,18,24,21,25,19,29,21,36,23,28,36
ENSMUSG00000027716,1,25,12,13,20,21,21,13,19,14,19,22
ENSMUSG00000027748,0,0,0,0,0,0,0,1,1,1,0,1
ENSMUSG00000038324,28,316,252,208,315,330,376,333,370,357,401,466
ENSMUSG00000041710,0,0,0,0,0,1,0,0,0,0,0,0
ENSMUSG00000031997,1,2,0,0,0,0,1,0,0,1,0,2
ENSMUSG00000021541,0,0,0,0,0,0,0,0,0,0,0,0
ENSMUSG00000030523,0,0,0,0,0,0,0,0,0,0,0,0
ENSMUSG00000009292,0,1,2,0,2,0,0,2,3,4,3,7
ENSMUSG00000052387,0,1,0,1,1,0,2,0,0,3,0,0
ENSMUSG00000038260,6,51,26,33,37,42,50,33,46,41,57,48
ENSMUSG00000009246,0,0,0,0,0,0,0,1,0,0,0,0
ENSMUSG00000024727,0,0,1,0,0,0,2,0,0,0,0,2
ENSMUSG00000027365,4,51,59,39,52,59,54,52,67,55,61,72
ENSMUSG00000038679,2,16,17,16,14,26,26,29,15,10,11,36
ENSMUSG00000047656,10,82,77,77,94,100,102,100,113,106,125,131
ENSMUSG00000005952,0,0,0,0,1,0,0,0,0,0,0,2
ENSMUSG00000018507,3,8,12,9,16,8,22,30,19,18,21,40
ENSMUSG00000043029,0,1,1,0,0,0,0,0,0,0,0,1
ENSMUSG00000014158,11,12,10,6,17,21,9,7,13,15,23,27
ENSMUSG00000029868,0,0,0,0,0,0,0,0,0,0,0,0
ENSMUSG00000045482,5,36,43,29,50,66,43,51,43,38,47,61
ENSMUSG00000025086,0,21,19,16,21,18,28,11,24,20,20,26
ENSMUSG00000039826,3,76,57,37,51,58,62,56,57,66,68,79
ENSMUSG00000026812,12,63,70,49,65,65,96,70,60,65,85,100
ENSMUSG00000002496,20,385,339,214,345,351,404,308,328,454,438,506
ENSMUSG00000022010,89,863,836,633,935,889,878,980,949,843,790,1523
ENSMUSG00000027806,4,59,45,39,46,58,62,66,61,43,44,72
ENSMUSG00000031431,43,261,224,236,245,366,338,410,424,401,205,603
ENSMUSG00000029723,43,788,759,569,754,799,637,760,608,798,793,1266
ENSMUSG00000014980,4,53,43,24,43,45,65,43,45,26,60,64
ENSMUSG00000042389,1,22,31,16,16,19,38,26,31,27,34,39
ENSMUSG00000035585,6,149,119,95,121,159,119,135,136,121,121,220
ENSMUSG00000020781,2,23,17,8,28,15,34,17,32,27,37,38
ENSMUSG00000040521,6,122,122,67,108,97,73,84,76,99,94,124
ENSMUSG00000014402,14,213,193,126,201,205,210,250,274,224,246,339
ENSMUSG00000060771,1,12,11,6,13,9,3,6,13,15,9,17
ENSMUSG00000039330,0,0,0,0,0,0,0,1,2,0,3,1
ENSMUSG00000039032,0,0,0,0,0,0,0,0,0,0,0,0
ENSMUSG00000035522,0,0,0,0,0,0,0,0,0,0,0,0
ENSMUSG00000027857,0,1,0,0,1,1,0,1,1,0,0,0
ENSMUSG00000020963,0,0,0,0,0,0,0,0,0,0,0,0
ENSMUSG00000046982,3,73,61,34,81,66,70,59,52,52,47,79
ENSMUSG00000047907,21,30,45,38,53,53,56,52,48,55,53,86
ENSMUSG00000021217,2,7,9,12,7,16,16,6,12,11,5,6
ENSMUSG00000059891,0,0,0,0,0,1,2,0,0,0,1,1
ENSMUSG00000049580,1,8,1,4,6,7,6,11,3,3,7,12
ENSMUSG00000024379,1,12,11,5,11,11,14,12,9,8,9,30
ENSMUSG00000026374,17,219,196,138,202,238,236,235,220,183,244,332
ENSMUSG00000056820,19,196,179,137,154,178,224,176,146,213,203,261
ENSMUSG00000031893,0,0,0,0,0,0,0,0,0,0,0,0
ENSMUSG00000028699,0,0,0,0,0,0,0,0,1,0,0,0
ENSMUSG00000039691,0,0,1,2,0,1,0,1,0,1,0,1
ENSMUSG00000030351,0,4,2,2,4,3,2,3,2,4,4,0
ENSMUSG00000029669,4,79,73,30,75,63,61,62,52,47,66,78
ENSMUSG00000020577,41,246,222,148,200,201,175,165,207,180,198,233
ENSMUSG00000037824,2,19,18,11,28,25,41,27,19,20,20,32
ENSMUSG00000037031,8,38,38,23,35,44,29,17,20,32,47,31
ENSMUSG00000025875,8,55,54,48,66,53,57,56,50,58,79,82
ENSMUSG00000027217,6,37,28,13,35,36,31,25,30,27,28,24
ENSMUSG00000027858,1,16,21,13,24,20,18,8,16,15,19,18
ENSMUSG00000032324,32,585,551,379,487,559,439,493,495,597,561,785
ENSMUSG00000006736,11,194,177,157,165,204,162,224,202,204,223,375
ENSMUSG00000000244,1,3,2,4,0,4,3,7,5,1,0,6
ENSMUSG00000001763,3,10,11,5,8,9,10,13,8,7,9,15
ENSMUSG00000025511,42,137,178,152,143,197,318,369,364,331,243,719
ENSMUSG00000028152,2,20,20,10,10,8,16,22,22,11,19,18
ENSMUSG00000067377,2,27,23,10,17,16,17,22,14,17,21,25
ENSMUSG00000058254,26,391,316,210,383,348,380,384,405,414,441,528
ENSMUSG00000034127,0,0,0,1,0,0,0,0,1,1,1,1
ENSMUSG00000030352,23,224,195,127,193,189,156,150,148,189,221,236
ENSMUSG00000041736,25,258,218,151,231,205,441,652,323,360,416,908
ENSMUSG00000023995,2,4,0,1,1,0,0,0,1,0,0,0
ENSMUSG00000034156,0,0,0,0,0,0,0,0,0,0,0,1
ENSMUSG00000047514,13,192,184,123,179,214,196,217,223,168,172,255
ENSMUSG00000041096,11,50,42,69,47,58,97,67,105,103,110,123
ENSMUSG00000074671,0,3,5,3,4,2,2,3,4,8,4,8
ENSMUSG00000039485,2,32,21,28,29,31,28,32,42,32,44,49
ENSMUSG00000038984,4,13,15,8,20,13,20,18,19,11,13,15
ENSMUSG00000038335,4,51,47,23,49,38,56,57,65,65,73,100
ENSMUSG00000025264,2,51,34,32,38,33,57,49,55,45,45,65
ENSMUSG00000015126,5,36,51,23,21,30,44,56,51,41,56,68
ENSMUSG00000036613,5,30,27,18,38,24,27,35,35,29,35,62
ENSMUSG00000045752,4,38,41,22,34,37,53,56,33,45,56,65
ENSMUSG00000041566,0,1,4,0,1,2,4,4,1,0,3,2
ENSMUSG00000045521,0,0,1,0,0,0,0,0,1,0,0,0
ENSMUSG00000007591,0,0,0,0,2,0,2,0,1,1,0,3
ENSMUSG00000047654,0,1,1,0,1,1,1,1,0,1,0,0
ENSMUSG00000044986,8,83,55,38,57,58,55,57,81,72,84,81
ENSMUSG00000022570,3,67,76,62,75,78,94,113,98,95,135,165
ENSMUSG00000035495,7,46,41,29,34,32,37,30,35,37,39,53
ENSMUSG00000028251,5,79,67,53,68,51,58,66,59,71,86,90
ENSMUSG00000031329,0,0,1,0,0,0,0,0,0,0,0,2
ENSMUSG00000015599,1,0,1,1,3,0,1,1,2,1,1,4
ENSMUSG00000090100,2,26,21,8,16,14,12,18,20,17,20,23
ENSMUSG00000041278,20,162,165,107,169,157,297,245,374,265,435,360
ENSMUSG00000040219,4,71,73,43,70,85,75,72,95,125,133,122
ENSMUSG00000037300,10,37,54,24,42,39,62,44,56,58,29,66
ENSMUSG00000027677,6,50,50,46,52,55,54,44,48,46,38,73
ENSMUSG00000039021,0,0,0,0,0,0,1,0,3,0,2,0
ENSMUSG00000027194,5,92,88,49,74,86,88,84,82,100,95,120
ENSMUSG00000042298,16,167,157,122,171,187,169,165,164,155,177,226
ENSMUSG00000032514,0,0,0,0,0,0,0,0,0,0,1,1
ENSMUSG00000034848,0,12,14,11,8,16,10,12,14,7,12,17
ENSMUSG00000034919,0,0,0,0,0,0,0,0,0,1,0,0
ENSMUSG00000030555,3,18,14,13,12,12,17,27,10,24,23,41
ENSMUSG00000006784,0,1,2,3,1,0,3,2,2,1,2,0
ENSMUSG00000056832,0,3,4,3,1,1,1,4,0,3,3,3
ENSMUSG00000024078,7,24,37,16,32,31,25,37,30,35,33,48
ENSMUSG00000033209,6,55,47,28,67,63,73,56,61,45,64,64
ENSMUSG00000037101,0,0,0,0,0,0,0,0,0,1,0,0
ENSMUSG00000040785,19,225,219,142,205,223,235,183,200,199,198,243
ENSMUSG00000075271,2,16,14,8,21,15,11,7,16,13,11,9
ENSMUSG00000075272,0,5,4,4,3,8,2,1,6,5,4,11
ENSMUSG00000075273,1,47,37,19,42,34,27,23,32,44,32,43
ENSMUSG00000066637,2,65,63,44,73,67,64,58,81,83,72,116
ENSMUSG00000022151,4,74,66,37,55,81,82,90,95,58,74,128
ENSMUSG00000046637,0,1,0,0,0,0,0,1,0,0,1,1
ENSMUSG00000039438,0,1,3,3,3,2,2,3,4,1,3,10
ENSMUSG00000033991,2,22,22,18,29,25,43,20,24,29,28,43
ENSMUSG00000035944,9,147,146,111,120,127,119,120,144,141,167,194
ENSMUSG00000028555,0,5,11,7,9,10,5,1,6,10,10,9
ENSMUSG00000038172,2,53,50,34,53,41,52,44,53,50,66,66
ENSMUSG00000024424,0,14,17,12,10,11,17,18,24,16,24,31
ENSMUSG00000046196,0,0,0,0,0,0,1,0,0,0,0,0
ENSMUSG00000025413,2,50,52,32,61,50,56,53,53,45,73,79
ENSMUSG00000044937,1,5,11,5,2,14,13,5,3,11,4,12
ENSMUSG00000006288,0,23,13,5,16,13,12,17,10,12,20,21
ENSMUSG00000036918,4,56,49,35,58,48,45,47,42,37,56,75
ENSMUSG00000033530,8,166,153,99,135,130,112,101,112,144,168,167
ENSMUSG00000021013,0,4,4,5,8,9,5,6,10,5,5,8
ENSMUSG00000042734,1,4,2,2,3,4,3,1,0,0,2,5
ENSMUSG00000007944,0,0,1,1,0,0,0,0,0,0,0,0
ENSMUSG00000071660,1,30,33,25,29,29,51,29,31,39,47,60
ENSMUSG00000026803,3,19,14,5,17,18,15,16,16,15,15,29
ENSMUSG00000033222,1,11,5,5,8,5,10,8,9,9,11,19
ENSMUSG00000027650,2,81,94,53,76,109,83,90,71,132,102,117
ENSMUSG00000031577,1,28,28,19,27,30,38,33,31,24,37,50
ENSMUSG00000038379,0,0,0,0,1,0,1,2,0,0,0,1
ENSMUSG00000027394,1,78,78,55,76,65,72,49,55,68,69,83
ENSMUSG00000022442,21,455,411,276,385,351,273,333,478,557,567,475
ENSMUSG00000026885,3,5,6,1,5,6,1,8,10,5,4,5
ENSMUSG00000016757,4,40,23,15,30,20,29,31,17,25,34,43
ENSMUSG00000045467,0,0,0,1,0,1,0,1,1,0,1,0
ENSMUSG00000033257,1,23,15,15,28,21,18,12,23,18,10,16
ENSMUSG00000012609,3,14,16,20,19,27,25,14,23,32,26,33
ENSMUSG00000036745,6,19,25,8,14,13,29,16,35,31,17,35
ENSMUSG00000074673,0,0,0,0,0,0,1,0,0,0,0,0
ENSMUSG00000051747,662,7418,7441,4939,7620,7380,6194,5768,6237,6984,5995,7999
ENSMUSG00000073988,0,2,3,0,0,1,3,0,0,5,1,0
ENSMUSG00000017679,7,25,22,19,42,23,34,44,27,35,20,52
ENSMUSG00000061808,0,3,4,6,5,5,2,2,6,3,4,5
ENSMUSG00000030428,1,2,3,1,3,4,5,4,7,5,6,6
ENSMUSG00000034714,1,9,21,10,12,10,20,7,12,15,13,20
ENSMUSG00000036565,6,43,32,38,41,36,42,33,33,40,53,47
ENSMUSG00000031028,0,0,0,0,0,0,1,1,1,0,1,0
ENSMUSG00000072235,33,251,201,124,219,201,184,267,216,149,196,407
ENSMUSG00000023004,33,362,290,220,332,344,539,633,271,422,428,1022
ENSMUSG00000043091,18,118,134,84,120,152,218,285,157,170,268,383
ENSMUSG00000067702,0,0,0,0,0,0,0,0,2,0,1,2
ENSMUSG00000067338,1,0,0,0,0,1,4,0,1,0,4,3
ENSMUSG00000026202,93,2603,2209,1664,2098,2337,1536,2073,1067,1940,1577,2929
ENSMUSG00000030137,25,686,531,371,435,484,551,482,505,612,720,869
ENSMUSG00000021216,3,0,0,0,0,0,0,1,0,0,0,0
ENSMUSG00000016255,0,1,0,0,0,0,0,0,0,0,0,0
ENSMUSG00000058672,12,91,77,46,86,83,108,153,106,97,89,197
ENSMUSG00000045136,0,9,4,3,9,7,11,18,18,6,3,16
ENSMUSG00000062380,4,1,1,1,0,0,1,13,2,3,2,12
ENSMUSG00000062591,3,10,4,1,8,12,12,7,12,7,7,14
ENSMUSG00000036752,63,710,526,450,625,686,702,897,525,689,819,1305
ENSMUSG00000001525,46,318,279,200,321,335,446,560,359,353,374,816
ENSMUSG00000001473,2,67,49,31,46,60,96,109,55,62,77,165
ENSMUSG00000020513,1,17,17,10,26,21,27,23,29,27,39,45
ENSMUSG00000019845,0,0,1,1,4,2,4,2,3,4,5,6
ENSMUSG00000035198,8,100,97,72,81,88,84,85,83,79,105,127
ENSMUSG00000045007,0,9,6,7,7,6,10,10,15,7,4,9
ENSMUSG00000025474,8,110,79,72,84,91,118,103,120,130,156,124
ENSMUSG00000000759,2,46,32,27,39,32,44,46,39,34,44,58
ENSMUSG00000027263,4,50,38,29,56,49,49,51,40,38,52,64
ENSMUSG00000033790,3,20,17,7,22,19,23,14,34,17,20,25
ENSMUSG00000051786,4,28,31,23,35,26,32,39,18,27,33,31
ENSMUSG00000073838,26,583,541,378,541,531,411,461,499,572,533,698
ENSMUSG00000005968,1,2,1,2,2,5,3,4,3,5,5,7
ENSMUSG00000037446,0,0,1,0,3,0,0,2,0,0,1,3
ENSMUSG00000023467,0,1,1,0,0,0,0,0,0,0,0,1
ENSMUSG00000001521,2,28,22,12,30,26,26,20,28,35,29,57
ENSMUSG00000034377,5,62,65,40,69,80,91,66,64,64,84,104
ENSMUSG00000054000,1,12,21,12,9,13,8,11,12,7,11,27
ENSMUSG00000010054,8,104,90,93,93,125,109,116,120,107,128,171
ENSMUSG00000046275,2,10,7,6,15,11,18,13,23,16,5,14
ENSMUSG00000071645,2,38,35,18,30,30,47,32,43,48,49,66
ENSMUSG00000050908,0,4,3,0,4,2,0,1,3,0,2,3
ENSMUSG00000014177,0,51,67,40,67,42,66,49,56,69,78,97
ENSMUSG00000022451,8,32,45,33,35,54,61,28,44,25,35,72
ENSMUSG00000023277,36,829,795,493,887,704,1216,1191,1649,1165,1667,1498
ENSMUSG00000035799,0,7,3,2,3,2,9,6,7,4,5,15
ENSMUSG00000007805,1,3,7,2,4,0,1,5,3,4,5,6
ENSMUSG00000020561,8,27,30,22,19,30,44,33,30,36,31,42
ENSMUSG00000025209,3,70,73,43,64,67,64,50,83,70,77,103
ENSMUSG00000024098,9,152,150,110,157,143,124,110,125,141,164,168
ENSMUSG00000054892,0,0,1,1,1,0,3,2,2,0,1,1
ENSMUSG00000053841,12,75,70,45,52,60,66,58,65,69,59,108
ENSMUSG00000039891,87,1561,1548,1085,1521,1543,1734,1639,2011,2156,2044,2191
ENSMUSG00000038344,1,8,11,12,10,9,14,13,24,13,17,16
ENSMUSG00000028367,17,364,309,230,331,345,422,501,369,353,319,717
ENSMUSG00000005354,66,1300,1152,893,1150,1196,1085,1186,1278,1460,1592,1900
ENSMUSG00000022498,14,54,60,38,55,56,65,58,44,56,73,62
ENSMUSG00000028567,9,99,82,34,98,86,91,104,81,98,104,166
ENSMUSG00000021497,17,191,168,95,161,174,202,193,199,249,236,295
ENSMUSG00000021830,1,19,25,17,31,36,40,25,48,34,33,56
ENSMUSG00000020803,23,224,169,128,199,201,209,264,236,245,258,388
ENSMUSG00000050612,1,0,0,0,0,0,1,0,0,0,0,0
ENSMUSG00000038991,12,71,59,48,63,57,81,80,49,53,76,112
ENSMUSG00000058407,9,161,131,103,162,142,177,158,216,156,189,249
ENSMUSG00000038393,137,2036,2104,1283,2502,1702,2053,1854,3281,3296,2765,2457
ENSMUSG00000024583,17,311,285,232,293,332,356,411,357,377,361,582
ENSMUSG00000031723,0,13,13,8,23,17,13,10,17,20,18,24
ENSMUSG00000020250,2,105,105,83,93,100,125,134,138,144,124,205
ENSMUSG00000075704,4,106,91,67,82,89,77,91,87,108,102,134
ENSMUSG00000000811,2,65,43,35,42,68,45,50,47,64,41,71
ENSMUSG00000032175,12,38,36,27,38,44,59,46,38,46,54,57
ENSMUSG00000025747,3,13,8,7,10,11,15,16,13,8,11,14
ENSMUSG00000004651,0,0,0,0,1,0,0,0,0,0,0,1
ENSMUSG00000027298,1,2,2,1,5,0,4,6,1,5,4,9
ENSMUSG00000030579,10,96,91,44,62,87,222,367,165,146,188,479
ENSMUSG00000005994,0,0,0,0,0,0,0,0,0,0,0,0
ENSMUSG00000020087,12,86,101,62,109,88,101,107,93,101,123,134
ENSMUSG00000056310,1,18,21,18,26,26,30,23,45,25,37,45
ENSMUSG00000047583,1,13,9,10,8,10,14,12,8,13,14,13
ENSMUSG00000048495,1,10,12,6,7,5,14,15,20,18,12,20
ENSMUSG00000061613,8,79,70,64,90,87,95,98,111,82,98,159
ENSMUSG00000030435,13,132,119,107,164,165,159,174,167,98,130,199
ENSMUSG00000032407,22,95,76,63,80,101,111,92,108,96,87,130
ENSMUSG00000034485,26,179,169,128,177,166,192,173,192,172,309,260
ENSMUSG00000026670,8,105,87,65,79,66,89,110,75,78,109,181
ENSMUSG00000026956,8,28,22,17,26,23,37,51,41,47,40,72
ENSMUSG00000001924,52,711,587,525,602,637,697,730,664,846,792,1159
ENSMUSG00000069053,0,0,0,0,0,0,0,0,0,0,0,0
ENSMUSG00000052997,8,67,60,49,70,59,82,71,70,55,83,115
ENSMUSG00000030061,6,104,96,63,86,101,91,90,92,96,103,144
ENSMUSG00000032557,12,79,68,35,69,71,80,78,76,69,80,154
ENSMUSG00000090137,0,0,3,0,2,1,2,0,1,4,7,2
ENSMUSG00000035898,0,23,14,13,21,35,20,29,22,17,16,28
ENSMUSG00000032596,19,67,56,42,46,51,138,210,124,110,150,336
ENSMUSG00000036352,11,197,181,140,170,212,197,201,213,176,201,323
ENSMUSG00000041765,4,80,89,67,100,81,90,80,86,57,101,148
ENSMUSG00000039568,15,138,135,111,138,119,170,178,168,184,194,270
ENSMUSG00000050628,10,180,147,123,176,157,197,211,202,179,244,298
ENSMUSG00000028437,11,89,95,45,88,61,127,83,112,107,129,162
ENSMUSG00000086228,3,0,0,0,0,0,0,0,0,0,0,0
ENSMUSG00000028433,25,201,216,161,229,230,255,227,222,279,275,320
ENSMUSG00000042520,25,229,181,150,211,217,246,225,236,205,228,316
ENSMUSG00000042345,0,1,0,0,0,0,1,1,0,0,1,2
ENSMUSG00000032020,3,7,7,10,9,4,11,13,10,8,8,31
ENSMUSG00000019505,169,1985,1712,1251,1782,1861,2454,2673,2735,2626,2978,3571
ENSMUSG00000008348,214,3768,2755,2012,3554,2695,5640,4181,5885,5468,7553,6186
ENSMUSG00000035186,0,0,1,0,0,0,1,4,3,0,0,6
ENSMUSG00000016308,15,229,153,138,206,198,171,180,210,199,224,317
ENSMUSG00000020390,77,1032,1044,735,1000,1107,1077,1037,1294,1223,1265,1506
ENSMUSG00000001403,2,8,4,3,10,5,5,7,7,4,7,24
ENSMUSG00000032415,0,5,5,4,5,6,1,5,6,3,3,2
ENSMUSG00000019927,3,107,129,71,105,108,104,119,127,114,112,144
ENSMUSG00000091896,20,208,163,109,206,211,196,185,200,177,218,306
ENSMUSG00000078578,67,1001,856,593,880,937,1210,1118,1236,1078,1234,1642
ENSMUSG00000050435,1,0,0,0,0,0,0,0,0,0,0,0
ENSMUSG00000021774,8,114,126,61,89,116,126,134,111,120,130,189
ENSMUSG00000058317,1,27,27,25,40,30,32,43,48,26,34,51
ENSMUSG00000027011,16,181,161,131,170,148,188,203,207,173,187,288
ENSMUSG00000034343,8,143,133,91,125,113,125,108,126,129,122,205
ENSMUSG00000020794,15,200,166,97,154,185,175,162,228,171,162,226
ENSMUSG00000009293,15,215,190,133,218,210,200,225,239,251,270,369
ENSMUSG00000039159,13,213,169,121,188,192,191,164,173,175,178,235
ENSMUSG00000015120,11,59,53,54,52,58,91,86,67,54,73,139
ENSMUSG00000028277,11,133,103,73,132,123,177,184,170,164,147,244
ENSMUSG00000023286,13,96,92,76,109,111,131,132,150,116,129,182
ENSMUSG00000029203,15,239,270,138,254,235,218,267,271,208,258,404
ENSMUSG00000038965,35,348,341,221,319,332,391,370,350,345,394,513
ENSMUSG00000027078,16,64,35,16,44,24,39,64,36,25,50,125
ENSMUSG00000005575,59,1042,948,676,832,876,899,993,914,1157,1226,1484
ENSMUSG00000074781,6,107,77,61,94,112,85,91,83,59,49,117
ENSMUSG00000020802,25,81,69,56,88,61,81,53,82,63,119,108
ENSMUSG00000042572,8,87,85,58,62,92,103,113,98,90,84,156
ENSMUSG00000032307,3,37,32,32,48,34,50,24,38,16,21,56
ENSMUSG00000052981,2,53,51,42,62,42,45,49,52,41,61,75
ENSMUSG00000036241,60,769,667,533,730,773,812,702,805,661,738,1024
ENSMUSG00000060860,15,211,156,118,177,160,162,190,179,237,218,269
ENSMUSG00000026429,2,7,11,1,7,8,12,6,14,10,11,10
ENSMUSG00000069733,0,0,0,1,0,1,0,2,1,1,1,2
ENSMUSG00000022674,4,31,26,11,23,25,35,29,14,19,25,32
ENSMUSG00000025939,3,31,29,30,36,34,45,48,52,35,35,47
ENSMUSG00000014349,8,105,116,87,133,94,147,145,155,131,163,230
ENSMUSG00000025326,40,395,319,237,402,381,416,363,413,308,278,461
ENSMUSG00000039000,13,133,114,104,116,108,132,103,106,104,107,186
ENSMUSG00000059890,1,24,24,18,42,32,36,35,38,19,18,39
ENSMUSG00000028960,16,152,134,103,135,157,173,159,199,168,189,211
ENSMUSG00000030870,8,68,85,54,81,74,111,95,100,103,93,144
ENSMUSG00000047719,1,38,35,31,44,50,45,50,49,40,35,61
ENSMUSG00000001687,27,277,263,181,260,267,283,287,308,263,272,404
ENSMUSG00000015290,20,330,312,197,305,317,347,342,336,350,400,497
ENSMUSG00000084786,44,764,697,542,680,740,783,846,785,800,916,1187
ENSMUSG00000055720,15,226,234,198,224,250,238,267,257,349,309,424
ENSMUSG00000041231,3,37,31,24,25,29,39,27,40,28,35,37
ENSMUSG00000039473,15,49,69,56,76,76,101,76,80,73,108,106
ENSMUSG00000009741,8,107,63,55,76,93,94,71,66,82,68,123
ENSMUSG00000005312,5,149,129,89,166,152,167,166,145,126,181,223
ENSMUSG00000050148,10,88,65,60,92,82,85,98,125,108,109,124
ENSMUSG00000008604,10,214,185,142,212,187,238,214,195,165,223,282
ENSMUSG00000027272,1,53,54,37,46,58,80,61,59,55,53,74
ENSMUSG00000023977,19,236,203,174,235,261,298,216,294,289,268,306
ENSMUSG00000044308,19,316,286,205,308,294,360,299,334,318,287,399
ENSMUSG00000066036,35,273,252,198,246,296,310,285,262,374,366,405
ENSMUSG00000037487,35,267,212,168,282,230,309,232,270,259,276,354
ENSMUSG00000041712,1,72,69,43,62,68,64,59,82,64,71,99
ENSMUSG00000025171,9,82,74,22,63,59,62,94,66,66,76,113
ENSMUSG00000044949,0,2,4,0,1,2,1,1,3,0,1,2
ENSMUSG00000020923,14,126,135,86,115,114,165,152,178,159,162,236
ENSMUSG00000074502,0,0,0,0,0,0,0,0,0,0,0,0
ENSMUSG00000071655,35,452,414,290,420,392,454,526,554,549,654,802
ENSMUSG00000043621,1,9,7,8,19,4,9,7,10,8,11,8
ENSMUSG00000012126,0,6,3,1,3,4,4,8,8,2,4,7
ENSMUSG00000020634,1,19,28,19,27,28,35,28,36,31,34,42
ENSMUSG00000028243,4,11,17,11,15,10,18,11,18,14,21,34
ENSMUSG00000026353,15,163,162,88,174,193,197,217,212,190,204,248
ENSMUSG00000019578,27,325,260,224,289,301,364,396,404,428,503,587
ENSMUSG00000053774,1,36,23,20,40,34,41,46,59,19,21,30
ENSMUSG00000052906,6,118,107,81,113,121,132,162,159,174,153,216
ENSMUSG00000029223,8,30,41,39,49,47,53,64,40,53,75,105
ENSMUSG00000022111,2,122,80,62,99,91,114,100,118,125,107,135
ENSMUSG00000035337,1,51,38,24,24,39,49,42,37,40,46,48
ENSMUSG00000018189,4,90,77,64,84,87,124,124,108,109,134,170
ENSMUSG00000002550,7,51,38,33,54,44,49,42,49,42,46,63
ENSMUSG00000026558,7,101,94,77,101,94,322,292,157,180,216,404
ENSMUSG00000089917,8,112,115,64,100,91,87,110,102,111,85,172
ENSMUSG00000026668,0,0,1,0,0,0,0,0,0,0,0,1
ENSMUSG00000038676,0,0,1,0,0,0,0,0,0,1,2,2
ENSMUSG00000049699,0,0,0,0,0,0,0,0,0,1,0,0
ENSMUSG00000031710,0,0,0,0,0,0,0,0,0,0,0,0
ENSMUSG00000033685,55,200,161,133,241,188,277,412,262,335,191,592
ENSMUSG00000032942,5,64,103,85,124,93,60,64,99,169,45,122
ENSMUSG00000043262,0,11,18,13,8,11,16,13,14,12,10,16
ENSMUSG00000062963,17,274,264,156,246,255,316,304,345,250,359,430
ENSMUSG00000005262,13,147,139,103,125,137,144,152,147,155,176,234
ENSMUSG00000040359,5,54,37,42,55,68,65,57,65,61,73,69
ENSMUSG00000027746,9,115,126,75,114,117,134,130,126,126,128,199
ENSMUSG00000051502,1,31,38,17,31,38,18,19,26,26,35,39
ENSMUSG00000031634,3,61,53,31,55,59,63,95,74,71,71,102
ENSMUSG00000028381,2,45,36,41,59,27,66,48,58,48,59,79
ENSMUSG00000037470,14,102,84,65,98,102,102,69,99,119,133,146
ENSMUSG00000042104,2,17,13,11,12,11,17,10,14,10,10,11
ENSMUSG00000001891,40,843,750,503,794,706,800,720,770,613,753,959
ENSMUSG00000090124,0,0,0,0,0,0,0,0,0,0,0,0
ENSMUSG00000035811,0,0,0,0,0,0,0,0,0,0,0,0
ENSMUSG00000057425,0,0,0,0,0,0,0,0,0,0,0,0
ENSMUSG00000061906,0,0,0,0,0,0,0,0,0,0,0,0
ENSMUSG00000072664,0,0,0,0,0,0,0,0,0,0,0,0
ENSMUSG00000049152,0,0,0,0,0,0,1,0,0,0,0,0
ENSMUSG00000026667,1,84,54,48,74,61,83,55,65,70,88,100
ENSMUSG00000001228,0,4,2,2,4,0,1,5,4,2,4,6
ENSMUSG00000039512,4,38,18,31,45,43,38,31,28,37,38,33
ENSMUSG00000019951,5,58,61,46,62,75,92,70,59,42,75,92
ENSMUSG00000024817,4,50,36,24,37,46,57,30,47,43,46,54
ENSMUSG00000025878,2,31,33,16,33,28,45,39,44,32,31,40
ENSMUSG00000079685,1,4,2,3,6,4,3,2,4,4,3,2
ENSMUSG00000029512,10,149,160,100,170,156,158,146,175,158,154,238
ENSMUSG00000004798,5,147,161,76,170,167,153,124,125,127,140,199
ENSMUSG00000032308,1,18,13,17,20,13,22,20,15,21,15,24
ENSMUSG00000040936,3,10,16,9,8,9,10,9,4,13,8,14
ENSMUSG00000089862,4,26,34,27,27,27,45,29,33,38,28,41
ENSMUSG00000030963,0,0,0,0,0,0,1,0,0,0,0,0
ENSMUSG00000054134,0,0,0,0,0,0,0,0,0,0,0,0
ENSMUSG00000022814,2,23,26,16,24,25,22,29,20,16,31,42
ENSMUSG00000002058,5,30,21,12,33,13,32,29,20,17,26,37
ENSMUSG00000046562,5,40,26,18,38,38,44,38,34,39,43,58
ENSMUSG00000034799,2,13,7,6,8,8,10,5,8,11,13,8
ENSMUSG00000028456,8,30,24,17,31,27,25,22,19,25,37,30
ENSMUSG00000062151,1,0,1,0,2,0,0,1,0,1,0,1
ENSMUSG00000057948,0,2,1,0,1,2,0,5,7,2,3,15
ENSMUSG00000030533,7,52,48,33,55,55,47,51,47,62,81,80
ENSMUSG00000018845,31,443,421,347,435,459,456,441,502,394,441,635
ENSMUSG00000026111,9,85,80,61,65,79,95,92,77,71,78,126
ENSMUSG00000025876,0,7,4,5,4,5,6,11,3,8,8,14
ENSMUSG00000020099,8,57,51,26,52,42,36,34,31,36,30,42
ENSMUSG00000059921,0,1,0,0,0,0,0,1,0,0,0,0
ENSMUSG00000043592,0,1,0,0,0,0,0,1,0,0,0,1
ENSMUSG00000063626,0,0,0,0,0,0,0,0,0,0,0,0
ENSMUSG00000021198,0,0,0,0,0,0,0,0,2,1,0,0
ENSMUSG00000055567,0,0,1,0,0,0,0,0,0,0,0,0
ENSMUSG00000067049,0,0,0,0,0,1,0,0,0,0,0,0
ENSMUSG00000036908,3,52,55,46,70,52,112,194,82,91,110,209
ENSMUSG00000029591,6,137,91,81,99,87,74,48,92,82,78,101
ENSMUSG00000020770,6,42,31,26,32,33,37,37,46,35,45,56
ENSMUSG00000015127,1,11,6,10,17,9,16,9,7,8,14,16
ENSMUSG00000028186,0,0,0,0,0,0,0,0,0,0,0,0
ENSMUSG00000033427,0,2,1,1,2,2,2,2,3,3,3,6
ENSMUSG00000058301,8,82,77,44,76,75,81,77,64,82,73,109
ENSMUSG00000043241,20,59,48,40,52,71,85,65,75,54,67,75
ENSMUSG00000038398,3,36,34,27,36,36,36,44,45,39,57,72
ENSMUSG00000036572,16,36,35,30,36,30,47,37,49,36,32,35
ENSMUSG00000006313,1,2,3,1,3,2,0,2,0,4,5,2
ENSMUSG00000049436,0,3,2,0,2,2,0,1,1,3,1,2
ENSMUSG00000041523,0,1,1,0,0,1,0,1,0,0,1,0
ENSMUSG00000042985,1,13,17,10,7,11,0,8,5,9,7,12
ENSMUSG00000006143,0,0,0,0,0,0,0,0,0,0,0,0
ENSMUSG00000020407,0,43,33,19,31,22,46,52,26,29,43,68
ENSMUSG00000026839,4,9,10,3,4,4,8,8,9,4,3,10
ENSMUSG00000073016,0,0,1,1,0,0,1,0,0,0,0,1
ENSMUSG00000005882,13,491,469,353,485,452,419,373,409,433,470,597
ENSMUSG00000024208,55,890,862,642,803,755,703,778,747,914,932,1338
ENSMUSG00000071654,19,291,256,202,231,226,268,350,394,360,507,509
ENSMUSG00000059534,143,3266,3206,2334,2952,3210,3045,3734,4188,4246,5171,5709
ENSMUSG00000020163,220,5073,4752,3457,4475,4623,3230,3855,4064,4471,4519,5957
ENSMUSG00000021520,178,3438,2985,2254,3104,3064,2724,2980,3395,3413,3187,4605
ENSMUSG00000025651,117,3115,2980,2193,2808,2804,2074,2541,2572,3075,2979,3678
ENSMUSG00000030884,126,2777,2567,1716,2680,2497,2089,2387,2553,2430,2422,3446
ENSMUSG00000038462,135,3438,3138,1994,3150,3109,2318,2685,2764,2812,2609,3781
ENSMUSG00000063882,246,5203,4849,3392,4563,4946,4460,4960,5572,5545,6601,7545
ENSMUSG00000044894,345,7374,6746,4866,5857,6105,5241,5644,6533,7111,7710,9656
ENSMUSG00000025481,1,15,5,6,3,8,5,13,8,14,4,17
ENSMUSG00000039929,2,9,8,8,17,12,14,21,18,8,11,8
ENSMUSG00000031976,1,9,12,7,7,11,16,10,10,15,10,11
ENSMUSG00000049680,13,160,134,138,160,163,184,174,169,195,217,229
ENSMUSG00000030421,8,78,57,50,77,75,92,69,82,76,75,82
ENSMUSG00000069020,13,99,87,55,101,98,109,102,122,126,171,188
ENSMUSG00000034456,0,0,0,0,1,0,0,0,0,0,0,0
ENSMUSG00000028684,19,235,191,138,198,201,224,250,248,250,237,347
ENSMUSG00000030979,2,80,69,52,91,75,58,62,55,89,76,99
ENSMUSG00000031792,3,32,29,13,19,32,23,29,35,15,34,40
ENSMUSG00000002395,66,562,581,422,544,555,710,831,795,983,1125,1175
ENSMUSG00000026641,2,17,25,11,20,18,24,20,23,15,14,33
ENSMUSG00000058239,26,340,324,239,329,324,312,331,379,383,360,476
ENSMUSG00000068284,3,35,25,17,22,24,30,29,27,31,35,40
ENSMUSG00000030838,1,12,12,10,18,10,16,15,15,11,8,21
ENSMUSG00000045288,0,0,1,0,0,0,1,0,1,0,1,0
ENSMUSG00000034911,78,214,182,126,230,221,219,158,159,210,215,231
ENSMUSG00000071528,82,1614,1514,1076,1493,1475,1285,1460,1717,1724,1842,2438
ENSMUSG00000029407,8,119,81,64,76,87,102,127,106,97,123,145
ENSMUSG00000028560,2,37,35,23,37,22,50,50,31,50,51,60
ENSMUSG00000031826,6,91,103,48,99,79,85,81,86,79,89,124
ENSMUSG00000031066,3,32,12,12,20,21,22,28,25,29,19,32
ENSMUSG00000029640,1,36,25,11,26,23,31,30,32,26,31,48
ENSMUSG00000056900,67,932,883,625,878,945,961,775,871,825,906,1110
ENSMUSG00000047879,12,206,205,128,212,198,226,196,221,187,210,286
ENSMUSG00000020124,11,153,162,96,165,152,189,160,177,159,189,224
ENSMUSG00000025616,5,80,74,52,63,61,83,72,73,104,80,111
ENSMUSG00000054568,1,0,0,0,0,0,0,0,0,0,0,0
ENSMUSG00000058976,0,0,0,0,0,0,0,0,0,0,0,0
ENSMUSG00000057321,0,0,0,0,0,0,0,0,0,0,0,0
ENSMUSG00000030107,9,31,33,25,21,29,112,262,101,75,110,495
ENSMUSG00000006676,19,213,231,144,231,234,267,209,238,270,266,366
ENSMUSG00000032010,34,481,693,660,590,893,825,761,802,654,612,943
ENSMUSG00000026854,8,113,108,81,99,125,150,121,119,148,129,156
ENSMUSG00000053483,7,48,45,41,54,55,64,60,52,69,66,101
ENSMUSG00000042506,3,89,106,51,88,100,110,105,100,74,89,133
ENSMUSG00000028514,16,169,159,101,161,169,182,136,154,153,162,211
ENSMUSG00000022867,5,83,88,57,73,86,121,82,109,85,78,130
ENSMUSG00000055780,0,0,0,0,0,0,0,0,0,0,0,0
ENSMUSG00000046269,0,0,3,2,3,2,1,2,2,2,4,4
ENSMUSG00000032267,13,196,167,117,197,212,196,193,221,174,179,278
ENSMUSG00000051527,0,0,0,0,0,0,0,0,0,0,0,0
ENSMUSG00000032376,8,64,51,47,67,60,99,95,98,60,92,101
ENSMUSG00000029592,2,29,24,14,36,34,47,35,51,44,45,56
ENSMUSG00000063317,1,21,16,13,23,25,25,21,25,24,30,27
ENSMUSG00000000804,3,51,61,38,49,41,66,57,45,54,40,77
ENSMUSG00000025437,4,59,57,39,65,55,55,60,56,63,43,65
ENSMUSG00000056342,46,97,103,60,124,110,113,109,100,103,101,128
ENSMUSG00000035713,0,8,2,1,3,4,2,1,3,1,0,7
ENSMUSG00000033909,24,34,50,32,46,41,42,40,43,32,45,59
ENSMUSG00000033364,0,24,17,4,10,19,16,13,15,9,15,20
ENSMUSG00000038250,0,48,29,27,47,40,53,36,45,37,30,58
ENSMUSG00000056305,2,21,18,16,26,23,33,30,22,27,27,46
ENSMUSG00000032612,19,197,211,127,182,211,259,245,221,280,246,356
ENSMUSG00000005501,3,60,55,39,48,52,70,61,48,53,56,58
ENSMUSG00000051306,2,13,12,15,21,22,12,21,17,14,8,22
ENSMUSG00000020905,0,3,5,2,5,6,2,6,6,5,7,3
ENSMUSG00000020020,0,0,0,0,0,0,0,0,0,0,0,0
ENSMUSG00000040455,2,23,18,11,24,21,34,29,24,25,23,30
ENSMUSG00000054814,5,68,63,53,60,71,85,63,56,56,82,112
ENSMUSG00000059263,22,282,231,172,279,264,348,272,275,292,331,403
ENSMUSG00000043411,19,70,65,47,59,66,76,85,70,70,70,84
ENSMUSG00000038429,10,162,193,149,181,221,244,224,189,241,250,346
ENSMUSG00000027364,16,336,357,273,331,313,356,518,308,453,431,675
ENSMUSG00000067215,0,0,0,0,0,0,0,0,0,0,0,0
ENSMUSG00000039701,0,17,13,12,20,19,31,17,26,16,17,13
ENSMUSG00000034235,6,27,46,28,37,48,62,56,56,51,51,85
ENSMUSG00000039046,3,19,9,11,13,10,9,15,9,13,20,24
ENSMUSG00000022710,11,122,116,66,102,101,136,138,130,111,123,172
ENSMUSG00000027363,5,90,51,33,57,50,71,67,70,62,73,110
ENSMUSG00000031010,7,100,79,76,84,84,86,72,98,75,85,128
ENSMUSG00000069044,0,0,0,0,0,0,0,0,0,0,0,0
ENSMUSG00000041264,5,41,35,37,59,48,56,50,67,49,54,82
ENSMUSG00000047712,0,1,2,1,2,3,7,3,2,3,2,10
ENSMUSG00000047751,0,1,0,0,0,0,0,1,0,0,0,1
ENSMUSG00000028907,9,103,73,45,77,72,106,103,109,84,110,152
ENSMUSG00000063785,2,38,30,23,32,38,44,32,38,34,41,64
ENSMUSG00000079470,0,2,5,1,8,1,6,1,4,4,2,4
ENSMUSG00000041747,0,17,17,15,15,25,15,20,27,13,15,38
ENSMUSG00000054079,6,19,22,11,13,22,28,34,31,26,25,39
ENSMUSG00000004356,2,32,23,15,38,23,31,16,23,26,19,46
ENSMUSG00000022313,1,24,22,19,16,14,18,16,23,26,27,38
ENSMUSG00000070697,4,84,92,60,75,90,106,139,133,92,126,164
ENSMUSG00000041438,3,31,47,35,38,34,73,50,53,43,48,77
ENSMUSG00000035575,5,72,94,45,82,66,83,61,86,68,79,135
ENSMUSG00000028963,0,0,0,0,1,1,1,1,1,0,0,0
ENSMUSG00000056423,0,0,0,0,0,0,0,0,0,0,0,0
ENSMUSG00000039321,0,3,1,2,2,2,1,4,1,1,5,3
ENSMUSG00000068457,0,23,19,23,22,25,32,22,30,28,24,36
ENSMUSG00000035354,5,63,44,36,46,58,65,72,64,51,72,78
ENSMUSG00000037355,3,23,24,11,28,14,36,26,32,24,19,32
ENSMUSG00000057363,2,14,20,8,26,17,22,32,23,11,7,30
ENSMUSG00000001134,6,71,46,35,55,59,69,65,69,63,59,87
ENSMUSG00000010936,10,113,109,84,108,109,120,115,125,122,165,192
ENSMUSG00000030337,2,16,20,19,21,16,24,23,25,34,27,40
ENSMUSG00000020894,28,333,311,230,334,370,368,383,381,444,458,517
ENSMUSG00000028955,36,217,213,157,196,203,275,198,236,202,225,322
ENSMUSG00000026696,6,55,39,44,56,65,85,72,88,73,65,112
ENSMUSG00000073002,11,141,121,94,131,160,182,204,204,177,199,220
ENSMUSG00000050732,13,116,122,82,125,122,165,229,218,164,235,291
ENSMUSG00000027860,4,35,32,17,35,26,24,10,26,27,27,38
ENSMUSG00000026556,1,6,8,3,8,9,11,8,1,4,3,6
ENSMUSG00000024091,36,301,244,180,237,285,309,276,282,244,271,405
ENSMUSG00000054455,16,283,218,169,242,262,276,228,329,159,141,336
ENSMUSG00000007029,16,95,104,67,86,95,128,146,120,155,125,187
ENSMUSG00000038838,7,67,50,48,77,56,56,45,50,87,69,71
ENSMUSG00000021256,0,0,0,0,0,0,0,0,1,0,0,0
ENSMUSG00000037568,0,1,1,0,2,2,0,0,2,2,3,1
ENSMUSG00000039646,1,25,22,14,22,23,38,27,24,28,30,36
ENSMUSG00000030403,14,163,104,81,141,139,147,178,127,115,161,235
ENSMUSG00000034993,19,80,85,59,74,75,112,95,75,87,104,139
ENSMUSG00000046844,0,0,0,0,0,0,0,0,1,0,0,0
ENSMUSG00000034116,0,8,2,6,15,8,15,37,15,13,29,68
ENSMUSG00000009621,3,58,51,27,38,38,42,41,41,41,43,52
ENSMUSG00000033721,2,15,19,10,13,14,16,14,16,10,13,21
ENSMUSG00000034777,0,0,0,0,0,1,0,0,0,0,0,0
ENSMUSG00000031197,8,107,80,59,104,102,117,102,147,93,106,159
ENSMUSG00000027962,10,62,62,39,58,65,80,107,102,93,72,193
ENSMUSG00000021614,2,14,16,5,18,8,21,20,14,9,4,37
ENSMUSG00000021823,20,302,259,187,268,296,304,266,245,244,253,362
ENSMUSG00000028452,67,1027,1006,700,935,949,1109,1150,1039,1323,1240,1625
ENSMUSG00000045210,4,35,30,18,41,35,36,22,34,28,35,52
ENSMUSG00000049882,2,11,4,5,11,8,16,16,16,16,25,39
ENSMUSG00000020402,132,2940,2663,1962,2643,2606,2358,2551,2588,2719,2751,3793
ENSMUSG00000021771,83,1768,1624,1098,1632,1684,1858,2074,1918,1890,2081,2914
ENSMUSG00000008892,33,824,827,631,818,816,765,829,925,947,1059,1250
ENSMUSG00000022479,0,2,1,1,0,2,2,1,0,0,2,6
ENSMUSG00000023951,25,552,404,227,437,448,411,408,412,320,462,509
ENSMUSG00000024962,88,2082,1868,1323,1719,1780,1520,1646,1720,2062,2185,2576
ENSMUSG00000031520,1,21,9,9,26,19,18,13,11,22,33,27
ENSMUSG00000031380,1,7,11,7,9,19,26,26,18,24,15,43
ENSMUSG00000027831,0,1,0,0,0,0,0,0,0,0,0,0
ENSMUSG00000018377,6,77,70,53,66,63,90,70,73,81,65,107
ENSMUSG00000037428,0,0,0,0,0,0,0,0,1,0,0,0
ENSMUSG00000049641,0,0,0,0,2,0,0,0,1,0,1,0
ENSMUSG00000091243,1,6,5,3,2,4,10,7,9,5,8,10
ENSMUSG00000030315,2,16,17,5,17,14,16,17,27,5,9,15
ENSMUSG00000033933,2,29,38,21,41,31,41,29,25,27,35,52
ENSMUSG00000026175,0,1,0,0,0,1,0,1,4,0,2,0
ENSMUSG00000038775,0,0,1,0,2,2,3,4,2,1,1,8
ENSMUSG00000026728,73,527,375,367,506,453,627,852,549,484,513,1156
ENSMUSG00000019772,0,0,0,0,0,0,0,0,0,1,0,0
ENSMUSG00000021038,6,78,63,46,63,57,71,103,89,81,93,114
ENSMUSG00000032528,1,3,3,3,2,0,2,2,1,4,3,4
ENSMUSG00000011171,0,3,0,0,5,1,6,0,0,0,1,2
ENSMUSG00000040720,5,40,50,33,38,30,55,50,38,44,60,62
ENSMUSG00000024076,1,8,9,4,4,2,1,8,8,8,15,14
ENSMUSG00000096145,9,53,56,42,58,60,74,102,75,70,86,120
ENSMUSG00000066735,5,55,41,40,36,47,61,60,48,47,52,75
ENSMUSG00000024924,59,869,876,593,974,889,1114,883,1009,837,816,1078
ENSMUSG00000073131,5,74,81,35,68,58,65,83,81,67,66,94
ENSMUSG00000054723,5,28,26,26,26,38,27,35,37,30,46,38
ENSMUSG00000106893,0,0,0,0,0,0,0,0,0,0,0,0
ENSMUSG00000091924,0,0,0,0,0,0,0,0,0,0,0,0
ENSMUSG00000101073,0,0,0,0,0,0,0,0,0,0,0,0
ENSMUSG00000091151,0,0,0,0,0,0,0,0,0,0,0,0
ENSMUSG00000062905,0,0,0,0,0,0,0,0,0,0,0,0
ENSMUSG00000071893,0,0,0,1,0,1,1,0,0,2,0,1
ENSMUSG00000068232,0,0,0,1,0,0,0,0,0,0,0,0
ENSMUSG00000090346,0,0,0,0,0,0,0,0,0,0,0,0
ENSMUSG00000062818,0,0,0,0,0,1,0,0,0,0,0,0
ENSMUSG00000091652,0,0,1,0,0,0,0,0,0,0,0,0
ENSMUSG00000066850,0,0,0,0,0,0,0,0,1,0,0,0
ENSMUSG00000093696,1,0,0,0,0,0,0,0,0,0,0,0
ENSMUSG00000096735,0,0,0,0,0,0,0,0,0,0,0,0
ENSMUSG00000058132,0,0,0,0,0,0,0,0,0,0,0,0
ENSMUSG00000091541,0,0,0,0,0,0,0,0,0,0,0,0
ENSMUSG00000100586,1,0,1,0,0,1,0,1,0,0,0,0
ENSMUSG00000027824,0,0,0,1,0,0,0,0,0,0,0,0
ENSMUSG00000091670,0,0,0,0,1,0,0,0,0,0,0,0
ENSMUSG00000091375,0,0,0,0,0,0,0,0,0,0,0,0
ENSMUSG00000091794,0,0,1,0,0,0,0,0,0,0,0,1
ENSMUSG00000095730,0,0,0,0,0,0,0,0,0,0,0,0
ENSMUSG00000096373,0,0,0,0,0,0,0,0,0,0,0,0
ENSMUSG00000095773,0,0,0,0,0,0,0,0,0,1,0,0
ENSMUSG00000094098,0,0,0,0,0,0,0,0,0,0,0,0
ENSMUSG00000090662,0,1,0,0,0,0,0,0,0,0,0,0
ENSMUSG00000090774,0,0,0,0,0,0,0,0,0,0,0,0
ENSMUSG00000091239,0,0,0,0,0,0,0,0,0,0,0,0
ENSMUSG00000070601,0,0,0,0,0,0,1,0,0,0,1,1
ENSMUSG00000000606,0,0,0,0,0,0,0,0,0,0,0,0
ENSMUSG00000020830,0,0,0,0,1,0,1,1,0,1,0,0
ENSMUSG00000037440,0,1,0,1,2,0,0,0,0,1,2,1
ENSMUSG00000020010,0,0,0,0,0,0,0,0,0,0,1,0
ENSMUSG00000037788,9,66,46,30,47,37,41,29,31,39,46,63
ENSMUSG00000040325,4,51,39,41,51,55,48,33,56,49,48,54
ENSMUSG00000059305,0,0,0,0,0,1,2,1,0,1,0,1
ENSMUSG00000059280,0,0,0,0,0,0,1,0,0,0,0,0
ENSMUSG00000000903,0,4,1,1,2,1,2,0,1,0,1,3
ENSMUSG00000032127,12,87,80,68,75,103,126,121,114,111,147,165
ENSMUSG00000046230,1,10,27,30,44,39,15,14,17,11,15,22
ENSMUSG00000037646,2,32,23,14,24,28,33,13,25,33,32,41
ENSMUSG00000035284,0,22,12,5,21,21,33,25,28,23,23,39
ENSMUSG00000020220,14,183,164,101,163,187,181,134,158,226,171,249
ENSMUSG00000027411,9,65,62,43,59,62,74,78,79,89,89,104
ENSMUSG00000034216,4,41,35,26,38,28,32,32,35,33,38,59
ENSMUSG00000020078,6,172,154,136,162,187,254,223,217,226,291,325
ENSMUSG00000031988,11,75,65,62,80,94,72,75,102,102,106,100
ENSMUSG00000029462,7,159,154,100,132,127,141,171,164,130,136,245
ENSMUSG00000029434,8,54,66,37,51,66,56,57,66,81,57,95
ENSMUSG00000030534,0,20,19,16,19,12,27,19,17,18,17,17
ENSMUSG00000031696,12,163,177,114,163,174,227,249,210,161,148,283
ENSMUSG00000031479,11,100,107,62,94,68,121,103,105,130,123,141
ENSMUSG00000031600,7,94,76,57,92,81,76,79,91,76,92,126
ENSMUSG00000066278,7,85,53,44,78,60,70,68,70,68,91,120
ENSMUSG00000048832,2,16,20,7,8,18,13,21,17,16,29,34
ENSMUSG00000043614,1,5,1,2,3,5,9,3,2,4,3,9
ENSMUSG00000027291,8,76,71,47,83,74,86,61,66,86,87,123
ENSMUSG00000041236,12,126,117,84,127,120,168,124,156,122,125,159
ENSMUSG00000015747,16,62,52,34,59,49,60,72,55,64,83,101
ENSMUSG00000031913,17,230,186,141,196,204,202,193,199,239,219,297
ENSMUSG00000009907,4,64,72,55,62,71,82,71,72,95,76,116
ENSMUSG00000001376,4,39,43,21,33,40,56,35,42,37,36,56
ENSMUSG00000024319,14,184,203,122,166,160,202,180,181,200,233,261
ENSMUSG00000020128,4,43,51,30,57,40,52,61,44,46,31,77
ENSMUSG00000008958,4,105,105,77,122,100,131,156,133,155,176,212
ENSMUSG00000033653,9,59,89,52,76,86,88,88,70,98,104,109
ENSMUSG00000001062,11,88,91,69,103,68,103,75,68,86,103,97
ENSMUSG00000021115,2,27,16,12,18,19,30,29,24,23,32,34
ENSMUSG00000064090,0,11,13,6,9,14,15,16,14,8,14,26
ENSMUSG00000002205,7,95,90,44,87,96,109,122,94,138,136,179
ENSMUSG00000071235,0,0,0,0,0,0,0,0,0,0,0,0
ENSMUSG00000066894,0,19,10,12,18,16,17,18,19,14,17,21
ENSMUSG00000070604,1,5,5,1,8,10,13,8,9,18,12,19
ENSMUSG00000001943,17,29,17,22,27,31,50,39,39,45,59,44
ENSMUSG00000044206,0,7,1,0,0,2,7,2,2,2,6,3
ENSMUSG00000049598,0,0,0,0,1,0,0,0,0,0,0,1
ENSMUSG00000020101,10,83,69,33,86,61,96,90,59,69,100,133
ENSMUSG00000054459,0,0,0,0,0,0,0,0,0,1,0,0
ENSMUSG00000048834,0,0,0,0,0,0,1,0,0,0,0,0
ENSMUSG00000039257,0,0,0,0,0,0,0,0,0,0,0,0
ENSMUSG00000037843,0,3,4,3,2,3,0,1,3,0,1,1
ENSMUSG00000050666,0,37,24,16,28,22,31,24,21,23,37,43
ENSMUSG00000031937,1,0,1,0,3,0,0,0,0,0,0,0
ENSMUSG00000021239,0,0,0,0,0,0,0,0,0,0,0,0
ENSMUSG00000019868,9,77,54,44,62,73,83,101,108,67,99,121
ENSMUSG00000051076,0,0,0,1,0,0,0,0,0,1,0,0
ENSMUSG00000024983,2,25,20,32,31,45,67,45,47,45,42,68
ENSMUSG00000021124,23,307,264,218,305,306,357,367,381,306,320,548
ENSMUSG00000017344,17,133,134,85,150,122,148,136,143,152,185,203
ENSMUSG00000042116,8,83,58,48,82,59,41,73,50,76,91,92
ENSMUSG00000030889,10,23,16,5,26,20,28,13,14,12,21,18
ENSMUSG00000050122,0,0,1,0,1,0,0,1,0,0,1,1
ENSMUSG00000023186,3,76,64,38,78,65,128,121,105,103,81,189
ENSMUSG00000046613,0,0,0,0,0,0,0,0,0,0,0,0
ENSMUSG00000007030,3,47,57,43,55,58,49,43,58,65,59,71
ENSMUSG00000058997,30,423,410,301,380,428,497,374,417,516,400,540
ENSMUSG00000050830,0,0,1,0,0,0,0,1,1,1,0,2
ENSMUSG00000001930,31,85,75,59,72,144,150,113,99,156,154,184
ENSMUSG00000024283,10,106,87,60,101,129,117,88,129,93,92,156
ENSMUSG00000041408,5,90,73,39,70,57,79,70,70,77,80,97
ENSMUSG00000021266,11,135,132,92,136,119,168,208,176,221,195,375
ENSMUSG00000004233,2,23,26,11,11,11,17,18,19,16,19,21
ENSMUSG00000031165,1,1,2,2,2,2,7,3,3,5,1,11
ENSMUSG00000019831,0,0,1,1,0,1,1,0,2,0,1,2
ENSMUSG00000028868,42,186,163,123,163,182,235,217,259,267,227,342
ENSMUSG00000029636,0,5,0,2,1,4,3,3,2,1,2,1
ENSMUSG00000024101,13,82,102,65,79,87,139,137,144,143,171,169
ENSMUSG00000024104,12,36,39,34,30,31,55,53,48,57,45,77
ENSMUSG00000020056,3,98,111,55,93,94,90,128,108,109,114,168
ENSMUSG00000034560,6,33,30,21,24,17,31,33,36,35,18,54
ENSMUSG00000022350,3,74,78,60,65,76,76,89,77,74,94,112
ENSMUSG00000029684,11,84,69,50,77,72,73,82,93,57,89,111
ENSMUSG00000030035,30,256,224,185,236,223,218,226,227,317,294,333
ENSMUSG00000030216,9,122,126,76,98,116,134,134,121,165,132,211
ENSMUSG00000047731,19,138,151,142,177,150,177,165,192,187,229,308
ENSMUSG00000034341,30,341,307,203,354,313,348,415,383,397,411,581
ENSMUSG00000022023,12,62,62,52,71,66,85,73,81,50,54,98
ENSMUSG00000034040,1,20,12,17,25,21,17,24,31,25,23,54
ENSMUSG00000005378,3,57,49,31,43,67,57,52,69,62,76,95
ENSMUSG00000051721,1,14,21,11,19,14,24,11,19,15,12,29
ENSMUSG00000073643,9,132,93,72,93,91,157,142,140,116,124,185
ENSMUSG00000014547,5,53,34,27,35,41,61,29,40,41,32,54
ENSMUSG00000043940,5,65,48,52,54,64,70,47,65,57,66,80
ENSMUSG00000051506,1,8,4,9,9,3,12,16,8,7,6,19
ENSMUSG00000037572,1,7,2,2,3,4,9,8,5,2,5,6
ENSMUSG00000020319,0,5,6,5,11,12,7,14,8,10,8,17
ENSMUSG00000005103,26,282,245,168,277,258,308,280,225,209,245,460
ENSMUSG00000042055,5,64,48,48,64,53,71,63,68,89,83,91
ENSMUSG00000026019,3,42,31,29,43,41,45,46,46,41,40,61
ENSMUSG00000031166,8,66,52,52,59,72,66,69,69,53,60,98
ENSMUSG00000039375,0,0,0,1,1,0,2,0,0,0,0,0
ENSMUSG00000035754,15,175,177,148,198,204,162,193,181,185,215,307
ENSMUSG00000037890,1,3,2,2,3,1,4,4,6,2,8,7
ENSMUSG00000037957,10,35,35,36,45,40,36,45,35,34,47,67
ENSMUSG00000035560,0,0,0,0,0,0,0,0,0,0,0,0
ENSMUSG00000025737,8,50,55,24,36,38,35,57,38,47,53,78
ENSMUSG00000040877,0,12,8,9,14,9,12,8,10,9,10,15
ENSMUSG00000038733,15,255,233,170,255,236,269,238,288,226,214,320
ENSMUSG00000046991,0,0,0,0,0,0,0,0,1,0,0,0
ENSMUSG00000033285,2,22,25,13,18,22,37,39,15,26,22,36
ENSMUSG00000028391,1,3,0,0,1,3,1,2,0,2,4,2
ENSMUSG00000024400,8,54,46,36,51,59,64,60,58,52,68,95
ENSMUSG00000039715,1,13,17,9,16,8,13,17,22,18,26,28
ENSMUSG00000066643,3,29,31,23,47,27,35,31,41,24,35,46
ENSMUSG00000038299,1,59,59,41,47,53,56,60,68,52,45,78
ENSMUSG00000021147,5,67,57,53,68,62,50,62,67,46,55,88
ENSMUSG00000035295,0,3,1,4,1,2,6,3,3,1,1,2
ENSMUSG00000024037,1,24,15,15,21,24,23,23,22,20,22,47
ENSMUSG00000042015,3,91,78,64,71,71,83,78,89,56,87,109
ENSMUSG00000041057,13,68,71,55,68,73,121,108,117,78,106,144
ENSMUSG00000036769,4,23,18,12,19,19,28,29,18,16,17,27
ENSMUSG00000025173,3,80,77,41,81,76,78,98,102,85,91,132
ENSMUSG00000024312,1,34,33,23,28,27,39,52,30,46,30,62
ENSMUSG00000040389,0,19,12,7,23,22,19,18,20,18,18,32
ENSMUSG00000032512,5,101,72,69,92,87,90,76,80,90,115,123
ENSMUSG00000026917,6,74,53,41,53,61,57,60,78,57,76,82
ENSMUSG00000022787,1,25,23,18,19,19,19,27,30,20,27,44
ENSMUSG00000030032,0,3,3,2,9,7,1,4,3,4,8,5
ENSMUSG00000042660,3,28,29,27,41,29,52,49,49,49,61,78
ENSMUSG00000031959,2,24,19,11,25,29,19,16,10,16,13,20
ENSMUSG00000034379,0,4,3,3,2,7,7,6,5,3,3,7
ENSMUSG00000066357,2,46,48,23,55,54,52,50,39,27,65,54
ENSMUSG00000042050,0,12,11,6,3,11,11,15,2,6,11,16
ENSMUSG00000061559,7,75,72,56,68,58,76,97,86,65,85,101
ENSMUSG00000037020,2,3,4,1,3,6,4,12,3,3,10,17
ENSMUSG00000043020,0,1,0,0,0,0,0,0,0,0,0,0
ENSMUSG00000026523,0,0,0,0,0,0,0,0,0,0,0,0
ENSMUSG00000029442,0,0,5,2,3,4,0,3,1,3,2,4
ENSMUSG00000040560,1,42,24,23,48,38,29,33,37,20,25,55
ENSMUSG00000039828,4,12,4,9,7,11,15,7,21,8,13,15
ENSMUSG00000044976,0,0,0,1,2,3,1,0,0,0,1,1
ENSMUSG00000025722,1,24,23,14,32,26,34,20,32,25,34,45
ENSMUSG00000042729,3,21,20,19,22,21,26,23,27,15,37,37
ENSMUSG00000025995,2,25,32,17,37,32,42,34,46,38,48,52
ENSMUSG00000027242,1,13,7,5,18,14,19,15,29,17,11,20
ENSMUSG00000000561,3,113,90,81,98,101,128,120,142,112,108,177
ENSMUSG00000035126,0,0,1,0,0,0,1,1,0,0,3,2
ENSMUSG00000045374,8,41,25,23,19,22,40,31,36,35,43,50
ENSMUSG00000020257,6,74,77,61,69,80,72,71,68,62,71,96
ENSMUSG00000005150,16,136,117,73,101,110,122,109,143,156,185,180
ENSMUSG00000059355,7,120,104,72,131,120,120,117,93,147,116,170
ENSMUSG00000055235,2,2,2,1,6,2,2,2,3,3,2,3
ENSMUSG00000045690,217,2449,2301,1631,2214,2295,2518,3404,2961,3056,3776,5057
ENSMUSG00000058486,1,19,11,6,16,21,20,20,26,24,21,35
ENSMUSG00000039099,0,1,0,0,0,2,0,1,2,2,0,3
ENSMUSG00000029658,0,0,0,0,0,0,1,2,0,0,3,0
ENSMUSG00000026988,15,66,55,31,50,47,57,49,48,54,55,75
ENSMUSG00000037622,25,271,244,192,267,247,251,222,260,312,316,331
ENSMUSG00000022359,4,39,31,20,40,30,26,33,30,22,33,45
ENSMUSG00000031016,4,22,30,28,20,21,23,37,36,33,11,55
ENSMUSG00000023336,6,101,78,66,61,107,61,40,55,46,61,93
ENSMUSG00000051769,0,0,0,0,0,0,0,0,0,0,0,0
ENSMUSG00000018211,0,0,0,0,0,0,0,0,0,0,0,0
ENSMUSG00000069792,7,54,42,33,44,33,89,173,65,73,79,238
ENSMUSG00000000983,0,0,1,0,0,0,0,0,0,2,0,6
ENSMUSG00000017723,0,0,0,0,0,0,0,0,1,1,2,5
ENSMUSG00000051748,0,0,1,0,1,0,0,1,2,4,1,1
ENSMUSG00000076434,0,2,1,1,1,2,0,1,2,4,0,2
ENSMUSG00000074595,0,0,0,0,0,0,0,1,1,0,0,0
ENSMUSG00000070531,0,0,0,0,1,0,0,1,1,1,0,1
ENSMUSG00000071192,1,0,1,0,0,1,0,0,0,3,4,1
ENSMUSG00000044177,1,9,20,12,23,21,26,30,36,28,24,47
ENSMUSG00000039474,14,285,285,181,230,256,262,222,223,255,288,440
ENSMUSG00000039137,3,76,67,41,54,49,40,34,46,56,40,58
ENSMUSG00000020218,0,11,8,6,4,10,2,9,9,6,4,4
ENSMUSG00000075284,9,60,36,38,70,49,69,61,54,50,51,85
ENSMUSG00000038013,7,55,53,31,40,54,59,38,43,39,46,74
ENSMUSG00000086040,7,134,112,111,119,129,123,120,173,205,151,259
ENSMUSG00000041895,17,402,371,254,378,392,368,393,378,388,490,532
ENSMUSG00000029578,14,138,139,91,137,140,147,160,161,157,199,198
ENSMUSG00000005124,0,5,3,1,7,6,11,11,4,4,4,18
ENSMUSG00000027656,7,36,31,28,38,36,51,52,37,35,36,55
ENSMUSG00000062074,0,0,0,0,0,0,0,0,1,0,0,0
ENSMUSG00000024050,2,38,35,31,46,41,49,38,61,22,39,54
ENSMUSG00000028173,3,109,92,65,87,107,107,109,121,99,112,167
ENSMUSG00000045962,68,696,652,464,706,708,554,495,506,410,479,738
ENSMUSG00000037989,9,192,163,130,162,146,122,101,157,181,156,185
ENSMUSG00000041245,0,1,0,1,0,0,0,0,1,2,0,0
ENSMUSG00000035112,6,38,43,49,44,49,49,60,89,61,60,104
ENSMUSG00000022996,0,1,0,0,0,1,0,0,1,0,0,0
ENSMUSG00000015957,1,11,12,7,10,12,13,6,10,12,14,9
ENSMUSG00000029671,0,0,0,0,0,0,0,1,0,0,0,0
ENSMUSG00000010797,0,1,0,0,1,0,0,1,1,0,0,2
ENSMUSG00000027840,0,4,1,2,2,2,1,4,7,1,0,2
ENSMUSG00000000125,0,0,0,0,0,0,0,0,0,0,0,0
ENSMUSG00000036856,0,3,1,1,1,1,1,3,2,3,1,1
ENSMUSG00000021994,1,22,16,11,19,13,10,9,9,8,17,11
ENSMUSG00000030170,0,19,10,10,19,19,17,16,18,20,23,25
ENSMUSG00000033227,0,0,0,2,0,2,2,5,5,4,1,4
ENSMUSG00000030093,0,0,0,0,0,0,0,0,0,0,0,1
ENSMUSG00000022382,0,1,0,0,0,0,0,0,0,0,1,0
ENSMUSG00000036961,0,0,0,0,0,0,0,0,0,0,0,0
ENSMUSG00000000126,2,26,19,11,14,17,12,9,8,21,9,27
ENSMUSG00000018486,0,0,0,0,0,1,0,0,1,0,1,0
ENSMUSG00000041346,2,17,15,19,23,17,25,21,17,25,26,40
ENSMUSG00000029029,2,27,27,28,37,33,30,29,33,41,48,53
ENSMUSG00000023147,7,49,39,30,38,36,39,35,43,41,44,58
ENSMUSG00000031583,1,4,9,14,9,13,18,9,12,11,13,12
ENSMUSG00000021400,5,52,40,27,47,39,64,45,60,58,71,69
ENSMUSG00000017677,3,47,35,27,41,43,51,46,36,38,32,55
ENSMUSG00000029364,23,272,252,179,244,225,259,267,274,291,282,397
ENSMUSG00000020811,2,40,26,13,26,16,22,23,19,15,38,26
ENSMUSG00000063430,0,0,0,0,1,0,0,2,1,0,0,1
ENSMUSG00000016458,1,13,8,3,7,12,9,12,14,17,12,18
ENSMUSG00000060475,5,86,77,58,76,86,74,97,124,59,70,132
ENSMUSG00000036459,7,21,32,21,37,28,47,34,34,48,46,57
ENSMUSG00000018849,1,0,1,0,0,1,0,2,1,2,0,1
ENSMUSG00000031563,8,130,98,64,90,121,145,97,132,102,108,140
ENSMUSG00000004637,4,14,13,11,19,14,18,19,17,19,11,20
ENSMUSG00000041058,8,177,148,99,152,133,165,140,139,155,149,227
ENSMUSG00000031930,11,75,54,48,51,49,97,106,69,69,113,122
ENSMUSG00000027803,30,204,182,141,191,179,248,172,188,199,264,258
ENSMUSG00000019470,7,66,44,36,39,46,63,73,67,71,71,99
ENSMUSG00000040483,2,21,27,10,26,22,133,152,150,73,156,285
ENSMUSG00000020484,13,210,160,134,211,209,314,298,234,253,440,429
ENSMUSG00000026573,0,0,1,0,0,0,1,6,6,2,10,7
ENSMUSG00000060509,0,2,4,4,4,3,1,4,2,1,2,5
ENSMUSG00000024066,44,157,177,173,152,178,376,379,428,467,310,671
ENSMUSG00000025860,5,79,50,43,58,78,100,69,78,53,49,82
ENSMUSG00000079243,30,620,588,412,496,555,858,812,782,918,931,1145
ENSMUSG00000027022,50,1119,1091,711,975,1039,1327,1104,800,1142,1280,1487
ENSMUSG00000015342,0,25,32,18,26,29,21,20,18,21,16,36
ENSMUSG00000051951,0,0,0,0,0,0,0,0,0,0,0,0
ENSMUSG00000039814,0,0,0,0,0,0,1,0,0,0,0,1
ENSMUSG00000035067,1,3,2,5,1,0,4,6,1,7,2,3
ENSMUSG00000037752,2,3,5,6,11,3,5,8,8,4,12,14
ENSMUSG00000067813,0,0,0,0,0,0,0,0,0,0,0,0
ENSMUSG00000031258,0,7,4,1,8,3,6,3,3,3,3,7
ENSMUSG00000054626,1,2,1,2,3,2,3,1,2,1,1,4
ENSMUSG00000057836,0,4,0,0,3,1,2,2,0,2,3,3
ENSMUSG00000073125,0,3,1,0,0,1,3,0,0,2,2,3
ENSMUSG00000058147,0,4,1,0,0,0,0,0,3,0,1,2
ENSMUSG00000079845,0,2,1,2,1,1,0,0,0,0,4,3
ENSMUSG00000067768,0,7,0,0,1,3,1,2,0,1,1,4
ENSMUSG00000031362,0,0,1,0,0,0,0,1,0,0,3,1
ENSMUSG00000058328,0,0,1,0,0,0,0,0,0,0,0,0
ENSMUSG00000072479,0,0,0,0,0,0,0,0,0,0,0,0
ENSMUSG00000067764,0,0,0,0,0,0,0,0,0,0,0,0
ENSMUSG00000099481,3,32,29,15,25,23,26,25,32,27,26,38
ENSMUSG00000028329,4,28,21,21,33,23,36,38,56,37,40,62
ENSMUSG00000030094,2,35,42,35,35,31,51,43,58,60,59,51
ENSMUSG00000025027,10,164,117,92,125,120,158,155,160,172,165,214
ENSMUSG00000037005,0,0,3,2,2,2,0,0,1,0,2,0
ENSMUSG00000022401,2,3,0,0,2,4,3,3,4,6,3,2
ENSMUSG00000020290,9,121,75,55,111,94,103,115,88,75,85,123
ENSMUSG00000021952,3,38,22,19,29,36,43,39,40,26,28,51
ENSMUSG00000067150,3,19,20,10,15,14,30,25,21,22,31,28
ENSMUSG00000000131,8,41,45,20,36,62,62,55,37,65,50,83
ENSMUSG00000022100,10,148,113,88,139,124,152,118,155,141,142,191
ENSMUSG00000034667,5,49,52,28,63,53,46,75,59,43,51,77
ENSMUSG00000026469,7,95,83,65,88,74,125,85,87,98,105,135
ENSMUSG00000051768,6,77,64,40,64,62,68,73,72,75,95,111
ENSMUSG00000028933,0,10,9,4,10,8,12,11,6,14,11,30
ENSMUSG00000021287,1,6,3,2,4,5,7,1,4,3,7,8
ENSMUSG00000021615,1,21,19,11,23,21,21,32,29,31,24,34
ENSMUSG00000026187,4,52,45,39,52,55,46,59,67,72,79,88
ENSMUSG00000022471,2,73,75,55,71,70,99,83,106,75,89,94
ENSMUSG00000032410,3,50,50,28,49,56,52,61,66,52,60,93
ENSMUSG00000027433,5,64,72,51,59,73,81,110,84,68,80,105
ENSMUSG00000035211,0,3,0,0,0,1,0,0,2,0,0,0
ENSMUSG00000047434,0,7,10,1,4,3,5,5,3,1,3,3
ENSMUSG00000035769,0,0,1,0,2,0,3,1,0,0,0,0
ENSMUSG00000030657,0,5,3,3,2,3,5,6,3,3,2,6
ENSMUSG00000020868,12,33,35,19,29,24,44,36,31,44,40,51
ENSMUSG00000075054,8,138,114,90,133,124,121,140,115,105,115,150
ENSMUSG00000022634,4,80,71,45,63,74,72,55,82,55,71,91
ENSMUSG00000053110,17,198,204,129,217,180,225,228,200,158,224,254
ENSMUSG00000028811,8,69,87,66,83,55,108,94,107,87,105,123
ENSMUSG00000022792,2,89,87,48,78,99,69,71,95,72,64,105
ENSMUSG00000033126,3,28,25,19,22,23,16,16,24,28,17,31
ENSMUSG00000028639,109,1188,956,754,1089,1110,1132,1313,1340,1222,1306,2004
ENSMUSG00000018554,0,80,68,40,59,47,37,46,39,45,51,51
ENSMUSG00000030189,58,608,568,363,554,538,715,791,751,825,986,1142
ENSMUSG00000041774,0,9,14,4,7,9,7,8,5,6,15,10
ENSMUSG00000041215,2,10,18,10,12,19,18,11,10,13,10,14
ENSMUSG00000020171,3,66,66,42,70,65,74,69,65,63,87,96
ENSMUSG00000014932,3,31,34,20,34,31,36,29,40,41,36,52
ENSMUSG00000024875,12,357,340,230,298,294,305,353,337,307,363,485
ENSMUSG00000030588,13,264,236,166,213,238,191,262,235,257,333,389
ENSMUSG00000057375,4,58,58,41,72,61,55,84,70,70,64,110
ENSMUSG00000032182,3,16,16,19,13,28,18,20,22,27,30,42
ENSMUSG00000071074,16,230,191,151,194,238,258,237,273,201,248,407
ENSMUSG00000024072,14,148,134,91,143,129,132,126,157,124,91,187
ENSMUSG00000024487,2,52,26,26,58,61,77,70,62,48,45,90
ENSMUSG00000047694,3,50,38,37,41,50,56,44,48,43,53,80
ENSMUSG00000029158,20,344,346,215,338,372,446,446,581,366,438,548
ENSMUSG00000048967,3,49,48,35,50,60,33,45,56,37,56,74
ENSMUSG00000002741,9,183,164,122,169,150,178,184,179,209,189,327
ENSMUSG00000021244,8,62,62,34,58,70,70,61,58,54,64,84
ENSMUSG00000026775,10,114,110,65,119,117,137,109,126,122,91,161
ENSMUSG00000046404,2,23,19,11,21,16,27,17,21,15,20,21
ENSMUSG00000022773,2,0,5,1,2,1,0,3,0,4,4,5
ENSMUSG00000018427,3,64,28,28,53,41,46,40,62,29,50,39
ENSMUSG00000042675,37,294,258,213,303,281,348,419,547,488,501,556
ENSMUSG00000034059,0,6,1,4,3,5,1,1,4,6,7,5
ENSMUSG00000039770,24,159,187,122,183,178,204,225,237,185,227,320
ENSMUSG00000028889,2,50,43,33,42,45,43,62,62,47,49,75
ENSMUSG00000034653,3,17,20,12,26,21,24,13,33,22,20,26
ENSMUSG00000038848,22,122,128,70,122,120,118,138,121,119,120,182
ENSMUSG00000040025,14,83,60,69,92,96,123,93,86,67,81,118
ENSMUSG00000047213,4,125,107,77,121,126,147,120,119,130,99,175
ENSMUSG00000018326,58,408,411,299,362,367,476,465,424,390,368,639
ENSMUSG00000020849,147,1596,1343,1031,1450,1504,1673,1681,1726,1671,1788,2418
ENSMUSG00000051391,29,598,578,404,603,580,675,591,615,497,599,830
ENSMUSG00000018965,17,131,106,79,123,112,134,119,113,73,85,227
ENSMUSG00000076432,14,147,130,112,109,111,129,164,153,118,143,243
ENSMUSG00000022285,46,265,249,197,305,287,339,374,314,265,299,480
ENSMUSG00000021264,9,159,118,88,118,131,156,136,173,136,160,202
ENSMUSG00000049090,9,201,166,114,183,188,183,190,162,140,147,221
ENSMUSG00000079173,0,0,0,2,0,2,2,1,0,1,0,0
ENSMUSG00000026117,0,3,1,2,0,2,1,7,8,4,5,8
ENSMUSG00000063935,0,0,0,0,0,0,0,0,0,0,0,0
ENSMUSG00000041995,4,37,32,19,43,39,41,40,47,44,55,52
ENSMUSG00000034333,1,7,10,5,9,7,13,9,7,11,3,15
ENSMUSG00000034173,2,46,44,47,40,47,31,58,56,60,73,90
ENSMUSG00000027514,0,11,6,2,8,9,58,136,44,34,40,255
ENSMUSG00000033454,6,41,26,20,47,42,42,36,38,20,34,44
ENSMUSG00000069114,4,44,29,24,32,50,44,36,35,27,43,52
ENSMUSG00000022601,3,26,26,14,20,22,29,22,25,25,24,37
ENSMUSG00000049823,2,10,3,1,8,5,5,8,8,4,2,8
ENSMUSG00000049672,1,17,21,8,16,12,21,25,21,18,12,28
ENSMUSG00000066687,55,10,16,21,20,29,30,22,59,48,10,55
ENSMUSG00000006215,11,80,67,41,73,72,66,54,78,85,70,111
ENSMUSG00000063659,8,60,48,34,71,55,42,40,47,49,63,51
ENSMUSG00000075327,1,19,15,5,22,14,13,20,25,14,21,25
ENSMUSG00000046962,3,19,17,13,18,22,24,23,27,17,25,27
ENSMUSG00000051390,6,54,46,40,52,49,78,85,54,46,57,85
ENSMUSG00000019826,2,17,21,4,19,20,20,14,17,16,18,29
ENSMUSG00000056459,0,11,14,7,13,15,13,11,9,14,16,21
ENSMUSG00000071661,0,6,6,1,2,4,2,5,5,4,10,5
ENSMUSG00000006310,1,0,1,2,1,1,0,7,1,2,1,4
ENSMUSG00000048047,1,15,21,12,22,23,26,18,26,18,12,15
ENSMUSG00000068966,1,13,9,13,19,16,14,21,16,19,23,24
ENSMUSG00000043467,2,16,21,12,22,28,24,19,22,14,27,21
ENSMUSG00000040433,7,71,69,43,69,63,94,65,81,64,64,123
ENSMUSG00000044617,2,14,14,12,13,20,18,11,20,10,20,39
ENSMUSG00000018750,11,133,97,79,109,104,140,130,131,106,121,178
ENSMUSG00000060862,6,19,14,16,19,15,20,12,7,21,12,25
ENSMUSG00000033964,1,37,24,22,27,21,31,31,34,25,27,43
ENSMUSG00000037638,3,17,17,14,14,14,8,25,19,19,14,26
ENSMUSG00000026788,1,32,32,11,31,30,22,22,33,23,20,31
ENSMUSG00000047412,5,72,53,25,69,62,87,64,88,49,68,98
ENSMUSG00000049600,2,29,23,25,30,35,31,36,30,25,34,31
ENSMUSG00000027583,14,60,52,24,61,42,38,27,32,34,49,48
ENSMUSG00000028952,5,29,26,14,19,24,26,26,23,22,31,40
ENSMUSG00000029127,0,5,2,2,1,6,4,2,3,5,2,7
ENSMUSG00000049657,0,28,25,10,16,25,18,13,12,8,13,30
ENSMUSG00000066798,2,9,11,5,18,13,21,14,13,15,14,17
ENSMUSG00000035011,30,177,209,107,148,188,186,188,194,193,185,269
ENSMUSG00000028042,5,86,89,40,76,77,112,90,77,82,97,130
ENSMUSG00000044646,0,6,9,2,8,5,7,5,6,2,6,9
ENSMUSG00000028807,0,14,7,3,11,9,8,3,9,8,6,14
ENSMUSG00000048485,1,0,0,0,0,0,0,0,1,0,0,0
ENSMUSG00000057572,2,45,50,20,38,44,37,61,54,66,72,74
ENSMUSG00000043542,3,26,28,24,35,33,47,39,38,22,20,37
ENSMUSG00000045064,0,4,13,8,9,15,11,7,12,11,9,12
ENSMUSG00000039810,2,25,28,18,30,26,29,23,22,33,40,31
ENSMUSG00000102976,3,18,8,5,6,6,11,12,9,11,4,13
ENSMUSG00000042677,2,15,10,6,12,19,18,9,15,17,25,38
ENSMUSG00000035045,1,4,4,2,4,0,2,2,1,2,3,2
ENSMUSG00000035164,1,6,4,4,6,7,11,8,5,9,5,10
ENSMUSG00000039981,0,4,0,2,3,2,2,6,3,1,0,6
ENSMUSG00000022000,15,32,26,24,32,28,51,31,40,19,33,57
ENSMUSG00000021012,9,145,104,82,124,125,130,114,138,122,129,182
ENSMUSG00000027091,17,121,106,78,118,116,155,136,131,145,145,208
ENSMUSG00000017478,7,74,56,40,74,54,89,97,70,87,83,106
ENSMUSG00000075600,5,14,18,11,20,20,25,25,22,25,19,25
ENSMUSG00000059273,9,74,61,60,70,60,85,90,101,73,90,141
ENSMUSG00000042851,5,18,10,17,14,18,18,16,26,15,18,34
ENSMUSG00000037965,9,72,69,53,67,73,94,89,66,69,89,119
ENSMUSG00000022390,13,123,115,92,98,140,148,147,165,137,145,198
ENSMUSG00000027387,1,21,20,8,26,15,13,11,10,14,14,13
ENSMUSG00000029826,5,53,49,31,51,41,62,89,68,47,70,112
ENSMUSG00000047749,2,4,3,2,1,4,5,2,3,3,3,8
ENSMUSG00000039130,6,47,42,35,39,51,38,55,47,49,68,73
ENSMUSG00000035062,0,7,4,4,3,3,0,6,1,0,4,6
ENSMUSG00000018239,0,19,15,3,11,22,29,19,22,13,20,25
ENSMUSG00000034610,5,44,28,30,48,38,44,48,51,42,53,47
ENSMUSG00000036699,0,0,0,0,1,0,0,1,1,0,0,0
ENSMUSG00000061410,5,52,44,35,64,47,54,60,56,56,65,59
ENSMUSG00000028772,21,182,174,120,196,187,189,177,196,208,187,258
ENSMUSG00000031428,0,4,0,1,1,3,0,1,1,0,2,0
ENSMUSG00000038866,1,22,24,20,19,29,24,27,26,31,26,42
ENSMUSG00000055538,18,119,112,119,159,126,129,120,137,149,137,191
ENSMUSG00000074682,7,38,51,20,39,44,57,45,38,30,41,41
ENSMUSG00000029179,1,17,23,13,22,15,22,12,23,18,13,21
ENSMUSG00000047686,0,0,4,3,3,2,0,0,0,0,1,1
ENSMUSG00000035248,28,109,113,78,99,117,146,130,136,120,112,175
ENSMUSG00000035649,7,41,51,24,36,39,36,46,37,45,57,59
ENSMUSG00000029427,3,26,33,25,32,25,34,47,39,31,39,43
ENSMUSG00000021621,5,28,26,13,30,32,23,21,32,21,24,37
ENSMUSG00000022635,14,320,292,197,278,271,267,307,300,369,340,477
ENSMUSG00000037108,1,1,0,1,2,1,8,2,0,0,5,1
ENSMUSG00000032443,0,0,0,0,2,0,0,0,0,0,0,1
ENSMUSG00000027520,0,1,1,0,1,0,0,1,0,0,1,0
ENSMUSG00000039199,3,24,17,29,23,21,29,20,21,25,19,30
ENSMUSG00000015335,2,23,14,16,14,13,16,17,14,16,26,30
ENSMUSG00000030471,2,20,13,4,19,18,23,23,20,27,18,31
ENSMUSG00000034265,1,19,18,9,23,19,25,21,15,22,12,29
ENSMUSG00000033906,0,0,3,1,1,0,3,3,1,2,4,6
ENSMUSG00000025157,4,47,35,26,42,41,58,70,45,60,49,77
ENSMUSG00000035798,1,38,41,39,42,49,63,41,39,49,51,74
ENSMUSG00000037553,22,114,89,57,90,82,103,67,82,97,109,146
ENSMUSG00000039470,0,4,8,2,8,2,11,7,4,9,8,8
ENSMUSG00000021969,9,44,45,40,37,63,63,60,56,54,57,82
ENSMUSG00000028403,1,13,16,8,10,18,14,17,13,18,14,22
ENSMUSG00000048483,0,0,0,2,0,3,3,3,4,6,1,5
ENSMUSG00000036304,0,0,0,0,0,0,0,0,0,0,0,0
ENSMUSG00000006463,1,11,9,6,2,10,8,17,21,13,15,12
ENSMUSG00000025786,16,136,114,88,108,119,128,110,92,113,113,169
ENSMUSG00000001844,8,71,65,45,72,71,85,83,108,132,133,154
ENSMUSG00000034075,23,264,216,186,266,271,290,216,223,265,340,382
ENSMUSG00000024982,4,43,56,36,44,42,48,62,47,47,43,72
ENSMUSG00000031823,6,111,105,73,90,91,87,88,107,85,93,127
ENSMUSG00000060166,4,49,25,20,40,38,42,30,36,38,59,52
ENSMUSG00000036985,8,127,101,95,103,139,138,127,119,160,157,182
ENSMUSG00000024238,16,139,113,84,120,114,125,118,123,96,146,161
ENSMUSG00000026872,7,79,49,38,80,70,94,77,94,69,80,113
ENSMUSG00000039686,12,131,130,88,130,133,147,152,159,182,176,209
ENSMUSG00000039795,2,43,32,17,45,43,29,43,44,46,37,51
ENSMUSG00000053581,2,54,42,27,39,33,59,43,45,59,48,60
ENSMUSG00000026197,6,56,35,29,43,53,53,55,60,49,65,75
ENSMUSG00000044477,16,257,248,166,252,242,267,295,306,278,331,408
ENSMUSG00000042213,0,12,5,5,6,3,4,7,13,8,10,13
ENSMUSG00000024750,18,330,259,188,280,299,308,306,305,261,287,385
ENSMUSG00000030629,12,194,163,119,182,166,186,158,220,185,189,281
ENSMUSG00000022335,0,5,6,4,3,6,5,1,1,2,7,7
ENSMUSG00000034163,17,33,25,19,31,32,46,33,17,27,23,45
ENSMUSG00000040721,0,28,22,14,23,23,30,21,20,28,33,24
ENSMUSG00000038872,10,62,84,40,91,79,95,77,86,58,65,100
ENSMUSG00000025255,0,1,0,0,0,2,0,1,1,2,3,2
ENSMUSG00000055835,3,27,18,8,29,20,27,26,23,30,30,31
ENSMUSG00000055240,0,9,6,5,9,8,8,8,13,8,5,14
ENSMUSG00000057895,1,6,1,2,2,1,8,2,10,7,2,3
ENSMUSG00000027288,59,944,888,569,810,835,1065,732,792,931,971,1146
ENSMUSG00000030486,0,1,0,0,5,2,0,0,3,3,1,2
ENSMUSG00000074283,0,0,0,1,1,0,0,0,0,0,0,0
ENSMUSG00000051034,0,6,5,3,8,11,6,9,4,12,12,13
ENSMUSG00000058638,4,71,50,48,74,76,98,89,95,77,86,118
ENSMUSG00000087598,1,5,2,2,6,1,9,6,7,1,4,3
ENSMUSG00000052675,2,3,11,4,10,7,12,6,12,12,19,12
ENSMUSG00000037007,2,24,14,12,28,31,29,18,16,27,34,46
ENSMUSG00000068962,0,0,0,0,1,0,0,0,0,0,0,0
ENSMUSG00000057835,0,8,10,0,9,4,9,10,12,12,15,16
ENSMUSG00000062101,2,8,13,5,7,7,20,12,18,13,8,6
ENSMUSG00000029587,0,10,22,16,17,17,25,11,13,19,17,26
ENSMUSG00000068134,7,38,41,24,43,52,60,47,43,42,27,60
ENSMUSG00000060397,0,4,6,5,8,3,7,4,8,7,12,5
ENSMUSG00000062012,0,4,5,4,4,5,4,12,6,4,4,4
ENSMUSG00000094870,8,37,33,38,40,50,40,53,36,32,39,51
ENSMUSG00000053985,1,17,14,8,23,14,14,13,13,20,8,17
ENSMUSG00000092416,2,10,9,2,4,9,11,8,10,5,6,11
ENSMUSG00000026135,3,19,13,17,15,22,25,23,24,15,33,34
ENSMUSG00000061079,1,19,14,7,14,21,23,10,24,26,34,30
ENSMUSG00000037029,0,0,0,0,1,1,0,0,0,0,1,1
ENSMUSG00000022811,8,81,70,39,63,82,74,77,65,71,77,78
ENSMUSG00000036898,1,15,16,8,16,13,17,14,15,17,23,24
ENSMUSG00000067942,1,12,13,5,11,5,13,12,12,14,23,19
ENSMUSG00000050954,0,3,1,0,3,0,1,2,0,3,1,1
ENSMUSG00000054939,0,6,7,4,12,8,7,4,5,8,8,8
ENSMUSG00000057101,2,36,23,35,34,36,28,30,24,45,35,31
ENSMUSG00000054737,0,4,5,1,12,4,5,5,5,2,7,5
ENSMUSG00000006720,0,2,2,0,0,2,1,2,3,2,3,2
ENSMUSG00000031351,0,2,3,1,1,2,1,0,0,0,2,2
ENSMUSG00000039634,0,4,5,4,8,10,9,13,12,12,5,8
ENSMUSG00000049321,0,30,21,11,15,11,10,11,18,16,23,17
ENSMUSG00000025602,0,6,8,8,8,10,12,7,5,6,13,7
ENSMUSG00000017421,11,178,136,86,124,159,192,163,133,143,160,245
ENSMUSG00000052763,1,17,18,18,20,12,26,14,27,19,22,22
ENSMUSG00000071256,3,15,16,27,25,30,29,29,28,32,24,31
ENSMUSG00000052056,3,20,13,14,19,19,26,22,25,13,15,32
ENSMUSG00000049295,9,84,57,44,67,62,73,53,55,44,57,90
ENSMUSG00000061544,1,9,10,3,11,6,10,11,3,6,10,13
ENSMUSG00000047603,3,8,9,9,10,7,13,7,12,15,17,20
ENSMUSG00000041258,2,24,21,9,21,23,25,24,25,22,17,37
ENSMUSG00000042097,0,2,0,0,0,0,0,1,0,1,0,0
ENSMUSG00000051469,5,65,56,54,62,66,60,56,50,57,60,65
ENSMUSG00000030145,2,6,3,4,4,4,7,4,1,2,5,8
ENSMUSG00000022526,0,1,0,2,0,2,2,1,2,2,1,2
ENSMUSG00000063108,4,22,23,10,23,15,22,19,21,11,24,12
ENSMUSG00000049421,10,66,52,47,66,76,94,57,75,57,58,98
ENSMUSG00000022529,3,23,26,16,20,21,37,19,36,31,35,34
ENSMUSG00000060510,1,45,27,27,54,34,44,41,39,27,26,64
ENSMUSG00000062040,1,11,18,14,18,18,27,16,29,25,20,15
ENSMUSG00000030446,1,4,2,0,6,2,2,4,0,4,7,2
ENSMUSG00000031365,5,37,31,15,34,28,30,24,39,29,34,57
ENSMUSG00000001065,10,19,35,21,29,36,22,29,27,35,39,51
ENSMUSG00000055917,4,44,30,27,42,40,54,41,60,46,61,84
ENSMUSG00000062861,0,18,26,12,21,6,11,14,10,12,11,21
ENSMUSG00000049764,0,19,11,13,11,14,8,11,9,8,17,15
ENSMUSG00000036916,1,9,5,8,8,10,16,4,8,5,11,16
ENSMUSG00000038535,4,31,29,15,19,33,31,23,37,32,21,49
ENSMUSG00000041483,9,54,48,44,62,47,66,57,48,58,39,81
ENSMUSG00000025821,1,19,21,15,21,22,17,16,20,31,25,25
ENSMUSG00000047342,0,3,1,3,1,2,1,0,4,1,2,2
ENSMUSG00000005267,0,2,0,8,5,6,7,6,8,2,9,3
ENSMUSG00000039967,2,41,31,17,35,44,56,31,51,21,40,33
ENSMUSG00000011267,0,2,0,1,2,1,0,1,3,3,2,5
ENSMUSG00000043602,0,13,7,6,19,18,19,6,17,10,11,24
ENSMUSG00000047473,4,39,27,20,29,23,30,25,38,25,20,47
ENSMUSG00000031079,0,0,0,0,0,0,0,1,0,1,1,0
ENSMUSG00000046658,1,25,27,26,22,29,32,25,32,35,45,36
ENSMUSG00000057551,2,47,26,17,15,31,32,25,34,34,26,47
ENSMUSG00000015597,2,26,26,17,26,22,37,20,26,34,27,35
ENSMUSG00000046556,3,44,44,24,32,36,43,36,31,39,52,45
ENSMUSG00000046351,4,32,43,20,31,37,48,20,35,32,32,49
ENSMUSG00000004500,0,9,9,2,8,6,14,9,3,8,5,7
ENSMUSG00000029290,3,37,36,28,29,25,37,31,38,32,42,63
ENSMUSG00000057894,3,37,29,14,29,18,27,23,23,21,24,27
ENSMUSG00000031711,2,50,62,44,48,43,70,60,62,54,60,79
ENSMUSG00000017667,0,11,15,10,15,8,6,6,13,11,11,12
ENSMUSG00000039834,5,33,16,11,20,18,15,17,30,25,36,48
ENSMUSG00000059842,1,17,12,6,10,6,17,6,14,17,24,16
ENSMUSG00000074731,0,0,0,0,0,0,1,0,0,0,0,0
ENSMUSG00000021481,4,52,73,38,71,39,75,60,70,60,117,64
ENSMUSG00000063281,5,19,18,15,14,11,20,11,20,27,20,35
ENSMUSG00000070902,0,0,3,2,0,0,0,0,0,0,0,0
ENSMUSG00000020364,1,7,8,3,7,3,7,4,4,6,3,8
ENSMUSG00000020335,1,1,2,0,5,2,3,1,3,1,4,3
ENSMUSG00000044807,0,1,3,0,3,5,11,4,4,4,5,4
ENSMUSG00000047264,8,164,126,96,105,126,141,139,185,175,208,213
ENSMUSG00000044786,18,304,195,183,365,316,239,391,411,322,469,509
ENSMUSG00000028799,0,40,39,31,44,32,41,46,43,36,58,51
ENSMUSG00000037855,0,2,2,3,1,3,1,0,0,1,0,1
ENSMUSG00000050919,3,33,32,13,37,41,30,31,32,34,29,43
ENSMUSG00000044934,2,28,27,19,27,17,29,34,28,13,21,42
ENSMUSG00000021514,1,24,35,17,21,28,30,23,20,20,18,24
ENSMUSG00000021127,12,217,150,85,217,148,250,211,250,168,280,267
ENSMUSG00000045817,5,32,38,29,47,66,47,67,51,55,50,86
ENSMUSG00000028389,0,2,6,0,4,2,6,4,9,0,5,8
ENSMUSG00000074220,0,0,0,1,2,0,1,1,1,0,0,2
ENSMUSG00000099689,0,19,24,7,21,18,15,22,21,17,20,25
ENSMUSG00000038346,8,60,42,47,48,57,48,46,47,55,77,77
ENSMUSG00000000552,9,55,61,47,50,54,67,56,60,94,68,80
ENSMUSG00000027016,2,21,30,15,27,30,21,25,25,24,23,21
ENSMUSG00000014198,0,3,1,0,7,2,4,1,1,2,0,0
ENSMUSG00000042063,3,96,90,48,57,61,67,62,82,74,91,105
ENSMUSG00000037001,0,8,7,0,7,12,10,5,9,6,13,14
ENSMUSG00000034522,2,35,34,15,37,22,33,37,21,33,43,35
ENSMUSG00000024276,2,49,37,17,41,39,47,37,45,42,49,55
ENSMUSG00000062519,3,25,19,11,17,26,23,17,15,19,19,26
ENSMUSG00000002617,1,7,5,3,8,5,9,2,9,7,6,11
ENSMUSG00000048410,0,26,17,7,20,21,10,17,16,11,25,26
ENSMUSG00000075040,1,5,14,8,7,3,11,8,10,11,9,16
ENSMUSG00000047003,2,9,1,5,6,7,5,2,6,2,4,7
ENSMUSG00000042472,5,38,21,30,33,36,44,45,31,29,31,56
ENSMUSG00000034538,0,3,2,1,0,2,4,3,5,0,2,3
ENSMUSG00000058402,2,7,10,6,9,7,7,6,7,8,9,16
ENSMUSG00000059878,4,42,31,36,48,39,40,38,42,43,44,56
ENSMUSG00000045333,1,7,3,1,10,6,6,4,5,3,8,6
ENSMUSG00000059475,2,17,16,14,26,16,29,24,30,31,27,30
ENSMUSG00000064264,1,58,65,62,69,62,53,72,69,64,81,113
ENSMUSG00000078994,0,5,2,5,2,2,3,4,2,6,4,7
ENSMUSG00000096795,1,2,3,1,1,5,5,7,7,3,7,11
ENSMUSG00000050945,1,13,13,13,19,24,9,6,13,19,16,25
ENSMUSG00000068130,0,5,5,1,4,2,2,2,2,3,5,3
ENSMUSG00000044876,6,28,31,21,32,39,26,38,36,22,30,46
ENSMUSG00000047036,6,87,89,78,89,116,100,96,102,86,85,157
ENSMUSG00000033961,0,7,8,10,11,6,19,7,10,18,27,16
ENSMUSG00000073176,1,16,13,7,12,12,19,14,15,9,8,10
ENSMUSG00000042197,5,47,33,23,38,29,52,45,50,29,33,64
ENSMUSG00000048728,0,1,1,0,2,1,1,0,1,2,0,4
ENSMUSG00000051037,0,3,0,2,1,0,4,2,5,4,6,5
ENSMUSG00000078995,0,0,3,3,0,1,4,5,1,0,1,3
ENSMUSG00000055341,0,2,0,0,1,4,1,0,1,1,1,0
ENSMUSG00000055480,0,2,0,1,2,2,2,3,1,1,0,2
ENSMUSG00000055560,3,2,1,2,2,2,5,0,2,2,2,4
ENSMUSG00000051351,12,72,77,41,74,70,97,100,67,83,110,124
ENSMUSG00000060206,0,11,5,2,8,7,8,5,5,8,3,3
ENSMUSG00000068551,4,23,23,23,35,28,31,24,40,38,43,48
ENSMUSG00000043903,0,5,3,1,8,8,16,11,11,20,5,12
ENSMUSG00000053600,4,9,5,3,7,6,8,14,8,9,8,11
ENSMUSG00000048012,0,0,0,1,0,1,0,0,0,0,0,0
ENSMUSG00000044519,0,0,0,0,0,0,0,0,0,0,0,0
ENSMUSG00000090659,0,1,1,2,1,1,1,2,1,3,2,6
ENSMUSG00000039081,1,8,4,6,9,8,5,4,4,8,10,9
ENSMUSG00000044452,1,11,9,12,21,20,11,19,11,19,17,23
ENSMUSG00000023892,0,25,18,16,22,23,41,25,24,31,28,43
ENSMUSG00000025470,5,27,33,23,29,36,38,45,51,34,38,67
ENSMUSG00000062761,13,81,66,47,73,71,102,84,99,105,87,114
ENSMUSG00000000823,5,30,32,26,34,36,40,48,33,35,49,48
ENSMUSG00000043059,7,25,26,15,26,15,29,20,19,27,40,55
ENSMUSG00000058881,1,19,16,16,16,24,20,22,32,11,29,40
ENSMUSG00000049164,0,15,15,8,12,17,20,15,17,7,9,16
ENSMUSG00000046572,0,27,13,4,8,16,17,16,6,16,15,23
ENSMUSG00000051341,0,12,8,6,2,4,8,5,9,5,5,8
ENSMUSG00000024420,2,23,23,15,21,17,21,15,26,21,26,29
ENSMUSG00000024220,7,37,37,30,44,36,40,38,35,57,38,40
ENSMUSG00000051184,4,54,34,31,43,36,53,69,68,58,92,82
ENSMUSG00000046541,0,3,1,0,1,3,1,1,4,3,5,6
ENSMUSG00000057409,0,6,5,7,1,5,11,8,6,6,10,12
ENSMUSG00000042439,4,47,43,26,36,41,46,47,48,39,48,62
ENSMUSG00000062518,0,2,0,0,0,0,1,0,1,1,0,0
ENSMUSG00000043456,1,14,15,7,21,11,23,21,19,8,8,21
ENSMUSG00000023882,0,4,5,1,4,2,0,4,4,7,6,4
ENSMUSG00000034071,0,0,1,0,0,2,4,0,1,0,0,0
ENSMUSG00000045598,3,20,21,17,22,23,21,28,28,25,33,39
ENSMUSG00000074500,0,0,0,0,0,0,0,1,0,1,1,2
ENSMUSG00000045519,2,36,33,30,37,23,49,47,32,45,56,57
ENSMUSG00000067424,0,0,1,1,0,1,3,1,1,2,3,4
ENSMUSG00000074221,1,34,26,14,27,30,28,42,26,20,33,36
ENSMUSG00000036036,0,0,3,0,1,1,3,2,1,1,3,1
ENSMUSG00000045252,3,39,33,23,35,41,46,36,37,40,42,58
ENSMUSG00000066721,0,1,1,0,0,0,1,1,0,0,0,1
ENSMUSG00000051550,4,44,38,33,37,47,41,43,42,58,46,64
ENSMUSG00000055633,5,33,28,20,37,44,45,38,55,47,59,47
ENSMUSG00000030443,1,1,2,2,1,2,2,1,0,4,1,3
ENSMUSG00000078779,0,2,1,0,1,2,3,0,0,0,2,0
ENSMUSG00000005621,8,54,53,39,38,77,55,66,63,64,71,83
ENSMUSG00000028840,4,24,17,20,24,21,29,40,25,31,29,44
ENSMUSG00000039789,4,10,23,24,17,21,21,16,13,21,14,23
ENSMUSG00000041130,7,35,36,29,33,43,63,68,50,61,67,62
ENSMUSG00000062794,0,3,1,0,0,1,0,0,0,1,0,0
ENSMUSG00000037640,2,16,16,8,18,11,13,11,19,10,10,14
ENSMUSG00000066007,0,0,0,0,0,0,0,0,0,0,0,0
ENSMUSG00000023284,0,1,1,3,3,2,0,1,3,3,0,2
ENSMUSG00000030386,4,39,25,20,28,25,29,20,36,37,37,29
ENSMUSG00000020420,1,3,1,1,4,2,5,4,10,4,6,2
ENSMUSG00000057093,0,1,5,4,2,3,0,5,4,3,1,3
ENSMUSG00000052713,2,14,9,9,18,16,14,14,16,10,14,18
ENSMUSG00000040524,3,32,23,21,27,31,40,27,15,26,31,34
ENSMUSG00000050605,1,7,9,4,7,1,7,7,7,9,6,12
ENSMUSG00000044676,3,46,36,20,36,47,44,30,30,35,27,41
ENSMUSG00000066880,2,34,36,19,41,35,41,43,30,24,31,46
ENSMUSG00000028358,0,7,1,3,2,1,2,1,2,5,1,4
ENSMUSG00000068959,0,1,0,0,4,1,5,0,1,2,1,5
ENSMUSG00000046311,8,58,38,31,62,54,56,56,49,45,56,50
ENSMUSG00000052253,15,119,121,87,137,121,143,137,177,142,149,192
ENSMUSG00000050846,3,30,30,21,27,26,24,26,25,25,18,33
ENSMUSG00000030604,0,14,13,9,11,8,16,11,15,7,13,17
ENSMUSG00000074406,1,34,22,17,29,16,41,34,35,31,53,48
ENSMUSG00000045639,3,50,50,34,53,42,45,31,50,34,40,63
ENSMUSG00000059689,2,71,49,41,66,67,61,74,89,60,84,117
ENSMUSG00000030016,13,41,56,31,44,40,58,55,64,57,61,66
ENSMUSG00000027667,1,57,63,29,67,66,76,61,84,49,50,83
ENSMUSG00000027551,1,15,12,6,13,19,19,8,12,25,22,21
ENSMUSG00000022987,0,11,12,7,11,21,20,12,24,16,10,26
ENSMUSG00000049739,5,22,18,16,19,24,24,25,19,21,26,29
ENSMUSG00000054967,0,0,0,0,0,0,1,0,0,0,0,1
ENSMUSG00000071281,0,2,10,7,12,10,9,14,14,11,16,17
ENSMUSG00000013419,36,467,474,298,430,486,523,460,445,498,617,691
ENSMUSG00000047141,3,31,27,21,48,43,37,38,44,42,34,52
ENSMUSG00000007812,1,79,76,48,70,79,78,80,79,65,71,89
ENSMUSG00000056592,1,4,3,4,2,1,0,4,2,1,4,3
ENSMUSG00000034800,0,5,4,2,2,5,5,2,5,0,3,8
ENSMUSG00000056824,0,0,0,0,0,0,0,0,0,0,0,1
ENSMUSG00000079215,15,88,72,49,83,77,62,68,46,85,93,117
ENSMUSG00000054893,2,8,12,6,11,7,4,14,7,8,10,7
ENSMUSG00000049728,2,10,16,8,26,13,14,10,12,23,14,26
ENSMUSG00000049755,6,87,95,62,97,75,75,86,86,78,69,135
ENSMUSG00000062743,0,5,2,3,2,3,11,5,3,1,1,5
ENSMUSG00000058291,3,69,68,45,64,69,72,94,99,80,91,124
ENSMUSG00000049410,0,0,0,0,0,0,0,0,0,0,0,1
ENSMUSG00000019338,2,54,41,28,47,39,57,44,39,42,53,52
ENSMUSG00000045251,1,9,7,6,8,6,7,8,10,19,7,18
ENSMUSG00000048921,0,6,3,2,9,8,9,5,6,3,12,11
ENSMUSG00000064141,2,3,2,1,2,0,4,2,2,1,5,2
ENSMUSG00000045268,5,77,71,45,64,58,57,60,84,59,67,102
ENSMUSG00000037243,8,37,29,15,20,16,29,20,19,23,21,34
ENSMUSG00000050064,0,56,37,35,47,52,109,101,75,83,82,179
ENSMUSG00000033669,0,2,6,2,0,2,1,1,2,1,2,6
ENSMUSG00000085795,7,82,74,63,63,62,73,72,78,76,99,139
ENSMUSG00000040209,8,89,74,73,102,101,112,83,84,87,94,108
ENSMUSG00000062397,22,432,425,310,426,429,458,462,461,503,490,669
ENSMUSG00000034429,6,23,25,14,23,21,28,18,31,27,32,40
ENSMUSG00000058883,0,0,0,1,0,0,0,0,0,0,0,0
ENSMUSG00000056019,0,14,4,10,12,7,11,7,10,6,4,17
ENSMUSG00000048897,13,120,144,73,123,132,163,122,119,93,133,149
ENSMUSG00000025529,0,1,1,0,2,1,1,0,0,1,0,1
ENSMUSG00000090641,0,5,1,4,1,0,3,3,1,0,5,4
ENSMUSG00000012640,8,45,46,28,31,46,50,34,31,52,44,52
ENSMUSG00000030469,0,16,7,14,10,13,16,8,11,8,14,15
ENSMUSG00000069184,0,13,8,3,13,7,12,7,6,7,10,10
ENSMUSG00000021510,1,17,21,16,11,14,18,9,14,12,18,16
ENSMUSG00000058093,1,11,9,5,6,4,22,12,14,11,11,12
ENSMUSG00000048280,0,12,7,7,12,14,21,10,16,9,6,13
ENSMUSG00000059975,1,21,6,4,11,11,19,13,21,11,11,19
ENSMUSG00000046897,3,66,54,38,65,61,72,62,71,50,81,105
ENSMUSG00000057691,3,29,23,25,31,22,40,32,24,28,30,48
ENSMUSG00000054381,8,14,6,5,8,16,13,9,17,13,15,23
ENSMUSG00000095432,2,5,4,2,10,14,7,7,8,5,9,15
ENSMUSG00000039238,0,1,0,0,0,0,0,0,0,0,0,1
ENSMUSG00000044501,0,12,6,6,13,12,17,10,25,8,10,16
ENSMUSG00000057396,0,8,5,3,4,7,4,4,6,6,10,7
ENSMUSG00000067928,0,2,1,3,1,4,4,1,3,1,6,2
ENSMUSG00000067430,0,8,10,6,8,9,17,10,14,9,7,11
ENSMUSG00000045757,1,10,11,7,12,7,3,11,8,9,7,16
ENSMUSG00000047371,8,108,110,99,109,104,99,126,115,161,200,175
ENSMUSG00000040321,1,20,21,22,27,24,19,25,17,27,20,24
ENSMUSG00000054716,5,124,126,101,109,116,110,130,148,147,151,210
ENSMUSG00000066838,0,8,3,2,4,3,7,3,4,4,3,6
ENSMUSG00000063535,1,2,1,1,1,1,0,1,1,2,0,2
ENSMUSG00000007216,6,54,37,42,38,54,42,37,52,53,48,65
ENSMUSG00000071477,5,41,26,26,35,41,52,50,53,62,72,74
ENSMUSG00000055150,0,2,1,1,3,4,5,5,2,3,3,2
ENSMUSG00000063047,0,13,8,5,13,13,10,12,16,10,14,12
ENSMUSG00000096718,2,3,3,0,6,3,1,5,2,4,5,6
ENSMUSG00000043290,3,35,16,18,20,19,30,25,31,35,21,28
ENSMUSG00000051499,0,0,1,0,1,0,5,2,2,4,0,0
ENSMUSG00000046792,12,132,119,84,128,109,146,130,167,126,170,214
ENSMUSG00000074165,6,22,12,13,31,24,27,36,38,42,24,32
ENSMUSG00000011427,0,13,8,6,8,18,12,13,10,12,10,17
ENSMUSG00000074194,0,6,4,4,1,5,1,9,4,3,1,4
ENSMUSG00000095253,4,20,25,15,20,22,15,18,21,19,19,27
ENSMUSG00000039841,5,13,10,4,12,10,11,16,14,14,8,11
ENSMUSG00000092094,0,0,0,0,0,0,0,0,0,0,0,0
ENSMUSG00000074867,0,0,0,1,0,0,0,0,1,0,1,1
ENSMUSG00000057982,8,43,32,41,47,35,52,49,60,43,43,76
ENSMUSG00000003929,2,9,10,9,12,13,10,9,11,10,13,18
ENSMUSG00000066829,1,21,7,15,21,20,23,22,23,28,16,22
ENSMUSG00000055202,0,0,1,3,0,1,1,0,0,1,1,1
ENSMUSG00000098022,0,0,0,0,0,0,0,0,0,0,0,0
ENSMUSG00000069743,0,3,4,2,0,3,1,3,4,1,3,5
ENSMUSG00000031728,6,33,21,20,21,28,28,31,18,41,40,40
ENSMUSG00000069208,1,13,18,6,17,19,20,15,24,28,21,24
ENSMUSG00000071064,3,62,39,27,42,48,57,46,42,28,32,41
ENSMUSG00000046010,1,21,16,11,24,29,23,17,21,22,24,32
ENSMUSG00000050600,0,0,0,1,0,0,0,0,1,1,1,0
ENSMUSG00000021271,2,31,19,21,30,34,39,36,39,30,42,29
ENSMUSG00000046185,1,7,3,4,7,6,9,8,8,4,10,12
ENSMUSG00000058192,0,7,6,4,12,7,17,17,10,13,11,16
ENSMUSG00000058331,0,6,5,4,6,2,3,1,4,3,5,5
ENSMUSG00000096916,1,0,2,1,2,1,3,4,4,4,2,0
ENSMUSG00000093910,0,1,0,0,0,0,0,2,0,0,0,1
ENSMUSG00000074405,6,17,24,16,32,22,44,21,35,24,15,33
ENSMUSG00000054519,4,36,25,22,31,34,37,30,22,30,35,37
ENSMUSG00000060427,1,6,10,7,17,8,12,5,12,9,7,11
ENSMUSG00000054648,0,1,1,1,1,2,0,0,1,0,2,2
ENSMUSG00000095325,2,22,20,14,17,19,28,23,31,19,16,39
ENSMUSG00000024298,0,6,10,10,14,16,17,7,6,3,7,8
ENSMUSG00000074472,0,0,0,0,0,0,0,0,0,0,0,1
ENSMUSG00000061371,0,2,2,3,5,4,11,7,5,2,3,12
ENSMUSG00000069206,2,15,16,15,18,20,31,16,31,9,14,30
ENSMUSG00000059839,27,48,34,19,43,38,46,47,51,27,30,56
ENSMUSG00000044296,0,1,3,3,1,2,1,2,1,1,3,4
ENSMUSG00000089857,0,2,1,1,0,4,2,1,1,0,1,3
ENSMUSG00000072623,1,7,10,4,20,5,6,8,12,9,7,8
ENSMUSG00000031907,0,16,8,4,16,7,8,11,9,13,16,17
ENSMUSG00000024695,17,208,179,118,170,180,212,175,184,197,167,231
ENSMUSG00000055305,2,10,6,7,9,4,8,6,4,11,13,10
ENSMUSG00000059897,1,36,26,12,25,25,48,29,23,21,38,44
ENSMUSG00000078861,1,26,13,16,17,16,8,20,16,21,23,24
ENSMUSG00000066613,2,14,14,6,17,9,21,20,15,13,28,19
ENSMUSG00000059423,1,19,22,10,31,24,40,31,46,31,41,43
ENSMUSG00000074865,0,10,8,8,7,7,9,12,10,9,7,6
ENSMUSG00000064194,0,0,0,0,0,1,0,0,0,0,0,0
ENSMUSG00000060336,0,2,2,1,2,1,5,2,1,7,3,7
ENSMUSG00000062931,5,35,48,28,51,41,57,56,62,61,74,78
ENSMUSG00000074282,0,0,10,5,7,11,7,6,6,9,5,14
ENSMUSG00000050855,0,2,2,1,1,1,1,3,4,1,1,1
ENSMUSG00000060314,0,1,0,0,1,0,0,2,1,0,1,0
ENSMUSG00000071267,3,20,16,10,21,22,20,23,15,11,18,33
ENSMUSG00000053347,3,53,40,26,45,44,48,51,59,41,37,65
ENSMUSG00000033972,2,17,12,14,15,24,18,33,20,18,10,26
ENSMUSG00000059142,17,97,73,53,100,90,120,139,119,112,131,198
ENSMUSG00000071266,0,4,3,8,4,8,2,8,6,6,10,8
ENSMUSG00000063383,0,1,1,0,3,3,3,3,3,4,4,3
ENSMUSG00000067931,0,10,10,2,10,13,9,9,15,7,12,23
ENSMUSG00000032425,2,16,14,6,13,14,20,26,33,14,26,32
ENSMUSG00000074733,11,42,40,28,43,41,46,28,49,44,44,52
ENSMUSG00000072774,0,3,3,1,1,3,1,5,2,2,3,6
ENSMUSG00000053390,1,19,19,18,21,8,24,18,21,24,29,24
ENSMUSG00000098905,1,0,1,2,4,3,6,4,1,2,3,8
ENSMUSG00000062116,1,9,8,9,11,5,9,10,15,10,11,17
ENSMUSG00000094441,1,1,0,0,0,0,1,0,1,1,0,2
ENSMUSG00000096910,0,2,1,0,1,0,0,0,0,3,0,1
ENSMUSG00000071262,0,0,0,0,1,0,0,0,0,0,0,0
ENSMUSG00000058748,1,13,9,13,17,15,23,17,23,25,19,35
ENSMUSG00000003198,1,13,8,6,10,6,7,10,9,7,10,16
ENSMUSG00000096696,2,26,23,16,19,27,32,32,42,19,27,42
ENSMUSG00000052446,1,15,22,15,17,16,19,13,14,12,15,13
ENSMUSG00000091764,0,1,4,3,4,1,4,7,2,5,4,7
ENSMUSG00000078896,0,1,9,6,9,5,7,9,5,8,5,4
ENSMUSG00000089756,0,10,4,3,4,5,8,10,8,10,8,10
ENSMUSG00000095199,0,5,0,1,2,2,1,5,3,1,2,2
ENSMUSG00000078898,0,3,8,2,3,9,9,11,2,5,6,8
ENSMUSG00000095545,0,10,1,5,6,12,5,0,0,4,10,8
ENSMUSG00000095990,1,16,17,20,17,24,34,30,36,34,21,41
ENSMUSG00000078866,0,5,3,2,3,2,2,4,3,4,2,3
ENSMUSG00000074519,1,6,7,3,4,4,3,5,5,7,4,7
ENSMUSG00000074529,0,1,0,0,0,2,0,0,0,0,1,1
ENSMUSG00000070709,0,10,6,3,9,12,9,9,6,7,7,13
ENSMUSG00000069727,1,16,14,14,10,15,10,10,16,16,12,21
ENSMUSG00000074158,1,4,3,7,4,7,11,8,12,8,12,6
ENSMUSG00000092335,0,0,1,0,4,1,3,6,5,4,5,5
ENSMUSG00000066000,2,24,13,10,16,20,22,11,12,18,19,23
ENSMUSG00000058186,0,0,0,0,0,0,0,0,0,0,0,0
ENSMUSG00000056300,0,0,0,0,0,0,0,0,0,0,0,0
ENSMUSG00000078496,0,1,1,0,0,1,0,3,1,1,1,0
ENSMUSG00000035868,0,1,4,0,0,0,1,0,0,0,2,4
ENSMUSG00000065999,0,3,0,2,2,1,6,1,1,0,5,2
ENSMUSG00000078500,0,0,0,0,1,0,0,0,0,0,0,0
ENSMUSG00000066009,0,0,0,0,0,0,0,2,0,0,0,0
ENSMUSG00000078498,0,0,0,0,0,0,0,0,1,0,0,0
ENSMUSG00000086147,0,0,0,0,1,0,0,0,0,1,0,0
ENSMUSG00000078503,0,0,0,1,1,0,0,1,2,1,1,2
ENSMUSG00000067916,1,21,16,9,12,18,21,17,16,18,22,21
ENSMUSG00000070605,1,10,13,6,18,11,10,10,14,13,25,29
ENSMUSG00000063245,1,12,10,3,8,7,5,9,10,11,7,20
ENSMUSG00000096433,2,8,12,6,11,10,12,17,16,10,9,14
ENSMUSG00000078546,0,0,1,1,2,0,1,0,1,1,0,1
ENSMUSG00000049577,12,92,79,46,66,71,65,63,72,79,97,106
ENSMUSG00000022306,1,26,26,13,23,28,26,30,39,27,40,45
ENSMUSG00000022201,16,168,159,126,185,171,199,189,174,134,139,267
ENSMUSG00000034949,6,10,9,10,11,7,9,17,12,9,14,15
ENSMUSG00000079509,5,34,20,22,22,32,25,23,29,25,24,25
ENSMUSG00000053211,0,0,0,0,0,0,0,0,0,0,0,0
ENSMUSG00000000103,0,0,0,0,0,0,1,0,1,1,0,2
ENSMUSG00000042628,5,51,33,19,44,31,45,42,44,44,28,60
ENSMUSG00000021706,6,30,28,21,29,38,31,23,21,28,13,29
ENSMUSG00000068580,3,33,37,21,36,26,46,38,40,43,50,77
ENSMUSG00000021286,5,145,120,83,148,140,117,123,154,127,189,179
ENSMUSG00000066440,5,34,31,19,18,29,44,27,33,25,30,45
ENSMUSG00000018820,10,53,36,56,57,54,58,68,64,66,66,99
ENSMUSG00000037224,0,1,0,0,4,2,1,1,0,1,2,0
ENSMUSG00000049350,0,0,0,0,1,0,0,0,0,0,0,0
ENSMUSG00000051278,0,4,0,0,3,2,2,1,1,1,2,5
ENSMUSG00000022361,2,30,26,30,31,29,30,40,33,30,40,35
ENSMUSG00000071757,4,56,47,31,46,42,39,36,68,45,50,82
ENSMUSG00000035877,16,80,77,62,97,74,93,62,87,81,81,121
ENSMUSG00000032368,0,0,0,0,0,0,0,0,0,0,0,0
ENSMUSG00000067860,1,0,1,0,0,0,0,0,0,0,0,0
ENSMUSG00000036972,0,0,0,0,0,0,0,0,0,0,0,0
ENSMUSG00000041703,0,0,0,0,0,0,0,1,0,0,0,2
ENSMUSG00000030393,0,5,5,2,3,6,6,3,2,3,2,5
ENSMUSG00000002266,0,9,5,0,5,4,5,2,1,3,1,1
ENSMUSG00000029627,3,26,14,19,19,14,31,32,41,25,30,30
ENSMUSG00000020472,7,62,53,34,50,45,75,75,63,65,56,106
ENSMUSG00000030757,0,2,1,0,0,1,0,0,0,0,0,1
ENSMUSG00000054931,2,1,1,1,4,0,5,1,2,2,1,1
ENSMUSG00000055991,1,31,27,22,35,41,42,43,33,50,52,56
ENSMUSG00000018347,1,8,11,11,18,15,24,8,14,24,23,19
ENSMUSG00000063488,0,11,8,9,14,9,12,11,9,11,7,21
ENSMUSG00000063894,1,27,20,14,22,24,25,18,23,20,13,19
ENSMUSG00000052676,6,13,22,12,21,13,24,21,23,20,16,24
ENSMUSG00000001383,21,144,150,115,172,150,205,206,218,138,156,281
ENSMUSG00000027663,1,20,26,13,27,16,31,27,22,15,23,29
ENSMUSG00000037492,0,2,1,1,1,0,1,3,1,0,0,3
ENSMUSG00000009076,8,113,117,92,120,120,125,135,157,165,224,228
ENSMUSG00000007817,16,118,124,89,120,135,120,117,123,115,137,154
ENSMUSG00000041164,20,109,119,69,124,133,131,115,115,88,141,161
ENSMUSG00000043207,4,85,68,57,85,66,89,73,87,60,84,120
ENSMUSG00000043872,2,10,11,7,8,10,12,4,15,6,5,14
ENSMUSG00000021945,3,74,40,38,62,58,60,57,70,47,50,72
ENSMUSG00000031310,3,40,44,36,42,44,39,45,59,48,72,64
ENSMUSG00000042446,3,57,56,30,63,67,79,54,75,58,57,72
ENSMUSG00000040123,23,101,121,66,112,120,141,109,102,121,101,146
ENSMUSG00000042408,0,0,0,1,2,1,1,1,0,1,0,2
ENSMUSG00000010044,0,0,1,1,1,0,1,1,0,1,0,1
ENSMUSG00000021156,18,257,248,186,230,256,250,272,262,289,282,389
ENSMUSG00000070806,0,0,2,1,1,1,0,3,2,0,1,0
ENSMUSG00000040829,4,10,1,6,9,6,18,19,11,8,15,30
ENSMUSG00000026974,8,38,24,26,40,38,35,27,36,33,23,52
ENSMUSG00000039671,8,104,78,66,81,128,160,119,146,121,140,182
ENSMUSG00000039501,7,80,75,50,103,81,120,170,94,107,125,238
ENSMUSG00000059518,15,232,177,156,196,228,212,241,277,314,427,427
ENSMUSG00000075227,5,56,43,43,43,44,55,51,65,65,51,97
ENSMUSG00000020526,0,30,33,34,26,36,45,44,42,49,62,76
ENSMUSG00000074182,5,35,34,16,34,49,57,56,55,53,47,80
ENSMUSG00000036315,5,89,79,42,94,89,80,95,100,79,106,142
ENSMUSG00000036214,7,56,49,42,53,59,103,87,157,101,173,138
ENSMUSG00000033545,15,197,136,124,180,170,176,143,135,132,156,225
ENSMUSG00000058446,7,109,94,62,78,79,128,75,98,104,88,144
ENSMUSG00000041961,1,18,8,4,13,9,15,18,15,12,15,17
ENSMUSG00000024734,0,0,0,0,0,1,0,0,0,0,0,1
ENSMUSG00000030911,0,0,1,0,0,1,0,0,0,0,1,2
ENSMUSG00000004948,0,0,0,0,0,0,0,0,1,0,0,0
ENSMUSG00000042554,0,0,0,0,0,0,0,0,0,0,0,0
ENSMUSG00000020193,0,4,1,1,4,2,1,0,1,1,2,1
ENSMUSG00000017195,0,0,0,0,0,0,0,0,0,0,0,1
ENSMUSG00000064310,0,0,0,0,0,0,0,0,1,0,0,0
ENSMUSG00000032078,15,87,84,61,76,82,144,164,182,165,251,211
ENSMUSG00000030967,27,260,304,180,246,278,290,273,319,273,280,322
ENSMUSG00000028180,8,98,85,65,89,100,114,103,125,104,110,142
ENSMUSG00000036086,0,5,4,6,9,7,9,9,2,6,3,6
ENSMUSG00000031370,9,47,38,21,29,36,51,42,56,31,56,64
ENSMUSG00000023902,0,0,0,0,0,0,0,0,0,0,0,0
ENSMUSG00000036721,7,26,22,13,15,18,25,20,30,23,34,34
ENSMUSG00000070822,0,1,3,2,3,6,5,3,3,7,4,5
ENSMUSG00000038797,0,2,5,2,4,7,7,9,4,6,8,11
ENSMUSG00000061894,0,17,15,7,12,18,13,13,18,14,17,23
ENSMUSG00000037017,6,47,55,24,47,36,50,39,38,45,63,60
ENSMUSG00000054715,1,14,3,9,6,17,18,15,15,17,12,24
ENSMUSG00000070420,0,2,0,0,0,1,1,0,0,0,0,0
ENSMUSG00000022228,10,55,53,43,53,56,74,74,73,74,57,89
ENSMUSG00000050619,1,18,21,10,16,7,17,24,26,21,15,29
ENSMUSG00000017764,2,26,24,18,15,26,22,23,20,20,22,34
ENSMUSG00000034552,0,0,0,0,0,0,0,0,0,0,0,0
ENSMUSG00000045822,0,7,4,8,4,1,10,6,3,4,4,6
ENSMUSG00000035671,0,24,13,11,25,22,19,25,20,24,21,33
ENSMUSG00000033948,0,7,7,1,3,3,6,3,2,5,4,5
ENSMUSG00000032846,1,17,13,8,19,10,14,21,11,15,13,25
ENSMUSG00000014243,8,66,59,57,73,69,82,92,122,102,104,131
ENSMUSG00000021819,23,87,99,83,95,115,142,104,127,106,146,158
ENSMUSG00000039531,3,16,22,20,23,16,21,28,21,24,30,47
ENSMUSG00000032264,1,34,26,17,33,33,27,24,23,19,30,31
ENSMUSG00000032400,0,2,0,0,1,0,2,0,1,4,1,6
ENSMUSG00000019923,9,132,105,94,147,147,154,192,160,152,169,262
ENSMUSG00000073062,0,14,7,10,10,13,13,14,17,15,21,18
ENSMUSG00000034430,4,54,46,36,59,50,75,62,74,60,76,90
ENSMUSG00000034636,6,132,133,79,110,148,131,114,110,90,100,150
ENSMUSG00000029860,69,225,204,174,236,210,269,330,260,302,263,516
ENSMUSG00000055670,10,55,62,32,67,69,74,60,61,54,65,89
ENSMUSG00000039068,7,60,49,41,41,59,48,57,55,44,63,66
