"","Gene_ID","PBS_1","PBS_2","PBS_3","PBS_4","PBS_5","PBS_6","PBS_7","PBS_8","PBS_9","PBS_10","PBS_11","PBS_12","CVB3_1","CVB3_2","CVB3_3","CVB3_4","CVB3_5","CVB3_6","CVB3_7","CVB3_8","CVB3_9","CVB3_10","CVB3_11","CVB3_12"
"Retnla","ENSMUSG00000061100",1.476213875,0.895655875,2.119528875,2.379485875,2.421020875,2.921985875,2.532108875,2.189639875,2.665128875,2.369159875,2.385519875,1.670605875,-1.962174125,-0.0290801250000001,-0.697789125,-1.667507125,-2.620398125,-0.495636125000001,-2.996831125,-2.447319125,-3.290992125,-3.416390125,-3.843512125,-2.558425125
"Alas2","ENSMUSG00000025270",2.62769366666667,2.81975666666667,2.44487566666667,2.70244166666667,1.97914066666667,1.29805666666667,2.02609466666667,1.28883166666667,0.684240666666667,3.04113566666667,1.97400166666667,1.56856666666667,1.05100266666667,0.425202666666666,-1.70086433333333,-1.57286333333333,-2.67392633333333,-1.55244033333333,-1.81475933333333,-3.34786633333333,-2.15381233333333,-3.78532933333333,-3.61803933333333,-3.71114033333333
"Akap5","ENSMUSG00000021057",2.520208125,2.485588125,2.627392125,2.583923125,2.588930125,2.336272125,1.750578125,1.984366125,0.881672125,1.422204125,1.879749125,0.933961125,-2.094770875,-1.913588875,-1.375352875,-0.711252875,-0.173104875,-1.256334875,-2.757728875,-2.617225875,-2.667678875,-2.806118875,-2.286943875,-3.334742875
"Aplnr","ENSMUSG00000044338",1.48825520833333,2.00157620833333,1.56954820833333,1.97823220833333,2.11637920833333,1.50287420833333,2.42568420833333,2.43160420833333,2.02243320833333,2.31526320833333,2.18030220833333,1.87979220833333,-2.46035179166667,-3.52428579166667,-3.55728779166667,-1.01605579166667,-1.62901779166667,-1.12587279166667,-0.855006791666666,-1.45610379166667,-2.05845279166667,-1.60467279166667,-2.09017879166667,-2.53465779166667
"Tuba4a","ENSMUSG00000026202",2.329098375,2.242288375,2.317578375,3.407438375,2.958228375,2.623948375,-0.126108625000001,-0.141296624999999,-0.668034624999997,-0.935079625,-0.341502624999997,0.0786023750000027,-1.315068625,-2.612736625,-0.266258624999999,2.020960375,1.693837375,1.728898375,-1.960595625,-1.762429625,-2.681492625,-2.473941625,-3.298988625,-2.817344625
"Hba-a1","ENSMUSG00000069919",2.15192125,2.15289125,2.25837125,2.29342125,1.84702125,1.76352125,1.33778125,0.820751249999999,0.65894125,2.37919125,1.75599125,1.42546125,1.01401125,0.85028125,-1.10738875,-1.35252875,-1.64702875,-2.08761875,-2.01147875,-3.01181875,-2.76956875,-2.73936875,-2.93660875,-3.04614875
"Fbxl22","ENSMUSG00000050503",1.88181895833333,2.17353695833333,2.10123595833333,2.16475495833333,2.38256195833333,2.33858795833333,1.48073095833333,1.39111095833333,1.04999995833333,1.50509395833333,1.75191295833333,1.67820295833333,-2.78983004166667,-2.87522504166667,-1.01196504166667,-0.397741041666666,-0.273217041666666,-0.521834041666667,-0.975320041666667,-3.18238704166667,-2.52514804166667,-2.76529104166667,-2.87846204166667,-1.70312804166667
"Hbb-bt","ENSMUSG00000073940",2.00133375,2.03074375,1.95262375,2.21347375,1.82732375,1.65220375,1.21433375,0.66833375,0.63381375,2.14089375,1.57900375,1.32337375,0.94663375,0.94514375,-0.86876625,-1.01245625,-1.55179625,-1.81367625,-1.79400625,-2.92911625,-2.69839625,-2.79702625,-2.70333625,-2.96065625
"Ky","ENSMUSG00000035606",1.49378275,1.35667275,1.22578275,1.81560275,2.16797275,2.06129275,0.82096275,0.856132749999999,0.75663275,0.496362749999999,0.976352749999998,0.63003275,-5.38001425,-1.05110825,-3.88482025,1.23558275,0.896842749999999,0.801182749999999,0.27023275,-0.31873225,-0.711245250000001,-1.49944525,-2.41217225,-2.60388625
"Cd163","ENSMUSG00000008845",0.549717916666666,0.795167916666666,0.658400916666667,2.57356291666667,2.38781491666667,2.62693291666667,0.192048916666667,0.400263916666667,0.416553916666667,0.951136916666667,0.708744916666666,0.961110916666667,1.27539891666667,1.19871091666667,1.36573291666667,-0.611172083333334,-1.73340408333333,0.873771916666667,-3.53989208333333,-3.98705408333333,-2.72035708333333,-2.45696008333333,-2.03516508333333,-0.851067083333334
"Tmem25","ENSMUSG00000002032",1.98422575,2.45358175,1.81087375,2.56746975,2.75004475,2.28117875,-0.0617832499999995,-0.05451725,0.93506775,-0.43752125,0.305831749999999,-0.0241452500000019,-1.53479025,0.79788975,-2.93290825,1.14717875,0.406334750000001,0.409579750000001,-1.09071425,-1.67375025,-1.75318625,-1.90735625,-3.17641325,-3.20217125
"Sh3gl2","ENSMUSG00000028488",2.438153625,2.388331625,2.131532625,2.362452625,3.366225625,1.861114625,0.395114625,0.685412625,0.595513625,-0.918405375,-1.215957375,-0.424205375000001,-0.713581375,1.665943625,-1.638182375,-0.303509375,0.0865326249999994,0.0789266249999994,-0.587440375,-1.723304375,-2.049264375,-2.377205375,-2.878462375,-3.225736375
"Itgb6","ENSMUSG00000026971",1.22375879166667,1.37999879166667,1.14739879166667,1.59506879166667,1.66628879166667,1.64356879166667,1.14564879166667,1.31006879166667,1.05887879166667,1.02830879166667,1.26346879166667,1.12656879166667,-4.52548520833333,-3.05583820833333,-4.56066120833333,0.244235791666666,1.08882879166667,-0.139620208333334,0.0272517916666661,-0.589962208333334,-0.443045208333334,-1.03097120833333,-1.59176920833333,-1.01198920833333
"Car14","ENSMUSG00000038526",1.542938875,0.942588874999998,1.431928875,2.351338875,1.942068875,2.531938875,0.550008875,0.341638875000001,0.301038874999996,0.287658874999998,0.223508875,0.589768874999997,-1.758898125,0.261668874999998,-3.536155125,1.318368875,0.887218874999999,1.631348875,-0.163341125000002,-0.815850125000001,-1.582027125,-1.918465125,-3.019442125,-4.340853125
"ILMN_1229203","ILMN_1229203",1.59913958333333,1.87055958333333,1.65669958333333,2.11226958333333,1.81845958333333,1.61670958333333,1.32218958333333,0.897159583333332,0.611989583333333,2.24460958333333,1.57963958333333,1.41140958333333,0.605539583333332,0.708439583333332,-1.33014041666667,-0.984610416666667,-1.41732041666667,-1.69989041666667,-1.49876041666667,-2.73438041666667,-2.54273041666667,-2.49876041666667,-2.59058041666667,-2.75764041666667
"Prss55","ENSMUSG00000034623",1.30370108333333,1.27834008333333,1.44963208333333,1.88148408333333,2.19216608333333,2.66880208333333,1.74444908333333,2.08725908333333,1.63782308333333,1.49550508333333,0.636499083333334,1.36489308333333,-1.58942191666667,-1.10007991666667,-1.70006091666667,-1.11357791666667,-1.17488691666667,-0.791715916666666,-0.778112916666666,-2.50953891666667,-2.21097191666667,-2.27491991666667,-2.17555791666667,-2.32170891666667
"Lingo4","ENSMUSG00000044505",-0.2611095,-1.1341545,-1.5184795,-0.6731125,-0.4712115,-0.4228515,2.4515485,2.6759085,2.6839675,2.6074995,2.3708565,2.3896125,-1.9862605,-2.3092285,-2.3649525,-1.6694205,-2.2459685,-2.1239835,0.0899345,0.2687505,-0.1210765,0.9512925,0.8599895,-0.0475504999999998
"Rtkn2","ENSMUSG00000037846",2.49775583333333,2.91419083333333,2.78334283333333,2.48087583333333,1.40706583333333,1.49103783333333,-0.0609051666666671,-0.685259166666667,-1.31573716666667,1.82855283333333,0.988492833333333,0.661387833333333,0.258528833333333,0.765764833333333,-0.427662166666667,-0.883157166666667,-1.35010116666667,-1.15261416666667,-1.87531016666667,-1.95098116666667,-2.43145316666667,-1.31115316666667,-2.44506216666667,-2.18760016666667
"Lrrc27","ENSMUSG00000015980",-1.22453579166667,-1.21246879166667,-1.22165879166667,2.07015720833333,1.91774220833333,1.94760620833333,1.56430420833333,1.41662320833333,1.64531420833333,1.52903620833333,1.83040620833333,1.74820120833333,-2.58758179166667,-2.85809679166667,-3.77255379166667,0.742789208333333,0.477639208333334,0.519525208333333,0.476338208333333,-0.449624791666666,-0.716710791666666,-0.688165791666667,-1.05378179166667,-2.10050379166667
"Cma2","ENSMUSG00000068289",2.66853829166667,2.90157329166667,2.39895229166667,0.864158291666666,1.22086329166667,2.45926429166667,0.611359291666666,1.04221729166667,0.250067291666667,1.08636829166667,0.121954291666668,0.802065291666667,-0.955721708333333,0.136227291666668,-0.865218708333334,-0.250644708333333,-0.524721708333333,-0.296789708333332,-1.81839770833333,-1.30091570833333,-1.91254670833333,-3.13553370833333,-2.49689970833333,-3.00621870833333
"Islr","ENSMUSG00000037206",0.45116025,0.43020025,1.28024425,1.37525525,1.66501725,2.34766325,1.67979125,2.15184025,1.80585125,1.54373125,1.86070625,1.26895725,-3.28921875,-2.24454475,-1.79864575,-0.70191275,-1.71210075,-0.704920749999999,-0.68277575,-1.43932975,-0.45968875,-1.37244075,-1.31924675,-2.13559275
"H2-Ab1","ENSMUSG00000073421",-0.738251374999999,-1.157644375,-0.0474963749999997,1.012595625,1.211178625,0.982834625000001,1.707469625,1.766299625,1.875879625,1.776499625,1.573659625,1.751509625,-4.638494375,-2.789632375,-2.182423375,-0.429276374999999,-1.209848375,0.0518476250000006,0.547706625,0.300769625000001,0.370175625,0.356536625,-0.108556374999999,-1.983339375
"Lonrf2","ENSMUSG00000048814",0.862721416666667,0.863090416666666,1.02756541666667,1.66682441666667,1.76968241666667,1.98558041666667,0.702131416666666,0.335764416666667,0.721167416666668,0.648830416666667,0.613818416666667,0.646486416666668,-4.37734958333333,0.400561416666667,-3.99906558333333,1.00569641666667,0.991375416666666,0.628143416666666,0.0716754166666673,-0.633486583333333,-0.794023583333333,-1.02927858333333,-1.95674358333333,-2.15116758333333
"Plekhh1","ENSMUSG00000060716",2.53864916666667,2.36302916666667,2.29508716666667,1.22944116666667,1.44166516666667,1.68848516666667,0.340301166666666,0.201707166666666,-0.313659833333333,0.027055166666667,1.50774316666667,0.209318166666667,-2.50101483333333,-0.953169833333334,-2.16576183333333,0.581683166666666,1.09081716666667,0.821662166666666,-0.806464833333333,-1.53191583333333,-2.03265383333333,-1.89762983333333,-2.66222383333333,-1.47214983333333
"Snca","ENSMUSG00000025889",1.834146,2.373163,1.657552,2.190242,1.352626,0.85987,0.339124,0.0326769999999996,-0.232022000000001,2.068721,1.076648,0.896433,0.618982,0.844764,-0.697118000000001,-0.466767,-0.350534000000001,-0.893989,-1.85283,-2.422636,-1.889923,-1.85435,-2.846577,-2.638202
"Bcl11b","ENSMUSG00000048251",2.443465875,2.188346875,2.218093875,1.842390875,1.196235875,2.034478875,-0.113354125,-0.097857125,-0.151598125,-0.330090125,0.818767875000001,0.0474978750000004,-2.867838125,0.0156018750000007,-1.837311125,1.045786875,0.326070875,0.857491875,-0.224224125,-0.721367125,-1.461209125,-1.935045125,-2.888875125,-2.405460125
"Gchfr","ENSMUSG00000046814",2.03822733333333,2.15441333333333,2.35921933333333,1.16823333333333,0.917565333333333,1.00633433333333,-0.464193666666667,-0.0205916666666663,0.268621333333333,0.340026333333333,0.503460333333333,0.338153333333334,1.34757533333333,1.88724433333333,1.01311533333333,-0.656069666666666,-0.630676666666667,-1.21209566666667,-0.675909666666667,-2.87873466666667,-1.99265766666667,-1.23849566666667,-1.76650966666667,-3.80625466666667
"ILMN_2619452","ILMN_2619452",-1.10625641666667,-1.59947341666667,-0.922117416666667,-0.384723416666668,-0.767582416666667,-1.07759541666667,2.67756858333333,2.73157558333333,3.00080158333333,2.53183158333333,2.32647258333333,2.03899358333333,-1.16545241666667,-1.71723241666667,-1.29359141666667,-0.818703416666667,-1.13810341666667,-0.850568416666667,-0.279340416666667,-1.12342141666667,0.428324583333333,-1.35599041666667,-0.409787416666667,0.274371583333333
"Stmn2","ENSMUSG00000027500",1.52693258333333,1.63965158333333,1.33307658333333,2.21099958333333,1.84206658333333,1.43280358333333,1.29073558333333,1.16949158333333,1.47608258333333,1.15160658333333,0.988161583333333,0.944470583333334,-2.24974941666667,-1.58727041666667,-0.903983416666667,-0.221160416666667,-1.08406541666667,-0.293528416666667,-1.28066941666667,-0.923990416666666,-1.58401441666667,-2.66895341666667,-1.79406841666667,-2.41462541666667
"Tfrc","ENSMUSG00000022797",1.12888120833333,1.76809120833333,1.26620120833333,2.22118120833333,1.91443120833333,1.29300120833333,1.61278120833333,1.02288120833333,0.764681208333332,0.412301208333332,0.938821208333334,1.08832120833333,0.152561208333333,-2.52048979166667,0.546231208333333,-0.845968791666667,-0.806888791666667,-0.658668791666667,-1.09841179166667,-2.47720179166667,-2.41083779166667,-2.37643279166667,-1.77728979166667,-1.15817679166667
"Ssu2","ENSMUSG00000034387",1.23181504166667,1.30719704166667,0.909142041666667,2.28318904166667,2.78173804166667,1.61662804166667,0.647217041666667,0.839531041666667,0.567229041666667,0.912203041666666,1.15360104166667,0.479840041666667,-1.48489395833333,-1.06480395833333,-0.935108958333333,0.825344041666667,-0.0478579583333332,-0.246372958333334,-1.81743795833333,-0.573378958333334,-2.24900795833333,-2.33433895833333,-2.78026395833333,-2.02120895833333
"Aqp7","ENSMUSG00000028427",0.570527749999999,1.18090075,0.798349749999999,2.11824375,2.10767375,1.85169875,1.28345775,1.06166575,1.30958075,1.41096575,0.816290749999999,1.38300875,-2.83508025,-1.30684625,-1.80925825,0.30024875,-0.86531325,-0.46734425,-0.85485025,-0.969655250000001,-1.32231425,-1.56215425,-1.70223425,-2.49756225
"Nt5dc2","ENSMUSG00000071547",1.509718125,1.466098125,1.707880125,2.215439125,2.259999125,2.429349125,-0.0287168749999971,0.224906125,-0.281551874999998,-0.475310874999998,0.0533961250000026,-0.0522998749999992,-0.00727087499999968,0.316485125000003,-0.339874874999996,0.918484125000003,0.138016125000004,0.262274125000001,-1.975957875,-1.669950875,-2.190568875,-2.095397875,-1.472152875,-2.912991875
"Srrm4","ENSMUSG00000063919",0.788825875000001,1.720630875,1.515167875,1.568891875,1.100551875,1.296875875,0.935269875,0.902307875000001,1.286205875,1.441355875,0.649103875000001,1.106596875,-1.476693125,-0.389565125,-2.326273125,0.526343875,-0.413981124999999,-0.142319124999999,-0.0234181249999992,-1.407375125,-1.265639125,-1.370022125,-3.322561125,-2.700281125
"Lin7b","ENSMUSG00000003872",1.20043883333333,1.64163083333333,1.41850983333333,1.63357383333333,1.32247683333333,1.70886683333333,1.26988883333333,1.07625783333333,0.845801833333333,0.864787833333333,1.39157183333333,0.707354833333333,-1.33988416666667,-1.09513916666667,-1.81420016666667,0.258130833333333,-0.724148166666667,-0.118045166666667,-0.792909166666667,-1.25876116666667,-1.53931616666667,-0.983138166666667,-2.25226116666667,-3.42148816666667
"Abhd18","ENSMUSG00000037818",1.09923141666667,0.649259416666666,0.809633416666667,1.70730641666667,1.76643641666667,1.60333641666667,0.154999416666667,0.523626416666668,0.780788416666667,0.466140416666667,0.265767416666666,0.530164416666667,-3.98197158333333,0.256272416666667,-3.00924258333333,0.647377416666666,0.724078416666666,0.802509416666666,-0.0234265833333325,-0.361027583333334,-0.573511583333334,-0.699527583333333,-2.63065458333333,-1.50756558333333
"Rptn","ENSMUSG00000041984",-0.604236583333333,-0.523846583333333,-1.02172958333333,0.358445416666667,0.420587416666667,0.464551416666667,2.06705641666667,2.15369541666667,2.31986941666667,2.37609141666667,2.12732441666667,2.13505641666667,-1.87779558333333,-1.83906658333333,-1.28796258333333,-1.26236158333333,-0.992920583333333,-1.34684058333333,-0.686134583333334,-0.950469583333334,-1.40532558333333,0.305090416666666,-0.0970845833333334,-0.831993583333333
"Cbr2","ENSMUSG00000025150",1.15709245833333,0.712669458333334,1.35681945833333,2.38332045833333,2.39187045833333,2.26439045833333,0.0540184583333332,0.309209458333333,0.161553458333334,0.179850458333334,0.182584458333334,-0.0246595416666668,-1.02336054166667,0.330951458333333,1.17326345833333,0.382729458333333,-0.478935541666667,0.481623458333333,-1.73222754166667,-2.42711354166667,-1.62140354166667,-2.10980854166667,-2.15931554166667,-1.94512254166667
"Fcna","ENSMUSG00000026938",1.862591625,0.444009625000001,0.792031625,1.855066625,1.755814625,1.428200625,-0.151052375,0.0867446249999997,0.0911456250000002,0.387358625,0.0836026250000002,0.225377625,-0.884743375,1.365397625,-0.0994303749999998,-0.0678013750000002,-1.047264375,3.032428625,-1.180715375,-1.742786375,-2.224516375,-1.982849375,-2.014826375,-2.013784375
"Mcpt4","ENSMUSG00000061068",1.75497929166667,1.74520429166667,2.07878329166667,-0.392752708333333,0.417857291666667,1.36180729166667,1.06635529166667,1.70082729166667,1.59984129166667,0.899239291666666,0.408047291666667,1.79610929166667,-1.23125470833333,-1.07540270833333,-0.957878708333333,-1.29512370833333,-1.10364270833333,-0.913475708333333,-0.0652547083333328,-0.280862708333333,-2.53078570833333,-0.765734708333333,-1.51696070833333,-2.69992170833333
"Bcl2l12","ENSMUSG00000003190",-0.581966083333334,-1.11243308333333,-0.891075083333333,-0.612412083333333,-0.465105083333333,-0.489815083333333,2.12923291666667,2.19666191666667,2.29746291666667,2.06738991666667,1.93280691666667,1.94132891666667,-1.30240508333333,-1.18265308333333,-1.72513708333333,-1.63894508333333,-1.83677808333333,-1.84829808333333,0.175463916666667,-0.616000083333333,-0.319761083333333,0.772654916666666,0.831577916666666,0.278203916666667
"Ephb1","ENSMUSG00000032537",2.77913308333333,2.62472308333333,2.70323308333333,1.20130408333333,1.10012408333333,1.48126608333333,-0.107608916666667,-0.132226916666666,-0.261157916666667,-0.383698916666667,-0.0163319166666671,-0.361499916666666,-0.759440916666667,-0.100057916666667,-0.247025916666667,0.247696083333333,0.267287083333334,-0.0993769166666665,-1.01051491666667,-1.44990791666667,-1.55579891666667,-1.60048391666667,-1.28560091666667,-3.03403391666667
"Ttll1","ENSMUSG00000022442",1.78836604166667,1.56670604166667,1.52935604166666,1.73604604166666,1.47751604166667,1.26142604166666,0.356226041666666,0.540296041666666,0.459166041666666,0.207046041666665,0.478826041666666,0.833696041666666,-1.11338595833333,0.877066041666666,-2.39597795833333,0.674256041666666,-0.253700958333335,-0.0230419583333337,0.0371200416666664,-1.25542195833333,-1.72055795833333,-1.65274395833333,-2.28774495833333,-3.12053895833333
"Cmtm8","ENSMUSG00000041012",-0.176277375,0.0807756250000011,-0.0583723749999994,1.810841625,1.746631625,1.586071625,1.386671625,1.403741625,1.134526625,0.802186625000001,0.926360625000001,0.960037625,-3.871647375,-1.747517375,-2.995666375,0.356730625000001,0.0333046250000013,0.0872546249999999,0.106661625000001,-0.733516374999999,-0.416880375,-0.500264374999999,-0.834116374999999,-1.087538375
"Cpa3","ENSMUSG00000001865",1.24137620833333,1.40847820833333,1.56951020833333,-1.00665679166667,-0.431788791666667,0.395563208333334,1.57051720833333,1.70326220833333,1.95153420833333,1.31486320833333,0.636892208333333,1.75986420833333,0.093377208333334,1.10836920833333,0.356577208333333,-1.74761779166667,-1.10766679166667,-1.02565479166667,-1.14044579166667,-2.11726579166667,-1.84897779166667,-1.39461779166667,-0.860391791666666,-2.42910079166667
"H2-Eb1","ENSMUSG00000060586",-0.166023416666667,-0.697191416666666,0.441708583333334,1.38819358333333,1.64624358333333,1.59454358333333,1.04668758333333,1.24397558333333,1.36847358333333,1.19268558333333,1.04967358333333,1.11320758333333,-3.62934141666667,-0.943750416666666,-1.47944741666667,0.386354583333334,-0.249258416666667,0.949612583333334,-0.0249254166666653,-0.735656416666666,-0.732405416666666,-0.422340416666666,-1.28281241666667,-3.05820741666667
"Phkg1","ENSMUSG00000025537",-0.139737875000001,-0.658066875000001,-0.760093875000001,1.728967125,1.888169125,2.453609125,0.871219125,0.883335124999999,0.760631125,0.877045124999999,0.832337124999999,0.845612124999999,-3.017239875,-0.588843875000001,-3.785430875,0.308054125,0.0114811249999995,0.543571125,0.0176561249999985,-0.0178528750000009,-0.672524875000001,-0.235248875000001,-0.857862875000001,-1.288784875
"Kcnip2","ENSMUSG00000025221",1.08276295833333,0.842363958333333,0.823818958333334,0.296011958333333,0.451246958333334,0.691517958333334,1.94056195833333,1.92381695833333,1.59198695833333,1.31240795833333,1.26581995833333,1.65607195833333,-1.37334904166667,0.191532958333333,-2.56468804166667,-0.912284041666667,-1.50384604166667,-1.21137604166667,0.376794958333333,-0.966472041666667,-0.919171041666667,-0.715009041666667,-1.86916904166667,-2.41135204166667
"Colgalt2","ENSMUSG00000032649",0.893453875,1.084322875,0.828957875,1.969167875,1.915568875,1.669279875,0.775722875,0.643558875,0.849529875,0.788371875,0.670702875,1.086330875,-3.211540125,-2.386387125,-2.357614125,0.121522875,0.0677138749999999,-0.330036125,-0.031773125,-0.713078125,-0.646543125,-1.110603125,-1.217193125,-1.359437125
"Nlrp5","ENSMUSG00000015721",-0.123584583333334,0.226692416666666,0.497100416666666,2.14165841666667,2.03980041666667,2.08686241666667,1.22563041666667,1.36193341666667,0.975719416666666,1.17291441666667,1.09780441666667,1.23792541666667,-1.54981358333333,-0.931494583333333,-1.45737158333333,-0.108241583333333,-0.368894583333334,-0.216852583333334,-0.461545583333334,-1.27477458333333,-1.93783358333333,-1.79439458333333,-1.41688458333333,-2.42235558333333
"Enho","ENSMUSG00000028445",1.60477404166667,1.52508404166667,1.73995304166667,1.78275704166667,1.62696304166667,1.88239804166667,-0.236623958333333,-0.104752958333333,0.0899930416666663,0.767991041666667,0.800986041666667,0.689535041666667,-0.809788958333334,0.161130041666667,-1.00455195833333,0.504936041666666,0.00141104166666661,0.117241041666666,-1.15301795833333,-1.31730795833333,-1.99823295833333,-1.99616195833333,-1.62032595833333,-3.05438795833333
"Cst9","ENSMUSG00000027445",-1.032564,-0.615195,-0.503506,0.143139,1.46546,2.389591,2.981674,1.129902,1.641083,3.0835,-1.055096,-0.917388,-0.78583,0.0725189999999998,-0.459943,0.080654,-0.218118,-0.363146,-1.197477,-1.041793,-0.706439,-1.326254,-1.68234,-1.082433
"Neurl1a","ENSMUSG00000006435",2.019691375,2.033766375,2.414259375,1.495555375,1.663800375,1.943096375,-0.743395625,-0.351671625,-0.673118625,-0.487813624999999,-0.412275624999999,-0.360007625,-0.399301625,0.953029375000001,-0.378513624999999,0.527891375,0.375654375000001,0.343993375,-1.754595625,-1.294826625,-1.392945625,-1.697900625,-1.619923625,-2.204447625
"Gsg1l","ENSMUSG00000046182",2.07273058333333,2.14189258333333,1.88786458333333,1.75301258333333,1.70770958333333,1.87588558333333,0.0072525833333339,0.381168583333333,-0.128253416666666,-0.267156416666666,0.290976583333333,-0.357899416666666,0.123916583333333,-0.556911416666667,-0.275644416666666,0.329401583333333,-0.290631416666667,-0.456208416666667,-0.758498416666667,-1.34830141666667,-1.55996441666667,-2.03930741666667,-2.11043941666667,-2.42259541666667
"Acin1","ENSMUSG00000022185",0.097253291666668,0.0204862916666677,-0.104541708333333,0.609719291666668,0.618185291666668,0.570777291666667,1.82148129166667,1.88201129166667,1.97366129166667,2.01327129166667,1.91011129166667,1.92430129166667,-1.81099370833333,-0.865717708333333,-1.60911770833333,-1.66062670833333,-1.86298470833333,-1.52991970833333,-0.695264708333333,-1.27115070833333,-1.03988870833333,-0.156378708333333,0.0717682916666664,-0.906442708333334
"Ptn","ENSMUSG00000029838",0.726031916666667,0.841681916666667,1.75384691666667,0.802545916666667,0.816980916666667,2.06741391666667,0.509045916666667,0.371556916666667,0.724870916666667,1.01712991666667,0.380398916666667,0.837801916666667,-3.01527708333333,-2.39235808333333,0.301532916666667,0.503149916666667,0.425665916666667,0.612802916666667,-0.237001083333333,-0.960973083333333,-0.257182083333333,-1.24730508333333,-1.75492208333333,-2.82743908333333
"Klk13","ENSMUSG00000054046",-0.560261333333333,0.375721666666666,-0.434739333333334,-0.502153333333333,-0.659295333333334,-0.691529333333333,2.10724466666667,2.15334866666667,2.10983766666667,2.29876866666667,1.38649366666667,1.78709166666667,-0.420879333333334,-1.06163633333333,-0.556452333333334,-0.882332333333333,-2.00084333333333,-1.40617033333333,-0.423427333333334,-1.91998433333333,-1.79723933333333,0.262270666666667,0.847720666666667,-0.0115543333333337
"BC004004","ENSMUSG00000052712",1.30609404166667,1.28880704166667,1.58074304166667,1.92360404166667,1.78750504166667,2.25576404166667,-0.566811958333334,-0.552992958333333,-0.267044958333334,-0.593659958333333,-0.383782958333334,0.0282280416666669,-0.338836958333333,0.447645041666666,-0.512004958333334,1.08395704166667,1.04442804166667,0.911013041666667,-1.56324795833333,-1.38804795833333,-1.56250295833333,-1.82110695833333,-2.07466695833333,-2.03308095833333
"Ftsj1","ENSMUSG00000031171",-0.454058333333333,-0.0799183333333335,-0.150740333333333,0.326919666666667,0.241027666666667,0.593120666666667,1.94854266666667,1.98739966666667,1.93468366666667,2.02411766666667,1.73250266666667,1.75446966666667,-1.73094333333333,-1.09310733333333,-2.16666133333333,-1.40893233333333,-1.60827333333333,-1.16100533333333,-0.705667333333333,-1.32796433333333,-1.02905333333333,0.211627666666667,0.539220666666667,-0.377307333333333
"Rps6kl1","ENSMUSG00000019235",1.61694879166667,1.91698679166667,1.55506179166667,1.37676279166667,1.93191679166667,1.39009179166667,0.143737791666666,0.442569791666666,0.373950791666666,0.591407791666667,0.519122791666667,-0.0925702083333331,-0.348812208333333,-1.81022620833333,0.445446791666667,0.347859791666666,0.00996279166666625,0.0946857916666666,-1.23251820833333,-1.65397220833333,-1.72005920833333,-1.07919520833333,-2.53980420833333,-2.27935520833333
"Smco1","ENSMUSG00000046345",1.11207891666667,0.855737916666666,1.12280291666667,1.34524091666667,1.24323691666667,1.67443791666667,0.592436916666667,0.507316916666667,0.638194916666667,0.409304916666667,0.445699916666667,0.634045916666667,-1.43778908333333,0.270751916666667,-3.06842708333333,0.621231916666666,0.174368916666666,0.758592916666666,-0.203214083333333,-0.363133083333333,-0.919837083333333,-1.12604408333333,-1.93268308333333,-3.35435308333333
"Slc51a","ENSMUSG00000035699",1.68003479166667,1.89425679166667,1.30398579166667,1.76244679166667,1.69096679166667,1.72519679166667,0.574997791666666,-0.0779732083333338,-0.152047208333333,-0.458730208333334,0.0314307916666667,0.229123791666667,-1.21007020833333,-0.983378208333334,-1.73087920833333,1.20891479166667,0.670640791666666,0.435719791666666,-0.335299208333334,-0.690219208333334,-1.53140620833333,-2.00493020833333,-1.56596920833333,-2.46681320833333
"Cers1","ENSMUSG00000087408",2.03084754166667,1.82123254166667,1.14041854166667,2.04051554166667,2.17774454166666,2.28258654166667,-0.995526458333334,-0.286464458333334,-0.567439458333333,-0.619249458333334,-0.176237458333333,-0.844999458333334,-0.671601458333334,0.0420295416666656,-0.477618458333334,0.816467541666666,0.139849541666666,0.0716125416666662,-1.42698745833333,-2.03067345833333,0.283773541666666,-1.51467545833333,-1.58376245833333,-1.65184245833333
"Syngr4","ENSMUSG00000040231",-0.345608666666666,-0.171913666666667,-0.298888666666667,0.0961543333333337,-0.0840996666666669,0.144604333333334,2.19247533333333,2.24736233333333,2.18181933333333,1.75996033333333,1.72472333333333,1.54298533333333,-1.58892566666667,-1.07942566666667,-1.94821666666667,-1.15447066666667,-1.75235466666667,-1.80601166666667,-0.458730666666667,-0.732608666666667,-0.809760666666667,0.398491333333333,0.411797333333333,-0.469357666666666
"Gpr34","ENSMUSG00000040229",1.22914104166667,1.06224304166667,1.33874104166667,1.52449104166667,1.98102304166667,2.22837204166667,0.373134041666666,0.571517041666667,0.697594041666667,0.428991041666667,0.929446041666667,0.249431041666667,-0.918622958333333,-0.0664669583333333,-0.246891958333333,0.140312041666667,-0.167643958333333,-0.156615958333333,-2.09221895833333,-1.32208595833333,-1.65816195833333,-1.79998595833333,-1.87296595833333,-2.45277595833333
"Lypd2","ENSMUSG00000022595",2.10722508333333,1.75005008333333,1.58149408333333,1.13139808333333,0.836112083333333,1.51251208333333,0.150930083333333,0.719478083333334,0.329699083333334,0.566147083333333,0.440116083333334,0.309979083333333,0.619722083333333,0.707669083333333,0.703973083333334,-0.330636916666666,-1.16986091666667,-2.13403091666667,-0.840066916666666,-1.39353391666667,-1.64673791666667,-1.75086391666667,-1.87628891666667,-2.32448491666667
"Gck","ENSMUSG00000041798",1.09138391666667,0.869262916666667,1.33884691666667,1.40752691666667,0.900913916666667,0.873236916666667,-0.295903083333333,-0.367865083333333,0.593330916666667,1.04490891666667,1.16420891666667,1.36921191666667,-2.21618908333333,-0.942983083333333,-2.93612908333333,0.252246916666667,-0.277745083333333,1.15427591666667,0.379726916666667,-0.794282083333333,-1.18986808333333,0.221547916666667,-0.528996083333333,-3.11066908333333
"Rdh5","ENSMUSG00000025350",1.49864470833333,1.58983970833333,1.58629270833334,1.68661870833333,1.57834170833333,1.55737270833333,-0.0734072916666655,0.129384708333333,0.245729708333332,-0.0894582916666664,0.312266708333336,-0.0570182916666688,-0.920603291666666,0.359394708333333,-0.133262291666664,0.784373708333334,0.838958708333333,0.581427708333333,-1.51097429166667,-2.06351129166667,-2.05134329166667,-1.65982829166667,-2.28193229166667,-1.90730729166667
"Clec11a","ENSMUSG00000004473",1.677454625,1.674966625,2.289241625,0.100889625,1.012026625,1.465676625,-0.441431375,1.066719625,-0.202629375,0.822519625,0.027296625,-0.683401375,-0.135731375,2.142701625,0.390839625,-0.379395375,-0.820783375,-0.779875375,-1.562446375,-1.078776375,-0.695611374999999,-2.086886375,-1.007068375,-2.796296375
"Rgs7","ENSMUSG00000026527",1.08195966666667,0.990657666666667,1.07873466666667,1.43331966666667,1.74280066666667,2.44457266666667,0.799639666666667,0.870332666666667,0.392869666666667,0.531021666666667,0.713956666666667,0.334875666666667,-1.78820333333333,-1.06948333333333,-0.970272333333333,0.802390666666667,0.0260446666666674,-0.185801333333333,-0.385750333333333,-1.13582833333333,-1.50919733333333,-1.43689833333333,-2.56819033333333,-2.19355133333333
"3300002I08Rik","ENSMUSG00000063364",-0.384863708333333,-0.708279708333333,-1.22714670833333,-0.0735387083333334,-0.386432708333333,-1.41042470833333,2.30184829166667,2.03591329166667,2.24565329166667,1.99525029166667,2.05048229166667,1.75001829166667,-0.284535708333333,-0.745718708333333,-1.38402070833333,-1.28846370833333,-1.67790870833333,-0.716711708333333,-0.620042708333333,-0.670029708333333,-0.557940708333333,-0.0341597083333331,0.575868291666667,-0.784815708333333
"Mfrp","ENSMUSG00000034739",1.78546041666667,1.49650141666667,1.84163341666667,2.18357141666667,1.03957541666667,1.29875641666667,0.175015416666668,-0.798197583333334,0.472736416666667,-0.0755015833333346,0.180320416666667,0.0555254166666668,0.895580416666668,-0.790352583333334,-0.875479583333334,0.970557416666667,0.455125416666668,-0.443657583333334,-1.82940858333333,-1.93614658333333,-2.15436758333333,-1.03899158333333,-0.679106583333333,-2.22914958333333
"D630003M21Rik","ENSMUSG00000037813",1.75754395833333,1.74597595833333,1.36433795833333,1.45445895833333,1.52420595833333,1.47728995833333,0.169817958333333,0.710183958333333,0.363570958333333,0.524423958333333,0.677882958333333,0.568936958333333,-2.66343904166667,-1.98145204166667,-2.39131504166667,0.0328509583333334,-0.774768041666667,0.123617958333333,-0.308246041666667,-0.435584041666667,-0.456967041666667,-0.654974041666667,-1.05061504166667,-1.77773804166667
"Pcdh12","ENSMUSG00000024440",1.21207095833333,1.62530595833333,1.20165595833333,1.62937595833333,1.84895595833333,1.40419595833333,0.659863958333332,0.776599958333332,0.612067958333332,0.824480958333332,0.938729958333333,0.680681958333333,-1.18647704166667,-1.62218204166667,-0.421680041666667,-0.124788041666667,0.172124958333333,-0.188608041666667,-1.16871304166667,-1.71827404166667,-1.71157404166667,-1.63252904166667,-2.05054704166667,-1.76073804166667
"Adam23","ENSMUSG00000025964",1.61679058333333,1.62821058333333,1.69943158333333,1.91892958333333,1.85703358333333,1.44618158333333,0.310713583333333,0.0796635833333337,-0.111340416666666,0.271720583333334,0.435071583333333,0.482583583333334,-0.060266416666666,-1.66130841666667,-0.313604416666666,0.186498583333334,-0.380297416666666,0.391838583333334,-1.68527441666667,-1.54769941666667,-0.832222416666666,-1.59612141666667,-1.65737741666667,-2.47915541666667
"Tbxa2r","ENSMUSG00000034881",1.02911845833333,0.807226458333333,0.667389458333333,1.64752745833333,1.45228545833333,0.828623458333333,1.61302945833333,1.53947445833333,1.08454745833333,1.46196845833333,0.691143458333333,1.01116845833333,-2.15254354166667,-1.57633954166667,-2.03428454166667,-0.408767541666667,-1.43784854166667,-0.270601541666667,-0.560344541666667,-0.653767541666667,-0.979043541666667,-1.63536654166667,-0.652037541666667,-1.47255754166667
"Angptl1","ENSMUSG00000033544",0.298789625,0.323783625,0.254884625,1.434249625,1.608106625,1.885326625,0.554593625,0.992507625,0.959516625,0.753709625,0.864447625,0.657389625,-1.967844375,-1.553689375,-2.148757375,0.817188625,0.636997625,0.850633625,-0.220433375,-0.358849375,-0.579276375,-1.812447375,-2.196735375,-2.054092375
"Rom1","ENSMUSG00000071648",1.93926216666667,1.89638416666667,1.97497216666667,1.43690216666667,1.36351016666667,1.41544416666667,-0.728798833333334,-0.309141833333334,-0.695260833333334,-0.0611398333333337,0.0444361666666655,-0.406066833333334,0.631576166666667,1.01698516666667,0.349075166666665,0.389296166666666,-0.046557833333333,0.0574051666666655,-1.53293183333333,-1.78481083333333,-1.79893983333333,-1.66652583333333,-1.47592283333333,-2.00915183333333
"Adamtsl2","ENSMUSG00000036040",-0.0222425416666665,0.744932458333333,0.0274584583333333,2.30202945833333,2.41887145833333,1.93766945833333,0.0212974583333336,0.0348614583333333,0.547467458333333,1.60649045833333,0.658174458333333,0.973709458333333,0.415246458333333,0.588291458333333,-0.951732541666667,-1.08003154166667,-1.63015154166667,-0.355159541666667,-0.916172541666667,-1.83850954166667,-0.563491541666667,-1.80866454166667,-1.65207254166667,-1.45827154166667
"Gpt","ENSMUSG00000022546",1.7195375,1.3240475,1.5515675,1.6161275,1.4649875,1.6862375,-0.4860305,-0.164225500000001,-0.3689435,-0.432171500000001,-0.0980415000000008,0.1135445,0.289391499999999,0.995547499999999,-1.0524515,0.894337499999999,0.4122825,0.479003499999999,-0.9951255,-1.0834795,-1.5125155,-1.6608355,-1.7467545,-2.9460375
"Ret","ENSMUSG00000030110",0.9607545,1.3470575,0.822052500000001,1.6888775,1.5606495,1.0797875,0.4548845,0.8010665,0.5596535,0.8066015,0.9080825,0.7366735,-0.2275395,-2.7644545,-0.683164499999999,0.188981500000001,-0.0854944999999994,-0.4032585,0.3122425,-0.6170335,-1.4670795,-1.9231335,-1.1175135,-2.9386935
"Tet1","ENSMUSG00000047146",0.166296875,0.867866875,0.617750875,1.412950875,1.125641875,1.101245875,1.032350875,1.162234875,0.771608874999999,0.626569874999999,1.092087875,0.665077875,-2.739160125,-1.843998125,-2.630831125,0.553395875,0.499602875,-0.101238125,0.758645874999999,0.0883958749999998,-0.534236125000001,-1.321835125,-1.333714125,-2.036711125
"Trpc3","ENSMUSG00000027716",0.584996416666666,0.664231416666667,0.299765416666666,1.64110441666667,1.80776941666667,1.50553241666667,1.21390641666667,1.19114441666667,1.22528141666667,-0.0020265833333335,0.034436416666666,-0.217047583333334,-2.48900058333333,-2.38058558333333,-2.17737958333333,0.647919416666666,0.387283416666667,0.822450416666666,0.325948416666666,-0.610623583333334,-0.546954583333334,-0.955532583333333,-1.58594158333333,-1.38667758333333
"3110040M04Rik","ENSMUSG00000114582",1.62228358333333,1.91622458333333,1.81957758333333,0.753724583333333,1.09845358333333,0.553829583333333,0.935180583333333,0.778544583333333,0.00465058333333257,0.682813583333333,1.17954058333333,-0.148138416666667,-2.37224941666667,-1.05497241666667,-2.66735841666667,0.171008583333333,0.304337583333333,0.361799583333333,-0.756530416666667,-0.776125416666667,-0.491809416666667,-0.230842416666667,-1.81682341666667,-1.86711941666667
"Casq1","ENSMUSG00000007122",2.257030125,1.827602125,2.307840125,1.736054125,0.823094125,1.499863125,-0.223410875,-1.323750875,-0.794247875,0.474771125,-0.659895875,-0.338384875,-0.205263875,0.656006125,0.553867125,0.158585125,0.082658125,-0.193013875,-1.319825875,-1.407203875,-0.609137875,-1.752413875,-1.632249875,-1.918571875
"Ttc39a","ENSMUSG00000028555",0.0356624999999999,0.6492895,1.0100585,2.0260635,1.6830125,1.6369645,-0.0300865000000003,0.2100945,0.4331905,1.0226665,0.7734585,0.5812135,-1.7211485,-1.1493535,-1.8579765,1.0093175,0.9304015,0.6799525,-0.3758125,-0.5581385,-1.3911095,-1.2298535,-1.7494005,-2.6184665
"Dbh","ENSMUSG00000000889",2.25796758333333,1.84704758333333,2.05136758333333,0.438068583333334,0.0423695833333335,1.00899358333333,1.27479458333333,0.711779583333334,0.456237583333333,1.02258858333333,1.39389158333333,0.888627583333334,-1.81306941666667,-1.22300641666667,-1.05341241666667,-0.828097416666666,-1.21252241666667,-1.14280041666667,-1.04945241666667,-1.13385241666667,-0.343385416666666,-1.39284541666667,-0.437188416666666,-1.76410141666667
"Kcne1","ENSMUSG00000039639",2.009533625,2.096563625,1.723953625,0.876794625,0.868329624999999,1.240063625,0.922719624999999,0.942905625,0.128059625000001,-0.0545353750000004,-0.000497375000000133,-1.099542375,-0.937924375000001,-0.829688375,-1.702530375,0.870082625,-0.201522375,-0.0887763750000001,0.386785625,-0.305039375,-0.579596374999999,-1.582991375,-2.106646375,-2.576501375
"Alox12","ENSMUSG00000000320",1.4565815,1.1676855,1.2731065,2.2322335,2.0905165,1.8235325,-0.2514395,0.2800875,-0.1105375,0.4055735,0.4056135,0.0113585,-1.1102625,-0.5543925,-1.3156545,0.357075500000001,0.4885105,0.4953155,-1.0021755,-1.4136025,-1.6339435,-1.2244295,-1.8236995,-2.0470535
"Dnaaf3","ENSMUSG00000055809",1.195263625,1.095473625,1.289805625,1.807285625,1.668425625,1.891197625,0.0553626249999999,0.305165625000001,-0.0206513749999999,-0.161804375,-0.155783375,0.00285362500000019,-2.412108375,-1.131908375,-1.676314375,1.041753625,1.132060625,0.709286625000001,-0.219579374999999,-0.481857375,-0.904399375,-1.393632375,-1.952410375,-1.683485375
"Papln","ENSMUSG00000021223",1.13171179166667,1.21404979166667,0.803562791666666,2.27707579166667,2.43803579166667,1.51266379166667,0.316752791666667,0.265459791666666,-0.0230762083333333,0.975088791666666,0.617982791666666,0.755319791666667,-0.784110208333334,-0.577047208333334,-0.909848208333334,0.285263791666666,-0.163955208333333,-0.847936208333333,-1.81822420833333,-1.43921120833333,-0.912026208333334,-1.55368020833333,-1.65151820833333,-1.91233420833333
"Spag4","ENSMUSG00000038180",1.73960258333333,1.52596858333333,2.18940458333333,1.66355658333333,1.57267858333333,1.74964158333333,-0.0262354166666663,0.273370583333334,-0.0533414166666661,-1.18871341666667,-0.357367416666666,-1.22122741666667,-0.470327416666667,0.676930583333333,0.158226583333334,0.508298583333334,-0.439602416666666,0.153396583333334,-0.553962416666667,-1.15910641666667,-1.83598141666667,-1.51008741666667,-1.18429141666667,-2.21083141666667
"Gamt","ENSMUSG00000020150",1.70339745833333,1.05274245833333,1.80657545833333,1.66998645833333,1.49906745833333,1.70512745833333,-1.08907854166667,0.129019458333334,-0.511127541666666,0.136742458333334,0.294287458333334,-0.542260541666667,-0.817284541666666,-0.408793541666666,-0.248495541666666,1.09101545833333,0.687886458333334,0.968474458333334,-1.58749054166667,-0.888837541666667,-1.30661154166667,-1.11152954166667,-1.60255454166667,-2.63025854166667
"Arhgef19","ENSMUSG00000028919",0.640466625,0.978028625,0.818283624999999,1.696874625,1.721804625,1.674414625,0.271177625,0.727137624999999,0.417419624999999,0.462289625,0.622110624999999,0.501805624999999,-3.211921375,-1.523411375,-1.726725375,0.799991625000001,0.833410624999999,0.382795625,-0.406886375000001,-0.935285374999999,-1.372994375,-0.967908375,-1.100751375,-1.302127375
"Ccl24","ENSMUSG00000004814",1.26525216666667,1.30019716666667,1.05117716666667,1.20432116666667,1.35472716666667,1.61736416666667,0.357663166666667,0.247665166666667,0.382113166666667,0.677247166666667,0.941532166666667,0.839789166666667,-0.449403833333333,-0.0639408333333336,0.402807166666666,0.412687166666667,0.0832081666666671,-0.250381833333333,-1.97483683333333,-2.29779483333333,-1.11497883333333,-1.62639683333333,-2.51167483333333,-1.84834283333333
"Grhl2","ENSMUSG00000022286",1.35876745833333,1.15338145833333,0.290320458333333,1.37421545833333,0.567236458333333,1.74026945833333,0.970174458333334,0.973548458333334,0.406379458333333,0.505200458333333,-0.0892205416666663,0.284693458333334,-1.49310454166667,-1.35232854166667,-2.23240554166667,0.963151458333334,0.0547014583333336,-0.0291305416666665,0.919551458333333,0.288083458333333,-0.654981541666666,-1.05364154166667,-2.15207754166667,-2.79278454166667
"Tnfrsf19","ENSMUSG00000060548",0.833556333333334,0.655553333333334,0.382080333333334,1.62909133333333,1.36075333333333,2.22923033333333,0.0993963333333339,0.371578333333334,-0.552008666666667,0.677813333333334,0.389236333333334,0.967553333333334,-2.00895166666667,-0.806365666666666,-2.15652466666667,1.16257833333333,0.621320333333333,0.877010333333334,-0.246669666666667,-0.714774666666666,-0.539386666666666,-1.27929066666667,-1.39661566666667,-2.55616366666667
"Htr2b","ENSMUSG00000026228",-1.39333620833333,-0.717023208333334,1.12725479166667,-0.310167208333334,-0.443382208333333,-0.512924208333334,1.97946279166667,2.04852179166667,1.98477979166667,1.64870879166667,1.77963379166667,1.47300879166667,-1.31285220833333,-0.530962208333333,0.799789791666666,-1.21419120833333,-1.12458420833333,-1.46207820833333,-0.948423208333334,-0.185847208333334,-1.07004220833333,-0.400471208333333,-0.230278208333334,-0.984597208333334
"Nrn1","ENSMUSG00000039114",-1.056627375,0.0110316249999993,-1.036589375,0.615497625,0.444305625,0.194242624999999,1.154672625,1.760765625,1.238906625,1.663422625,1.780784625,1.737118625,-3.129319375,-1.248178375,-2.181821375,0.0333656250000001,-0.00570237500000026,0.0604606249999993,-0.803219375,-0.174845375,-0.605888375,0.138610625,-0.124189375,-0.466804375
"Hdac11","ENSMUSG00000034245",1.69021679166667,1.41700379166667,1.43578579166667,1.35328779166667,1.27323379166667,1.61959679166667,0.187363791666666,0.482842791666666,0.0696367916666665,0.278975791666666,0.612279791666666,0.409073791666667,-1.77870820833333,0.206470791666667,-2.49851220833333,0.178584791666666,0.190088791666667,-0.150998208333333,-0.234096208333334,-0.650321208333334,-0.701558208333334,-1.25360020833333,-1.98773820833333,-2.14890920833333
"Cd74","ENSMUSG00000024610",-0.163976458333334,-0.460597458333334,0.329607541666666,1.49557754166667,1.77493754166667,1.75713754166667,0.862557541666666,0.814807541666667,0.866407541666668,0.805017541666667,0.541907541666667,0.728317541666668,-3.04887245833333,-1.34722245833333,-1.46343245833333,0.541107541666667,-0.405624458333333,0.792897541666667,-0.0261024583333338,-0.748158458333332,-0.382725458333333,-0.161643458333334,-0.558794458333333,-2.54313045833333
"Ffar3","ENSMUSG00000019429",0.469806083333333,0.231785083333333,0.184436083333335,0.903693083333334,0.963703083333334,0.871133083333334,1.54635308333333,1.62452308333333,1.65122308333333,1.57127308333333,1.64179308333333,1.43531308333333,-1.55788691666667,-0.779608916666666,-1.18029091666667,-1.02427791666667,-1.37922891666667,-1.11814391666667,-1.14392391666667,-1.64494191666667,-1.40823991666667,-0.401161916666666,-0.237606916666666,-1.21972291666667
"Mdga1","ENSMUSG00000043557",1.01193029166667,1.43203329166667,0.920694291666666,0.924700291666666,0.842624291666667,1.13740029166667,1.47732929166667,1.55562029166667,1.09738029166667,0.849187291666667,1.03681229166667,0.444737291666667,-1.63416270833333,-1.01692870833333,-1.90094470833333,0.459549291666667,-0.353395708333333,-0.661964708333334,-0.316998708333333,-1.79477870833333,-1.27533470833333,-1.29996670833333,-1.00965370833333,-1.92586970833333
"Mfap4","ENSMUSG00000042436",0.170301250000001,0.578338250000001,0.685546250000001,1.44060825,1.93301925,1.48505025,0.810081250000001,0.83206625,0.95759225,1.60922325,0.94062925,0.695742249999999,-2.71542475,-0.61473775,-0.11277275,-0.93091275,-1.76038775,-1.00632475,-0.20253375,-0.58691675,-0.24509675,-0.84357475,-1.25159175,-1.86792375
"Gng8","ENSMUSG00000063594",1.67781070833333,1.55652770833333,2.97765070833333,0.760471708333334,1.53862870833333,2.16298770833333,-0.949466291666667,-0.375107291666667,-0.854666291666667,-0.469038291666667,-0.0619292916666665,0.312110708333333,-0.561209291666667,-0.587715291666667,-0.0483582916666667,-0.314744291666667,-0.122761291666666,0.174804708333333,-1.07079929166667,-1.42139729166667,-0.255428291666667,-1.14197629166667,-1.42635329166667,-1.50004229166667
"ILMN_1221373","ILMN_1221373",1.38880945833333,1.38304445833333,1.38543245833333,1.17634045833333,1.17082545833333,1.76742545833333,0.301490458333333,0.306246458333334,0.0753584583333335,0.497280458333333,0.0619864583333332,0.168328458333334,-1.15231754166667,0.310241458333333,-1.23263854166667,0.836539458333333,0.435739458333334,0.266162458333334,-0.808127541666667,-0.956805541666666,-1.11186554166667,-1.58985554166667,-1.71300154166667,-2.96663954166667
"Lingo3","ENSMUSG00000051067",-0.0465075833333328,0.987963416666667,-0.392837583333333,0.952973416666667,0.402852416666667,0.575919416666667,1.62710841666667,1.64326441666667,1.57987841666667,1.25691741666667,1.61199741666667,1.50454441666667,-1.22224558333333,-1.22589858333333,-1.40459958333333,-0.346089583333333,-0.141756583333333,-1.12361158333333,-0.119860583333333,-0.288216583333333,-1.43302658333333,-0.576118583333333,-1.84574058333333,-1.97690958333333
"Col14a1","ENSMUSG00000022371",0.959363833333334,1.07408683333333,1.80408983333333,1.31063583333333,1.67330283333333,1.74711183333333,0.245857833333334,-0.0777381666666663,-0.493754166666666,0.229577833333334,0.523788833333334,0.0149538333333341,-2.05075016666667,-1.14975716666667,-0.899669166666667,0.873784833333334,0.283305833333333,0.703798833333334,-0.317256166666667,-0.551511166666666,-0.375709166666666,-1.10559616666667,-1.87153216666667,-2.55038516666667
"Rapgef6","ENSMUSG00000037533",1.5171205,1.1082665,1.0690285,1.1572685,1.1863805,1.8297515,0.7461245,0.2469485,0.1329005,-0.2418285,1.0112825,0.4880035,-1.4410265,-2.4813525,-0.8529075,0.2921775,0.5673095,0.1602725,0.2871555,-0.5417485,-1.0690025,-1.3062155,-2.0597725,-1.8061365
"Mxra7","ENSMUSG00000020814",0.475453583333334,0.700436583333333,0.918650583333333,1.18467558333333,1.36094358333333,1.09182858333333,0.662897583333333,0.496798583333333,0.549232583333334,0.608256583333333,0.669171583333332,0.901612583333334,-2.15982341666667,-3.98560741666667,-1.51847541666667,-0.146048416666667,0.361193583333333,0.251370583333333,-0.603989416666667,-0.382506416666667,-0.265443416666667,-0.471721416666667,-0.510943416666667,-0.187963416666667
"Ltc4s","ENSMUSG00000020377",1.338486625,1.080951625,1.218467625,1.768703625,1.308751625,1.778086625,-0.164352375,0.518110624999999,-0.0666933750000007,0.0523496249999997,0.0597956249999996,-0.182378375000001,-0.856129375,0.640488625,0.364335625,-0.157389375,-0.319995375,1.096929625,-0.373335375,-2.130786375,-1.277858375,-1.981298375,-1.525566375,-2.189674375
"Lrrc17","ENSMUSG00000039883",1.47270795833333,1.25606595833333,1.67397695833333,1.38735195833333,1.50267795833333,2.12824795833333,0.230012958333334,-0.035198041666666,-0.0147070416666661,-0.0808360416666662,-0.486266041666666,-0.938229041666666,-0.635514041666666,0.299383958333333,-0.408450041666666,0.513342958333333,-0.202991041666666,0.694384958333334,-0.353525041666666,-1.76074104166667,-0.777168041666666,-1.37514804166667,-1.47890704166667,-2.61047304166667
"Cd209f","ENSMUSG00000051906",1.855378125,0.881211125,1.064655125,0.086604125,1.118556125,1.118105125,-0.109415875,0.729905125,0.0455591249999996,0.767641125,-0.582286875,0.581446125,-0.0909888750000003,0.717225125,1.413948125,-0.253179875,-0.290435875,1.364319125,-1.725653875,-1.418675875,-1.759417875,-1.805374875,-1.843870875,-1.865252875
"Sez6l2","ENSMUSG00000030683",1.387189375,2.091959375,0.834345375,2.061832375,1.977205375,0.903664375,0.261096375,0.455342375,0.372132375,0.298845375,0.345115375,0.302117375,-1.210703625,-0.418871625,-0.961449625,-0.126198625,-0.948547625,0.285503375,-1.132376625,-1.417402625,-0.908678625,-1.599311625,-0.604581625,-2.248226625
"Tfap2b","ENSMUSG00000025927",-0.938843458333333,-0.527758458333333,-1.19686645833333,-0.556298458333333,-0.151747458333333,-0.510846458333333,1.67618054166667,2.04129054166667,2.13274254166667,2.02764754166667,1.79374554166667,1.62176754166667,-0.824285458333333,-0.708467458333333,-1.00910445833333,-1.14681045833333,-0.806061458333333,-0.927595458333333,-0.332562458333333,-0.948562458333333,-0.920727458333333,0.258977541666667,0.568126541666667,-0.613940458333333
"Chek2","ENSMUSG00000029521",1.70897841666667,1.64902741666667,1.81824341666667,0.251599416666667,1.07803241666667,1.18013141666667,0.546422416666667,1.05512741666667,0.866332416666667,0.692592416666667,0.537351416666667,0.859887416666667,-1.41319858333333,-1.37246158333333,-0.164426583333333,-0.138142583333333,-0.632823583333333,-0.00763258333333283,-1.59993258333333,-0.837577583333333,-1.47464958333333,-1.19950058333333,-1.79558558333333,-1.60779458333333
"Ltbp4","ENSMUSG00000040488",1.195863125,1.355303125,1.225123125,1.582913125,1.613843125,1.689753125,0.548843125000001,0.439723125,0.582703125,0.691623125000001,0.800873125000001,0.696363125000001,-0.418386874999999,-0.531356874999998,-1.001477875,-0.266496875,-0.791006874999999,-0.429496875,-0.771166874999999,-1.316924875,-1.339082875,-1.579936875,-1.756721875,-2.220871875
"Osbp2","ENSMUSG00000020435",0.941156083333333,0.598177083333333,0.884516083333333,1.40696508333333,1.46164108333333,1.86845808333333,-0.216802916666667,0.129994083333333,0.013788083333333,0.0895230833333329,0.318174083333333,0.174191083333333,-2.78429591666667,-0.373207916666667,-2.44537391666667,0.833127083333332,1.39173408333333,0.851583083333333,-0.261565916666667,-0.819378916666667,-0.699358916666667,-0.918747916666667,-1.25395891666667,-1.19033691666667
"Slc38a9","ENSMUSG00000047789",0.272136083333334,0.364265083333334,0.149127083333333,1.20335908333333,1.55560908333333,1.25384708333333,0.661969083333333,0.411298083333334,0.438245083333333,0.317539083333333,0.125389083333333,0.282053083333333,-3.81762591666667,-1.16934691666667,-2.83033391666667,0.457222083333333,0.597093083333333,0.487675083333333,-0.223822916666666,-0.336414916666667,-0.239845916666667,-0.371986916666667,0.0557120833333338,0.356838083333334
"Pdp2","ENSMUSG00000048371",1.23726658333333,1.27982658333333,1.07626658333333,1.59877658333333,1.56672658333333,1.66803658333333,0.386496583333333,0.315976583333333,0.345416583333332,0.0463165833333328,0.225446583333333,0.226646583333332,-2.08145241666667,0.206916583333333,-1.37024541666667,0.479276583333332,0.388946583333333,0.244426583333333,-0.261813416666667,-1.03394841666667,-1.31539941666667,-1.40820041666667,-1.74492541666667,-2.07678041666667
"Nyap2","ENSMUSG00000054976",-0.672353041666667,-0.304386041666667,-0.0610610416666666,0.141224958333333,-0.976395041666667,-0.668960041666667,2.04470495833333,2.23221195833333,1.94189395833333,1.44961695833333,1.65123095833333,1.09555995833333,-0.412376041666667,0.341192958333334,0.393199958333333,-0.0540100416666665,-0.634642041666666,-0.210398041666667,-1.15021104166667,-0.721655041666667,-1.86872004166667,-0.963318041666667,-1.35140804166667,-1.24094304166667
"Rnf208","ENSMUSG00000044628",1.18242179166667,1.49849379166667,1.30217179166667,1.72849879166667,1.64566779166667,1.33074479166667,0.0539207916666662,0.0640897916666665,-0.301162208333333,-0.0370182083333335,0.536246791666667,-0.0814462083333334,-0.743944208333334,0.828699791666667,0.0167317916666665,0.533381791666667,-0.0164232083333333,-0.215439208333334,-0.857602208333334,-1.10224720833333,-1.73256820833333,-1.12448120833333,-1.87514620833333,-2.63359120833333
"ILMN_1250624","ILMN_1250624",-0.522916583333333,-0.104491583333333,-0.460623583333333,0.211005416666667,-0.406275583333333,-0.00226458333333301,1.44018641666667,1.39655141666667,1.74967541666667,1.37167741666667,2.12001341666667,1.67040141666667,0.845472416666667,-0.993941583333333,-0.775020583333333,-0.292105583333333,-1.19446958333333,-0.669760583333333,-1.54267558333333,-2.18635158333333,-1.08548358333333,0.127479416666667,0.492912416666667,-1.18899458333333
"Slc4a1","ENSMUSG00000006574",1.33980754166667,2.14476254166667,1.45587454166667,1.16968054166667,0.320399541666666,0.191195541666667,1.15989054166667,0.175969541666666,-0.124923458333334,1.65319154166667,1.12596954166667,0.284332541666666,-0.288114458333333,0.157621541666667,-0.603352458333333,-1.73774145833333,-1.66103545833333,-1.49047045833333,-1.46049945833333,-1.46687045833333,-1.15436245833333,-0.316313458333333,-1.03789345833333,0.162881541666667
"Tmem266","ENSMUSG00000032313",1.2416885,0.8801075,-0.230116499999999,1.7091435,1.9082335,1.6496475,-0.0591824999999995,0.3904155,0.1905045,0.4781775,1.0654065,0.2975865,-0.986324499999999,-0.4729215,-0.9154075,0.8372615,0.5535375,0.1843195,-0.751408499999999,-1.0744365,-1.1300985,-1.6900975,-1.6990785,-2.3769575
"Kif26a","ENSMUSG00000021294",-1.70354841666667,-1.44359341666667,-1.00894641666667,1.81964158333333,1.77697358333333,1.03104658333333,1.29968558333333,1.05963258333333,1.35418858333333,0.968679583333333,0.803564583333333,1.33776658333333,-1.65779141666667,-1.82288141666667,-1.51210841666667,-0.113163416666667,-0.291302416666666,-0.483973416666666,-0.109149416666667,-0.158366416666667,-0.0496864166666668,-0.235491416666666,-0.288010416666666,-0.573166416666666
"Fap","ENSMUSG00000000392",1.44633466666667,1.72619366666667,1.63232866666667,1.58286766666667,1.43514966666667,1.43738666666667,0.243652666666667,-0.00320233333333331,-0.0344103333333328,0.144641666666667,0.219144666666667,0.169391666666667,-0.482097333333333,-1.42379633333333,-1.09425833333333,0.408893666666667,0.366142666666667,0.551336666666667,-1.67359133333333,-1.18972233333333,-1.45944233333333,-1.75942333333333,-0.891336333333333,-1.35218433333333
"C8b","ENSMUSG00000029656",-0.283264083333332,-0.361664083333332,-0.294258083333332,0.411316916666667,0.566685916666668,0.923475916666668,1.74679591666667,1.69858591666667,1.69052591666667,1.72700591666667,1.43462591666667,1.37638591666667,-1.47994608333333,-0.772523083333333,-1.66747008333333,-1.01149808333333,-1.24740708333333,-0.924420083333333,-0.678944083333333,-1.44451508333333,-1.07205408333333,0.237230916666668,0.0331849166666665,-0.607856083333333
"Atg9b","ENSMUSG00000038295",1.41085166666667,1.86510966666667,1.74414066666667,1.38303966666667,1.30701966666667,1.17958266666667,0.0163026666666672,-0.0544643333333328,0.00760566666666662,-0.207079333333333,0.201047666666667,-0.480671333333333,-0.677447333333333,-1.03664233333333,-1.02233133333333,0.903320666666667,0.939281666666667,0.626373666666667,-1.03020433333333,-0.971782333333333,-0.872907333333333,-1.63314533333333,-1.69546133333333,-1.90153933333333
"Chst1","ENSMUSG00000027221",1.05949179166667,1.34373479166667,1.27160679166667,1.66329479166667,1.99138179166667,1.17541179166667,-0.235227208333334,-0.226522208333334,0.0493807916666666,0.331333791666666,0.340767791666666,-0.355752208333334,-0.530112208333334,-0.132982208333334,0.202518791666666,0.203443791666666,0.231409791666667,1.15136579166667,-1.72831520833333,-1.16268120833333,-1.69588220833333,-1.67767620833333,-1.80243520833333,-1.46755620833333
"Fez1","ENSMUSG00000032118",-0.326028791666667,-0.346333791666667,-1.10855279166667,1.73421320833333,1.46478220833333,1.29341120833333,0.745569208333333,0.981049208333333,1.22295820833333,0.814063208333333,0.808808208333333,0.686295208333333,-2.12714079166667,-2.74537579166667,-1.90452379166667,0.524506208333333,-0.427020791666667,0.168122208333333,-0.519042791666667,-0.304017791666667,0.119931208333333,-0.737284791666667,-0.0948807916666672,0.076493208333333
"Ung","ENSMUSG00000029591",1.1577455,1.0720855,0.9193055,1.3197455,1.4610255,1.1203255,0.730615500000001,0.7324555,0.630955500000001,0.4840255,0.861285500000001,0.5654355,-1.8919055,-0.6429125,-2.1725455,0.2812655,0.220105500000001,0.1569555,-0.237031499999999,-0.9727905,-1.2359905,-1.0724445,-1.3514915,-2.1362205
"Asb10","ENSMUSG00000038204",1.142878125,0.837478125000001,1.265078125,1.112718125,0.964578125000001,1.571278125,0.212797125000002,0.400729125000002,0.095449125,0.0761881249999998,0.372261125000001,0.116761125,-1.706846875,-0.190052874999999,-1.934276875,0.843488125,0.838978125000001,1.091228125,-0.152186875,-0.629440874999998,-0.901423874999999,-1.212072875,-1.535040875,-2.680546875
"Gper1","ENSMUSG00000053647",0.838426083333333,1.10254508333333,1.10484508333333,1.45490608333333,1.69348208333333,1.72477108333333,-0.429529916666667,0.262081083333333,-0.0220299166666669,0.0346400833333336,0.168732083333333,-0.200800916666667,-0.144968916666667,0.605811083333333,-0.645108916666667,0.844348083333333,0.170923083333333,0.741985083333334,-0.867088916666667,-1.04226391666667,-2.37523091666667,-1.36096891666667,-1.28146791666667,-2.37803691666667
"Lekr1","ENSMUSG00000074579",1.15941566666667,1.48668066666667,1.49191966666667,1.25252666666667,0.975700666666667,1.25779566666667,0.829893666666667,-0.0023473333333337,0.813037666666666,0.728793666666666,0.367140666666667,0.533750666666666,-1.79059033333333,-0.835439333333333,-1.46226233333333,-0.647038333333334,0.793441666666666,0.446522666666667,-1.12022533333333,-1.84243033333333,-1.83407533333333,-0.854107333333333,-1.28361633333333,-0.464487333333333
"Vps13a","ENSMUSG00000046230",1.002838,0.915944,1.126816,1.214892,1.387522,1.415475,0.365466,-0.0477299999999996,0.0683170000000004,0.24369,0.274735,0.0723149999999997,-3.207419,-1.324939,-1.464928,0.72005,1.022053,1.004863,-0.430865,-0.694824,-0.946973,-0.657053,-1.466468,-0.593777
"Ecm2","ENSMUSG00000043631",1.23526254166667,1.41198754166667,0.663714541666667,1.35089054166667,0.707568541666666,1.49907154166667,0.689482541666666,0.643359541666666,0.882481541666666,0.837038541666667,1.01027254166667,0.995693541666666,-1.71536445833333,-1.51507045833333,-1.26625745833333,-0.189267458333334,-0.704378458333334,-0.142112458333334,-0.410310458333334,-0.389810458333334,-0.989089458333334,-0.635267458333334,-2.15074245833333,-1.81915245833333
"Col15a1","ENSMUSG00000028339",0.40703525,1.05797725,0.56628725,0.822837250000001,1.13933725,0.607927250000001,1.07688725,1.08424725,0.82886725,1.00309725,0.889647250000001,0.95540725,-1.82638975,-3.62287375,-0.73662075,-0.862761749999999,-0.75341675,-0.92427775,-0.448562749999999,-0.706039749999999,-0.308360749999999,-0.488846749999999,0.140469250000001,0.09812625
"Fam131a","ENSMUSG00000050821",0.962323375,0.722137375000001,0.945113375,1.485958375,1.511138375,1.896698375,0.173238375,0.508037375000001,0.467889375,0.712659375000001,0.769395375,0.684434375,-1.385013625,-0.677469624999999,-1.406538625,0.467652375,0.323111375,0.235884375000001,-0.837417625,-1.230676625,-1.211783625,-1.293801625,-1.928920625,-1.894049625
"Tmem255b","ENSMUSG00000038457",1.11653295833333,1.13898095833333,1.32572895833333,1.42546895833333,1.77488495833333,1.45454095833333,-0.0418600416666672,0.0501999583333328,0.010226958333333,0.277177958333333,0.0377969583333329,-0.0192580416666672,-1.82691604166667,-1.24549604166667,0.326921958333333,0.854491958333333,0.684974958333333,0.759995958333333,-1.50722204166667,-0.913514041666667,-1.52519904166667,-1.08666604166667,-1.50414104166667,-1.56765204166667
"Whrn","ENSMUSG00000039137",1.29120191666667,1.49683191666667,1.35984191666667,1.58886191666667,1.60941191666667,1.55015191666667,0.122113916666667,0.489051916666666,0.413121916666666,0.308201916666667,0.323471916666666,0.443141916666667,-0.656576083333334,-0.300617083333334,-1.22298308333333,0.0813189166666657,-0.0327260833333334,-0.109000083333333,-0.685338083333333,-1.28946508333333,-1.58479008333333,-1.63439808333333,-1.78234308333333,-1.77848708333333
"Tbc1d10c","ENSMUSG00000040247",1.43788795833333,1.18211795833333,1.28289795833333,0.778897958333333,0.890187958333332,1.57981795833333,0.599712958333333,0.621797958333332,0.463839958333333,-0.127202041666667,0.443390958333332,0.235412958333333,-2.37281204166667,-0.856972041666667,-1.92090104166667,0.667853958333332,0.522498958333333,0.456642958333333,-0.384203041666668,-0.191548041666668,-0.553735041666668,-1.14198704166667,-1.58996704166667,-2.02363104166667
"Asph","ENSMUSG00000028207",0.925079666666665,1.04430966666667,0.957529666666666,1.55662966666667,1.25995966666667,1.01302966666667,0.785179666666666,0.733389666666666,0.760929666666666,0.966579666666666,0.796009666666667,1.05025966666667,-2.00852433333333,-0.993866333333335,-1.47569333333333,0.0598956666666659,-0.0197053333333344,-0.162985333333333,-0.589909333333335,-0.905841333333335,-1.05762733333333,-1.21584633333333,-1.40048033333333,-2.07830233333333
"Mlxipl","ENSMUSG00000005373",1.10143583333333,1.09604183333333,1.17295983333333,1.62906083333333,1.55291583333333,1.48575683333333,-0.098095166666667,-0.350467166666668,-0.136449166666667,0.133332833333332,0.439140833333333,0.280824833333332,-1.17539316666667,0.333086833333333,-1.10482016666667,0.693966833333333,0.786740833333333,0.868880833333332,-0.854053166666668,-1.57475316666667,-1.54284216666667,-1.11143916666667,-1.62724816666667,-1.99858416666667
"Slc41a3","ENSMUSG00000030089",0.300284583333333,0.934204583333333,0.457784583333334,1.52873458333333,1.53278458333333,1.00590458333333,0.749894583333333,0.984474583333332,0.702834583333333,0.288424583333333,0.533754583333334,0.836624583333334,-1.69331041666667,0.382774583333333,-3.06236541666667,0.390124583333334,0.132284583333334,-0.376881416666667,-0.308526416666666,-0.372931416666667,-0.879844416666666,-0.971919416666667,-1.29731341666667,-1.79779641666667
"Pcsk6","ENSMUSG00000030513",1.17992845833333,1.14240845833333,1.11480845833333,1.18424845833333,1.27367845833333,1.51691845833333,0.574468458333332,0.794348458333333,0.709138458333333,0.731648458333332,1.06079845833333,0.791458458333333,-1.09242154166667,-0.325681541666668,-1.41785854166667,0.0441784583333327,-0.750369541666668,-0.400961541666668,-0.670745541666667,-1.38133454166667,-1.04873454166667,-1.42549654166667,-1.68518254166667,-1.91924354166667
"Slc38a3","ENSMUSG00000010064",0.0852088750000002,0.270249874999999,-0.0385301250000003,1.140387875,1.294161875,0.685053874999999,0.688362874999999,0.766788875,0.487401875,0.663248874999999,0.333022874999999,0.912623875,-2.133694125,-0.00540012500000042,-3.918599125,0.556370874999999,0.342654874999999,0.293653875,0.404515875,-0.171670125,-0.686448125,-0.111913125,-1.042780125,-0.814672125
"Xpnpep2","ENSMUSG00000037005",-0.25602675,-0.27824275,0.72070225,0.21108225,1.06692925,0.99133525,1.25705625,1.10885925,1.21039825,1.01194825,-0.00579974999999955,1.13974125,-2.29163775,-1.18014075,-0.67245375,0.47325125,0.0123112499999998,0.68482625,0.32374925,0.21188025,-0.33821275,-0.74065375,-2.07968475,-2.58121775
"Igsf1","ENSMUSG00000031111",0.805750999999999,0.651968999999999,1.091721,1.564581,1.625161,2.253481,0.212709,0.193942999999999,-0.135512,0.131914,0.591377,-0.0970110000000002,-0.867948,-0.541408000000001,-1.363737,1.039051,0.288532999999999,0.213032999999999,-0.646853,-0.892652,-0.851304000000001,-1.487097,-1.367939,-2.411763
"Gm37397","ENSMUSG00000104204",1.38304829166667,1.56861629166667,1.28375429166667,1.44698129166667,1.54420429166667,1.36235229166667,-0.171542708333333,-0.182083708333333,-0.326676708333333,0.296516291666667,-0.0869697083333332,0.595135291666667,-0.571307708333333,0.533579291666667,-1.75054170833333,-0.0395667083333331,0.361634291666667,0.433076291666667,-0.191192708333333,-1.19475870833333,-1.68912170833333,-1.46628670833333,-1.15341970833333,-1.98542970833333
"Rasl10a","ENSMUSG00000034209",0.342932166666666,0.580737166666666,0.302605166666666,-0.271265833333334,-0.520927833333333,0.182062166666666,0.799336166666667,1.49437016666667,1.73034416666667,1.84571416666667,1.36914716666667,1.76533516666667,-1.89285683333333,-0.734058833333334,-2.03134083333333,-0.391393833333334,-0.310429833333334,-0.291171833333333,0.311666166666666,-0.634610833333333,-0.722054833333334,-0.307010833333334,-1.06656383333333,-1.55056383333333
"1600014C10Rik","ENSMUSG00000054676",0.621210583333333,0.511056583333334,0.426120583333334,1.36025458333333,1.45364858333333,1.52913058333333,0.323760583333334,0.547020583333333,0.679432583333334,0.603283583333333,0.765123583333333,0.860759583333333,-2.54743741666667,-1.80244641666667,-2.29271241666667,0.109747583333333,0.572305583333334,0.150625583333333,0.0858195833333335,-0.500306416666667,-0.758200416666666,-0.910682416666666,-0.961170416666667,-0.826344416666666
"Cldn14","ENSMUSG00000047109",0.143112458333333,0.00667645833333319,0.199349458333333,-0.611845541666667,-0.285668541666667,-0.511777541666667,1.42743645833333,1.79564745833333,2.20839745833333,1.68889045833333,1.87201645833333,1.46594845833333,-0.355256541666667,-0.198308541666667,-0.390871541666667,-0.568470541666667,-0.848972541666667,-0.698202541666667,-0.671741541666667,-0.965811541666667,-1.43682154166667,-1.22880554166667,-0.978852541666667,-1.05606854166667
"Fxyd2","ENSMUSG00000059412",0.578735958333334,1.34171995833333,0.303037958333333,1.57128395833333,1.71736095833333,1.75347195833333,0.0179249583333334,-0.643507041666666,-0.103476041666666,0.383290958333333,0.545392958333333,0.118407958333334,-0.659454041666667,-0.197584041666667,-0.730206041666666,0.985236958333333,0.879090958333333,0.883083958333334,-1.21966204166667,-1.19175104166667,-1.55015204166667,-1.76267004166667,-1.50190604166667,-1.51767104166667
"Mkrn2os","ENSMUSG00000068011",1.263592875,1.099575875,0.598774874999999,1.485462875,1.229367875,1.675889875,0.207943875,-0.527671125,0.230776874999999,0.419638875,0.407877875,0.231558874999999,-1.119553125,0.560118875,-1.864093125,0.385230875,0.211643875,0.419239875,-0.0222021250000006,-0.974301125,-0.567092125,-1.332375125,-1.282010125,-2.737396125
"Necab1","ENSMUSG00000040536",0.844800625,1.760735625,1.000298625,1.198895625,1.491685625,2.211857625,-0.243677375,-0.145451374999999,0.797954625,-1.135715375,0.0399756250000003,-1.039837375,-0.131459374999999,0.222903625,-0.0272483750000001,0.497419625,0.568874625,-0.176848375,-1.092462375,-1.341852375,-0.569247375,-1.811930375,-1.585326375,-1.334345375
"Bex4","ENSMUSG00000047844",0.909512041666666,1.61803604166667,1.41579904166667,1.29927704166667,1.04727004166667,0.410256041666666,0.217888041666666,0.368904041666666,0.161215041666666,0.474931041666666,0.304509041666666,0.650356041666666,-0.717858958333334,1.16484004166667,-0.196503958333333,0.268532041666666,-0.0369079583333338,-0.158952958333334,-0.854728958333333,-1.28704295833333,-1.78432395833333,-0.763552958333333,-1.89055195833333,-2.62090095833333
"Tomm40l","ENSMUSG00000005674",0.848086958333333,0.914679958333334,0.749461958333331,1.82923895833333,1.79065695833333,1.30573195833333,0.608345958333334,0.600344958333334,0.289968958333333,0.0847259583333333,0.390278958333333,0.254547958333333,-2.00901404166667,-1.84832004166667,-1.38087004166667,0.723711958333332,0.51306395833333,0.229212958333331,-0.922142041666667,-0.729417041666668,-0.489600041666666,-1.19539804166667,-1.30621304166667,-1.25108404166667
"Gpr183","ENSMUSG00000051212",1.26641558333333,0.895754583333334,1.35209558333333,0.942739583333333,1.20105158333333,1.44579958333333,0.530728583333334,0.156984583333333,-0.970107416666667,0.478918583333334,-0.0130604166666668,-0.667592416666666,-0.965096416666666,-0.932089416666666,1.28812758333333,0.620758583333333,-0.600591416666666,1.08973858333333,-1.77732141666667,-1.72439341666667,-0.329582416666667,-1.15090741666667,-0.105133416666667,-2.03323741666667
"Ddit4l","ENSMUSG00000046818",1.07415875,1.17980275,1.02331675,1.11499175,1.41686475,1.48078875,0.964726750000001,0.85377975,1.04045475,0.47156875,-0.11161325,0.0883267500000002,-0.814985249999999,-0.67206825,-1.15526325,0.0184387500000005,0.0584877500000003,-0.12007225,-0.823485249999999,-0.559279249999999,-1.03821525,-0.98558425,-2.28009325,-2.22504725
"Lgi3","ENSMUSG00000033595",0.860122208333333,1.42584320833333,0.959866208333334,1.22614120833333,1.45286520833333,1.77580020833333,0.0579022083333331,0.502079208333334,0.0181032083333337,0.240969208333333,0.625476208333334,-0.109953791666666,-1.07230579166667,-0.620753791666667,-1.99765579166667,0.678038208333334,0.257861208333334,0.382010208333333,-0.287746791666667,-1.03156679166667,-0.771343791666666,-1.25766079166667,-0.838400791666666,-2.47568979166667
"Spon2","ENSMUSG00000037379",-1.041831875,0.704128125,-0.108990875,0.433458125,0.835288125,0.288348125000001,1.328398125,0.886708125,0.986618125,1.525038125,1.313708125,1.401118125,-0.616137875,-2.414088875,-0.188621875000001,0.384058124999999,1.005388125,-0.0201778749999999,-1.261668875,-1.504169875,-0.838933875,-1.370897875,-0.949522875,-0.777214875
"Cx3cr1","ENSMUSG00000052336",0.38329425,1.27727125,1.04084125,1.49086125,1.64098225,1.04983525,0.57288825,0.570024249999999,-0.0241447500000005,0.420090249999999,0.305847249999999,0.70743025,-1.84907675,-1.48959275,-0.842096750000001,0.71266525,0.186115249999999,-0.0127147500000007,-0.29744475,-0.811298750000001,-0.496441750000001,-1.04215575,-0.74123475,-2.75194475
"Tmem253","ENSMUSG00000072571",1.93171629166667,1.68654029166667,1.53601229166667,1.13326629166667,0.769264291666667,1.07568529166667,-1.11651470833333,-0.658111708333333,0.201824291666667,0.209217291666667,-0.251939708333333,0.234916291666667,0.874568291666667,0.350561291666667,0.136924291666666,0.0105642916666664,0.195778291666667,-0.468515708333333,-0.447308708333333,-1.04717770833333,-0.779971708333333,-2.06679370833333,-1.68714470833333,-1.82336070833333
"Galm","ENSMUSG00000035473",0.495656083333333,0.403473083333334,0.610081083333334,1.59452608333333,1.83084008333333,1.34976108333333,0.446065083333334,0.723433083333334,0.531910083333334,0.593393083333334,0.334519083333333,0.282992083333334,-1.94794891666667,-0.563396916666666,-2.46798591666667,0.593566083333334,0.570436083333334,0.231594083333333,-0.230125916666666,-0.868445916666666,-0.789832916666667,-1.02203291666667,-1.40252091666667,-1.29995591666667
"Lgi1","ENSMUSG00000067242",0.363204791666666,0.128061791666666,0.226323791666666,1.30114079166667,2.13042679166667,1.30206279166667,0.657528791666667,0.989613791666666,1.06381679166667,0.00983279166666584,-1.22686320833333,0.664414791666666,-0.365799208333334,-0.250107208333334,-0.326864208333334,0.516871791666667,0.853279791666666,-0.178964208333333,-0.0873522083333338,-1.18496120833333,-1.41959720833333,-1.00645420833333,-2.08799120833333,-2.07162520833333
"Tspan2","ENSMUSG00000027858",0.559302791666666,0.823385791666666,0.834214791666667,1.29986279166667,1.53779379166667,1.55083279166667,1.06480979166667,0.855977791666667,0.700210791666667,1.16529679166667,0.784583791666666,0.0610697916666663,-2.03335520833333,-1.70933420833333,-1.71367920833333,-0.221639208333333,-0.257941208333333,-0.326816208333334,-0.661358208333334,-0.828511208333333,-0.769728208333333,-0.894889208333334,-1.13620720833333,-0.683882208333333
"Cryba4","ENSMUSG00000066975",1.6880915,1.6827215,1.5442215,0.8035815,0.784321500000001,0.718241500000001,0.373336500000001,0.269482500000001,0.348885500000002,0.484011500000001,0.344792500000001,0.3723305,0.487621500000001,0.777831500000001,0.160973500000001,-0.623025499999999,-1.0143905,-1.1082615,-0.4212185,-1.6402755,-1.5899905,-1.1025135,-1.2028925,-2.1378765
"Lrrn4cl","ENSMUSG00000071656",1.108046125,0.607796125,1.389152125,1.884237125,1.777796125,1.283569125,-0.130294875,-0.495639874999999,0.0539471250000005,0.131840125,0.368224125,0.00198312500000064,-0.518683875,0.571160125,-1.050981875,0.655366125,-0.403843875,0.119700125,-0.381894875,-0.694558874999999,-0.970726875,-1.309262875,-1.390657875,-2.606271875
"Tmem86a","ENSMUSG00000010307",1.43047191666667,1.35174191666666,1.29291191666667,1.38177191666666,1.57539191666667,1.36675191666667,-0.106581083333333,0.182331916666666,-0.247272083333334,-0.352686083333333,0.136761916666666,-0.333924083333335,-1.55875308333333,-0.0212590833333337,-0.648613083333334,0.717361916666666,0.325291916666666,0.679711916666665,-0.429456083333335,-0.757452083333334,-0.965640083333334,-1.25329508333333,-1.60338408333334,-2.16218508333333
"Mrpl57","ENSMUSG00000021967",0.49044625,0.15440725,0.20077325,1.06715025,1.02913025,0.81623525,0.90133225,0.68267225,1.01433125,1.28137625,0.33284025,0.98523125,-2.84715475,-0.68405775,-2.73334875,-0.17869375,0.25553825,0.0238952499999998,0.13177825,-0.24170975,-0.29771675,-0.47138975,-0.97146575,-0.94160075
"Gpr22","ENSMUSG00000044067",0.829841166666666,0.562131166666667,0.637761166666666,1.57992116666667,1.55995116666667,1.68453116666667,0.438191166666666,0.502491166666665,0.743451166666667,0.307551166666666,0.352001166666666,0.687191166666667,-0.833861833333334,0.0877321666666671,-1.45665783333333,0.323641166666667,0.172521166666666,0.0893111666666666,-0.776620833333334,-1.08336983333333,-1.47260383333333,-1.34644383333333,-1.53384383333333,-2.05481783333333
"Reep1","ENSMUSG00000052852",1.14791075,1.21303075,1.11308075,1.43627075,1.55186075,1.56943075,0.341587749999999,0.38661675,0.29624175,-0.21211725,0.161438749999999,-0.188189250000001,-1.43453725,-0.529943250000001,-1.76537525,0.49761775,0.60251375,0.48129975,-0.36158625,-0.870440250000001,-1.01876325,-1.41304525,-1.47260625,-1.53229725
"Higd1a","ENSMUSG00000038412",1.473963875,1.570256875,1.394594875,0.703622875,0.572475875,0.947121875,0.0722338750000002,0.406770875,0.288200875,0.781375875,1.054639875,0.807216875,0.386334875,0.537482875,-1.237045125,-0.512733125,-0.928132125,-0.249105125,-0.405734125,-1.410290125,-1.718167125,-1.378812125,-1.402971125,-1.753302125
"Senp8","ENSMUSG00000051705",0.788028291666667,1.44545529166667,1.04424729166667,1.42485829166667,1.11252329166667,0.898094291666666,0.181965291666667,0.686268291666666,-0.165187708333334,0.257123291666666,1.06959229166667,0.541534291666666,-3.05416070833333,-0.500451708333333,-1.16547770833333,0.127380291666666,0.253316291666667,-1.31904570833333,-0.160319708333334,-0.597816708333334,-0.588923708333334,-0.608766708333333,-1.49232170833333,-0.177914708333334
"Ces1d","ENSMUSG00000056973",1.16156666666667,1.06426666666667,1.00201666666667,1.09613666666667,1.16161666666667,1.54032666666667,0.718756666666666,0.555236666666666,0.564186666666666,0.499846666666667,0.679886666666667,0.699476666666666,-0.711283333333334,-0.144693333333334,-1.06609333333333,-0.167573333333333,-0.708833333333335,-0.111603333333335,-0.292273333333334,-0.833953333333334,-1.22042333333333,-1.32257333333333,-1.66964333333333,-2.49437333333333
"Wnt5a","ENSMUSG00000021994",0.123633333333334,0.362338333333334,0.207660333333333,1.18423333333333,0.929970333333333,0.799239333333333,1.13819433333333,1.22235033333333,1.27088433333333,0.761829333333333,0.908559333333333,1.11598033333333,-1.81425766666667,-1.85717266666667,-2.57550366666667,-0.279329666666666,-0.450585666666667,-0.421618666666666,0.0314033333333334,-0.197185666666667,-0.199016666666667,-0.664689666666667,-0.938079666666667,-0.658836666666667
"Nrep","ENSMUSG00000042834",0.898592333333333,0.928772333333333,0.730922333333332,1.12549233333333,1.58444233333333,1.51890233333333,0.857092333333332,0.925982333333332,0.402992333333332,0.571702333333333,0.686702333333333,0.237572333333333,-0.370527666666668,-2.57954366666667,-0.115087666666668,0.00548233333333314,-0.388887666666667,-0.180597666666667,-1.15461366666667,-1.27541666666667,-1.08824466666667,-1.30263866666667,-1.12745066666667,-0.891641666666667
"ILMN_3161036","ILMN_3161036",0.603345416666667,-0.0256425833333336,1.65810941666667,0.319608416666666,-0.261669583333334,0.375857416666666,1.17819441666667,2.10889741666667,0.779192416666667,1.40158741666667,0.145169416666667,1.82245141666667,-0.783269583333333,-0.861279583333333,0.269637416666667,-1.08854358333333,-0.948503583333334,-0.603017583333334,-0.853284583333334,-1.04627058333333,-1.06959858333333,-0.562618583333334,-1.02500658333333,-1.53334558333333
"Heyl","ENSMUSG00000032744",1.221690625,1.001809625,0.741636625,1.216011625,1.282949625,0.870592625,0.251996625,0.323195625,0.648562625,0.479584625,1.008232625,0.636495625,0.649736625,-0.0297853749999994,0.080678625,-0.376071375,-0.418901375,-0.184660375,-1.457701375,-1.345031375,-2.156518375,-0.914755374999999,-2.000604375,-1.529144375
"P2ry1","ENSMUSG00000027765",0.965505625,0.808095625,0.965795625,1.207255625,1.416115625,1.558105625,0.199503625,0.220206625000001,0.325749625,0.295827625000001,0.267021625,0.527425625000001,-1.987795375,-0.251550374999999,-2.266283375,0.468039625000001,0.573975625000001,0.377049625000001,-0.149149374999999,-0.783796375,-0.823848374999999,-0.974243374999999,-1.725516375,-1.213490375
"Tma16","ENSMUSG00000025591",1.36215558333333,1.38723358333333,1.27081458333333,1.76981958333333,1.61693758333333,1.57135558333333,-0.296917416666666,-0.379652416666667,-0.622722416666667,-0.485169416666666,-0.221484416666667,0.0755465833333337,0.172225583333334,0.217042583333334,0.195923583333333,0.0925075833333331,0.373976583333334,-0.143025416666666,-1.23984241666667,-1.53263641666667,-1.54587141666667,-1.27424341666667,-1.21408841666667,-1.14988541666667
"Acta2","ENSMUSG00000035783",0.964872083333335,0.940782083333334,1.04242208333333,0.816302083333333,1.23774208333333,1.05946208333333,0.116142083333335,0.287682083333333,-0.0970579166666656,0.110262083333334,0.329012083333334,0.591382083333334,1.34022208333333,-0.558587916666665,1.72528208333333,-0.389627916666665,-0.490747916666667,-0.425187916666665,-1.73066791666667,-1.85281791666667,-1.03112791666667,-1.68532791666667,-1.32486791666667,-0.975547916666667
"Cby1","ENSMUSG00000022428",1.08898945833333,1.08284645833333,0.510955458333334,1.55932745833333,1.49637345833333,1.84440845833333,-0.705984541666667,0.372391458333333,-0.0503665416666665,0.237420458333333,-0.922229541666666,0.589308458333334,0.115939458333334,0.0618664583333333,-0.256022541666666,0.546740458333334,0.402658458333334,0.294856458333333,-1.52541154166667,-1.07686754166667,-1.41144254166667,-0.796573541666667,-1.86852954166667,-1.59065454166667
"Gm49320","ENSMUSG00000109061",-0.526111291666667,-0.319561291666667,-0.500479291666667,-0.381735291666667,-0.108718291666667,-0.0142102916666671,1.69930270833333,1.68790970833333,1.68117970833333,1.57869870833333,1.32045170833333,1.36859870833333,-1.28279129166667,-0.837443291666667,-1.38801329166667,-1.24492829166667,-1.38264829166667,-1.23272229166667,-0.0784222916666675,-0.498167291666667,-0.270743291666667,0.335492708333333,0.433886708333333,-0.0388252916666669
"Mfap3l","ENSMUSG00000031647",1.34361341666667,1.33052341666667,1.39897341666667,1.31603341666667,1.33733341666667,1.67789341666667,0.465705416666667,0.286449416666667,0.115981416666667,0.0445054166666665,0.248064416666667,-0.227352583333333,-0.955280583333334,-0.524104583333333,-1.55743558333333,0.457753416666666,0.249818416666667,0.184998416666666,-0.721070583333333,-1.36436758333333,-1.03415658333333,-1.18809358333333,-1.66218858333333,-1.22359658333333
"Gng7","ENSMUSG00000048240",1.44989475,1.67828475,2.02104075,0.76349675,0.77494675,2.04264475,0.56621175,-0.19520225,-0.76942325,-0.30267725,0.35469175,-0.58727225,-0.66977325,-0.12178925,-0.30775825,0.0470157499999999,0.0677147500000004,0.21763375,-0.94950225,-1.28617625,-0.66978225,-1.11800525,-1.31278225,-1.69343225
"Fn3k","ENSMUSG00000025175",1.165173,0.917772999999999,1.017463,0.949703,1.078503,1.262993,0.243409,0.376116,0.306203999999999,0.112705999999999,0.405949,0.259257999999999,-1.9339,-0.351077,-2.538081,0.681042999999999,0.755432999999998,0.381267999999999,-0.169728000000001,-0.365695000000001,-0.522493000000001,-0.817829000000001,-1.411662,-1.802529
"Gm12892","ENSMUSG00000083679",1.18413941666667,1.27243941666667,1.49708941666667,1.23376941666667,1.47246941666667,1.03930941666667,0.041649416666667,0.186089416666666,-0.0140105833333326,0.113719416666667,0.380129416666668,0.258939416666667,-0.358680583333333,0.131719416666668,0.308399416666667,0.335739416666668,-0.231630583333333,0.202259416666667,-1.16152058333333,-1.31134058333333,-1.25958058333333,-1.61138058333333,-1.44444058333333,-2.26527658333333
"Pear1","ENSMUSG00000028073",-0.158479083333333,-0.611624083333333,-0.523900083333333,0.0921849166666666,0.0047939166666664,0.0231629166666671,1.57277091666667,1.76167991666667,1.59039391666667,1.65380691666667,1.42618591666667,1.23498191666667,-1.58549508333333,-0.996673083333333,-1.31630008333333,-1.29670908333333,-1.16872808333333,-0.980988083333333,-0.478218083333333,-0.500650083333333,-0.416648083333333,0.309244916666667,0.350230916666667,0.0149759166666668
"Adrb3","ENSMUSG00000031489",0.17793725,0.0214492499999999,0.142794250000001,-0.182496749999999,0.284741250000001,0.0641162500000005,1.59182525,1.60707825,1.49759925,1.49372925,1.49321825,1.28225125,-0.689663749999999,-0.49399775,0.43282925,-1.37562875,-0.77499975,-0.82498875,-1.27313875,-0.99341875,-1.07558975,-0.51122275,-0.0557127499999996,-1.83871075
"Tppp3","ENSMUSG00000014846",0.533696833333333,0.769000833333333,0.571271833333334,1.13795883333333,1.33744083333333,1.32536283333333,0.977771833333334,0.690310833333333,0.861910833333333,1.15491283333333,0.803377833333334,0.632861833333333,-1.77993216666667,-1.33677516666667,-0.660050166666666,-0.0678691666666662,0.077890833333333,-0.177659166666666,-0.669327166666666,-0.598190166666667,-0.987628166666666,-1.46935616666667,-1.22372616666667,-1.90325516666667
"Tceal5","ENSMUSG00000054034",1.084518125,1.152853125,1.318086125,1.471624125,1.336995125,1.386522125,-0.513015875,-0.212697875,-0.147485875,0.181963125,-0.490391875,0.576506125,-0.271003875,-0.470499875,-1.153940875,1.079057125,0.386502125,0.774895125,-0.967186875,-0.939829875,-0.685444875,-1.717968875,-1.833719875,-1.346335875
"Wnk2","ENSMUSG00000037989",0.884819416666666,0.736197416666666,0.866011416666666,1.64349941666667,1.39673041666667,1.62557641666667,-0.409193583333335,-0.463823583333334,-0.241239583333334,-0.0628065833333338,0.282807416666666,0.320360416666666,-0.221620583333335,0.777938416666666,-1.18618358333333,0.873055416666666,0.429118416666666,0.609023416666666,-0.608852583333334,-1.25303958333333,-1.44296058333333,-1.05577858333333,-1.49912158333333,-2.00051758333333
"ILMN_2909275","ILMN_2909275",0.917448458333333,1.07462245833333,0.881565458333334,0.848797458333333,1.17229745833333,0.812158458333334,0.846260458333334,0.438857458333334,1.06934945833333,0.524453458333333,0.522467458333334,0.655935458333333,-1.98559354166667,-1.40544154166667,-2.44424154166667,0.343597458333334,-0.0596675416666663,0.178171458333334,-0.246550541666666,-0.244873541666666,-0.709487541666666,-0.918294541666667,-1.36166754166667,-0.910164541666666
"Kcna6","ENSMUSG00000038077",0.905579458333333,0.600439458333334,1.13890445833333,1.27897745833333,1.76479645833333,1.69716545833333,-0.629237541666667,-0.806529541666666,0.0357644583333334,0.163240458333333,0.407113458333334,0.557260458333333,-0.744210541666667,-1.25100754166667,-0.195493541666666,0.947755458333334,0.285708458333334,0.420999458333333,-1.10343954166667,-0.497580541666666,-0.206592541666667,-0.988321541666666,-2.12702354166667,-1.65426854166667
"Fam78a","ENSMUSG00000050592",1.38613991666667,1.34386991666667,1.27047991666667,1.35482991666667,1.22820991666667,1.30782991666667,0.131479916666667,0.317639916666666,-0.205380083333335,-0.170770083333334,0.481039916666665,0.0823599166666664,-2.27567808333333,-0.944665083333334,-1.31109708333333,0.596649916666665,0.422379916666666,0.261199916666666,-0.517630083333334,-0.481360083333334,-0.598000083333334,-1.06700408333333,-1.24856908333333,-1.36395508333333
"Ypel4","ENSMUSG00000034059",-0.343672125,-1.142522125,-0.852345125,0.160004874999999,-0.631803125,0.0445628749999996,1.407212875,1.558453875,1.780944875,1.700486875,1.620924875,1.575619875,-1.153090125,-0.607982125,-0.254830125000001,-0.448407125,0.292573875,-1.156090125,-0.764798125,-0.733080125,-1.033769125,0.0203768750000002,-0.104633125,-0.934139125000001
"Rap1gap","ENSMUSG00000041351",1.40427216666667,0.680291166666667,1.09000216666667,1.57107216666667,1.45056216666667,1.11941216666667,0.0299121666666657,-0.468600833333333,-0.137520833333333,-0.155049833333333,-0.0670528333333333,-0.0607238333333342,-1.88381383333333,0.658224166666667,-1.20784083333333,0.697677166666667,0.966670166666667,0.358208166666666,-0.173776833333333,-0.451839833333334,-1.18430883333333,-1.67422583333333,-1.44248683333333,-1.11906283333333
"Snai3","ENSMUSG00000006587",1.39736066666667,0.931491666666666,1.12404866666667,1.24972266666667,0.300342666666666,1.33961666666667,0.162269666666667,0.373843666666666,0.194877666666667,0.259807666666667,0.979589666666666,0.301046666666666,-2.28793333333333,-0.949341333333334,-2.09753333333333,0.838202666666666,-0.0347583333333343,0.134217666666666,0.0889256666666665,-0.616986333333333,-0.504631333333333,-0.693407333333334,-1.03098933333333,-1.45978333333333
"Hcn2","ENSMUSG00000020331",0.974974999999999,0.948326999999999,1.092683,1.143043,1.222403,1.385493,0.0573129999999988,0.287341,0.182293,0.0869389999999992,0.628698,0.239407999999999,-0.640196000000001,-0.314081,-2.047713,0.864021999999999,0.0198399999999985,0.410107999999999,0.0493929999999985,-0.619379,-1.203162,-1.076743,-1.366779,-2.324226
"Kbtbd13","ENSMUSG00000054978",1.341649125,0.981563125000001,1.388865125,1.213662125,0.982165125,1.364341125,0.260606125000001,0.659018125000001,0.110544125000001,-0.0468938750000003,0.265899125000001,0.0283411250000007,-0.715268875,-0.158157874999999,-1.595207875,0.234353125,0.675517125000001,0.121310125000001,0.0191621250000011,-1.015179875,-0.892572875,-1.552813875,-1.943782875,-1.727118875
"Ifna15","ENSMUSG00000096011",0.915462874999999,-0.0850191249999988,0.362061875,0.970462875000001,0.959352875,0.969274875,0.941411875,0.176750875,0.898422875000001,0.425506875,0.440389875000001,0.412440875000001,0.472854874999999,0.824494874999999,-0.648039125,0.456899875000001,0.377364875000001,0.630224875,-1.383138125,-1.999501125,-2.132984125,-1.072076125,-1.395311125,-1.517309125
"Pfkfb2","ENSMUSG00000026409",0.833659083333332,1.12872908333333,1.04360908333333,1.16820908333333,1.27417908333333,1.45562908333333,0.294432083333334,0.0410850833333321,-0.0839699166666676,-0.168945916666667,0.525599083333333,-0.346589916666668,-1.44425991666667,-0.881136916666668,-1.38708991666667,0.691849083333333,0.835899083333333,1.20012908333333,-0.293204916666667,-0.692363916666666,-0.952559916666667,-1.02363991666667,-1.41080091666667,-1.80844591666667
"Mtfp1","ENSMUSG00000004748",0.880664833333334,1.08599483333333,0.872574833333333,1.41674483333333,1.13610483333333,0.920834833333334,0.656404833333333,0.834964833333334,0.607096833333333,0.580865833333334,0.538326833333334,0.740794833333334,-1.89313916666667,-0.970925166666666,-1.57140416666667,0.166400833333334,-0.0941821666666662,0.0468798333333336,-0.329401166666667,-0.759027166666666,-0.842732166666666,-0.932711166666666,-1.51153116666667,-1.57960016666667
"Slc18b1","ENSMUSG00000037455",0.583055958333333,0.460910958333333,0.508436958333333,1.55134195833333,1.35222595833333,1.18690395833333,0.265464958333333,-0.0586180416666666,-0.060813041666667,0.176895958333333,0.249605958333333,0.218135958333333,-2.51776704166667,-1.02944004166667,-2.08505904166667,0.902493958333333,0.896439958333333,0.904485958333333,-0.467125041666667,-0.391582041666667,-1.04966304166667,-0.515856041666667,-1.00212304166667,-0.0783520416666672
"Mrpl45","ENSMUSG00000018882",1.478069875,1.512382875,1.556033875,1.460523875,1.104004875,0.921985875,0.487415875,0.220035875,0.0339208749999997,-0.168054125,-0.883744125000001,0.400397874999999,-0.572058125000001,0.359183874999999,-1.037096125,-0.182487125000001,0.548363875,-0.265152125,-0.776416125,-0.693232125000001,-1.372654125,-0.831145125,-1.384268125,-1.916012125
"Jam3","ENSMUSG00000031990",0.411523208333334,0.434988208333333,0.368408208333333,0.816169208333334,0.681438208333334,0.907331208333334,0.710512208333333,1.61099220833333,1.02691220833333,1.30188020833333,1.25003820833333,1.09975420833333,-0.759344791666666,-1.56502479166667,-1.13988979166667,-0.225729791666667,-0.122838791666666,-0.728300791666666,-0.323274791666666,-1.03502979166667,-1.61263279166667,-1.61317879166667,-0.827865791666667,-0.666836791666666
"Lrrn1","ENSMUSG00000034648",0.839136458333334,0.329295458333334,-0.427327541666667,1.37606545833333,1.59143145833333,1.01400345833333,0.240004458333333,1.15977145833333,0.897227458333334,1.48181945833333,0.824049458333334,-1.46206454166667,0.475857458333333,-0.740142541666666,0.0189004583333334,0.467352458333334,-0.698478541666666,-0.865643541666667,-0.935268541666666,-1.22875054166667,-1.28079354166667,-1.54597954166667,-0.781599541666667,-0.748866541666667
"Lmod3","ENSMUSG00000044086",0.775050541666666,0.733510541666666,0.977850541666665,1.16174054166667,0.913740541666666,1.14736054166667,0.0850705416666653,-0.0688794583333348,-0.0576094583333333,-0.0105494583333332,0.262090541666666,0.190630541666666,-2.39946645833333,-1.46577545833333,-2.06164745833333,1.13842054166667,0.776930541666665,0.962140541666665,0.128730541666666,-0.335109458333335,-0.322059458333333,-0.592161458333335,-0.572980458333333,-1.36702845833333
"Slc25a29","ENSMUSG00000021265",1.62509758333333,1.42949158333333,1.21747358333333,1.31558158333333,0.985056583333333,1.35938858333333,0.105873583333334,0.298743583333334,-0.0121854166666671,-0.707077416666666,0.239382583333334,0.142524583333334,-0.831457416666667,0.104563583333333,-0.387413416666667,0.152767583333334,-0.138726416666667,0.215927583333333,-0.439604416666667,-0.718498416666667,-0.879849416666667,-1.18939341666667,-1.40396741666667,-2.48369941666667
"Bbs10","ENSMUSG00000035759",0.877296250000001,0.65129825,0.53274225,0.97995125,0.87935225,1.29411625,-0.13126675,0.19364525,0.23784325,0.368401250000001,0.308735250000001,0.216134250000001,-1.98264575,0.13014225,-2.38734075,0.73889725,1.00450425,0.72484925,0.23452925,-0.52893275,-0.42891375,-0.79136475,-1.21292775,-1.90904575
"Rab3a","ENSMUSG00000031840",0.946728,0.857488,1.029848,1.271668,1.250478,1.526558,0.0870119999999996,0.302688,0.17365,0.282297999999999,0.498628,0.180963,-1.485694,-0.269970000000001,-1.888843,0.557008,0.394997999999999,0.543618,-0.295046000000001,-0.673653,-0.863462,-1.255323,-1.455888,-1.715752
"Gnaz","ENSMUSG00000040009",0.920076333333333,1.43520633333333,0.962020333333333,1.55233033333333,1.72618233333333,1.39570433333333,-0.370323666666667,-0.224329666666667,-0.388958666666667,0.587340333333334,-0.140974666666667,-0.500406666666667,-0.989415666666667,-0.435040666666667,0.205692333333333,0.573403333333333,0.281006333333333,0.429525333333333,-1.21894866666667,-1.84789866666667,-0.497320666666667,-1.31910766666667,-0.854138666666667,-1.28162366666667
"Cdkn1c","ENSMUSG00000037664",1.03444325,0.926093249999999,1.31500325,1.22846325,1.28110325,1.35916325,0.44057325,0.38750325,0.43884325,0.54107325,0.37038325,0.26461325,-0.97117875,-0.22491675,-0.18516675,0.454903249999999,-0.38974675,0.0478732500000003,-1.21640475,-1.22220375,-1.15194075,-1.35530675,-1.36318875,-2.00998175
"Alox5","ENSMUSG00000025701",-0.194231666666666,-0.208625666666666,0.0871423333333334,1.20347433333333,1.31813633333333,1.32936333333333,1.18265933333333,1.22306933333333,1.22118133333333,0.665754333333334,0.290228333333334,0.0931243333333338,-1.70843866666667,-2.21526866666667,-1.07558666666667,0.294788333333334,0.230574333333334,0.022219333333334,0.0486943333333336,-0.295221666666666,-0.221264666666666,-0.997008666666666,-0.966315666666667,-1.32844766666667
"Gm49405","ENSMUSG00000024869",0.649982874999999,0.610282874999999,0.893242874999999,1.250752875,1.201592875,1.395792875,0.381052875,0.662472874999999,0.571922874999998,0.363602875,0.570992875,0.405792874999999,-0.885583125,-0.248477125000001,-1.683965125,0.557732874999999,0.172992874999998,0.122252874999999,-0.351007125000001,-0.929611125000001,-1.015207125,-0.959289125000002,-1.218620125,-2.518703125
"Krt222","ENSMUSG00000035849",1.16074125,0.95275825,0.84076525,1.26112325,0.91434225,1.02996825,0.48524625,0.60076425,-0.0632157500000003,0.00390324999999958,-0.10573475,-0.20222675,-1.40068475,-0.26572075,-1.22796775,0.69291825,0.65852925,0.63878825,-0.33543475,-0.0648887499999997,-0.27703975,-1.17475375,-1.43530575,-2.68687475
"Mmp15","ENSMUSG00000031790",0.66020325,0.836373250000001,0.681333250000002,0.88477325,0.76517325,0.827403250000001,0.828393250000001,1.07762325,0.82077325,0.842443250000001,0.730053250000001,0.830223250000001,-2.37363275,-1.07263375,-1.76054875,-0.0192577499999995,-0.20641575,-0.433480749999999,0.13706825,-0.0827257499999998,-0.416175749999999,-0.919271749999998,-1.26538275,-1.37231175
"Efhd1","ENSMUSG00000026255",0.190983541666666,0.721134541666666,0.411030541666666,1.10904454166667,1.38764154166667,0.807900541666667,0.947617541666666,1.30656754166667,1.23142754166667,1.26632954166667,0.747452541666667,0.256869541666667,-0.790463458333333,-1.44107745833333,-2.09012145833333,-0.655235458333333,-0.833778458333334,-0.742771458333333,-1.00733445833333,-0.718573458333333,-0.200181458333334,-1.07639645833333,-0.429410458333333,-0.398655458333334
"L3hypdh","ENSMUSG00000019718",-0.550097791666667,-0.742612791666667,-0.386372791666667,-0.157742791666667,0.236890208333333,-0.222513791666667,1.72540020833333,1.17408520833333,1.06537720833333,1.13842820833333,2.10006020833333,1.32013620833333,-1.66123179166667,-1.79515279166667,-1.25505379166667,-0.156733791666667,-0.466005791666667,-0.758812791666667,0.0216402083333334,-0.107729791666667,-0.107993791666667,0.111024208333333,-0.240102791666667,-0.284884791666667
"Cdk5r1","ENSMUSG00000048895",1.26921683333333,0.861405833333333,1.14095083333333,1.26289583333333,1.63120683333333,1.37867183333333,-0.075805166666667,0.519621833333333,-0.0512041666666665,-0.479036166666667,0.224343833333333,-0.402860166666667,-1.23075116666667,0.424652833333333,-0.870446166666667,0.498388833333333,0.502471833333333,0.174709833333333,-0.245527166666666,-1.10042116666667,-0.803782166666667,-1.48258216666667,-1.47337816666667,-1.67274316666667
"Spata2l","ENSMUSG00000033594",1.18106579166667,1.04573779166667,0.792386791666667,1.36856079166667,1.56861079166667,1.23253779166667,-0.00878520833333329,0.630140791666666,0.00332379166666641,-0.534405208333333,0.240155791666667,-0.390686208333333,-1.46666720833333,0.476132791666666,-1.39996720833333,0.675509791666666,0.274911791666667,0.577128791666667,-0.421282208333333,-0.648173208333334,-0.961084208333333,-1.43341420833333,-1.37326720833333,-1.42847120833333
"Pi16","ENSMUSG00000024011",1.07334908333333,1.30305908333333,1.11546908333333,1.44544908333333,1.43860908333333,1.22550908333333,-0.0814109166666661,-0.124247916666667,-0.219266916666665,0.0616590833333337,0.194149083333334,-0.401460916666666,-0.448380916666666,0.228639083333334,0.0832190833333346,0.624079083333333,0.135159083333335,0.241139083333334,-0.818200916666665,-1.19052291666667,-1.09540391666667,-1.16042291666667,-1.28479591666667,-2.34537391666667
"Dok4","ENSMUSG00000040631",1.020070625,1.111785625,0.895286625000001,1.670911625,1.648911625,1.301421625,0.175222625,-0.0721103749999994,-0.180299374999999,0.164358625,0.305969625000001,0.262957625,-0.519135374999999,-0.737618374999999,0.0706686250000015,0.440714625,-0.00791637499999887,0.255738625000001,-0.640393374999999,-1.489394375,-1.619900375,-1.400921375,-1.397521375,-1.258807375
"Cytl1","ENSMUSG00000062329",0.623934291666666,0.690173291666666,0.929722291666666,1.45367529166667,1.21257029166667,2.58349329166667,0.360084291666666,-0.218100708333334,-0.137386708333334,-0.310950708333333,-0.494944708333334,-0.674991708333334,-0.713714708333334,0.291046291666667,-1.48278270833333,0.309839291666666,-0.382286708333334,0.520480291666667,-0.627038708333334,-0.255657708333334,0.0560272916666662,-0.486542708333334,-1.44479270833333,-1.80185570833333
"Lamb3","ENSMUSG00000026639",0.99886225,0.705910249999999,0.643120249999999,1.17800225,1.30689225,1.29685225,0.22375525,0.50437425,0.50780125,-0.22299475,-0.30833475,-0.215943750000001,-1.32608575,1.43807225,-1.90850375,0.23822425,-0.12299675,-0.0621667500000012,0.217338249999999,-0.175429750000001,-0.63552975,-0.85105575,-1.38271575,-2.04744775
"Cux2","ENSMUSG00000042589",0.459367208333333,0.854621208333333,0.298749208333333,0.940036208333334,0.797795208333334,0.652366208333333,0.969430208333334,0.921956208333333,0.774393208333333,0.714186208333333,0.610604208333333,0.461980208333333,-1.99834079166667,-1.23658879166667,-2.77651679166667,0.163162208333333,-0.413804791666667,-0.371898791666667,0.493300208333333,-0.268994791666667,-0.305475791666667,-0.0407307916666673,-0.437146791666667,-1.26244979166667
"Abca6","ENSMUSG00000044749",0.994284708333334,1.01833070833333,0.555451708333333,1.24729170833333,0.871841708333333,1.95523070833333,-1.07799029166667,-0.457872291666667,0.547227708333334,0.286420708333333,0.411834708333333,0.353966708333333,-0.0126002916666668,0.0122017083333334,0.392562708333333,0.614391708333334,-0.247260291666667,0.562507708333333,-1.27338329166667,-1.42632829166667,-1.32349829166667,-1.46794929166667,-1.27688729166667,-1.25977529166667
"Ankrd37","ENSMUSG00000050914",1.14337625,1.29943225,0.801006250000001,1.41951325,1.23149125,1.06644625,-0.15967375,-0.04440475,-0.0466677499999992,-0.0574547499999998,0.24977625,0.31069025,-0.14450675,-0.45094475,-0.95007675,0.614541250000001,0.324469250000001,0.76146425,-0.18172375,-1.05841475,-1.08991575,-1.02199575,-2.10266575,-1.91376175
"Pltp","ENSMUSG00000017754",0.188992708333336,0.613988708333336,1.56730170833333,0.257028708333335,0.178429708333331,0.319866708333334,1.02483170833334,0.742009708333333,0.541736708333334,0.549473708333336,0.628280708333333,0.281155708333335,-2.67864629166666,-1.44570329166667,-0.0926192916666668,0.115607708333334,-1.08240729166667,0.0940817083333325,1.01963370833333,-0.258203291666666,-0.262144291666667,0.257197708333335,-0.436145291666667,-2.12374829166667
"Hmcn1","ENSMUSG00000066842",1.264921,1.235157,1.134736,1.499316,1.389129,1.38088,0.255699999999999,-0.0749870000000001,-0.653438,-0.178540000000001,-0.461997,-0.693685,-1.153061,-0.296263000000001,-1.332176,0.433698,0.337877,1.13432,-0.435124,-1.005854,-0.684849000000001,-0.409886,-1.038759,-1.647115
"Lynx1","ENSMUSG00000022594",1.12288958333333,1.01524958333333,1.13085958333333,1.19470958333333,1.26610958333333,1.49585958333333,0.123079583333334,0.0297095833333341,0.0433295833333336,0.0990595833333341,0.206919583333333,0.223829583333334,-0.940890416666667,0.0663195833333337,-1.02000041666667,0.654169583333333,0.415939583333333,0.283109583333333,-0.596980416666666,-0.856310416666666,-1.03921041666667,-1.31302041666667,-1.69990041666667,-1.90483041666667
"Klhl23","ENSMUSG00000042155",1.009698375,1.283800375,0.974379375,1.277171375,1.569431375,1.353125375,-0.483425625000001,-0.155853625000001,-0.526366625000001,-0.473361625,0.196310374999999,0.149943374999999,-0.264242625000001,0.217649375,-0.381239625,0.796449375,0.464523375,0.464825374999999,-0.527466625000001,-1.077900625,-1.412411625,-1.343363625,-1.273016625,-1.838658625
"Ttc12","ENSMUSG00000040219",1.645022875,1.523847875,1.361827875,1.244900875,1.392419875,1.034989875,-0.783892124999999,-0.400965125,-0.394652124999999,-0.373697125,-0.0586891249999999,-0.0379911249999996,-0.511604125,-0.0478351249999998,0.0322988750000004,0.544270875,0.354050875,0.521210875,-1.034002125,-1.261844125,-0.944997125,-1.455586125,-1.180053125,-1.169032125
"Lrtm1","ENSMUSG00000045776",0.944332291666667,0.928342291666667,1.00453229166667,0.806462291666666,0.916682291666666,0.888732291666667,0.402852291666667,0.323902291666666,0.474282291666666,0.229342291666667,0.371572291666666,0.463342291666667,-1.28493770833333,0.277282291666667,-2.52920970833333,0.538652291666667,0.0131222916666669,0.501642291666666,0.0802622916666671,-0.599127708333334,-0.695227708333334,-0.773127708333334,-1.25492770833333,-2.02878070833333
"Ibsp","ENSMUSG00000029306",0.0789102499999998,-0.58332775,-0.64150775,0.56380125,0.94656125,0.41154825,1.10155825,1.53502525,1.08471525,1.23809425,1.61691425,1.37261025,-1.47619275,-1.21755775,-0.71706975,-1.09794875,-0.76853575,-0.82288175,-0.88869975,-0.19807375,-0.84904875,-0.18040675,0.11978225,-0.62826975
"Sparcl1","ENSMUSG00000029309",0.0844165416666671,0.151342541666667,0.273021541666667,0.115799541666667,0.0224465416666666,0.104235541666667,0.654430541666667,1.06969454166667,1.42513754166667,1.57344254166667,1.01016454166667,1.49832054166667,-1.05474945833333,-1.52826045833333,-2.41077545833333,-0.706202458333333,-1.04312545833333,-0.524196458333333,0.433324541666667,-0.112745458333333,-0.0589214583333328,0.0681065416666673,-0.202230458333333,-0.842676458333333
"Rmnd1","ENSMUSG00000019763",0.201365083333334,0.290055083333334,0.268955083333333,1.64203508333333,1.71222508333333,1.57182508333333,0.154423083333334,0.0552570833333341,0.102840083333334,0.0270540833333346,0.348415083333334,0.169836083333333,-1.65760591666667,-0.861750916666667,-1.51716691666667,0.847615083333334,0.891265083333334,0.934135083333334,-0.529591916666666,-0.669517916666667,-0.919661916666666,-0.871125916666665,-1.01671891666667,-1.17416091666667
"Ankrd24","ENSMUSG00000054708",1.33713195833333,1.69090995833333,0.720976958333333,1.10419595833333,1.04866895833333,1.04779295833333,0.133838958333333,-0.262132041666667,0.367660958333333,-0.0978810416666667,-0.158178041666667,-0.0512930416666668,-1.29680904166667,0.250501958333333,-0.827407041666667,0.821389958333334,0.595293958333333,0.416164958333333,-1.12991804166667,-0.517756041666667,-0.886449041666666,-1.04614004166667,-1.61452304166667,-1.64604104166667
"Metrn","ENSMUSG00000002274",0.391990041666668,0.750444041666668,0.257049041666667,1.36313404166667,1.28251404166667,1.44593404166667,0.225520041666668,0.712304041666668,0.501117041666667,0.850784041666667,1.09395404166667,0.788864041666667,-0.357631958333332,-0.475539958333332,-1.04234395833333,0.0877920416666669,-0.307593958333333,-0.108500958333332,-0.865556958333332,-0.927920958333333,-1.20711195833333,-1.50251595833333,-1.15084495833333,-1.80583895833333
"ILMN_2710176","ILMN_2710176",0.0204873333333335,0.634608333333334,0.808244333333333,1.11280633333333,0.604046333333333,1.67369533333333,0.285223333333334,0.923398333333334,1.34837833333333,0.374957333333333,0.257091333333333,-0.153426666666666,-0.907291666666667,-0.659796666666666,-0.537535666666666,0.264418333333333,0.109687333333333,1.01614533333333,-1.88270466666667,-0.540695666666667,-0.608411666666667,-1.66108966666667,-1.11235666666667,-1.36987866666667
"Prkcz","ENSMUSG00000029053",0.575618458333333,1.12971045833333,1.14992045833333,0.865322458333333,1.33371745833333,1.65551145833333,0.504707458333333,0.213427458333333,0.897618458333333,0.130237458333333,0.214918458333333,0.337844458333333,-1.91113054166667,0.00759045833333261,-1.39013554166667,0.015218458333333,0.277166458333333,-0.260805541666667,-1.07555454166667,-0.597848541666667,-1.08550054166667,-0.915783541666667,-0.762539541666667,-1.30923154166667
"Kcnk2","ENSMUSG00000037624",1.69323120833333,1.73680020833333,1.87048020833333,0.482361208333334,0.937486208333334,0.883206208333333,0.0451672083333339,-0.458864791666667,-0.311594791666667,-0.505550791666667,-0.118435791666666,0.111320208333334,0.241109208333333,-1.23053379166667,0.987444208333334,-0.293208791666666,0.116940208333333,-0.455031791666666,-1.09755079166667,-1.61044979166667,-1.04863379166667,-0.813336791666666,-0.598359791666667,-0.563994791666667
"Dnajc28","ENSMUSG00000039763",0.822023958333332,0.789703958333332,0.916893958333333,1.10429395833333,1.21469395833333,1.37490395833333,0.399013958333333,0.271403958333332,0.262353958333332,0.402743958333332,0.439063958333332,0.275533958333332,-2.10904804166667,0.228803958333332,-1.98431204166667,0.215253958333333,0.314143958333332,0.146003958333333,-0.388826041666666,-0.721783041666667,-0.737722041666668,-0.890518041666667,-1.22485704166667,-1.11976704166667
"Fzd10","ENSMUSG00000081683",0.813617083333333,0.020218083333333,-0.0546929166666663,0.858164083333333,0.396333083333333,0.731519083333334,1.03507908333333,0.962788083333333,0.930021083333333,1.32552108333333,1.04065208333333,1.15605008333333,-0.955704916666667,0.435582083333333,-1.70571391666667,-0.873020916666666,-1.45654791666667,-1.45439391666667,0.0188630833333336,-0.429189916666667,-0.559231916666667,-0.220452916666667,-0.855813916666667,-1.15964491666667
"Slc6a17","ENSMUSG00000027894",1.56322875,0.90260675,1.27800975,0.76035075,1.20428375,1.70822875,-0.12820425,0.15533975,-0.16998325,-0.41748025,-0.35843925,-0.22318825,-0.26378325,0.81148075,0.23895275,0.57694075,-0.61787325,-0.38342825,-0.69182125,-0.77624525,-1.25779025,-0.47580625,-1.54366825,-1.89171125
"Icam4","ENSMUSG00000001014",0.801217,1.192355,1.116345,1.355583,0.771632,1.504558,0.3814,1.072355,0.135383,0.453476,-0.248941,0.289939,-0.661861,-0.510102,-0.561981,-0.316195,0.435703,-0.746058,-0.494846,-0.416141,-1.148095,-1.967261,-0.696513,-1.741952
"Mterf2","ENSMUSG00000049038",0.647214291666666,0.416452291666666,0.505119291666666,1.13124229166667,0.798221291666666,1.06165529166667,0.472838291666666,0.644079291666667,0.591997291666667,1.04112929166667,0.649022291666666,0.468204291666667,-2.05005470833333,0.202071291666667,-2.01277770833333,0.0918992916666665,-0.165140708333333,0.436589291666666,-0.124926708333334,-0.829395708333333,-1.07069370833333,-0.249462708333334,-1.13856870833333,-1.51671470833333
"Amigo3","ENSMUSG00000032593",0.709272583333334,0.860890583333334,0.535329583333334,1.49921558333333,1.28724158333333,1.37982558333333,0.353950583333334,1.02718858333333,-0.193666416666666,-0.544431416666666,0.297820583333333,-0.512421416666666,-0.354822416666666,-0.600057416666666,-0.261927416666667,0.715222583333333,0.585940583333334,0.217268583333333,-0.272951416666666,-0.842856416666666,-1.42462641666667,-1.68526741666667,-0.964360416666667,-1.81177841666667
"Dct","ENSMUSG00000022129",0.212439666666667,0.538747666666667,0.00424866666666635,1.79429766666667,1.38387966666667,0.803842666666667,0.0299796666666667,-0.335036333333333,0.177289666666667,0.291175666666667,0.283542666666666,1.13664566666667,0.387540666666666,1.57425866666667,-1.50502833333333,-1.11240033333333,-0.980825333333334,0.227423666666667,-0.147686333333334,-0.561400333333333,-0.918282333333334,-0.504709333333333,-0.964982333333333,-1.81496133333333
"Tspan18","ENSMUSG00000027217",0.950099541666667,1.84248954166667,0.298888541666667,0.614170541666667,0.883406541666667,-0.0339514583333331,0.915281541666667,0.892302541666667,0.892741541666667,0.923674541666667,0.778560541666667,0.582701541666667,-0.0926194583333331,-0.0993054583333333,-0.460881458333333,-1.03419745833333,-1.84238945833333,-1.64967645833333,-0.648707458333333,-0.824881458333333,-0.748120458333333,-0.758679458333333,-0.429111458333333,-0.951795458333333
"A830018L16Rik","ENSMUSG00000057715",-0.293861,0.304636,-0.139681,1.184527,1.06287,0.672671,1.383818,1.326035,0.996472,1.200184,0.620334000000001,0.654871,-1.261124,-0.616554,-0.575085,-0.210510999999999,-0.744939,0.140088,0.036556,-1.875002,-0.943459,-0.653007,-1.224768,-1.045071
"Asb2","ENSMUSG00000021200",1.0680075,0.9351175,1.0980375,1.1571075,1.2096575,1.4213775,-0.146682499999999,-0.0785124999999987,-0.147952499999999,-0.160342499999999,0.0905675000000006,-0.0951924999999996,-0.5863125,0.149167500000001,-0.1791325,0.6895875,0.576977500000002,0.675167500000001,-0.666682499999999,-0.993822499999998,-1.3039725,-1.3627725,-1.6506025,-1.6987925
"Fabp5","ENSMUSG00000027533",0.495934166666667,-1.30594183333333,0.0989251666666666,1.34755516666667,1.06911916666667,1.53080016666667,1.32303116666667,0.741057166666667,0.497387166666667,0.839306166666667,0.350039166666667,0.631894166666667,-1.58692583333333,-1.02618583333333,-0.259037833333333,0.0724711666666664,-0.406501833333333,0.259916166666667,0.0557371666666668,-0.238821833333334,-0.648065833333333,-1.44013983333333,-1.29770283333333,-1.10384983333333
"Rad51c","ENSMUSG00000007646",0.510645666666666,0.606276666666666,0.537316666666666,1.68777566666667,1.27603866666667,1.19901766666667,0.507315666666666,0.375252666666666,0.253550666666666,0.135839666666667,-0.657408333333334,-0.0889923333333336,-1.42428033333333,0.301108666666666,-1.21400833333333,0.589225666666667,0.693745666666667,0.873288666666666,-0.181723333333333,-1.33211533333333,-1.14376033333333,-0.821421333333333,-1.43387733333333,-1.24881133333333
"Clec4g","ENSMUSG00000074491",0.312568666666666,0.257069666666667,0.458058666666667,1.30743166666667,1.10653566666667,1.67092366666667,0.430010666666667,0.229568666666667,0.0171026666666672,-0.234438333333333,0.826039666666667,0.164944666666667,-2.04618833333333,-2.02152933333333,-1.50713933333333,0.886735666666667,0.389997666666667,0.262868666666667,-0.199981333333334,-0.0155873333333334,-0.391123333333333,-0.251769333333333,-0.642819333333333,-1.00928033333333
"Siglech","ENSMUSG00000051504",0.875084875,1.531052875,1.578735875,0.810684875,1.112645875,0.930617875,0.566978875,-0.092424125,0.541731875,-0.074915125,0.120178875,-1.203875125,0.0464098750000002,-0.169066125,0.688673875000001,0.0240238750000001,-0.0429481249999997,-0.013416125,-1.058630125,-1.145943125,-0.818301125,-1.852347125,-1.126827125,-1.228126125
"Ralgps2","ENSMUSG00000026594",0.610187333333332,0.648976333333334,0.653933333333333,1.38040233333333,1.63049633333333,1.63685933333333,-0.0902786666666664,-0.011058666666667,0.0567273333333329,0.103624333333332,-0.0945906666666669,-0.300619666666668,-2.00384966666667,-0.337479666666667,-1.49085466666667,0.765917333333332,0.724502333333334,0.607748333333333,-0.410029666666667,-0.622120666666667,-0.504035666666667,-0.967653666666667,-0.731871666666667,-1.25493166666667
"P4ha1","ENSMUSG00000019916",0.792738166666667,0.883628166666667,0.922183166666666,1.46769816666667,1.63105916666667,1.16853016666667,0.0960771666666664,-0.0845988333333336,0.0213951666666663,0.415350166666665,0.225005166666667,0.366931166666666,-1.35371683333333,-0.347581833333334,-1.15177583333333,0.159160166666667,0.655108166666666,0.196353166666666,-0.534130833333334,-1.83531483333333,-1.46496283333333,-0.566256833333334,-1.12374483333333,-0.539133833333334
"D830030K20Rik","ENSMUSG00000096039",0.602582166666666,0.972639166666666,0.262727166666666,1.58798016666667,1.48053316666667,0.736512166666667,-0.126241833333333,0.116406166666667,-0.263513833333334,0.602597166666667,0.342523166666666,0.541887166666666,0.122784166666666,0.626385166666666,-0.757595833333333,0.219226166666666,0.721454166666667,-0.0965028333333331,-0.987610833333333,-0.406801833333334,-1.31448883333333,-1.53639683333333,-1.81291783333333,-1.63416683333333
"Nrip2","ENSMUSG00000001520",1.73963445833333,1.79437245833333,0.269999458333333,0.633165458333333,1.13808745833333,0.853760458333333,-0.711564541666667,-0.719234541666667,0.218659458333333,0.614894458333333,0.225380458333333,0.258807458333334,-0.814484541666667,0.339380458333333,0.0977934583333333,0.251040458333333,0.169672458333333,0.323914458333333,-0.242351541666667,-0.938764541666667,-1.04174754166667,-1.75689554166667,-1.30505654166667,-1.39846354166667
"C1qtnf2","ENSMUSG00000046491",0.62096,0.584837,0.639324,1.216315,1.219187,1.315884,0.491389999999999,0.795294999999999,0.459363999999999,0.597244,0.527298,0.167757999999999,-1.853262,-2.074794,-0.792592,0.426155,0.0981329999999989,0.0776830000000004,-0.454029,-0.649549,-0.483018,-0.910786,-0.850306,-1.168491
"Dcakd","ENSMUSG00000020935",1.09757041666667,1.06285041666667,1.24620041666667,1.21672041666667,1.34913041666667,1.40262041666667,0.0184204166666664,-0.0418295833333335,-0.151529583333334,0.00193041666666716,0.0898904166666679,-0.0139395833333325,-0.881499583333333,-0.485979583333332,-0.611309583333332,0.505950416666668,0.718720416666667,0.464870416666667,-0.944339583333333,-1.07999958333333,-1.15854958333333,-1.27121958333333,-1.42698958333333,-1.10768958333333
"Mamdc2","ENSMUSG00000033207",0.9056885,1.3303745,1.6262095,0.726218500000001,1.2428155,0.7700085,0.3153885,-0.0982284999999994,0.464247500000001,0.0542485000000008,0.3574365,-0.3278785,-1.3234495,-1.2774305,-0.1994715,0.0229865,0.00949650000000002,0.3785515,0.2295295,-0.3948145,-0.8435805,-0.6114685,-1.0422985,-2.3145795
"Rbfox1","ENSMUSG00000008658",1.18402575,1.21829575,1.07626575,1.14989575,1.14251575,1.41764575,0.21710575,0.31808575,0.26801575,-0.13167425,-0.18136425,-0.0804142499999987,-0.725634249999999,0.27683575,-0.97724425,0.417615750000001,0.0965757500000013,0.11758575,-0.328624249999999,-0.85079425,-1.10012425,-1.18692425,-1.70252825,-1.63513825
"Uts2r","ENSMUSG00000039321",0.849091583333333,0.187128583333333,0.814190583333334,0.257615583333333,-0.373105416666667,0.750214583333333,1.35659058333333,1.40390758333333,-0.259919416666667,0.798533583333334,1.06722358333333,0.162714583333333,-0.581298416666667,-0.873761416666667,-0.726334416666667,-0.463201416666667,0.273990583333333,-0.632565416666667,1.18167458333333,-0.128050416666667,-0.744474416666667,-0.520009416666667,-1.73440541666667,-2.06575041666667
"Oxld1","ENSMUSG00000039670",0.796552875000001,0.933162875000001,0.773562875000001,1.282272875,1.074922875,1.121362875,0.711192875,0.830582875000001,0.544812875,0.359772875000001,0.399652875000001,0.428272875000001,-1.530416125,-0.148807124999999,-1.994739125,0.0999928749999999,-0.165937124999999,-0.327417124999998,-0.330117124999999,-0.819226125,-0.887791125,-0.691737125,-1.276336125,-1.183593125
"Rnf207","ENSMUSG00000058498",1.00982579166667,1.06228979166667,1.03880879166667,1.26979179166667,0.998226791666667,1.24436179166667,0.329924791666667,0.209316791666666,0.033357791666667,-0.304776208333333,0.364515791666667,0.067918791666667,-1.59172020833333,-0.627758208333334,-1.23400520833333,0.434168791666666,0.595015791666667,0.283687791666667,-0.071506208333334,-0.354134208333333,-0.450821208333333,-0.974490208333333,-1.61019920833333,-1.72180020833333
"ILMN_2524573","ILMN_2524573",-0.367831375,-0.352263375,-0.398769375,-0.316755375,-0.306324375,-0.388490375,1.224255625,1.595096625,1.458910625,1.276733625,2.158903625,1.217536625,-0.612396375,0.0571196250000003,-0.372394375,-0.310889375,-0.347339375,-0.332993375,-0.536384375,-0.873714375,-1.016208375,-0.801529375,-0.922081375,-0.732191375
"Myh8","ENSMUSG00000055775",0.837947041666666,1.08067704166667,0.597077041666665,1.40797704166667,1.02072704166667,1.12791704166666,0.691557041666666,0.302687041666665,0.431057041666666,0.182887041666666,0.372957041666666,0.376567041666666,-0.458816958333335,0.157297041666666,-1.67268795833333,-0.0745759583333339,-0.574197958333334,-0.133603958333335,0.173177041666666,-0.697764958333334,-0.839291958333334,-0.896389958333334,-1.11100495833333,-2.30217395833333
"Paqr4","ENSMUSG00000023909",-0.737038166666667,0.726939833333333,0.667346833333333,1.55150283333333,1.32651483333333,1.07972683333333,0.576158833333333,0.638897833333333,0.766172833333333,0.539006833333333,0.489991833333333,0.684147833333333,-1.02778116666667,-1.26269216666667,-2.18511016666667,0.0706988333333332,-0.200713166666667,-0.0488271666666673,-0.784320166666667,-0.656052166666667,-0.571370166666667,-0.935223166666667,0.0874418333333331,-0.795420166666667
"Mettl17","ENSMUSG00000004561",1.447725875,1.355921875,1.400285875,0.984430874999999,0.834456874999999,1.083396875,0.138292874999999,0.321452875,0.230935875,0.0809298749999989,0.293845874999999,0.108392875,-1.078099125,-0.180434125,-0.854866125000001,-0.0670611250000004,0.373884875,0.124481874999999,-0.455896125000001,-1.039674125,-1.040781125,-1.141492125,-1.910338125,-1.009793125
"Slc24a3","ENSMUSG00000063873",0.959191708333333,0.917730708333333,0.752820708333334,0.688621708333334,1.04254370833333,1.21973170833333,0.701764708333333,0.640380708333334,0.798702708333333,0.711731708333334,0.698293708333334,0.522303708333333,-1.04168529166667,-0.574714291666666,-0.827845291666667,0.132392708333334,-0.463402291666666,0.0335727083333337,-0.958959291666667,-0.673413291666667,-0.668306291666666,-1.56890729166667,-1.57738529166667,-1.46516429166667
"Ckm","ENSMUSG00000030399",0.896217500000001,0.9038875,0.9049075,1.0026175,1.0329075,0.938867500000001,0.3486975,0.619787500000001,0.3683975,0.4448875,0.3342075,0.376967500000001,0.1784075,0.443787500000001,-0.4280025,0.0686874999999993,-0.540442499999999,-0.2519825,-0.4319425,-1.1781825,-1.4185625,-1.1362725,-1.0198325,-2.4580125
"Pank1","ENSMUSG00000033610",0.671532291666667,0.567022291666667,0.716802291666667,1.13030229166667,1.32323229166667,1.29592229166667,0.00436229166666813,0.00834229166666667,0.131162291666667,0.201982291666667,-0.00138770833333268,0.175622291666667,-1.82088370833333,0.770432291666667,-1.68118370833333,0.644742291666667,0.437552291666668,0.544902291666668,-0.308617708333333,-0.558247708333333,-0.578067708333332,-0.888507708333332,-1.56898170833333,-1.21803670833333
"Itga11","ENSMUSG00000032243",0.804422708333334,1.33287570833333,1.33914170833333,0.951660708333334,1.06512670833333,1.22443470833333,0.254080708333333,-0.377301291666666,-0.0227762916666663,0.277308708333333,0.392188708333334,-0.205332291666666,-0.720967291666667,-1.46500529166667,1.12285970833333,0.382545708333334,-0.113035291666667,-0.036048291666666,-1.10101929166667,-1.34036429166667,-0.787618291666666,-1.38265629166667,-0.666884291666666,-0.927637291666667
"ILMN_2688966","ILMN_2688966",0.666694958333333,0.622027958333334,0.942933958333334,0.280827958333333,1.17226695833333,2.29943495833333,0.548121958333334,0.679591958333333,0.385236958333333,-0.000543041666666966,-0.902023041666667,-0.0870610416666668,-0.684690041666667,-0.739711041666667,-0.114976041666667,-0.629428041666666,-0.519232041666667,-0.324323041666666,0.676870958333334,-0.340219041666667,0.368058958333333,-1.05276804166667,-1.71043404166667,-1.53665904166667
"Foxo6","ENSMUSG00000052135",0.0409295416666664,0.265952541666667,0.0806045416666663,0.411183541666666,0.474774541666667,-0.249788458333334,2.14389454166667,1.58909454166667,1.23109454166667,0.0532125416666664,0.311151541666667,0.823562541666667,-0.810665458333333,-1.23294345833333,-0.708691458333333,-0.492906458333333,-0.869280458333333,-0.273557458333333,0.788221541666666,0.407542541666666,-0.337800458333333,-1.14727645833333,-1.36821445833333,-1.13009445833333
"Ankfn1","ENSMUSG00000047773",-0.505394666666667,0.0344163333333336,0.0867853333333333,-0.303308666666666,-0.548844666666667,0.00281333333333311,1.13379633333333,1.79658633333333,1.28776833333333,1.59683433333333,1.41660633333333,0.976175333333334,-0.662527666666667,-0.173756666666667,-0.308336666666666,-0.868126666666666,-0.898606666666666,-0.494013666666667,-1.18377266666667,-1.08335866666667,-1.23040366666667,0.359247333333333,-0.143609666666666,-0.286968666666667
"Eepd1","ENSMUSG00000036611",0.701437958333333,0.735388958333333,0.613232958333334,1.37948695833333,1.22603895833333,0.960344958333334,0.630861958333333,0.790500958333333,0.426237958333333,-0.181983041666667,0.455207958333333,0.270209958333333,-0.688249041666666,-1.02614204166667,-1.40564704166667,0.136197958333333,0.586103958333333,0.294577958333333,-0.0978650416666671,-0.765817041666667,-0.932073041666666,-1.21025504166667,-0.921042041666666,-1.97675604166667
"Crybb1","ENSMUSG00000029343",1.37943995833333,0.760921958333333,1.01259595833333,1.37701695833333,1.45332395833333,1.09507795833333,0.0539659583333334,-0.524760041666666,-0.822704041666666,0.00466195833333316,-0.0728440416666665,0.314523958333334,0.243458958333333,-0.330167041666667,-0.601963041666666,-0.246730041666667,0.521996958333333,-0.0091030416666662,-0.614813041666666,-0.153095041666666,-0.806936041666666,-1.58450504166667,-0.311476041666666,-2.13788804166667
"Plxdc1","ENSMUSG00000017417",1.028179625,1.184550625,1.058071625,1.411527625,1.205076625,1.140198625,0.0362416249999997,-0.113929375000001,-0.0579413750000004,0.128337624999999,0.119580624999999,0.107651624999999,-0.274287375,-0.290710375000001,-0.406458375000001,0.492427624999999,0.0677406249999999,0.265545625,-0.822907375000001,-0.785178375,-1.239754375,-0.964963375000001,-1.088865375,-2.200134375
"Zc3h8","ENSMUSG00000027387",0.823374833333333,1.38628183333333,0.989464833333334,1.05618583333333,1.17489283333333,1.24726783333333,0.168114833333334,-0.0831161666666667,-0.418675166666667,-0.220750166666666,0.187982833333334,0.216846833333333,-0.971948166666667,-0.535195166666666,0.637553833333333,0.512222833333333,0.475638833333334,0.356661833333334,-0.762979166666666,-1.37122716666667,-1.15429016666667,-1.02933716666667,-1.10039716666667,-1.58457416666667
"Thy1","ENSMUSG00000032011",0.435264999999999,0.455045,0.413743999999999,1.240078,1.252078,0.753088999999999,0.567753999999999,0.79914,0.644584,0.765096,0.396753,0.24865,-1.45174,-2.613401,-1.275725,0.327499999999999,-0.491666,-0.0866870000000013,-0.736166000000001,-0.325144,-0.334602,-0.537069000000001,0.154067999999999,-0.600644000000001
"Myl9","ENSMUSG00000067818",1.207427625,1.322027625,1.250727625,0.938447624999998,0.987827625,1.313717625,0.139293624999999,0.124019624999999,0.501851624999999,0.418994625,-0.173197375000001,0.380289625,-0.440451375,-0.237389375000001,0.120990624999999,-0.243157375000001,-0.746506375000001,-0.276253375000001,-0.698844375,-0.909824375000001,-0.496614375,-1.026131375,-1.423756375,-2.033489375
"Mpst","ENSMUSG00000071711",0.954667791666667,1.45250479166667,0.414940791666667,0.667844791666667,0.812358791666667,0.433815791666667,0.407424791666666,0.748924791666667,0.771344791666666,0.178199791666667,0.00992179166666673,0.348865791666666,-0.431862208333333,0.321160791666666,-2.45202820833333,0.797033791666666,-0.0961802083333332,-0.823526208333333,-0.107540208333333,-0.396327208333333,-0.441426208333334,-0.837975208333333,-0.970594208333333,-1.76154920833333
"Mest","ENSMUSG00000051855",-0.177849291666667,0.558091708333333,0.0259527083333335,1.57277970833333,1.83101270833333,-0.018098291666667,0.248299708333334,1.11749170833333,0.834023708333334,1.28421770833333,0.488880708333333,0.111134708333333,0.306794708333333,-1.24017229166667,-0.889601291666667,-0.316422291666667,-0.743770291666666,-0.271494291666666,0.00829970833333338,-1.37138829166667,-1.44405429166667,-0.465312291666667,-0.389693291666666,-1.05912329166667
"Rab42","ENSMUSG00000089687",0.640669249999999,0.734166249999999,1.21801325,1.57946825,1.22617525,1.13882925,-0.129841750000001,0.20148825,-0.301493750000001,-0.0812287500000002,0.80093225,-0.49635775,-0.42854875,-0.30306075,-0.55261675,0.77867825,0.17837925,0.73518425,-1.07570775,-1.16088375,-1.21157075,-1.43289875,-0.987424750000001,-1.07034975
"Lrrc3b","ENSMUSG00000045201",0.641519375000001,0.575455375,0.449602375,0.772728375000001,0.659823374999999,0.399253375,1.168232375,0.925203375,0.763592375000001,0.877400375,0.753875375000001,0.786192375,-1.377173625,-2.160332625,-1.690183625,-0.279627625,-0.157769625,-0.501272625,0.390554375,-0.641514625,-0.631111625,-0.482252625,-0.626270625,-0.615923625
"Kctd21","ENSMUSG00000044952",0.492668208333333,0.579439208333333,0.545534208333333,1.23463020833333,0.983468208333333,1.01724820833333,-0.0477337916666674,0.645625208333333,0.311002208333333,0.508119208333333,0.445480208333333,0.452451208333333,-2.74752579166667,-0.914218791666667,-0.780065791666667,0.572160208333333,0.227925208333333,0.506649208333333,-0.396333791666667,-0.757054791666667,-0.640241791666667,-0.633120791666667,-1.33894379166667,-0.267161791666667
"Htra3","ENSMUSG00000029096",0.498827291666666,0.532837291666667,0.685117291666668,0.624907291666666,0.537257291666666,0.845207291666666,0.557187291666667,0.580467291666666,0.951787291666667,1.12752729166667,1.04842729166667,1.13937729166667,-0.879110708333332,0.396447291666666,-1.69239570833333,-0.423392708333333,-1.03012770833333,-0.422452708333333,-0.463762708333332,-0.533872708333334,-0.309612708333333,-0.791471708333333,-1.57631570833333,-1.40285970833333
"Spata33","ENSMUSG00000048478",-0.231185166666666,-0.397944166666667,0.0602908333333332,1.31882583333333,0.903514833333333,0.914052833333334,1.03443583333333,0.856925833333333,0.780621833333333,0.613881833333333,0.140462833333333,0.155836833333334,-0.0800801666666668,0.128230833333333,-2.05796916666667,0.517338833333334,0.0840708333333335,0.550747833333333,0.0345048333333331,-0.939906166666667,-0.680367166666667,-0.684076166666666,-0.863537166666666,-2.15867716666667
"Magix","ENSMUSG00000031147",0.581134166666667,0.615834166666668,0.682349166666667,0.981833166666668,0.981692166666667,0.936074166666668,0.463938166666667,0.635506166666667,0.545018166666667,0.551709166666667,0.545961166666666,0.619423166666667,-1.83621383333333,0.0916301666666666,-2.46801583333333,0.101756166666668,-0.255196833333333,-0.203737833333333,-0.246793833333333,-0.128744833333332,-0.480521833333333,-0.655197833333332,-0.858342833333332,-1.20109383333333
"Sertad4","ENSMUSG00000016262",0.746766625,0.781115625,0.734433625,0.420901625,0.896622625,1.090034625,0.938975625,1.175370625,0.788587625,1.000163625,0.533728625,0.013711625,-1.139433375,-1.319247375,-1.417433375,-0.0799903750000004,-0.754624375,-0.357572375,-0.0503363749999997,-0.113022375,-0.305629375,-0.969032375,-1.404970375,-1.209120375
"Pfkl","ENSMUSG00000020277",0.855365416666666,0.892185416666667,0.945795416666666,1.29337541666667,1.34828541666667,1.36965541666667,-0.377024583333334,-0.116384583333334,-0.226804583333333,-0.290624583333333,0.122985416666666,0.199915416666666,-0.313924583333334,0.411825416666666,-0.270784583333334,0.432135416666666,0.552015416666666,0.437965416666666,-1.06620458333333,-1.13786458333333,-1.21410458333333,-0.934924583333334,-1.35483458333333,-1.55802458333333
"C1qtnf9","ENSMUSG00000071347",0.656954583333334,0.801164583333334,0.565904583333333,1.13655458333333,1.05968458333333,1.15156458333333,0.0421045833333338,0.162234583333333,0.240514583333333,0.490624583333334,0.334864583333333,0.328924583333334,-1.81277841666667,-0.941836416666666,-1.17746441666667,0.897794583333333,0.187954583333333,0.742644583333334,-0.210439416666667,-0.555678416666666,-0.864946416666667,-0.455851416666667,-0.970862416666666,-1.80963141666667
"Gpc3","ENSMUSG00000055653",0.203531166666667,0.157896166666666,0.661020166666666,0.598088166666666,1.18624316666667,1.32996816666667,0.746563166666667,0.643852166666666,1.09548716666667,1.07799616666667,0.117753166666666,0.780244166666667,-0.608569833333333,-0.00607883333333348,-0.821895833333333,-0.192679833333333,-0.819493833333333,-0.0589368333333331,-0.326563833333333,-0.707461833333333,-0.708496833333333,-0.679820833333333,-2.03938483333333,-1.62925983333333
"Rapgefl1","ENSMUSG00000038020",1.080076375,1.271744375,1.393015375,0.991921375,1.338866375,0.932949375,0.132597375,0.320597375,-0.0394566249999997,0.108582375,0.564319375,0.272118375,-1.599139625,-1.132647625,-1.616428625,-0.0827406250000005,-0.141997625,0.0782933749999994,-0.502917625,-0.536926625,-0.448345625,-0.605835625,-0.791702625,-0.986942625
"Kcnc4","ENSMUSG00000027895",0.945685416666667,1.01068841666667,0.611963416666667,1.30052241666667,1.38350441666667,1.37206441666667,0.851240416666667,-0.574292583333333,-0.224416583333333,0.645762416666667,0.619775416666667,0.253798416666667,-0.830700583333333,-0.249501583333333,0.00400541666666676,-0.280165583333333,-0.621414583333333,0.0398474166666674,-1.04815658333333,-0.763981583333333,-0.619093583333333,-1.07167858333333,-1.26428758333333,-1.49116858333333
"F13a1","ENSMUSG00000039109",0.283552125,0.217398124999999,0.210739125,1.649577125,1.687047125,1.404767125,0.424413124999999,0.186125124999998,0.391946124999999,0.294078124999999,-0.0548698750000014,-0.128911875,-0.163901875000001,-0.0834908750000007,0.617634124999999,-0.315592875,-0.297026875,-0.272736875000001,-2.064249875,-1.675274875,-1.012613875,-0.913008875000001,0.051408125,-0.437006875000002
"Pfn4","ENSMUSG00000020639",0.875016875,0.156456875,0.678371875,0.945771875,0.960206875,1.348231875,0.173475875,0.378430875,0.630224875,0.376099875,-0.178504125,0.127059875,-1.292591125,0.103864875,-1.590057125,1.108846875,0.331151875,0.550442875,-0.554608125,-1.163854125,-0.354256125,-0.875284125,-1.146802125,-1.587697125
"Col4a3","ENSMUSG00000079465",0.0415843333333337,0.623718333333334,0.739487333333334,1.30935633333333,1.66927333333333,1.63404233333333,0.506641333333333,0.210467333333334,-0.468855666666666,0.100384333333333,1.02647033333333,-0.152334666666667,-0.771984666666666,-0.772633666666666,-0.861918666666666,0.670226333333334,0.00196733333333388,-0.215770666666666,-0.544289666666666,-0.370196666666666,-0.852581666666666,-1.10173966666667,-0.767150666666666,-1.65416266666667
"Cd248","ENSMUSG00000056481",0.68114825,0.58575325,0.899042250000001,1.40107925,1.71742925,1.29543925,-0.0839337499999999,0.378012249999999,0.0475222500000001,0.54793725,0.340833249999999,-0.0918057500000007,-0.60878975,-1.22483275,-0.17565475,0.40885325,-0.0429017500000004,0.31627325,-1.09122675,-1.17306075,-0.96676575,-1.05213975,-0.98658075,-1.12163075
"Gzmm","ENSMUSG00000054206",0.915485,0.889391999999999,0.793891,1.019923,1.040073,1.113093,0.139367,0.473986,0.379057,0.262376999999999,0.446614,0.427042,-0.486302,0.0684979999999999,-0.66699,0.336945999999999,-0.0623559999999994,0.123763,-0.36191,-0.732608000000001,-1.125458,-1.312346,-1.696115,-1.985422
"Nat1","ENSMUSG00000025588",0.178095375,0.785580375,0.987340375,0.428189375000001,0.915918375,1.271329375,0.821238375,-0.306256625,0.909121375,0.352434375000001,0.0708713750000003,0.623351375,-1.134430625,-0.531937625,-1.282849625,0.136420375,0.474238375000001,0.354151375,0.246542375,-0.493914625,-0.104533625,-1.520587625,-1.454226625,-1.726085625
"Cdk5","ENSMUSG00000028969",0.594418708333333,0.857087708333334,0.599098708333334,1.34069970833333,1.23736770833333,1.30496370833333,0.226220708333334,0.427145708333334,0.333785708333333,0.319236708333333,0.454526708333334,0.464626708333333,-1.74229329166667,-0.762266291666666,-1.01963829166667,0.0598007083333334,0.360068708333333,0.132065708333333,-0.249605291666667,-0.853699291666667,-0.846840291666666,-0.922984291666666,-1.64124429166667,-0.672542291666667
"Lpar3","ENSMUSG00000036832",1.710740375,2.120900375,0.789660375,0.656258375,0.436072375,0.948711375,-0.127852625,0.612463375,-0.508503625,-0.245210624999999,-0.472763625,0.163995375,-0.0572626249999999,0.0111543750000003,0.265984375,-0.0282846249999995,-0.327930625,-0.826431625,-0.796455625,0.162990375000001,-0.722745625,-1.167524625,-1.648880625,-0.949084625
"Gfra4","ENSMUSG00000027316",-0.156112416666667,0.0541665833333331,-0.247276416666667,0.168805583333334,1.46587958333333,1.81260758333333,0.762136583333333,1.22645858333333,0.482041583333333,0.0169625833333331,1.17025058333333,0.661052583333333,-0.378118416666667,-0.300957416666667,-0.957484416666667,0.427979583333333,0.131725583333333,-0.414568416666667,-0.475467416666667,-1.00600141666667,-1.03667441666667,-1.24360341666667,-1.07185141666667,-1.09195141666667
"Gfra3","ENSMUSG00000024366",0.861698291666667,0.341019291666667,0.674688291666667,1.26908529166667,1.53692229166667,1.27355329166667,0.197848291666667,0.462732291666667,-0.263412708333333,0.314344291666667,-0.125002708333333,1.21866329166667,-0.545364708333333,-0.616369708333333,0.240042291666667,0.211274291666667,-0.338300708333333,-0.399407708333333,-1.02314370833333,-1.13921070833333,-1.00326270833333,-0.714979708333333,-0.662012708333333,-1.77140370833333
"Tle2","ENSMUSG00000034771",1.035443625,0.908109625,0.920831625,1.270303625,1.456321625,0.982163625,0.389279625,0.00292062499999979,-0.959040375,0.453679625,-0.208890375,-0.124706375,-0.394756375,-0.851737375,-0.0918203750000002,0.274520625,0.596251625,0.190017625,-0.774486375,-1.318261375,0.0110406249999997,-1.223940375,-1.511843375,-1.031401375
"Rnd2","ENSMUSG00000001313",0.495078416666667,0.943518416666667,-0.0935015833333335,0.601105416666667,0.0362004166666674,0.831435416666667,0.895663416666667,1.39830441666667,0.762263416666667,0.817156416666667,1.25091941666667,1.04032441666667,-0.107152583333333,-1.35225158333333,-1.02080158333333,-0.818683583333333,-0.938403583333333,-1.25675558333333,-0.736336583333333,-0.803673583333333,-0.328948583333333,-0.964203583333333,-0.337704583333333,-0.313552583333333
"Pnkd","ENSMUSG00000026179",0.795318458333334,0.906748458333334,1.06914845833333,1.16775845833333,1.14228845833333,1.33346845833333,0.0281884583333341,0.187348458333334,0.0744384583333328,0.304848458333334,0.462958458333333,0.302328458333333,-1.26217954166667,-0.128768541666666,-0.776982541666667,0.393678458333333,0.215998458333333,0.276588458333334,-0.868604541666667,-0.789866541666667,-1.06889454166667,-1.05322154166667,-1.44402854166667,-1.26856054166667
"Cc2d2a","ENSMUSG00000039765",0.600533958333333,0.549050958333332,0.371606958333333,1.02388095833333,1.00993895833333,1.18621195833333,0.178111958333332,0.343614958333333,0.255823958333332,0.363526958333333,0.300996958333332,-0.140979041666668,-1.95146604166667,-1.31146204166667,-1.44985804166667,0.614682958333333,0.678424958333332,0.779708958333332,0.193992958333332,-0.385859041666668,-0.189560041666667,-0.643623041666667,-1.14867204166667,-1.22862904166667
"Rarres1","ENSMUSG00000049404",-0.190736458333333,-0.205532458333334,-0.508266458333334,0.437794541666666,1.11487854166667,0.947234541666666,0.918171541666666,0.633606541666667,0.541691541666666,1.35299454166667,1.12379054166667,-0.0433654583333336,-0.0663354583333335,-1.03737545833333,-0.767933458333333,0.669674541666667,-0.116061458333333,1.01957554166667,-1.48085045833333,-0.0937704583333332,-1.15467945833333,-0.923790458333333,-0.979446458333334,-1.19126845833333
"Syt7","ENSMUSG00000024743",0.658837375,0.632591375,0.554935375,1.144876375,1.011036375,1.187643375,0.200761375,0.413769374999999,0.366223375,0.252354374999999,0.570215374999999,0.413245375,-1.257859625,-0.398494625000001,-0.627070625,0.690854375,0.271961374999999,0.677633375,-0.857014625000001,-0.715583625000001,-1.050876625,-1.060529625,-1.649028625,-1.430480625
"Tcf15","ENSMUSG00000068079",0.945415875,0.575901875000001,0.791752875,0.916335875000001,1.313441875,0.927742875,0.703546875000001,0.521340875,0.497777875000001,0.596019875000001,0.0341488750000014,0.514057875000001,-0.806969124999999,-0.274796125,-0.415518125,0.390579875,-0.0743311249999987,-0.255611125,-0.557815124999999,-0.652235125,-1.304546125,-1.127547125,-1.439329125,-1.819365125
"Slc26a6","ENSMUSG00000023259",0.91363225,0.795680249999999,0.12310725,1.14369025,1.18405625,1.07095025,0.17958625,0.45505825,0.0934692500000001,0.15180525,-0.13662375,0.31864925,-2.15156575,-0.88005475,-1.32786275,0.775379249999999,0.537765250000001,0.18630825,0.14740725,-0.13822475,-0.56595875,-0.63716675,-1.01072375,-1.22836375
"Gm60090","ENSMUSG00000134226",0.560046666666666,0.790094666666666,0.642224666666666,0.974176666666666,1.17926566666667,0.687412666666666,0.636236666666666,0.880473666666666,0.537012666666667,1.07391266666667,0.865337666666666,0.521694666666666,-1.11509933333333,-1.66404833333333,-0.949265333333334,-0.178495333333333,-0.242562333333334,-0.445387333333334,-0.704013333333333,-0.685500333333334,-0.993379333333333,-0.742661333333333,-0.470392333333334,-1.15708433333333
"Rida","ENSMUSG00000022323",0.901521624999999,0.400028625,0.761643625,0.879356625,1.141710625,1.199214625,0.303090624999999,0.271435625,0.557446625,0.359213625,0.395224625,0.253348624999999,-1.980475375,-0.377421375,-1.408335375,0.445871625,0.561318624999999,0.227105625,-0.627128375000001,-0.558316375,-0.498850375,-1.171756375,-0.957676375,-1.077571375
"Sdr9c7","ENSMUSG00000040127",-0.678216291666667,-0.579762291666667,0.192148708333333,0.968633708333333,0.248248708333333,0.137882708333333,0.744674708333333,1.42796470833333,1.08278170833333,1.16979870833333,1.43685570833333,0.857663708333333,-0.838908291666667,-0.184096291666667,-0.533068291666667,-0.519371291666667,-0.439358291666667,-0.445621291666667,-0.815748291666667,-1.27753729166667,-1.15563129166667,0.302328708333333,0.176797708333333,-1.27846029166667
"Gm5797","ENSMUSG00000072726",0.718449958333333,0.276455958333333,0.254405958333333,1.28476095833333,1.29547695833333,0.702461958333333,-0.175945041666667,0.759117958333333,0.225604958333333,1.15053995833333,0.698407958333333,-0.278138041666667,-1.08867004166667,0.195322958333333,0.056656958333333,-0.173829041666667,-0.0534750416666672,0.559933958333333,-1.48740904166667,-1.17103204166667,-1.58857204166667,-0.167408041666667,-0.750762041666667,-1.24235604166667
"Clec3b","ENSMUSG00000025784",0.96794725,0.88930025,1.15574125,0.67381325,0.97890625,0.88459025,0.0683132500000001,0.47960425,0.11836125,0.00594725000000018,0.0764422500000004,-0.0700427499999998,-0.55920575,0.29827025,-0.58530875,0.94994925,-0.10216975,0.38796625,-0.63772275,-0.89343575,-0.44264475,-0.83757975,-1.61432475,-2.19271775
"Il17d","ENSMUSG00000050222",0.924634374999999,0.916181375,0.479200375,1.033711375,1.459669375,1.428404375,0.299038375,0.227684375,0.012175375,-0.00226162500000004,0.0291563750000003,0.144404375,0.429574375,-0.892618625,-0.156224625,0.368614375,-0.117026625,0.114875375,-0.787440625,-0.719965624999999,-1.051094625,-1.007851625,-1.354711625,-1.778128625
"Smco4","ENSMUSG00000058173",0.767545625,0.802667625000002,0.306126625000001,1.422024625,1.084880625,0.701726625000001,0.675148625,0.659987625000001,0.536671625,0.473505625000001,0.419886625,0.548152625,-1.599028375,-1.430981375,-1.230785375,0.661612625,-0.0829593749999997,-0.552522374999999,-0.493423374999999,-0.693439374999999,-0.735486374999999,-0.687266374999999,-0.867586374999999,-0.686458374999999
"Lrrc14b","ENSMUSG00000021579",1.05954654166667,1.01378654166667,1.02490654166667,0.904206541666666,0.831756541666666,1.04975654166667,0.105216541666666,0.169366541666665,-0.0847934583333334,-0.0483534583333345,0.0957665416666664,-0.0882734583333331,-1.65507845833333,-0.282183458333334,-1.57735545833333,0.703386541666665,0.543236541666666,0.533786541666666,0.122166541666667,-0.515903458333334,-0.551193458333334,-0.869973458333334,-1.12432345833333,-1.35945345833333
"Igfbp6","ENSMUSG00000023046",-0.281410208333333,-0.0239812083333328,0.347557791666667,1.10651679166667,1.15455179166667,1.04262879166667,0.543999791666666,0.631162791666666,0.693285791666666,0.738860791666667,-0.189177208333334,0.332429791666668,-1.14264620833333,0.140040791666666,-0.794572208333333,0.602867791666666,-0.291523208333333,0.930021791666666,-0.362468208333333,-0.353364208333333,-0.232814208333333,-1.17561420833333,-1.41910220833333,-1.99725120833333
"Kcnk3","ENSMUSG00000049265",-0.232206124999999,-0.0425961249999993,-0.339906124999999,0.752093875,0.416173875,0.243593875,1.018313875,1.009463875,0.950493875000001,0.852933875,0.666023875,1.054073875,-1.819408125,-0.874926125,-2.006007125,-0.624897125,-0.654722124999999,-0.713989124999999,0.550343875000001,0.464153875000001,0.0143738750000004,0.120313875000001,-0.280536124999999,-0.523156125
"Fzd2","ENSMUSG00000050288",1.0768505,1.9684215,1.2038035,0.5925385,0.2101495,0.505775499999999,0.4092705,-0.3505285,-0.0562995000000006,0.1529775,0.4353785,0.4035625,-1.7783025,-1.5047055,0.272656499999999,-0.7436455,-0.5999895,0.187828499999999,-1.1650275,-0.467792500000001,0.0224894999999998,-0.7566335,-0.0565415000000007,0.0377634999999996
"Rgs7bp","ENSMUSG00000021719",0.838699041666667,1.12023004166667,0.854765041666667,0.824273041666666,0.813722041666667,1.03516504166667,0.594602041666667,0.382968041666667,0.262625041666666,0.141651041666666,0.407362041666666,0.0670380416666667,-1.18824095833333,-0.958738958333334,-1.60386795833333,0.465879041666666,-0.0570239583333336,0.483546041666667,0.060584041666667,-0.295807958333334,-0.561709958333333,-0.907820958333334,-1.49331795833333,-1.28658095833333
"Coq10a","ENSMUSG00000039914",0.837374166666667,0.876554166666667,0.698214166666666,1.15352416666667,1.12499416666667,0.952134166666667,0.343684166666666,0.445494166666666,0.330534166666666,0.162044166666666,0.240424166666667,0.341944166666666,-0.687335833333334,0.222674166666666,-1.34623583333333,0.222984166666667,0.0376841666666667,0.194674166666667,-0.270655833333334,-0.757835833333333,-0.994285833333334,-0.916195833333333,-1.32721583333333,-1.88517583333333
"Arhgef9","ENSMUSG00000025656",0.281957666666666,0.477083666666666,-0.831941333333334,0.610340666666667,0.723526666666666,1.16032066666667,0.752045666666667,1.35774766666667,0.859541666666666,0.256814666666666,0.983173666666667,0.612029666666666,-1.57068833333333,-1.12762133333333,-1.32585433333333,-1.05062733333333,-0.351743333333333,-0.631365333333334,0.120186666666666,0.241263666666666,-0.991084333333334,0.0216636666666661,-0.373012333333334,-0.203758333333334
"Hr","ENSMUSG00000022096",0.68627775,0.95002775,0.628077749999999,1.07206775,1.41194775,0.991157749999999,-0.0451822499999999,0.0966377499999993,0.25299775,0.613767749999999,0.311317750000001,0.50501775,-0.89379125,0.10136775,-1.15682225,0.29110775,0.19131775,0.256687749999999,-0.71616225,-0.95264025,-1.15276725,-0.72357025,-1.10311625,-1.61572425
"Tmprss4","ENSMUSG00000032091",-0.219356083333333,0.298701916666666,0.101358916666666,0.209305916666667,-0.0868810833333331,-0.084917083333333,1.16446691666667,1.17557091666667,1.43322091666667,1.16269191666667,0.605903916666667,1.28879191666667,-0.635886083333333,0.641790916666666,-0.555457083333333,-0.490865083333333,-0.0134550833333336,-0.921319083333333,-0.814202083333333,-0.856619083333333,-1.20820408333333,-0.187579083333334,-0.495309083333333,-1.51175408333333
"Mmab","ENSMUSG00000029575",0.848485291666666,0.435504291666666,0.953293291666666,1.19068129166667,0.897628291666667,1.24728129166667,0.604790291666667,0.555284291666666,0.557296291666667,0.280328291666667,0.208095291666666,0.227778291666667,-1.32987470833333,0.294595291666667,-1.28060370833333,-0.0677747083333333,-0.202068708333334,-0.00650070833333416,-0.385224708333334,-0.759272708333333,-0.697089708333333,-0.871517708333334,-1.15471070833333,-1.54640370833333
"Pla2g5","ENSMUSG00000041193",0.730019875,0.447321875,0.424278875000001,0.888802875000001,0.682260875,1.548637875,0.545038875,0.534359875000001,-0.0951621249999999,0.385322875,0.371297875000001,0.365093875,-0.966259125,-1.566317125,-1.968888125,0.203481875,-0.074397125,-0.168292125,0.136428875,0.152692875000001,-0.498315125,-0.475581125,-0.0121021249999993,-1.589725125
"Tmc7","ENSMUSG00000042246",0.675020249999999,0.79651425,0.710628249999999,1.00784425,1.01255425,1.32688425,0.0409022499999985,0.246156249999999,-0.00969575000000056,0.0744862499999996,0.211364249999999,0.10608525,-1.33221775,-0.71479575,-1.68544275,0.653348249999999,0.63684125,0.705777249999999,-0.15218175,-0.56076975,-0.695544750000002,-0.92343675,-1.13807375,-0.992247750000001
"Sybu","ENSMUSG00000022340",0.775694874999999,0.746504874999999,0.488484874999999,0.982807875000001,1.029797875,1.106277875,0.123728874999999,0.444854875000001,0.367357875,0.170690875,0.212657875,-0.0185801249999997,-1.556390125,-0.00249712499999966,-1.628088125,0.663200874999999,0.377602874999999,0.0259078749999997,-0.263642125000001,-0.333271125,-0.116130125,-0.940941125,-0.786454125000001,-1.869576125
"Fndc5","ENSMUSG00000001334",0.863134166666667,0.732034166666667,0.711474166666665,0.913494166666666,0.895684166666666,0.694764166666666,1.00456416666667,0.846494166666666,0.681734166666667,0.426304166666666,0.301234166666665,0.527834166666667,-1.20019583333333,-0.0285658333333334,-1.69667583333333,-0.423185833333333,-0.559995833333334,-0.571435833333334,0.168224166666667,-0.586495833333334,-0.856165833333334,-0.574315833333333,-0.912765833333333,-1.35717583333333
"Dynll2","ENSMUSG00000020483",-0.100157249999999,0.368692750000001,-1.25334925,1.04688275,1.12323275,0.86969275,0.829872750000002,0.717872750000002,0.93557275,0.771242750000001,0.81077275,0.93895275,-1.01364325,-0.453455249999999,-1.50207225,0.121542750000001,-0.20048725,-0.48939425,0.20003275,-0.48606425,-0.63369825,-0.611301249999999,-0.92261725,-1.06812325
"Itga9","ENSMUSG00000039115",0.802416458333333,0.753616458333333,0.848466458333332,1.26581645833333,1.40047645833333,1.03389645833333,0.0113564583333332,-0.164343541666668,-0.185013541666667,0.113486458333332,0.569576458333332,0.343446458333332,-0.311973541666667,-1.20848754166667,-0.266813541666668,0.385526458333333,0.313116458333333,0.540676458333332,-0.899322541666667,-0.972538541666667,-0.878531541666668,-1.06156654166667,-1.17200454166667,-1.26127854166667
"Ttn","ENSMUSG00000051747",1.00229375,0.86480375,0.97483375,1.39574375,1.36991375,1.26486375,0.202193749999999,-0.0833162500000011,-0.105126250000001,-0.0492462500000013,0.197983749999999,-0.0843662500000004,-0.13350625,-0.0100362500000006,0.0165537499999999,-0.270266250000001,0.0336437499999995,0.0578637499999992,-0.80875625,-1.16776625,-1.20259625,-1.08832625,-1.19496625,-1.18241625
"Fkbp4","ENSMUSG00000030357",0.571280416666667,0.607240416666667,0.674130416666667,1.03164041666667,1.13214041666667,1.22399041666667,0.452850416666667,0.562300416666666,0.408460416666667,0.582600416666667,0.599860416666667,0.677600416666667,-0.934229583333334,-0.895519583333334,-1.54119958333333,0.00760041666666744,0.00166041666666672,-0.0285895833333338,-0.382789583333333,-0.783729583333333,-0.829309583333334,-0.720629583333332,-1.19479958333333,-1.22255958333333
"Pafah2","ENSMUSG00000037366",0.865046791666667,1.06556279166667,1.00197979166667,1.33684179166667,1.11117779166667,1.10774379166667,-0.00781420833333257,0.107961791666667,0.00118679166666702,0.175951791666667,0.256650791666667,0.198085791666667,-1.07169720833333,-0.877798208333333,-2.01751820833333,0.0870147916666673,0.247769791666667,0.161294791666667,-0.706160208333333,-0.638318208333333,-0.537400208333333,-0.575021208333333,-0.699426208333333,-0.593115208333333
"Itgb1bp2","ENSMUSG00000031312",1.037799625,0.820959625,0.729289625,1.189879625,1.236249625,1.221029625,0.0355096249999995,0.0403496249999993,-0.0019903750000001,-0.0427003750000008,0.0770196250000001,0.0715296250000002,-0.184230375,0.356769625,-0.417480375,0.236669624999999,0.120579625,0.180839625000001,-0.535440375,-0.928720374999999,-1.038062375,-1.043412375,-1.272970375,-1.889467375
"Sdhaf4","ENSMUSG00000026154",0.435857500000001,0.5687075,0.4118975,1.0400075,1.0368175,1.0137275,0.482267500000001,0.539167500000001,0.633737500000001,0.6847975,0.4447475,0.397987500000001,-1.3673725,-0.2469825,-1.5846125,0.2889675,0.2747875,0.245197500000002,-0.4769825,-0.891202499999999,-0.673902499999999,-0.635852499999999,-1.2496025,-1.3721625
"D3Ertd751e","ENSMUSG00000025766",0.576568000000001,0.547807000000001,0.459257,0.619394000000001,0.864146000000001,0.984947,0.622518,0.768116,0.684702000000001,0.272422000000001,0.416038,0.514885,-0.769018,0.67276,-1.007174,-0.0701149999999995,-0.00295699999999943,-0.252645999999999,-0.116133,-0.751621999999999,-0.81307,-0.689393,-1.228541,-2.302891
"Ybey","ENSMUSG00000033126",0.283972083333333,0.386415083333334,0.396090083333333,1.28461908333333,1.22883808333333,1.10978908333333,0.145972083333334,0.0431870833333337,0.325036083333333,0.265934083333334,0.248785083333333,0.363796083333333,-1.60427691666667,-0.204744916666667,-0.736544916666666,0.581414083333334,0.589246083333333,0.406399083333334,0.0123150833333332,-0.610618916666667,-0.903874916666667,-0.836618916666667,-1.91324691666667,-0.861881916666666
"Tspan15","ENSMUSG00000037031",-0.162557541666667,0.654091458333333,-0.0831155416666665,0.485369458333333,0.688104458333334,0.400097458333334,1.21590545833333,0.321260458333334,0.895595458333333,1.39003045833333,0.764589458333334,0.365907458333334,-0.454076541666667,-1.12303954166667,-1.40124754166667,0.394377458333333,-0.535782541666666,0.121261458333334,-1.08332954166667,-0.595798541666666,-0.810610541666666,-0.166528541666667,0.402360458333334,-1.68286454166667
"Ncbp2","ENSMUSG00000022774",0.325888291666667,0.397538291666667,0.326354291666666,0.938822291666666,0.904614291666666,0.907892291666666,0.371466291666666,0.391337291666666,0.407997291666666,0.701345291666666,0.752248291666666,0.668332291666667,-2.15746470833333,-1.20667370833333,-1.05354470833333,0.365820291666667,0.463163291666666,0.203091291666667,-0.161952708333334,-0.616287708333334,-0.733364708333334,-0.431202708333334,-1.25261170833333,-0.512808708333334
"Tppp","ENSMUSG00000021573",0.363079208333334,0.671971208333334,0.609384208333333,1.14423420833333,1.25571320833333,1.23583120833333,0.507163208333333,0.326097208333334,0.364533208333333,0.464847208333333,0.0211912083333337,0.400033208333333,-1.64067679166667,0.0866562083333333,-1.18122579166667,0.159513208333333,-0.127531791666667,0.337282208333334,-0.281157791666667,-0.775948791666666,-0.841557791666666,-0.720922791666666,-1.48314579166667,-0.895362791666666
"Polq","ENSMUSG00000034206",-0.468216583333334,-0.611477583333333,0.470997416666666,1.26770641666667,0.379351416666666,0.469813416666667,0.826878416666666,0.647621416666667,0.521179416666667,0.922252416666667,1.08352241666667,1.02121841666667,-1.00902158333333,-0.404328583333333,-1.13419958333333,0.0579764166666665,-0.269090583333334,-0.103472583333334,0.491627416666667,-0.589018583333333,-0.259957583333334,-0.277803583333333,-1.83219858333333,-1.20135958333333
"Fam81a","ENSMUSG00000032224",0.589669625,0.421540625,0.806664625000001,0.662786625000001,0.900702625,0.970850625000001,0.884065625000001,0.821047625,0.364609625,0.623063625,-0.0784413749999997,0.852972625,0.119611625,-0.117571375,-0.771630375,-0.136754375,0.056621625,-0.473413375,-0.431025375,-1.063275375,-1.095017375,-0.839397375,-1.079511375,-1.988169375
"Slc30a9","ENSMUSG00000029221",0.772331625000001,0.806335625000001,0.813723625000001,1.031252625,1.388603625,1.397738625,-0.0477643749999999,0.000231625000000513,0.0490866250000002,-0.122273375,0.116207625,-0.123103374999999,-1.684244375,-1.036102375,-0.679518375,0.358136625,0.639688625000001,0.304774625,-0.435688375,-0.355130375,-0.503466374999999,-0.546770374999999,-0.770040375,-1.374009375
"ILMN_2489147","ILMN_2489147",0.811453791666667,0.867651791666667,0.778006791666667,1.09274579166667,1.18048579166667,1.13664479166667,0.503792791666666,-0.0982092083333335,0.188934791666667,0.424490791666667,-0.0268812083333332,-0.0207342083333337,-0.635436208333333,-1.30795420833333,-1.77865920833333,0.333458791666667,-0.0759782083333338,0.698146791666667,-0.322350208333333,-0.941899208333333,-0.602743208333333,-0.714173208333333,-0.659233208333333,-0.831561208333333
"Col2a1","ENSMUSG00000022483",-0.110306541666667,-0.664484541666667,-0.458573541666667,0.370482458333333,-0.120457541666667,0.342518458333333,0.985650458333333,1.48272945833333,1.05090745833333,1.20196045833333,1.26405245833333,0.982934458333333,-0.708929541666667,-0.733527541666667,0.0409804583333333,-0.256758541666667,0.00627545833333265,0.310684458333333,-0.878646541666667,-1.14857254166667,-1.31357054166667,-0.719555541666667,-0.313634541666667,-0.612158541666667
"Cxcl12","ENSMUSG00000061353",0.710962916666666,0.692792916666667,0.851572916666667,1.37921291666667,1.38061291666667,1.18026291666667,0.281822916666668,0.240872916666667,0.270802916666668,0.017112916666667,0.184352916666667,-0.0736470833333325,-0.504077083333334,-0.541007083333334,-0.210057083333332,0.280822916666667,-0.0588970833333331,0.423162916666667,-0.892357083333334,-0.989387083333332,-1.16342708333333,-1.22841708333333,-1.06205708333333,-1.17103708333333
"Crocc","ENSMUSG00000040860",0.654814833333333,0.606682833333333,0.322360833333333,0.826194833333333,1.06415283333333,0.724477833333333,0.0014728333333327,0.188835833333333,0.592791833333333,0.993713833333333,1.12234583333333,0.470953833333333,-1.12333716666667,-1.14943716666667,-0.801623166666667,0.277729833333333,-0.467682166666667,0.201942833333333,-0.119888166666668,-0.663727166666667,0.0549788333333332,-1.45139416666667,-1.43895516666667,-0.887405166666667
"Klhdc1","ENSMUSG00000051890",0.94993425,0.601026249999999,0.565645249999999,0.764824249999998,0.689404249999999,1.17432425,0.388375249999999,0.59752825,0.379180249999999,0.285920249999998,0.250387249999999,0.19064025,-1.81480775,-0.209202750000001,-2.19803975,0.15300525,0.196620249999999,-0.119929750000001,-0.01197275,-0.393292750000001,-0.242866750000001,-0.457387750000001,-0.952302750000001,-0.787012750000001
"Mme","ENSMUSG00000027820",0.888194708333333,0.591239708333333,0.371132708333334,0.246879708333333,0.0291987083333334,0.599417708333333,0.649743708333333,0.634123708333333,0.576075708333333,1.02394670833333,1.10690370833333,1.35412970833333,-0.578621291666667,-0.127506291666667,-1.84227929166667,-0.231116291666667,-0.873558291666667,-0.138156291666667,-0.710104291666667,-0.643011291666667,-1.03274529166667,-0.200867291666667,-0.820556291666667,-0.872464291666667
"Nfatc2","ENSMUSG00000027544",0.68310625,0.57174325,0.53427825,0.69043025,0.74461025,0.98413025,0.31726525,0.41231225,0.67960925,0.62352225,-0.0129657500000002,0.53814125,-1.00694775,-1.75610675,-0.35899775,0.32949625,0.54042125,0.0250982500000001,-0.16591775,-0.11603475,-0.59796475,-0.47763275,-1.28378675,-1.89780975
"Cited1","ENSMUSG00000051159",0.223945166666667,0.919215166666667,0.00669616666666606,0.372099166666667,1.21671216666667,1.29993316666667,0.467417166666666,0.155122166666667,0.101446166666666,-0.0609038333333336,0.883332166666666,0.426130166666667,0.840622166666667,-0.494652833333333,-0.405856833333333,0.377195166666667,0.389911166666667,0.0441341666666668,-1.38561383333333,-1.12281083333333,-1.29433883333333,-1.38097283333333,-0.522089833333334,-1.05667183333333
"Cbx2","ENSMUSG00000025577",0.21085825,0.61125525,0.90809125,1.06541925,0.67557425,0.595716250000001,0.208211250000001,1.42005425,1.09651525,0.777129250000001,-0.86265675,0.491171250000001,-1.49457775,-0.67647175,-1.09656075,-0.63407975,-0.384344749999999,-0.54276275,0.46351525,-0.38167075,-0.29648775,-0.519236749999999,-0.55024775,-1.08441375
"Dut","ENSMUSG00000027203",0.340969041666666,0.724262041666666,0.321630041666666,1.14116804166667,0.755420041666667,1.24715404166667,0.538377041666666,0.868745041666666,0.806021041666666,0.618506041666667,0.624474041666667,0.564015041666666,-0.502329958333334,-1.10570995833333,-1.63641395833333,-0.458969958333333,-0.192122958333334,-0.236927958333333,-0.723403958333334,-0.592365958333334,-0.486935958333333,-0.723456958333333,-0.716177958333334,-1.17592595833333
"Slc2a4","ENSMUSG00000018566",0.747337833333333,0.619937833333333,0.479947833333332,0.974517833333334,0.956467833333333,1.10624783333333,0.481737833333332,0.430417833333333,0.343377833333333,0.0720378333333329,0.158327833333333,0.376227833333333,-0.843362166666667,0.160597833333332,-1.46666016666667,0.313357833333333,0.188747833333332,0.140257833333333,0.00681783333333286,-0.551982166666667,-0.942112166666668,-0.796402166666667,-0.880252166666667,-2.07559216666667
"Angptl2","ENSMUSG00000004105",0.518617666666666,0.286715666666666,0.763880666666667,0.858124666666667,1.04612466666667,1.04048066666667,0.671227666666667,0.605290666666667,0.500939666666666,0.191264666666667,0.508215666666667,0.168655666666666,-2.04855633333333,-1.62100633333333,-0.961258333333333,0.158638666666667,-0.0405273333333334,0.360152666666666,-0.412364333333334,-0.513591333333333,-0.761334333333333,-0.486283333333334,-0.329378333333334,-0.504029333333333
"Htra1","ENSMUSG00000006205",0.695160708333335,0.665690708333335,0.808940708333333,0.921270708333333,0.949970708333334,1.25082070833333,0.348070708333333,0.566100708333334,0.389470708333334,0.260760708333335,0.387810708333333,0.173800708333333,-0.901997291666666,-0.428229291666666,-1.46506329166667,0.241110708333334,0.259240708333333,0.264650708333335,-0.422039291666666,-0.731914291666666,-0.644621291666667,-1.03854329166667,-1.03946229166667,-1.51100029166667
"Plxnb1","ENSMUSG00000053646",1.23758904166667,1.50116304166667,0.931870041666667,0.778680041666666,1.12576304166667,1.08464704166667,0.0681000416666668,-0.319732958333334,-0.434333958333333,-0.133539958333333,0.342259041666666,0.185014041666666,-0.294469958333334,0.0880230416666663,-0.712072958333334,0.203720041666666,0.110629041666666,-0.156408958333333,-0.667480958333334,-0.776226958333334,-0.958212958333333,-0.674265958333334,-1.47636295833333,-1.05434895833333
"Ctsf","ENSMUSG00000083282",0.869718708333332,0.837681708333333,0.733796708333333,1.20158970833333,0.997506708333333,1.07717370833333,0.229634708333332,0.291469708333333,0.0933457083333327,0.192488708333332,0.210745708333333,0.167047708333333,-0.734343291666667,0.626365708333333,-0.695787291666667,0.142752708333333,-0.0895272916666663,0.00546470833333323,-0.578677291666667,-0.717611291666667,-0.843981291666667,-1.17625929166667,-1.07607229166667,-1.76452329166667
"Oxct1","ENSMUSG00000022186",0.695332083333334,0.763872083333334,0.601152083333334,1.01124208333333,1.12758208333333,1.03575208333333,0.469252083333334,0.486262083333333,0.357392083333334,0.448302083333333,0.443852083333335,0.533322083333333,-0.509337916666667,0.049702083333333,-0.986197916666667,-0.219567916666666,0.00894208333333424,-0.142007916666666,-0.497497916666667,-0.905887916666666,-1.02271791666667,-0.942487916666666,-1.16687791666667,-1.63937791666667
"Aif1l","ENSMUSG00000001864",0.78201475,0.62721875,0.25092875,0.93313075,1.10671275,1.24490375,0.61904875,0.25734275,0.58777075,0.71466575,0.48042975,0.51468575,-0.42176725,-1.37074025,-0.42153725,0.00517674999999951,-0.07457125,-0.30592825,-0.82179325,-0.38633525,-0.92065525,-1.28182425,-1.08778525,-1.03109225
"Smco2","ENSMUSG00000030292",0.835404125,1.131014125,0.421034125,0.724471125,1.197449125,1.825888125,-0.383653875,-0.102186875,0.234145125,-0.113759875,-0.440924875,0.671667125,-0.203009875,-0.00709087499999983,-0.644408875,-0.402632875,-0.184176875,0.404893125,-0.00390287500000008,-0.957756875,-0.852525875,-0.733035875,-0.933605875,-1.483293875
"Tha1","ENSMUSG00000017713",0.791320416666668,0.747001416666667,0.736723416666667,1.03762641666667,1.15682641666667,1.35784641666667,-0.145151583333332,0.119840416666667,0.0192404166666673,-0.0381955833333336,0.383184416666667,0.0168054166666671,-0.797280583333333,0.473274416666667,-0.944154583333333,0.379534416666667,0.148194416666668,0.366051416666668,-0.705476583333333,-1.01716958333333,-1.03557558333333,-0.512379583333333,-1.11713958333333,-1.42094658333333
"Igdcc4","ENSMUSG00000032816",0.83447425,0.824178249999999,0.90255425,1.12518725,1.22173225,1.32413225,0.0301512499999994,0.014472249999999,0.0246302499999995,0.177555249999999,0.285666249999998,-0.0742337500000012,-0.95638975,-1.07326975,-1.18906075,0.455928249999999,0.314235249999999,0.105281249999999,-0.602153750000001,-0.589479750000001,-0.531562750000001,-0.76657675,-0.885281750000001,-0.972169750000001
"Rtn4ip1","ENSMUSG00000019864",0.510650208333335,0.711770208333334,0.622390208333334,1.01947020833333,1.23153020833333,0.862400208333334,0.211940208333335,0.373120208333335,0.210780208333334,0.409170208333334,0.594530208333333,0.493910208333334,-1.22421479166667,-0.0552917916666669,-2.01972679166667,0.00682520833333378,0.0892902083333347,-0.153281791666666,-0.391937791666667,-0.645025791666667,-0.537880791666666,-0.465090791666666,-0.920806791666665,-0.934520791666666
"Fahd1","ENSMUSG00000045316",0.999929999999999,1.11561,1.01882,0.96508,0.927849999999999,0.97241,0.10093,0.04575,-0.0570900000000005,0.0366300000000006,0.1417,0.23831,-0.58625,0.53783,-1.0547,0.26403,-0.00106000000000073,0.17665,-0.6586,-1.02417,-1.07035,-0.901300000000001,-0.989599999999999,-1.19841
"Snai2","ENSMUSG00000022676",0.2259335,0.627902499999999,0.3358495,0.8304805,0.938964499999999,1.0106015,0.4749665,0.6052335,0.3438985,0.4523085,0.0350424999999994,0.3657505,-1.3732505,-2.2276465,-1.2761185,0.3234495,-0.3176275,0.311100499999999,0.161090499999999,-0.276225500000001,-0.1247735,-0.4888725,-0.4306225,-0.5274355
"Sel1l3","ENSMUSG00000029189",0.506818333333333,0.0901433333333328,1.42698233333333,-0.269591666666667,0.321454333333334,1.83789933333333,0.661291333333333,0.673562333333333,0.630968333333334,0.0928103333333334,0.576532333333333,0.0256893333333332,-1.23059066666667,-0.849603666666667,-0.00403766666666705,-0.165046666666667,-0.0660976666666668,-0.772789666666667,-0.857229666666667,-0.0491106666666665,-0.0150596666666667,-0.576194666666667,-0.546737666666667,-1.44206166666667
"Lurap1l","ENSMUSG00000048706",0.441758416666667,0.370587416666667,0.362883416666667,1.06176841666667,0.765883416666667,0.425125416666667,0.800937416666667,0.797495416666667,0.666764416666667,0.790450416666667,0.505403416666667,0.215166416666666,-1.19757958333333,-0.741731583333333,-2.05728758333333,0.577564416666667,-0.273179583333333,0.0467784166666672,-0.594125583333334,-0.509843583333333,-0.637968583333334,-0.560359583333333,-0.735405583333333,-0.521085583333333
"Pnck","ENSMUSG00000002012",1.20395341666667,0.784873416666667,0.995348416666666,0.992988416666667,1.12188141666667,0.967669416666666,-0.271581583333333,0.274667416666666,-0.155044583333333,0.351410416666667,0.632247416666667,0.188095416666667,-0.360424583333333,0.222209416666667,-1.23241358333333,-0.108657583333334,-0.287306583333334,-0.428708583333333,-0.405922583333333,-0.735667583333333,-0.930593583333334,-0.437065583333333,-0.898222583333333,-1.48373558333333
"Smtnl2","ENSMUSG00000045667",1.03502225,0.89510925,0.660517249999999,1.16401025,1.02985125,0.97837225,0.622239249999999,0.267694249999999,0.11745525,0.18043225,0.12697125,-0.01277375,-1.43128875,-0.34149075,-1.20609975,0.08203725,-0.228999750000001,-0.21706175,0.0357382499999996,-0.38778675,-0.347727750000001,-0.68693675,-1.05130175,-1.28398275
"Reep5","ENSMUSG00000005873",0.628097083333333,0.416957083333333,0.420777083333334,1.00535708333333,1.26404708333333,1.20849708333333,0.302667083333334,0.437247083333334,0.301787083333334,0.365567083333334,0.249597083333335,0.514387083333334,-1.16424291666667,-0.822602916666666,-1.35826291666667,0.133437083333334,0.382187083333333,0.219847083333335,-0.472952916666666,-0.676402916666666,-0.747452916666665,-0.668342916666665,-0.854972916666666,-1.08522291666667
"Rita1","ENSMUSG00000029600",0.975372666666667,0.764621666666667,0.812600666666667,1.12954866666667,0.950087666666667,0.678148666666666,0.384796666666666,0.614435666666666,0.240836666666667,0.196606666666667,0.0793716666666668,-0.00709833333333343,-1.49812433333333,-0.132084333333333,-1.33908733333333,0.0826426666666666,-0.0452403333333331,0.149328666666666,-0.0618813333333339,-0.536728333333333,-0.299131333333333,-0.876012333333334,-1.25830133333333,-1.00470933333333
"Taco1","ENSMUSG00000001983",0.363190833333333,0.753500833333333,0.344551833333333,1.22514683333333,0.988653833333333,0.893888833333333,0.778469833333333,0.507245833333333,0.276686833333334,0.296438833333333,0.069922833333333,0.332679833333334,-1.78861016666667,-0.0427911666666665,-1.51849316666667,0.067482833333333,0.274921833333333,-0.160242166666666,-0.440989166666666,-0.600140166666667,-0.655211166666667,-0.460156166666667,-0.859627166666667,-0.646521166666667
"Aqp1","ENSMUSG00000004655",0.444220416666667,0.403260416666667,0.337820416666666,1.00738041666667,1.04160041666667,1.37022041666667,0.216160416666666,-0.0162795833333327,0.344180416666667,0.461900416666667,0.376820416666666,0.251730416666666,-0.270459583333334,0.296490416666666,-0.229759583333333,0.397370416666666,-0.0104895833333334,0.331380416666667,-1.17777958333333,-1.13637958333333,-1.07538958333333,-1.02556958333333,-1.05034958333333,-1.28807958333333
"Map2k6","ENSMUSG00000020623",0.653056625000001,-0.0465123749999998,0.685340625,0.999563625,0.584748625,0.925629625,0.533754625,0.856762625,0.409838625,0.443033625,0.900977625,0.618388625000001,-1.023629375,-0.406590375,-1.167076375,-0.280182375,-0.292244375,0.304609625,-0.161265375,-0.950671375,-0.942327375,-0.544958375,-0.670245374999999,-1.430001375
"ILMN_2664556","ILMN_2664556",0.819391291666666,0.784926291666666,0.765180291666667,1.26217229166667,0.798569291666666,1.07237429166667,-0.145769708333334,0.212884291666667,0.00368029166666695,0.136564291666667,0.571820291666667,0.229640291666667,-0.618285708333334,0.234300291666667,-1.31784270833333,0.112041291666666,0.167216291666667,0.218388291666667,-0.471652708333333,-1.03179570833333,-0.931165708333333,-0.640823708333333,-0.993223708333334,-1.23858970833333
"Rbbp6","ENSMUSG00000030779",0.201673166666667,0.655543166666667,0.166831166666666,0.510703166666667,0.640965166666667,0.588658166666667,0.631358166666667,0.564920166666667,0.850606166666667,0.475612166666667,0.430049166666667,0.588535166666666,-1.93727483333333,-0.137344833333334,-1.68637083333333,0.0119631666666669,0.119544166666667,-0.0951048333333331,0.376190166666666,-0.512267833333333,0.00725816666666645,-0.414490833333334,-1.12341783333333,-0.914138833333333
"Ggnbp1","ENSMUSG00000048731",0.834922708333334,0.863632708333334,0.799962708333334,1.15015270833333,0.923942708333334,0.930802708333333,0.312112708333334,0.229262708333334,0.226412708333333,0.206812708333333,0.252692708333333,0.429542708333333,-0.192706291666667,0.381422708333334,-0.592018291666667,-0.0884572916666659,-0.156037291666667,-0.357721291666666,-0.557422291666667,-0.933445291666667,-1.27331829166667,-1.03916329166667,-1.12840829166667,-1.22297729166667
"Klk8","ENSMUSG00000064023",0.712632708333334,0.746299708333334,0.506905708333333,1.33694870833333,1.27093370833333,0.860116708333333,0.143904708333334,0.105425708333334,0.132726708333333,0.479822708333334,0.331671708333333,0.210602708333333,-0.867675291666666,-0.894095291666666,-0.422470291666666,0.510155708333334,-0.0371782916666668,0.236307708333333,-0.820363291666666,-0.712575291666666,-0.876206291666667,-0.757999291666667,-1.06050529166667,-1.13538629166667
"Hpgd","ENSMUSG00000031613",-0.329292,-0.493989,-0.368556,0.465671,0.361857,0.679412999999999,0.909712999999999,0.871201,0.867686,1.353216,1.039672,0.781068,-0.134106,-0.00722199999999962,-1.143475,-0.222818,-1.030085,-0.142122,-0.335857,-0.168779,-0.712925,0.0223449999999996,-1.096517,-1.166099
"Plxnd1","ENSMUSG00000030123",0.436558541666667,0.865358541666668,0.576618541666667,1.11533854166667,1.20875854166667,0.743318541666667,0.264938541666666,0.335248541666667,0.0830785416666675,0.299998541666668,0.499788541666668,0.414708541666666,-0.957457458333334,-1.16596645833333,-0.613903458333333,0.371808541666667,0.379248541666668,0.0636955416666662,-0.339083458333333,-0.502273458333333,-0.866994458333334,-0.937819458333333,-1.02195345833333,-1.25301345833333
"Higd1b","ENSMUSG00000020928",0.621819500000001,1.1247025,0.449165499999999,1.2804255,1.2805245,0.8572665,-0.0481464999999996,-0.0855635000000001,0.0839865,0.5161125,-0.1298035,0.0866635000000002,-0.0354305000000004,-0.453486499999999,-0.3728695,0.483855500000001,-0.3014525,0.161512500000001,-0.8294105,-0.7709715,-1.0690215,-0.2519145,-1.3780515,-1.2199125
"Tmtc2","ENSMUSG00000036019",0.702721708333334,0.874730708333334,-0.0769632916666669,0.833260708333333,0.573067708333333,0.827695708333334,0.563208708333334,0.685041708333333,0.282566708333333,0.378403708333333,0.0739137083333334,0.315252708333333,0.752570708333334,-1.67596529166667,-0.400235291666666,0.340077708333333,0.0413217083333333,0.229027708333334,-0.707674291666667,-1.03815829166667,-0.996614291666667,-0.631368291666667,-1.17719229166667,-0.768690291666666
"Uros","ENSMUSG00000030979",0.613511749999999,0.489418749999999,0.49735875,0.97501175,0.844641749999999,0.87926175,0.279877749999999,0.41193775,0.452143749999999,0.38672075,0.37138575,0.525548749999999,-1.51541225,-0.19037125,-1.66592225,0.224794749999999,0.25961775,0.112371749999999,-0.25710525,-0.799329250000001,-0.605383250000001,-0.28043725,-1.08044525,-0.929197250000001
"Rnls","ENSMUSG00000071573",1.149973375,1.193946375,1.138454375,0.470688375,0.363732375,0.0699003750000005,0.379509375,0.161418375,0.328615375,0.430686375,0.439367375,0.373964375,-0.611181625,0.813768375,-0.519062625,-0.447854625,-0.0524566249999996,-0.148890625,-0.261884625,-0.771037625,-1.276254625,-0.761588625,-1.103984625,-1.359828625
"Itm2a","ENSMUSG00000031239",0.547885875,0.432147875,0.806989875000001,0.644014875,0.930065875,1.153731875,0.429853875000001,0.528154875,0.531960875000001,0.540231875,0.570428875000001,0.359026875,-0.576177125,-0.211072124999999,-0.401750125,0.271592875,-0.380173125,-0.0510101249999995,-0.640266124999999,-1.087155125,-0.780014125,-1.354628125,-1.217026125,-1.046814125
"Cdnf","ENSMUSG00000039496",0.638732333333333,0.604066333333332,0.707916333333333,0.773335333333332,0.584303333333333,0.764078333333332,0.375904333333333,0.444616333333332,0.483571333333332,0.610264333333333,0.498702333333332,0.285706333333332,-1.23258166666667,0.153835333333333,-2.16051866666667,-0.0409456666666674,-0.155639666666668,-0.150395666666668,-0.115673666666668,-0.440681666666666,-0.456859666666666,-0.497675666666668,-0.602259666666667,-1.07180066666667
"Ak4","ENSMUSG00000028527",0.886864875000001,0.886213875000001,0.941068875000001,1.121647875,0.961734874999999,1.221506875,0.393013874999999,0.151718875,-0.159269125,-0.0914221249999994,0.152599875,0.263008875000001,-0.396940125,-0.522531125,-0.828180124999999,0.0422908750000008,0.278894875000001,-0.120241125,-0.509252125,-1.009021125,-0.784510125000001,-0.689300124999999,-0.892630125,-1.297267125
"Jam2","ENSMUSG00000053062",0.169476458333333,0.163722458333334,0.240277458333335,0.679485458333334,0.576866458333335,0.935395458333334,0.874915458333334,0.817955458333333,0.844595458333334,0.637745458333335,0.683875458333334,0.520230458333334,-1.74323154166667,-0.828047541666665,-1.51236554166667,-0.210541541666666,-0.195458541666666,-0.0969315416666667,-0.108807541666666,-0.550911541666666,-0.539713541666666,-0.396136541666666,-0.684498541666667,-0.277897541666666
"Krt10","ENSMUSG00000019761",0.545332291666666,0.625263291666666,0.499495291666667,0.862259291666668,0.799899291666668,0.850869291666667,0.503981291666667,0.500691291666667,0.630299291666667,0.762500291666667,0.395900291666667,0.500389291666666,-0.536440708333334,0.203963291666668,-0.692021708333334,-0.108961708333334,-0.264416708333334,-0.0505537083333341,-0.453977708333333,-1.04681470833333,-1.01238170833333,-0.907658708333333,-1.52293270833333,-1.08468370833333
"Asb16","ENSMUSG00000034768",0.658815708333333,0.609357708333333,0.690750708333334,0.642657708333333,0.941296708333334,1.17615070833333,0.0865257083333333,0.141271708333333,0.201158708333334,0.397183708333333,0.538549708333333,0.287017708333333,-0.397888291666667,-0.215522291666667,-1.91947629166667,0.109361708333333,-0.00890829166666673,-0.335781291666667,-0.148623291666667,0.00449770833333307,-0.420643291666667,-0.627010291666667,-0.781129291666667,-1.62961329166667
"Creb1","ENSMUSG00000025958",0.659511916666667,0.324698916666667,0.372260916666667,1.00547191666667,1.25395991666667,0.894640916666667,0.856009916666666,0.385761916666667,0.878276916666667,0.203681916666667,-0.442942083333333,-0.0454100833333335,-1.36882008333333,-0.840193083333333,-1.10609808333333,-0.633765083333333,-0.0282170833333328,0.184351916666667,-0.826674083333333,-0.876162083333333,-0.133723083333333,-0.501128083333333,-0.532656083333333,0.317161916666667
"Nrarp","ENSMUSG00000078202",0.158013208333333,0.288670208333333,0.188977208333334,0.802370208333333,1.18314420833333,0.601376208333333,0.334869208333334,0.908553208333334,0.539079208333334,0.913678208333334,0.473653208333333,0.789947208333333,-0.485883791666668,-0.925453791666667,-0.874112791666667,0.0281712083333332,0.0776752083333339,-0.329491791666667,-0.882772791666667,-0.896878791666667,-0.254336791666667,-1.10040779166667,-0.185685791666666,-1.35315379166667
"Klhl30","ENSMUSG00000026308",0.265647083333333,0.476587083333333,0.375577083333333,1.14943708333333,1.00350708333333,1.15195708333333,0.520327083333333,0.583627083333333,0.302717083333333,0.187897083333333,0.183607083333333,0.229757083333332,-1.31274491666667,-1.52366491666667,-1.09868091666667,0.207277083333333,0.187327083333333,0.106243083333332,-0.156970916666667,-0.340873916666666,-0.523890916666668,-0.872558916666668,-0.520923916666668,-0.581182916666668
"Cited4","ENSMUSG00000070803",-0.0484448333333329,0.0639221666666678,0.154201166666667,1.14437616666667,1.13338616666667,0.635886166666667,0.728266166666668,0.786006166666667,0.586456166666666,0.117781166666667,0.636786166666667,0.308046166666667,-1.14925483333333,-1.07529883333333,-0.871257833333333,0.396416166666667,0.352786166666666,0.136136166666667,-0.117971833333334,-0.331939833333333,-0.830060833333333,-1.03974283333333,-1.01475483333333,-0.701725833333333
"Abca8b","ENSMUSG00000020620",0.813388083333334,0.297284083333333,0.646836083333334,0.832444083333334,0.887686083333334,1.36447308333333,0.499038083333334,0.319352083333333,0.216088083333333,0.401036083333334,0.210675083333333,0.0277410833333338,-0.240985916666666,-1.91011091666667,-0.643998916666667,-0.723864916666667,0.0856120833333334,0.343555083333333,-0.655444916666666,-0.699124916666666,-0.461323916666666,-0.755462916666667,-0.483797916666666,-0.371093916666666
"Fblim1","ENSMUSG00000006219",0.551784166666668,0.587814166666666,0.475874166666667,0.138344166666666,0.263094166666667,0.0107841666666673,0.747844166666667,1.04376416666667,0.847744166666667,0.893994166666667,0.767334166666666,0.645234166666667,-0.846795833333333,-0.988245833333334,-0.618205833333333,-0.823035833333334,-1.23892583333333,-1.24800583333333,0.213274166666666,-0.0532858333333337,-0.0116258333333334,-0.134505833333334,-0.596655833333333,-0.627595833333332
"Prss53","ENSMUSG00000044139",0.465287333333333,0.476696333333333,0.316572333333333,1.01715933333333,0.906880333333334,1.30382933333333,0.229034333333334,0.0500393333333333,0.397924333333333,0.378420333333334,0.683847333333333,0.322467333333333,-1.61822666666667,-0.445985666666667,-1.11436966666667,-0.352029666666667,0.206541333333333,-0.0695656666666666,-0.264581666666666,-0.254266666666666,-0.451000666666667,-0.139184666666667,-0.906971666666667,-1.13851666666667
"Mboat1","ENSMUSG00000038732",0.0789170833333337,0.376764083333334,0.481385083333334,0.459427083333334,0.612411083333334,0.665894083333334,0.607508083333333,0.522303083333334,0.592697083333333,0.410436083333334,0.679508083333333,0.615201083333334,-0.933942916666666,-0.954234916666667,-0.694512916666667,0.489746083333333,0.759718083333333,0.249131083333333,-0.534968916666666,-0.672701916666666,-1.30080891666667,-1.15354391666667,-0.209054916666666,-1.14727791666667
"Lysmd4","ENSMUSG00000043831",0.640671458333333,0.595366458333334,0.689228458333334,1.11906645833333,1.10308145833333,1.16559645833333,-0.0517585416666666,0.122005458333334,0.155368458333333,0.0548944583333331,0.115248458333333,0.335690458333334,-0.654769541666667,-0.273533541666666,-1.15129854166667,0.218963458333334,0.340917458333333,0.129300458333335,-0.148703541666666,-0.577972541666666,-0.663334541666666,-0.889926541666666,-1.18842754166667,-1.18567454166667
"Pitpnc1","ENSMUSG00000040430",0.633493333333334,0.725685333333335,0.603469333333333,0.721936333333334,0.595337333333333,1.03248933333333,0.605665333333334,0.561421333333334,0.495004333333334,0.224963333333333,0.378102333333334,0.165793333333333,-0.861793666666665,-0.337788666666667,-1.72746166666667,0.178143333333333,-0.212896666666666,-0.00154966666666567,-0.299059666666667,-0.400925666666666,-0.374190666666665,-0.630509666666667,-0.777747666666667,-1.29758066666667
"Mapt","ENSMUSG00000018411",0.66728275,0.79867275,0.691802749999999,1.29619275,1.06972275,0.830872749999999,0.23681275,0.0714327499999996,-0.00337724999999978,0.190862749999999,0.31269275,0.33113275,-0.43220425,-0.598455250000001,-0.80206725,0.17572275,0.22899275,0.101992749999999,-0.749488250000001,-0.76297025,-0.87171625,-0.77874725,-1.29270425,-0.712458250000001
"Pcolce2","ENSMUSG00000015354",-0.0837390833333345,-0.00480008333333437,0.0548719166666665,1.19280391666667,0.934715916666667,1.11865391666667,0.468251916666667,0.485827916666667,0.587771916666666,0.626409916666667,0.694103916666666,0.145980916666666,-1.18476108333333,-1.25999308333333,-0.757265083333333,0.341010916666667,-0.225975083333333,0.350248916666667,-0.344689083333334,-0.617612083333334,-0.519798083333335,-0.663562083333334,-0.643098083333333,-0.695359083333335
"Mmp11","ENSMUSG00000000901",1.0829315,1.1114935,0.563785500000001,1.1786775,0.831030500000001,0.8241785,0.4198205,0.2745905,0.2430385,-0.295711499999999,0.288057500000001,-0.462483499999999,-1.3646215,-0.2581805,-1.0879115,0.188944500000001,-0.5154155,-0.2551555,-0.5261375,-0.4814225,-0.1645235,-0.7364855,-0.5904935,-0.268006499999999
"Ptprr","ENSMUSG00000020151",0.44055525,-0.00859574999999957,-0.48023275,0.47994225,0.76372725,0.29566725,0.88010525,0.65328325,0.90063925,0.86166125,1.11360025,0.48637325,-0.41469575,-0.31099275,-0.61941075,-0.28350275,-0.22072175,0.0808842500000004,-0.23314875,-0.35126275,-0.60106575,-1.10266775,-0.81619875,-1.51394275
"Grb14","ENSMUSG00000026888",0.531506875,0.253606875000001,0.247876875000001,0.718906875,0.571626875,0.715036875000001,0.439756875,0.662096875,0.667706875,0.685866875,0.451426875000001,0.831306875000001,-1.254213125,-0.635646124999999,-1.639915125,0.071266875000001,-0.220753125,-0.197333125,-0.0799431249999998,-0.254743124999999,-0.386633124999999,-0.526239125,-0.605023124999999,-1.047547125
"Slc25a13","ENSMUSG00000015112",0.283634791666667,0.587903791666667,-0.118252208333333,0.554792791666666,0.273374791666667,0.326440791666667,0.311385791666667,0.618602791666667,0.560189791666667,0.637074791666667,1.15937479166667,0.952851791666667,-1.61256020833333,-0.210952208333334,-1.11350120833333,-0.453309208333333,-0.223735208333333,-0.190172208333333,-0.0654342083333335,-1.40115420833333,-0.413621208333333,0.0754807916666671,-0.331954208333333,-0.206461208333333
"Mccc2","ENSMUSG00000021646",0.446372999999999,0.411166,0.228649000000001,0.876081000000001,0.732106,1.190448,0.463402,0.260343000000001,0.610117000000001,0.288874,0.321642000000001,0.558052,-0.343684,0.155025999999999,-1.219001,-0.155321000000001,-0.0531919999999992,0.165008,-0.169007000000001,-1.008778,-0.765092,-0.732137,-0.909138,-1.351937
"Dpt","ENSMUSG00000026574",0.16764525,0.622575249999999,0.802275249999999,1.05887525,1.09884525,1.20591525,0.395555249999999,0.18894525,0.477005249999999,0.581055249999999,0.172015249999999,0.253765249999999,-0.67539575,-0.50348275,-1.09609575,-0.294415750000001,-0.531115750000001,-0.0336247500000013,-0.41061275,-0.93501975,-0.454099750000001,-0.62917275,-0.916652750000001,-0.54478475
"Ifngr2","ENSMUSG00000022965",0.550652874999999,0.597522874999999,0.305942875,1.052062875,0.887392875,0.859542874999999,0.449172875,0.532372875,0.469332874999999,-0.0243571249999999,0.486932874999999,0.0976628749999993,-1.062924125,-1.460124125,-0.412479125000001,0.124752875,0.424142874999999,0.103772874999999,-0.536274125,-0.559604125,-0.737639125000001,-0.630479125000001,-0.726921125000001,-0.790458125000001
"Hmx1","ENSMUSG00000067438",0.429509166666667,-0.154676833333333,0.885807166666667,0.312233166666667,0.245048166666667,0.478008166666667,0.764406166666667,0.769615166666667,0.174637166666667,0.728973166666667,1.05921516666667,1.09728416666667,-0.867256833333333,-0.686078833333333,-0.318877833333333,-0.195707833333333,-1.14987483333333,-0.650700833333333,-0.121250833333333,-0.920110833333333,-0.794347833333333,-0.149195833333333,-0.357009833333333,-0.579647833333333
"Coq8a","ENSMUSG00000026489",0.716039250000001,0.58756525,0.0955372500000005,0.77174225,0.93874425,0.82412925,0.51167825,0.47764625,0.44403725,0.26412525,0.34432925,0.15401525,-1.23791975,-1.11389375,-1.56430175,0.0815142500000006,0.12365225,-0.30408175,-0.25159475,-0.249730749999999,-0.0760267499999996,-0.57837175,-0.394415749999999,-0.56441875
"Ptges3l","ENSMUSG00000097487",0.453649208333333,0.559499208333333,0.559849208333333,1.04084920833333,1.04739920833333,0.968439208333333,0.193259208333332,0.351629208333332,0.171489208333332,0.226729208333333,0.220779208333333,0.303719208333332,-0.863234791666667,-0.509580791666668,-1.01421879166667,0.414569208333333,0.159629208333333,0.224209208333333,-0.611210791666668,-0.783567791666668,-0.697860791666667,-0.636940791666667,-0.944378791666667,-0.834704791666667
"Sox7","ENSMUSG00000063060",0.617734083333334,0.712214083333333,0.405223083333333,0.436989083333334,0.874554083333333,0.797994083333332,0.613244083333333,0.539644083333332,0.611684083333333,0.580174083333333,0.159644083333333,0.444559083333333,-0.766936916666667,-1.23695491666667,-0.636741916666667,-0.313866916666667,-0.0353039166666669,-0.222705916666667,-0.112371916666667,-0.721248916666667,-0.572782916666668,-0.798830916666667,-0.336166916666667,-1.03974591666667
"Rap1gap2","ENSMUSG00000038807",0.335016750000001,0.449146750000001,0.349486750000001,0.93213675,0.91970675,0.82393675,0.38703675,0.61114675,0.313666750000001,0.23670675,0.37754675,0.41039675,-1.14285225,-0.465202249999999,-1.05485325,0.13669675,-0.0638032499999994,-0.0553032499999997,-0.106503249999999,-0.250193249999999,-0.393953249999999,-0.75627325,-0.96608125,-1.02760925
"Nrxn2","ENSMUSG00000033768",0.911100791666667,0.849750791666667,0.649671791666667,0.399826791666666,0.906521791666667,1.03845479166667,0.433550791666667,0.242081791666666,0.474068791666666,0.437423791666666,-0.192153208333333,0.346469791666666,-0.427179208333333,-0.383472208333333,-0.965076208333334,-0.374826208333333,-0.816257208333333,-0.0145452083333337,-0.794089208333333,-0.735342208333333,-0.699127208333334,-0.349755208333334,-0.557889208333333,-0.379209208333333
"Tmem143","ENSMUSG00000002781",0.500610541666667,0.351750541666668,0.746520541666667,1.00171054166667,0.897090541666667,0.950780541666667,0.215100541666667,0.401660541666667,0.145390541666668,0.323430541666667,0.300150541666667,0.340060541666668,-0.421549458333333,0.0911005416666679,-0.941282458333333,-0.072679458333333,-0.113719458333332,-0.291299458333333,-0.358899458333333,-0.609029458333332,-0.833623458333333,-0.672495458333332,-0.886765458333333,-1.06401345833333
"Ets1","ENSMUSG00000032035",0.396031583333333,0.725111583333334,0.329371583333334,0.802721583333334,0.978211583333334,0.500811583333332,0.549431583333334,0.430241583333332,0.412671583333333,0.500831583333333,0.223361583333332,0.222661583333334,-0.216828416666667,-1.33336641666667,-0.223098416666668,-0.344428416666666,-0.147888416666667,-0.254388416666666,-0.621928416666666,-0.534118416666667,-0.610128416666667,-0.679578416666667,-0.511468416666666,-0.594238416666666
"Cfb","ENSMUSG00000090231",-5.16792804166667,-5.02826404166667,-3.73151904166667,-3.51378504166667,-2.50688904166667,-4.89225504166667,-5.57763604166667,-6.03443204166667,-5.31044904166667,-4.62086104166667,-6.88451004166667,-5.02893904166667,3.55606895833333,2.93637295833333,3.98557795833333,6.80504995833333,6.77366995833333,7.23561995833333,4.97550995833333,4.93497495833333,4.69323795833333,4.84022995833334,4.12018995833333,3.44096495833334
"Saa3","ENSMUSG00000040026",-2.97559216666667,-3.41914616666667,-3.08349116666667,-2.37893616666667,-1.70089616666667,-2.32790316666667,-5.16175716666667,-4.43444116666667,-4.80488816666667,-4.13988816666667,-4.13479616666667,-4.86052016666667,5.04643883333333,4.53569883333333,4.53750883333333,4.56534883333333,4.50489883333333,4.50754883333333,1.92066883333333,2.61240883333333,2.61560883333333,2.96960883333333,3.01164883333333,2.59486883333333
"Bcl2a1d","ENSMUSG00000099974",-3.965341875,-4.601987875,-1.412903875,-2.670619875,-2.560100875,-2.567118875,-3.552706875,-4.791646875,-3.975237875,-3.587300875,-4.685815875,-3.669808875,1.877242125,1.258547125,2.451362125,4.902257125,5.476807125,5.213437125,4.167617125,3.679117125,3.174683125,3.653757125,4.346917125,1.838846125
"Irf7","ENSMUSG00000025498",-4.74985633333333,-5.43855733333333,-5.24970733333333,-2.47705133333333,-2.07474933333333,-3.62741433333333,-2.82139733333333,-3.75537833333333,-3.38796033333333,-2.49185233333333,-3.05477133333333,-3.32781433333333,3.11025166666667,2.91960166666667,2.67553166666667,4.08316166666667,3.88020166666667,3.88238166666667,3.85978166666667,3.86741166666667,3.79905166666667,3.53993166666667,3.35929166666667,3.47991166666667
"C4b","ENSMUSG00000073418",-2.9480925,-4.1344685,0.0952565000000014,-1.0725355,-0.755767500000001,-0.662967500000001,-4.4631395,-5.1572335,-4.1547105,-4.2055265,-5.3185705,-4.5975915,2.2123915,4.0035805,3.9040405,4.0628505,3.8639405,5.2215105,2.4634495,3.1748135,3.2845665,2.1806885,1.3030855,1.7004295
"Cxcl10","ENSMUSG00000034855",-3.5248805,-3.6467615,-3.7519785,-2.5671695,-1.9695715,-3.3667795,-4.1255605,-4.3845115,-3.1078315,-3.5745835,-4.0074625,-2.8411535,2.7207585,2.6051305,3.6299785,3.6161785,4.6404485,3.5493485,3.6300085,3.1575485,2.9239785,3.2708185,3.3128585,3.8111885
"H2-T10","ENSMUSG00000079491",-0.00367258333333176,0.0706624166666678,0.707891416666667,1.24674441666667,1.57115141666667,1.84872341666667,-4.81619958333333,-5.65915858333333,-5.80538358333333,-4.63264358333333,-5.39176858333333,-6.13168158333333,3.38290641666667,2.93782441666667,2.85541941666667,4.76288441666667,4.62967941666667,4.98219641666667,0.944005416666668,0.608986416666667,0.398738416666667,0.657581416666668,0.532464416666667,0.302648416666667
"Tap1","ENSMUSG00000037321",-3.8312045,-3.1772135,-3.9654415,-1.6241055,-1.7721475,-1.6694905,-4.2117845,-3.7832795,-3.6054585,-3.6125135,-3.3751285,-3.6610015,1.3772635,2.8936745,2.2110555,4.3101995,4.2958975,4.2547155,3.8685885,3.5263475,3.2380705,2.9331815,2.9840985,2.3956765
"Lcn2","ENSMUSG00000026822",-3.57682025,-4.31251125,-3.95861525,-1.65135425,-2.45177225,-2.15334525,-3.41890225,-3.61597625,-2.97092725,-2.66452125,-3.31051125,-2.56660125,5.12749075,4.17889075,4.54190075,2.43692075,3.31067075,2.61553075,-1.34530025,1.89923075,2.38315075,3.08776075,4.16002075,4.25559075
"Serpina3f","ENSMUSG00000066363",-3.69882541666667,-2.90060641666667,-2.85559541666667,-2.36894541666667,-1.20746241666667,-2.96498241666667,-3.83852241666667,-3.69190641666667,-3.75290641666667,-4.48241841666667,-3.19205141666667,-3.72551541666667,3.30772458333333,2.64849158333333,3.08182858333333,4.29105158333333,3.90074158333333,3.93210158333333,3.03004458333333,2.97917158333333,2.72086158333333,3.18301658333333,3.43380258333333,2.17090158333333
"Ccl2","ENSMUSG00000035385",-3.19447004166667,-3.29614404166667,-3.35910104166667,-1.42432104166667,-1.46539104166667,-2.44533504166667,-3.40397904166667,-3.73684504166667,-3.25951704166667,-4.52790004166667,-3.09196004166667,-4.44267404166667,3.56428595833333,0.528741958333334,4.15112595833333,2.88851595833333,4.27709595833333,3.37725595833333,2.15547695833333,2.66739895833333,2.66538195833333,3.69582595833333,3.77801595833333,3.89851595833333
"Plac8","ENSMUSG00000029322",-2.05027670833333,-3.72332670833333,-2.93593970833333,-2.29855070833333,-2.31953370833333,-2.85926770833333,-3.65463370833333,-4.97112270833333,-4.36752970833333,-3.01740970833333,-3.15415670833333,-2.78798170833333,2.32523829166667,2.79230829166667,3.31218829166667,3.55713829166667,3.73550829166667,3.79570829166667,2.85903829166667,3.04661829166667,3.08175829166667,3.14108829166667,3.34708829166667,3.14604829166667
"Ccl5","ENSMUSG00000035042",-3.13711254166667,-3.48793054166667,-3.04974754166667,-1.47482754166667,-1.39598554166667,-2.17370654166667,-4.09349954166667,-5.20035854166667,-3.45102954166667,-2.74438854166667,-3.40389254166667,-2.35397954166667,1.09716245833333,0.578106458333334,0.770407458333334,4.30832245833333,4.06022245833333,4.14862245833333,4.19648245833333,3.93850245833333,3.71841245833333,3.67591245833333,3.49258245833333,1.98172245833333
"Oasl1","ENSMUSG00000041827",-4.30540175,-4.19414775,-3.89798775,-1.44949175,-1.67843875,-2.27350775,-3.77967175,-3.92922375,-4.05040375,-2.44185775,-2.64704475,-2.87410775,2.75646125,3.44550125,2.65292125,3.62441125,3.90746125,3.69353125,3.69745125,2.88133125,2.58988125,2.74374125,2.39841125,3.13018125
"ILMN_2996973","ILMN_2996973",-1.69770641666667,-3.39368141666667,-2.09035741666667,-1.31758241666667,-1.93046341666667,-1.75150641666667,-3.85188841666667,-3.89925741666667,-4.08717141666667,-3.53996341666667,-3.93164341666667,-4.06777941666667,0.827346583333333,1.57294458333333,0.725617583333333,3.66697758333333,3.63002758333333,3.71655758333333,4.06308758333333,3.74950758333333,3.38235758333333,3.66700758333333,3.38589758333333,3.17167158333333
"Apol9a","ENSMUSG00000057346",-3.51288616666667,-3.40459216666667,-2.63591116666667,-2.12788816666667,-1.59331716666667,-2.53310116666667,-3.07817916666667,-3.17715416666667,-3.47159216666667,-2.86706516666667,-3.58881916666667,-3.22040716666667,1.47352783333333,3.16979883333333,2.32027083333333,4.01629083333333,3.86537083333333,4.22577083333333,3.38078283333333,2.83786883333333,2.65768283333333,3.19349083333333,1.95600183333333,2.11405583333333
"Mx2","ENSMUSG00000023341",-2.869304,-2.816246,-2.513222,-1.74182,-2.437914,-2.162054,-3.369217,-3.795514,-4.159218,-3.177506,-2.566168,-3.356898,3.789982,3.906282,2.719862,3.385732,3.298872,3.154322,3.507142,2.749812,2.468072,2.294792,1.567259,2.122952
"Serpina3n","ENSMUSG00000021091",-2.5074345,-2.9152045,-0.00194850000000102,0.0225674999999992,-0.9787705,-1.4550985,-4.2571355,-4.5387805,-3.5344265,-3.3869165,-4.5537035,-3.3677285,4.2616075,4.0800775,4.1460875,2.6284975,2.9695075,2.7596775,0.0851474999999997,1.4126675,2.1242475,1.9479375,2.3285775,2.7305475
"Spp1","ENSMUSG00000029304",-2.99273983333333,-3.12063683333333,3.24650716666667,-1.78621783333333,-2.30664083333333,-0.791308833333334,-3.64901083333333,-3.14599883333333,-3.56802183333333,-4.11135583333333,-3.87301883333333,-3.52611983333333,2.86879616666667,2.70933916666667,4.96940016666667,1.70866216666667,2.21027716666667,2.40786716666667,0.212313166666666,1.84301516666667,2.13361816666667,1.63855016666667,3.02122416666667,3.90150016666667
"Fpr2","ENSMUSG00000052270",-1.709173125,-2.593111125,-1.445960125,-1.263030125,-1.416740125,-1.196511125,-4.228711125,-4.462096125,-4.021314125,-3.077951125,-4.273196125,-3.292803125,3.178906875,3.026546875,3.557216875,3.492186875,3.745816875,3.618766875,2.519346875,2.062930875,2.080993875,1.966614875,2.225731875,1.505537875
"Ifit3","ENSMUSG00000074896",-3.899949125,-4.127186125,-4.061776125,-1.949998125,-1.666918125,-1.913818125,-2.524626125,-2.790272125,-2.978264125,-2.570032125,-2.551940125,-2.662252125,1.711161875,2.764271875,1.769441875,3.425661875,3.435641875,3.400461875,3.029661875,2.934541875,2.972231875,2.822031875,2.664391875,2.767531875
"Ccl4","ENSMUSG00000018930",-1.95424725,-1.82110525,-1.37050525,-1.44622125,-1.64518125,-1.33363825,-3.87291425,-3.49898625,-3.49723125,-4.07141325,-4.03572725,-3.82947325,1.55175475,0.87568175,3.01653375,3.83224375,4.16622375,3.70688375,2.94192375,2.48359375,2.48112375,2.51145375,2.73981375,2.06941375
"Vmn1r65","ENSMUSG00000066850",-1.915687125,-3.189415125,-2.432709125,-1.992522125,-1.522072125,-1.648528125,-3.912148125,-3.340979125,-2.944473125,-3.296766125,-4.161618125,-3.068261125,2.617198875,3.103548875,1.540851875,3.616498875,3.406288875,3.644238875,3.193408875,2.652528875,2.484578875,2.780948875,2.448608875,1.936478875
"Chil3","ENSMUSG00000040809",-2.54065291666667,-2.16535691666667,-3.03258591666667,-1.24541591666667,-1.47682191666667,-1.14271991666667,-3.28831891666667,-2.99351091666667,-3.05800991666667,-4.28589791666667,-2.28554191666667,-3.28162291666667,1.55391208333333,-0.902177916666667,2.09089208333333,3.52928108333333,4.84052408333333,4.40320408333333,1.82463308333333,3.16582908333333,4.00488408333333,1.01981908333333,2.78835108333333,2.47730408333333
"Ifnb1","ENSMUSG00000048806",-2.02297345833333,-2.07078645833333,-2.38006345833333,-2.26858345833333,-1.92050045833333,-2.20311445833333,-2.86308845833333,-2.89028945833333,-2.97454045833333,-3.78579045833333,-3.19095345833333,-3.71017545833333,3.79708854166667,3.59109054166667,4.21751254166667,2.00221154166667,3.73942554166667,2.65601654166667,-0.0891734583333337,1.87288654166667,2.04318654166667,2.98257954166667,2.08840954166667,3.37962554166667
"Ptx3","ENSMUSG00000027832",-2.607782625,-3.155458625,-2.890790625,-1.833829625,-1.667311625,-1.184405625,-2.681960625,-2.610643625,-2.781014625,-4.091431625,-3.134160625,-3.430113625,3.707290375,2.046655375,3.650370375,2.896125375,3.734600375,2.565050375,-0.252555625,1.907384375,2.088388375,3.204276375,3.432983375,3.088334375
"Phf11a","ENSMUSG00000044703",-2.19534204166667,-2.25434904166667,-3.08829104166667,-1.24621404166667,-0.717529041666667,-1.60346504166667,-3.75507004166667,-3.33961404166667,-3.74941904166667,-2.92428604166667,-3.29091004166667,-3.58397104166667,0.511449958333333,2.52118795833333,2.43543395833333,3.46963795833333,3.86219795833333,3.66025795833333,3.20945295833333,2.53689595833333,2.46742895833333,2.58282195833333,2.15861395833333,2.33308095833333
"Ccl7","ENSMUSG00000035373",-2.90970220833333,-2.73360620833333,-2.25596720833333,-1.11324620833333,-1.29440620833333,-1.57059820833333,-3.10764420833333,-2.71746020833333,-3.21225420833333,-3.78421420833333,-3.90676120833333,-3.46549320833333,2.64994279166667,0.659322791666666,3.55509279166667,2.89803279166667,3.69463279166667,3.14289279166667,1.98560279166667,2.39504279166667,2.44147279166667,2.74967279166667,2.92768279166667,2.97196279166667
"Acod1","ENSMUSG00000022126",-1.70194125,-2.00720725,-2.08005525,-1.94306525,-2.12557425,-2.03481025,-3.47656725,-3.40392225,-2.90420425,-3.11647525,-3.55936325,-3.78918725,2.08313475,1.30282175,2.41049775,3.55351575,4.41803375,3.48675175,2.71083275,2.68056375,2.17792775,2.48411675,2.86754375,1.96663275
"Apol9b","ENSMUSG00000068246",-3.44648466666667,-2.83345466666667,-1.74135766666667,-2.17461366666667,-1.85158466666667,-2.45792766666667,-3.25328266666667,-2.91236866666667,-3.11934466666667,-2.98557566666667,-2.50576366666667,-3.24614466666667,1.27018233333333,2.70604433333333,1.83526733333333,3.42154933333333,3.31170233333333,3.60000133333333,3.39907433333333,2.92410333333333,2.56590533333333,2.98320133333333,2.22348833333333,2.28738333333333
"Ifi205","ENSMUSG00000054203",-4.020041,-3.893795,-4.116126,0.183688,0.534229,0.97746,-2.066594,-1.90213,-1.42482,-1.806402,-2.155386,-1.596298,-2.825192,-2.709911,-2.178775,3.722368,3.731358,3.865048,2.87654,2.746764,2.880639,3.219238,3.284758,2.67338
"Ch25h","ENSMUSG00000050370",-2.23768091666667,-1.81140191666667,-1.79039091666667,-1.32858091666667,-1.50645491666667,-1.16027691666667,-2.71951891666667,-2.36167191666667,-3.78162091666667,-3.91935791666667,-3.84844291666667,-4.32889791666667,3.62711708333333,0.866978083333333,3.56197708333333,2.79347708333333,3.47657708333333,2.93991708333333,1.70890208333333,1.74177308333333,1.89839708333333,2.48492708333333,2.83056708333333,2.86368708333333
"AA467197","ENSMUSG00000033213",-3.65093908333333,-4.23619408333333,-2.41398508333333,-1.97847108333333,-1.42668208333333,-1.78967708333333,-1.85748308333333,-2.59468608333333,-2.19068708333333,-2.38248508333333,-3.03883508333333,-3.60549508333333,2.47050491666667,0.352740916666667,1.50292091666667,3.68930691666667,3.64010691666667,3.38776691666667,2.34014591666667,2.32261891666667,2.63570091666667,2.77466091666667,3.35807691666667,2.69106891666667
"Hp","ENSMUSG00000031722",-2.56638925,-2.72515625,-2.23206125,-1.24058025,0.52548375,-1.78590225,-3.55403625,-3.10097725,-3.99678225,-3.63332125,-3.20935925,-2.57076725,1.77499475,3.13585975,2.78034575,2.08179375,2.87806075,4.70599175,0.50878475,2.80816875,2.25898575,2.17941475,3.11681775,1.86063075
"Isg15","ENSMUSG00000035692",-3.096142375,-3.174871375,-3.325229375,-1.887458375,-1.558295375,-2.223053375,-2.884589375,-3.178778375,-2.962032375,-2.396156375,-2.720825375,-2.628381375,2.186843625,3.184423625,2.434073625,3.496093625,3.341943625,3.366573625,3.194463625,2.371793625,2.378343625,2.309963625,1.813083625,1.958213625
"Timp1","ENSMUSG00000001131",-2.92050341666667,-2.03681441666667,-1.46462841666667,-0.464332416666666,-0.543163416666667,-1.25530941666667,-3.47988341666667,-3.09577741666667,-2.93779841666667,-3.01064241666667,-4.02459341666667,-3.84368041666667,3.58788758333333,1.07444758333333,4.37290758333333,2.30051758333333,3.24687758333333,2.69504758333333,-0.561416416666667,1.72838758333333,2.26878758333333,2.34245758333333,2.82210758333333,3.19911758333333
"Ifit2","ENSMUSG00000045932",-3.06540041666667,-3.24933441666667,-3.22836841666667,-2.14815041666667,-1.87671241666667,-1.93527341666667,-2.80410441666667,-2.74952141666667,-2.71217841666667,-2.16236741666667,-2.33030041666667,-2.70325741666667,1.69448658333333,2.60650658333333,1.39040658333333,3.35138658333333,3.16413658333333,3.25175658333333,3.41647658333333,2.57733658333333,2.58611658333333,2.35700658333333,2.14898658333333,2.42036658333333
"Chil4","ENSMUSG00000063779",-2.31031279166667,-2.35533379166667,-2.37095379166667,-1.14130779166667,-0.520351791666667,-1.39451779166667,-2.83606779166667,-2.80617279166667,-2.97947979166667,-2.21495079166667,-3.31793379166667,-3.63763179166667,1.16067220833333,-0.896567791666667,2.31172220833333,3.42347220833333,4.63381920833333,4.21512920833333,1.43523320833333,2.80769320833333,3.43521520833333,0.672087208333333,2.60140820833333,2.08513020833333
"Serpina3g","ENSMUSG00000041481",-1.671596625,-2.448512625,-2.163320625,-1.272975625,-0.751866625,-0.875489624999999,-3.728200625,-3.618142625,-2.930267625,-2.675321625,-3.905829625,-3.737147625,1.836951375,2.538981375,2.633211375,3.247541375,2.719471375,3.081731375,2.223551375,2.046737375,2.186465375,2.660491375,2.573891375,2.029646375
"Usp18","ENSMUSG00000030107",-3.16330579166667,-3.32686679166667,-3.45822379166667,-1.55730879166667,-1.26383579166667,-1.75677679166667,-2.63953479166667,-2.89008179166667,-2.77832379166667,-2.32085879166667,-2.47891079166667,-2.58956679166667,1.74806620833333,3.15698620833333,1.87606620833333,3.24636620833333,3.23945620833333,3.30331620833333,3.23675620833333,2.35542620833333,2.21400620833333,2.20383620833333,1.63428620833333,2.00902620833333
"Cxcl13","ENSMUSG00000023078",2.67119054166667,-2.35598545833333,-2.34736145833333,-1.68816645833333,-0.285032458333333,-0.551146458333333,-3.00802845833333,-3.45757545833333,-3.47025145833333,-2.88233045833333,-3.04784045833333,-3.14794045833333,2.58795254166667,3.98586754166667,2.71414054166667,0.496396541666666,0.886261541666666,6.39336354166667,1.01396054166667,0.756202541666666,1.20377254166667,0.982806541666666,1.54737554166667,1.00236854166667
"H2-M2","ENSMUSG00000016283",-2.04013720833333,-1.78014720833333,1.85564679166667,-2.03302320833333,-2.03662720833333,-2.06840020833333,-3.16825620833333,-3.31449620833333,-3.15289920833333,-3.51836620833333,-2.58846120833333,-2.90420520833333,0.470865791666666,1.38611879166667,2.82129979166667,4.16163179166667,3.90955179166667,3.66951279166667,2.32280479166667,2.47079479166667,2.43020279166667,1.84119679166667,1.35344579166667,-0.0880532083333332
"Hap1","ENSMUSG00000006930",-1.77589095833333,-1.96727995833333,-1.09086095833333,-0.858175958333334,-0.707433958333334,-1.18521595833333,-3.36280795833333,-3.39612095833333,-2.81075395833333,-3.64243595833333,-2.52840495833333,-4.21450695833333,2.98197504166667,3.95664504166667,3.18241504166667,3.07362504166667,3.30755504166667,2.94509504166667,2.02586104166667,1.30677904166667,1.50775804166667,1.35623004166667,0.484383041666666,1.41156704166667
"Gdf15","ENSMUSG00000038508",-3.242117375,-2.417013375,-2.671017375,-2.233733375,-2.193537375,-2.762497375,-2.185284375,-1.970205375,-2.180279375,-1.282545375,-1.776311375,-2.329149375,3.757700625,-1.774638375,4.513340625,1.717910625,2.631340625,2.177723625,1.507328625,1.917304625,1.667998625,2.239370625,2.900010625,3.988300625
"Ccl3","ENSMUSG00000000982",-1.94409595833333,-1.30381595833333,-1.40775695833333,-1.41764295833333,-1.91490495833333,-2.31223495833333,-3.40850495833333,-3.03054095833333,-3.29703395833333,-2.34811495833333,-3.20326695833333,-3.20154495833333,1.72246904166667,0.755295041666667,2.54503304166667,3.33293904166667,3.74256704166667,3.42410504166667,2.65057804166667,2.33243104166667,2.16154704166667,1.96627404166667,2.44597804166667,1.71024204166667
"Retnlg","ENSMUSG00000022651",-0.984969416666667,-0.591367416666666,-1.96011541666667,-0.197112416666667,-1.13986341666667,-2.31194041666667,-3.20570341666667,-3.48404041666667,-3.63411341666667,-2.91240241666667,-3.58899841666667,-1.81934341666667,4.35202758333333,3.47429558333333,3.55124758333333,1.28860058333333,2.25982758333333,1.61034458333333,-0.277583416666666,0.812913583333334,1.13443058333333,1.62572558333333,2.62120658333333,3.37693358333333
"Gm43302","ENSMUSG00000079362",-1.816052125,-1.874695125,-1.967852125,0.275797875,0.0738788750000001,-0.536306124999999,-3.199745125,-3.134133125,-3.648712125,-3.171120125,-2.825219125,-2.828005125,1.263777875,2.269834875,0.368261875,3.674842875,3.575261875,4.150780875,2.678486875,1.963265875,1.299738875,1.424305875,1.329864875,0.653740875
"Sirpb1c","ENSMUSG00000074677",-2.2731625,-1.8973125,-2.0349355,-1.9548205,-1.1792645,-2.1522415,-1.8468425,-2.7920205,-2.5021115,-2.6841655,-2.0299885,-2.9517885,0.9828045,-0.3768755,2.4509335,3.5639265,3.7313845,3.8545125,2.0348855,2.4737375,2.8932505,1.1338025,2.3549365,1.2013555
"Fcgr4","ENSMUSG00000059089",-3.808873625,-3.908477625,-0.586582625,-0.545545624999999,-0.244643625,-1.102348625,-2.704588625,-2.909680625,-2.389015625,-2.246891625,-2.781111625,-2.441552625,1.210352375,2.601496375,2.384596375,3.113766375,3.052826375,3.165776375,1.689576375,1.834576375,1.759286375,1.833866375,1.607936375,1.415256375
"Siglec1","ENSMUSG00000027322",-2.62678233333333,-2.72390333333333,-2.54295833333333,-1.21651433333333,-0.139526333333333,-2.25884633333333,-2.69516033333333,-1.87697733333333,-2.99625333333333,-2.58939333333333,-2.40002433333333,-1.96597433333333,-0.0134843333333334,0.453782666666666,1.97460266666667,3.20287866666667,2.99825766666667,3.19969666666667,2.85688866666667,2.20749666666667,2.81381566666667,2.33656366666667,1.99800866666667,2.00380666666667
"Slc10a6","ENSMUSG00000029321",-2.24362641666667,-2.37213941666667,-2.24136941666667,-0.744036416666667,-0.875335416666667,-0.565626416666667,-3.08823441666667,-3.08564641666667,-2.35598541666667,-2.69704241666667,-2.64317941666667,-2.39767741666667,3.87977558333333,3.46339558333333,3.36318558333333,1.91061558333333,1.81756558333333,1.85433558333333,-0.501837416666667,0.878810583333333,1.52679558333333,2.00449558333333,2.70148558333333,2.41127558333333
"Dhx58","ENSMUSG00000017830",-3.28873054166667,-3.05229854166667,-3.71807254166667,-1.13472854166667,-1.10775054166667,-1.34226654166667,-2.09762454166667,-1.79376054166667,-2.43157154166667,-2.25141354166667,-2.32137654166667,-1.99671954166667,1.32656645833333,2.68235245833333,1.78468845833333,2.73755245833333,2.76393245833333,2.38549245833333,2.78324245833333,2.27945245833333,2.12525245833333,1.98621045833333,1.83048845833333,1.85108245833333
"Car13","ENSMUSG00000027555",-1.89664775,-2.40548675,-1.47082575,-1.26259975,-1.63044875,-1.13773975,-2.37013975,-2.85129175,-3.36201575,-2.26648175,-2.45671575,-3.17860075,2.39104025,0.95739325,3.25037225,2.64299825,3.09594425,2.67158725,1.61783525,1.59661425,1.80272425,2.00736725,2.02648225,2.22863525
"Clec4d","ENSMUSG00000030144",-2.196933,-2.257578,1.083678,-1.417262,-0.92502,-1.96438,-2.586659,-3.396594,-2.276435,-2.512332,-3.50542,-2.027489,3.314754,3.044701,2.894719,2.140096,2.282374,2.650102,0.978045,0.761703,1.15557,1.262389,1.71181,1.786161
"Rgs1","ENSMUSG00000026358",-1.66895754166667,-2.44118054166667,2.34335345833333,-2.05231054166667,-2.18097954166667,-2.00603854166667,-2.50770754166667,-2.78756554166667,-1.98154554166667,-2.59422854166667,-1.82577454166667,-2.52136954166667,3.69840145833333,3.65474945833333,3.83008545833333,2.22012545833333,1.56824745833333,1.71084845833333,0.661298458333333,0.883461458333334,0.828918458333334,0.986444458333334,1.05190245833333,1.12982145833333
"Mthfd2","ENSMUSG00000005667",-1.95387083333333,-1.65195083333333,-2.05450983333333,-0.903300833333335,-0.801679833333335,-1.19813983333333,-2.90505583333333,-2.62890083333333,-2.33767383333333,-2.88442183333333,-2.63437483333333,-3.11294883333333,2.16464816666667,1.14303816666667,2.29546816666667,2.91925816666667,3.08758816666667,3.10602816666667,1.46601816666667,1.92879816666667,1.64869816666667,1.79025816666667,1.70220816666667,1.81481816666667
"Klra7","ENSMUSG00000067599",-1.59410879166667,-1.67971679166667,-2.09422079166667,-1.10953979166667,-1.70179779166667,-1.30595279166667,-1.53677479166667,-2.30044579166667,-1.64061579166667,-1.23821679166667,-1.76875279166667,-2.29249979166667,-1.64839579166667,-1.74986679166667,-1.50457279166667,3.21096620833333,2.65427520833333,2.65732420833333,1.96627820833333,3.35268020833333,2.92102820833333,2.62987420833333,3.46156620833333,2.31148520833333
"Cd69","ENSMUSG00000030156",-2.00943408333333,-2.30483908333333,-1.55333008333333,-1.04287808333333,-0.669606083333333,-1.37894508333333,-2.32560708333333,-2.25439808333333,-2.00599808333333,-2.40328808333333,-2.28500108333333,-2.96696008333333,-0.345573083333333,0.110934916666667,1.64749791666667,3.97222791666667,3.84709291666667,3.65243891666667,2.13201591666667,2.00726291666667,1.97778191666667,1.18688491666667,2.34671291666667,0.665006916666667
"Csf2rb2","ENSMUSG00000071714",-2.0571055,-2.2722315,-1.3140595,-1.8562535,-1.7054095,-1.7223495,-1.6814685,-2.6927685,-2.0810955,-2.2975185,-2.3253185,-2.4026035,0.1256895,-0.5405695,1.4746195,2.0757845,2.4340055,2.1881315,3.4538975,2.4697785,2.6351045,3.2348955,2.5273775,2.3294675
"Slc2a6","ENSMUSG00000036067",-1.99415308333333,-1.90063708333333,-0.956262083333334,-0.381103083333334,-0.313555083333334,-0.410351083333333,-2.82138008333333,-2.41018008333333,-2.75746308333333,-2.72434708333333,-2.73054308333333,-3.22911208333333,-0.416832083333333,1.55499691666667,1.71100391666667,3.50824291666667,3.59084991666667,3.19843591666667,2.59487091666667,1.90297491666667,1.55291191666667,1.56971791666667,1.70224091666667,0.159672916666667
"Gldc","ENSMUSG00000024827",-2.22384058333333,-1.91495758333333,-2.13063758333333,-0.234378583333333,0.280149416666667,0.597782416666667,-2.38487158333333,-3.51914658333333,-2.70784758333333,-2.34256758333333,-2.02035658333333,-3.56241058333333,3.44067041666667,2.88765341666667,3.57160541666667,2.00915341666667,1.24842041666667,2.03541441666667,0.217445416666667,0.418813416666667,1.17814441666667,1.57826541666667,1.47393341666667,2.10356341666667
"Ccl19","ENSMUSG00000071005",-3.04351883333333,-2.86139483333333,-2.08542683333333,-0.103979833333334,-0.320947833333333,-0.136833833333333,-1.80796783333333,-2.10011283333333,-1.87538283333333,-1.35677583333333,-3.32994283333333,-2.05105883333333,-0.994187833333333,-1.14646283333333,0.0865641666666663,2.47225216666667,2.90863116666667,2.29482616666667,3.02836816666667,2.95803416666667,2.91956916666667,2.78821916666667,2.40897316666667,1.34855616666667
"Hmox1","ENSMUSG00000005413",-1.96607466666667,-1.19060966666667,-2.16630566666667,-0.992009666666666,-1.08792966666667,-1.48452166666667,-1.95634266666667,-2.20097666666667,-1.99623466666667,-3.16734366666667,-2.39590666666667,-3.72311866666667,2.86456933333333,2.33801933333333,2.68522933333333,1.59895033333333,2.06602533333333,1.61117233333333,0.409914333333334,1.78739333333333,1.73498233333333,2.19231933333333,2.41279933333333,2.62599933333333
"ILMN_2777474","ILMN_2777474",-3.36946333333333,-3.55089933333333,-3.17135133333333,-2.19720033333333,-2.29738433333333,-2.19082533333333,-1.11446733333333,-0.949850333333332,-1.01330333333333,-0.805514333333333,-0.804165333333334,-0.675491333333333,0.0214196666666666,-0.203100333333333,0.317329666666668,1.74401966666667,1.94831966666667,1.99969966666667,2.87708966666667,2.88245966666667,2.96646966666667,2.64894966666667,2.49536966666667,2.44188966666667
"Ifi47","ENSMUSG00000078920",-1.08404858333333,-1.55464458333333,-1.75859658333333,-3.71885958333333,-3.68957458333333,-3.82014858333333,-0.980395583333333,-1.04240158333333,-1.05738058333333,-0.222995583333334,-0.584996583333333,-0.316907583333333,1.11060041666667,2.81073641666667,2.71181641666667,-0.635242583333333,-0.691548583333334,-0.639632583333333,2.74702641666667,2.41259041666667,2.36298741666667,2.72478641666667,2.58058041666667,2.33624941666667
"Adamts4","ENSMUSG00000006403",-2.391352625,-1.913691625,-1.924214625,-1.470037625,-1.335252625,-1.656932625,-2.261393625,-1.983531625,-2.313006625,-1.006141625,-2.114992625,-0.858338625,4.505141375,3.171783375,4.310081375,1.352893375,2.296698375,0.886728375,-1.103800625,0.275637375,0.545624375,0.977329375,1.694152375,2.316617375
"Cxcl1","ENSMUSG00000029380",-1.48819104166667,-0.542516041666666,-0.270477041666666,-0.983442041666667,-0.931598041666667,-1.65682204166667,-2.61363404166667,-1.98966304166667,-2.58858604166667,-2.60894204166667,-1.95158604166667,-3.00491404166667,4.56351795833333,1.60750795833333,4.08662795833333,2.55657795833333,2.92842795833333,1.95793795833333,-0.795266041666666,0.311404958333334,0.586322958333334,0.545248958333334,1.32502295833333,0.957039958333334
"Ifitm6","ENSMUSG00000059108",-1.971460625,-2.050971625,-1.866122625,-1.669878625,-1.396824625,-1.798649625,-2.648793625,-2.976710625,-2.935656625,-1.515405625,-1.893838625,-1.812975625,3.088322375,2.630976375,2.029455375,1.793456375,2.433176375,2.319414375,0.893773375,1.513065375,1.522909375,1.839228375,2.566011375,1.907499375
"Phf11d","ENSMUSG00000068245",-2.21658620833333,-2.49004320833333,-2.27489920833333,-1.20966320833333,-1.11268920833333,-1.61243520833333,-2.46990520833333,-2.24951920833333,-2.34984220833333,-2.14566320833333,-2.40351020833333,-2.18706120833333,1.39447979166667,2.55652979166667,1.96136979166667,2.58020979166667,2.70531979166667,2.50357979166667,2.30317979166667,1.78732979166667,1.92412979166667,1.90017979166667,1.49810979166667,1.60739979166667
"Ccl8","ENSMUSG00000009185",-0.417088291666666,-0.717887291666667,1.58619070833333,0.578399708333333,0.198110708333333,-0.232393291666667,-3.06929129166667,-3.60333829166667,-2.82021429166667,-3.50857829166667,-3.61842929166667,-3.25094229166667,0.940147708333333,1.90917970833333,2.92951870833333,2.60777170833333,2.32572670833333,2.10736970833333,1.00985470833333,1.00831870833333,1.18501270833333,1.25517670833333,1.13822270833333,0.459161708333333
"H2-Q6","ENSMUSG00000073409",-2.713069125,-2.446594125,-3.218879125,-1.312830125,-1.944312125,-1.226892125,-2.716280125,-1.697964125,-2.286327125,-1.495234125,-1.261564125,-1.590554125,0.818521875,0.666763874999999,1.071014875,2.229499875,2.127444875,2.141580875,2.734106875,2.546244875,2.563236875,2.497496875,2.276394875,2.238193875
"S100a8","ENSMUSG00000056054",-1.16085225,-1.62977925,-2.34910225,0.30977375,-0.650378249999999,-2.66538225,-1.35291925,-4.62947825,-2.02090325,-1.09431025,-1.62285225,-1.29752325,3.81366775,2.93115775,3.59112775,0.39845075,1.67257775,0.60039875,-0.18718625,0.461713749999999,0.585515750000001,1.26389775,2.32708775,2.70529775
"Nlrc5","ENSMUSG00000074151",-2.19642241666667,-1.90627641666667,-2.45364841666667,-0.767455416666667,-0.129235416666667,-0.0907234166666671,-2.39888241666667,-2.31924641666667,-2.77929141666667,-2.00871941666667,-2.38989441666667,-2.50375941666667,-1.00384641666667,1.61376758333333,1.26459758333333,2.58128858333333,2.86880358333333,3.04578958333333,2.77385358333333,1.91277258333333,1.90611058333333,1.86064758333333,1.38802258333333,1.73174758333333
"Lag3","ENSMUSG00000030124",-2.80002554166667,-1.93593754166667,-2.10918654166667,-0.941806541666667,-1.46801354166667,-1.18131254166667,-2.15293054166667,-1.39152754166667,-2.04569054166667,-1.97504054166667,-1.22049354166667,-2.61594954166667,0.575302458333334,-0.921121541666666,-0.0876695416666662,2.99006145833333,2.65331945833333,2.70437045833333,2.40614645833333,2.66943645833333,2.95561545833333,2.43277245833333,2.22152445833333,1.23815645833333
"Oas1g","ENSMUSG00000066861",-1.988656875,-2.065756875,-1.684265875,-0.745712875000001,-0.616360875000002,-0.951550875000001,-2.746563875,-2.605694875,-3.002811875,-2.177390875,-2.662733875,-1.991893875,0.869551124999999,1.824861125,1.849741125,2.882131125,2.898121125,2.840971125,2.173511125,1.773841125,1.857001125,1.615971125,1.174281125,1.479411125
"Mt2","ENSMUSG00000031762",-1.36775891666667,-2.20609491666667,-2.52683691666667,-0.0309649166666661,-0.373209916666666,-1.33959391666667,-2.04716091666667,-2.52145591666667,-1.72003391666667,-2.38904291666667,-2.82909091666667,-2.56101391666667,3.18094708333333,3.11275708333333,3.21219708333333,2.05551308333333,2.14039908333333,1.69569108333333,-0.422144916666666,0.782668083333333,0.883295083333333,1.64144908333333,1.77902008333333,1.85046608333333
"Angptl4","ENSMUSG00000002289",-3.93993375,-1.41150375,-3.57460775,-1.69213975,-1.09892475,-0.590345749999999,-1.30940175,-2.81370075,-0.685754749999999,0.26985125,-2.95883575,-1.21624775,2.11734125,0.63411125,2.83054125,1.11248125,1.81053125,1.58305125,-0.28354875,1.63867125,2.21404125,2.01627125,2.27796125,3.07009125
"Isg20","ENSMUSG00000039236",-2.23381408333333,-2.27579408333333,-2.19401608333333,-0.729597083333333,-1.00995108333333,-2.30345808333333,-2.96234008333333,-2.18929208333333,-2.91586008333333,-1.24023808333333,-2.07755708333333,-1.23429508333333,1.42010791666667,2.47076191666667,1.30033391666667,2.77758991666667,2.64228891666667,2.59621091666667,2.34065091666667,1.51868691666667,1.64128791666667,2.06012191666667,0.931148916666666,1.66702291666667
"Oas1b","ENSMUSG00000029605",-2.34602458333333,-2.18656058333333,-1.06863858333333,-0.978247583333333,-0.896449583333334,-1.11705158333333,-2.25993258333333,-2.42879758333333,-1.95400458333333,-2.54589858333333,-2.49354758333333,-2.41238858333333,-0.132354583333334,1.08835641666667,1.18528041666667,2.57581741666667,3.26247141666667,2.65677341666667,2.92953041666667,2.02476441666667,1.83745741666667,1.99002341666667,1.32579741666667,1.94362441666667
"Cd72","ENSMUSG00000028459",-1.15088716666667,-1.40810916666667,-0.800460166666667,1.68333333334658e-05,-0.0111251666666679,-0.626070166666667,-2.55202116666667,-2.43951316666667,-2.36796016666667,-2.29251516666667,-3.28488816666667,-2.76009616666667,-1.37006216666667,-0.319400166666667,0.977725833333333,3.22205883333333,2.98036883333333,3.15765883333333,2.48800883333333,2.14105883333333,2.04937883333333,1.88064883333333,1.42592483333333,1.06025883333333
"Igtp","ENSMUSG00000078853",-2.22070929166667,-2.49356229166667,-2.19699629166667,-1.36436729166667,-1.04448929166667,-0.805951291666666,-2.49275629166667,-1.91695029166667,-1.96304929166667,-2.06714329166667,-2.37791429166667,-2.44442529166667,0.846408708333334,1.30346870833333,1.36347870833333,2.55018870833333,2.72490870833333,2.53726870833333,2.47764870833333,2.15784870833333,1.99141870833333,2.08635870833333,1.71225870833333,1.63705870833333
"Rsad2","ENSMUSG00000020641",-3.03093066666667,-2.74009466666667,-3.12019466666667,-0.924936666666666,-0.875666666666666,-1.31310666666667,-1.96194666666667,-2.09065666666667,-1.99357666666667,-1.55162666666667,-1.77948666666667,-1.65535666666667,1.08789333333333,2.20407333333333,1.52725333333333,2.70580333333333,2.66020333333333,2.57733333333333,2.50359333333333,1.79421333333333,1.51929333333333,1.56272333333333,1.11068333333333,1.78451333333333
"Samsn1","ENSMUSG00000022876",-2.42959845833333,-2.85127045833333,-2.45522245833333,0.310947541666667,0.0517875416666671,0.394550541666667,-0.788605458333334,-0.745796458333333,-0.650932458333333,-0.501620458333333,-1.40774545833333,-1.47257545833333,-2.96668145833333,-2.37304445833333,-2.63021645833333,3.05499954166667,3.26378654166667,3.06995154166667,1.56815054166667,1.70658954166667,2.02996654166667,1.77369354166667,2.37952654166667,1.66935954166667
"Serpinb1c","ENSMUSG00000079049",-1.46261441666667,-0.642152416666667,0.021905583333333,1.71538558333333,1.11341858333333,-1.03796841666667,-3.23192041666667,-2.53880741666667,-2.38605441666667,-2.52766241666667,-3.15511841666667,-2.40208641666667,2.07763658333333,2.90931358333333,0.650736583333333,2.64417458333333,3.01198958333333,3.67496658333333,-0.496841416666667,-0.062999416666667,0.0225665833333331,0.626191583333333,0.632125583333333,0.843814583333333
"Socs3","ENSMUSG00000053113",-1.361336,-1.253362,-1.344034,-1.239344,-1.202728,-1.275005,-2.398308,-1.981166,-2.199843,-2.076227,-2.479471,-2.793837,2.897025,2.757435,3.012695,2.179745,2.956175,2.105145,-0.978373999999999,0.831315,1.092895,1.334375,1.524825,1.891405
"Trim30d","ENSMUSG00000057596",-2.76507558333333,-2.69069058333333,-2.60427958333333,-0.720587583333333,-0.629308583333333,-0.758169583333333,-1.52046058333333,-1.87265158333333,-2.50622558333333,-2.75012358333333,-1.95552558333333,-1.23372558333333,0.175337416666667,0.995491416666667,1.17937041666667,2.61709741666667,2.94576541666667,2.37171241666667,2.41630541666667,1.95697141666667,1.89882641666667,2.01372641666667,1.24055341666667,2.19566641666667
"Lrp8","ENSMUSG00000028613",-1.46741979166667,-0.964393791666667,-1.81484679166667,-0.182601791666666,-1.16543279166667,-1.62815079166667,-2.19034579166667,-2.21506179166667,-1.93394779166667,-2.03749879166667,-2.47629579166667,-2.79828579166667,2.27462720833333,0.0230562083333332,2.71821420833333,1.63273220833333,2.29950020833333,2.23318520833333,-1.33051679166667,1.51092320833333,1.83092620833333,2.11673920833333,2.90563420833333,2.65926020833333
"Gm49339","ENSMUSG00000062593",-1.95905345833333,-1.78490045833333,-0.509334458333333,-1.37576045833333,-0.988251458333333,-1.64105645833333,-2.80663845833333,-2.00107145833333,-2.10773745833333,-2.51778645833333,-2.04188645833333,-2.72681045833333,0.789338541666667,0.727888541666667,2.07930154166667,2.45215054166667,2.49457954166667,2.86051154166667,1.96153054166667,1.65434154166667,2.15590354166667,1.85537254166667,2.29777054166667,1.13159854166667
"Tnc","ENSMUSG00000028364",-1.3838965,-1.6099865,-1.4278145,0.628394500000001,0.4792945,-0.2715625,-2.1043375,-2.1829145,-1.7282335,-1.7549405,-2.6939655,-2.4300335,2.5778675,-2.1922145,4.0635665,0.5886065,2.4891835,1.7686385,-1.6039025,0.7778115,1.3278755,1.7875755,2.6123925,2.2825955
"Bcr","ENSMUSG00000009681",-1.58439941666667,-1.37348841666667,-1.14247741666667,-0.873596416666667,-0.749945416666667,-0.901656416666667,-2.87257841666667,-2.66707241666667,-1.79128741666667,-2.29808241666667,-2.35465541666667,-1.97249941666667,3.12589658333333,1.90295958333333,3.42917658333333,1.31249658333333,2.34167658333333,1.48405558333333,-1.50109441666667,1.24767558333333,1.52549158333333,1.65037958333333,1.89684258333333,2.16618258333333
"Bcl2a1c","ENSMUSG00000053820",-1.491313375,-1.211146375,-1.373235375,-1.578830375,-0.826506375,-1.119045375,-2.100050375,-2.573364375,-2.305288375,-2.498098375,-2.834156375,-2.093013375,1.125624625,0.646772625000001,1.630334625,2.758854625,3.222889625,2.806028625,1.981710625,1.699227625,1.792441625,1.625531625,1.888291625,0.826340625
"Gsta1","ENSMUSG00000074183",-3.553976875,-3.454309875,-3.131760875,0.806387125,0.949605125,0.980741125,-0.903398875,-0.703355875,-0.393936875000001,-1.242668875,-0.672819875,-0.800375875,0.547886125,-3.265163875,-1.980759875,2.180136125,2.709004125,2.879889125,0.558194125,1.714499125,1.003737125,1.882615125,1.797417125,2.092416125
"Gbp3","ENSMUSG00000028268",-2.293158625,-2.436643625,-2.538232625,-1.423671625,-1.166101625,-1.052831625,-1.923404625,-1.920869625,-2.265677625,-1.769409625,-2.009710625,-2.132888625,1.496118375,1.971728375,1.137948375,2.255408375,2.064818375,2.237028375,2.108908375,1.916838375,1.750858375,2.442998375,1.731638375,1.818308375
"Sphk1","ENSMUSG00000061878",-1.763438875,-1.020476875,-0.962942875,-0.304447874999999,-0.444862874999999,-0.844681874999999,-2.103151875,-2.335549875,-2.202260875,-1.692819875,-2.576784875,-2.061086875,4.433794125,2.935974125,3.659404125,1.262096125,1.567804125,1.457157125,-1.501134875,0.0773131249999999,0.278769125,0.958888125,1.677374125,1.505066125
"Traf1","ENSMUSG00000026875",-1.83888570833333,-1.48751370833333,-1.81906570833333,0.330393291666667,-0.127037708333334,-0.886857708333333,-2.39815070833333,-0.940944708333333,-2.03440270833333,-1.81263970833333,-2.59063770833333,-1.76665070833333,0.00838729166666674,-1.33358870833333,-1.11160370833333,3.37230529166667,3.91240729166667,3.44759329166667,1.86522329166667,1.77982329166667,1.68415129166667,1.21024029166667,2.06933129166667,0.468123291666666
"Mmp3","ENSMUSG00000043613",-3.02612816666667,-2.21824916666667,-0.133770166666666,-0.541842166666667,-0.945099166666667,-0.881682166666666,-2.95826616666667,-2.95662616666667,-1.98881116666667,-1.74297216666667,-1.97466016666667,-1.60612416666667,2.84136683333333,1.93866683333333,2.70125683333333,1.51691683333333,1.85358683333333,1.47578683333333,0.115845833333333,1.06628683333333,1.50271683333333,1.60272683333333,1.97358683333333,2.38548683333333
"Mx1","ENSMUSG00000000386",-1.71012929166667,-1.60669629166667,-1.16857729166667,-0.932177291666666,-1.03982329166667,-0.744535291666667,-2.58874129166667,-2.41266929166667,-2.43847629166667,-3.08048429166667,-2.06325329166667,-1.98362929166667,0.752423708333334,1.91045970833333,1.88486770833333,2.01130570833333,2.53956170833333,2.38662870833333,2.93255570833333,1.59447870833333,1.33440670833333,1.26187070833333,1.59988870833333,1.56074470833333
"Hdc","ENSMUSG00000027360",-1.9656655,-1.7501245,-1.9367725,-0.6635905,-0.7784125,-1.1049275,-2.3505345,-2.1916065,-2.2372485,-1.9219255,-2.3216025,-2.2607795,2.8921675,3.1769275,2.8131175,2.0017075,2.1322475,1.8008175,0.651937500000001,0.9111975,0.9414275,1.2709475,1.2776875,1.6130075
"Lgals3","ENSMUSG00000050335",-1.88296708333333,-2.39854808333333,2.46964591666667,-0.615264083333335,-0.357784083333334,-0.0483740833333339,-2.33930408333333,-2.23307708333333,-2.53984308333333,-2.37060208333333,-2.55872408333333,-2.92202908333333,0.490895916666666,1.21589591666667,2.56367591666667,2.52173591666667,2.33243591666667,2.57759591666667,0.754975916666666,1.12305591666667,1.32895591666666,1.03720591666667,1.54806591666667,0.302375916666666
"Lgals3bp","ENSMUSG00000033880",-3.14137420833333,-3.02184920833333,-2.76743720833333,-1.13345020833333,-0.670320208333333,-1.26871020833333,-1.74795020833333,-1.65728020833333,-1.90572520833333,-1.30802020833333,-1.51644020833333,-1.58606020833333,1.01742979166667,1.48206979166667,1.16042979166667,2.25559979166667,2.11414979166667,2.16392979166667,2.28320979166667,1.95714979166667,2.07884979166667,1.87650979166667,1.79784979166667,1.53743979166667
"Per2","ENSMUSG00000055866",1.27841441666667,-0.0524545833333327,0.822846416666668,1.26079241666667,1.37982341666667,2.17138341666667,-3.19012658333333,-2.92512158333333,-2.81939458333333,-3.28492158333333,-3.11814658333333,-2.87814858333333,1.80279341666667,2.00667341666667,0.945760416666667,2.01767341666667,1.21393041666667,2.53198341666667,0.220685416666667,0.147967416666667,0.432683416666668,0.407218416666668,0.272135416666668,-0.644450583333333
"Ahsg","ENSMUSG00000022868",-0.571105625,-0.331601625,-0.352100624999999,0.936377375,0.751889375,1.857565375,-2.264831625,-2.489227625,-2.548777625,-2.954764625,-2.997834625,-3.934744625,3.009670375,2.718523375,2.170847375,1.246278375,1.031017375,1.757364375,-0.399965625,0.228095375000001,0.846877375,0.698807375,0.122911375,1.468729375
"Ubd","ENSMUSG00000035186",-1.45213370833333,-1.41911570833333,-0.759672708333333,-1.20835170833333,-1.33594670833333,-0.963082708333333,-2.34649970833333,-1.75080870833333,-2.27299170833333,-1.89545970833333,-1.79091170833333,-2.93711770833333,-0.875650708333334,-0.274132708333334,0.969886291666667,2.27793729166667,2.62570029166667,1.84518729166667,2.28902129166667,2.37388929166667,1.91684429166667,2.73577329166667,2.44800429166667,1.79963229166667
"Bst2","ENSMUSG00000046718",-1.64209491666667,-1.75038291666667,-1.78269691666667,-0.621051916666667,-0.149555916666667,-0.644636916666668,-2.62954391666667,-3.17979891666667,-2.03795391666667,-1.93231291666667,-2.35940391666667,-2.26087991666667,1.77091608333333,1.75551608333333,2.29073608333333,2.58232608333333,2.64435608333333,2.24930608333333,1.56772608333333,1.36110608333333,1.60951608333333,0.890706083333333,0.895306083333333,1.37279608333333
"Scimp","ENSMUSG00000057135",-1.77206158333333,-1.90066658333333,-1.33454658333333,-0.508387583333333,0.0261234166666675,-0.510586583333333,-2.15018958333333,-2.34229558333333,-2.16644458333333,-2.28809458333333,-2.69732058333333,-1.35515558333333,-0.347796583333333,-0.0951645833333332,1.28187641666667,3.32979941666667,3.44885841666667,3.13617541666667,1.82319241666667,1.69990941666667,1.66717141666667,1.41084241666667,1.37790241666667,0.266859416666667
"Psat1","ENSMUSG00000024640",-2.39360879166667,-2.32175079166667,-2.71479879166667,-1.11887179166667,-1.20147579166667,-1.26679079166667,-1.87182479166667,-1.71870879166667,-2.19401679166667,-1.46679979166667,-1.89966079166667,-1.55061879166667,2.56705820833333,0.546617208333334,1.87213820833333,1.77047820833333,1.99340820833333,2.37039820833333,0.812967208333333,1.58583820833333,1.71959820833333,1.81533820833333,2.23479820833333,2.43028820833333
"Gpr176","ENSMUSG00000040133",-1.40618641666667,-1.75574841666667,0.056300583333333,-0.987825416666666,-0.237179416666667,-1.44520741666667,-1.83146241666667,-2.28910141666667,-2.33719941666667,-2.51155941666667,-2.53697241666667,-3.07604741666667,1.34782558333333,0.193659583333333,2.40825958333333,2.14106458333333,2.97547958333333,2.68139858333333,1.19366858333333,1.47871758333333,1.13203458333333,1.62372158333333,1.91789558333333,1.26446358333333
"Fam107a","ENSMUSG00000021750",-2.42780404166667,-1.89709804166667,-2.66912204166667,0.433377958333333,0.652137958333333,1.00517395833333,-2.82203204166667,-2.66067004166667,-1.48923004166667,-1.61720504166667,-2.29524004166667,-1.77304004166667,2.87214495833333,3.75953195833333,2.08439595833333,1.63158795833333,0.205636958333333,1.99309695833333,0.396812958333333,0.305112958333333,0.499018958333333,1.22029495833333,1.54849395833333,1.04462295833333
"Lilra6","ENSMUSG00000030427",-1.36866766666667,-2.04189666666667,1.08454533333333,-1.57808466666667,-0.550519666666666,-1.36179166666667,-1.84334666666667,-2.25318866666667,-2.74140066666667,-2.14008466666667,-2.61674766666667,-1.76833566666667,0.577977333333334,1.50959933333333,3.15374333333333,2.77705833333333,2.77242233333333,2.86305633333333,0.907699333333333,1.19768133333333,1.35658033333333,0.661210333333334,1.32774833333333,0.0747423333333339
"Ifi44","ENSMUSG00000028037",-1.29911675,-1.53044375,-1.32963575,-0.40611975,-0.207236750000001,-0.56366575,-1.63520675,-2.16862575,-2.40944275,-1.77048175,-2.35925775,-1.98988575,-1.12557075,1.89039825,2.73201525,2.47152625,3.87409225,3.32647525,2.22427425,1.12101925,0.985773249999999,0.0845892499999996,-0.200119750000001,0.28464625
"Slfn1","ENSMUSG00000078763",-2.08540245833333,-2.38146345833333,-2.30431245833333,-0.385988458333333,-0.446641458333334,-0.805902458333334,-2.29223645833333,-1.78683045833333,-2.21064745833333,-2.37045245833333,-1.43962345833333,-1.39084745833333,1.13348854166667,1.88596054166667,2.63052654166667,3.02605254166667,2.75920354166667,2.82400054166667,0.922522541666666,0.974400541666666,1.18294754166667,0.765262541666666,1.34963154166667,0.446351541666666
"ILMN_2803674","ILMN_2803674",-0.587389208333334,-1.23591320833333,-1.83738120833333,0.730856791666667,-0.230441208333334,-1.62296420833333,-1.44117420833333,-4.41066320833333,-2.21500220833333,-0.870314208333334,-1.77449920833333,-1.18186020833333,3.54849279166667,2.44554579166667,3.18781279166667,0.809529791666667,1.59142379166667,0.934352791666666,-0.317163208333334,0.118398791666666,-0.170830208333334,0.702041791666667,1.57194479166667,2.25519579166667
"Sele","ENSMUSG00000026582",-1.849429,-1.83671,-1.160591,-0.302503,-0.551253,-0.995862,-2.439764,-2.419309,-2.907616,-1.238925,-1.726977,-2.214104,1.41205,-0.442631,2.229852,1.653752,3.212286,2.257345,0.583019,1.506303,1.200435,1.676056,2.567832,1.786744
"Dpep2","ENSMUSG00000053687",-1.127736625,-1.903372625,0.457049375,-0.716355625,0.0947563749999993,-0.302426625,-2.704994625,-1.360629625,-2.225574625,-2.906420625,-2.406071625,-3.314627625,1.122112375,1.691263375,2.561725375,2.557544375,2.525048375,2.720373375,0.989182375,0.762512375,1.201329375,0.515929375,1.118365375,0.651018375
"Tnfrsf11b","ENSMUSG00000063727",-1.81817341666667,-1.70200941666667,-1.62235841666667,-0.952413416666667,-0.923006416666666,-0.761266416666667,-2.05388641666667,-1.48028741666667,-1.89267241666667,-1.99781841666667,-1.62765841666667,-2.06825741666667,0.731118583333333,-1.76701741666667,0.926609583333334,1.97178258333333,2.89171558333333,2.44760958333333,1.07123558333333,2.16262658333333,2.02100758333333,2.04455558333333,2.34324358333333,2.05532058333333
"D17H6S56E-5","ENSMUSG00000120992",-2.699791,-1.032118,-2.081031,-0.520367,0.1203,-1.388468,-2.752114,-2.101117,-1.988817,-1.609318,-1.910688,-2.276913,2.315293,1.836605,1.996322,1.823264,2.107094,1.968536,1.473042,1.361677,1.235904,1.214175,1.740273,1.168257
"Ms4a6d","ENSMUSG00000024679",-1.55500866666667,-1.67288666666667,-0.791325666666667,-0.817928666666667,-0.737944666666667,-0.957919666666667,-2.18291266666667,-2.37361866666667,-2.20587166666667,-2.03808566666667,-2.67944266666667,-2.40548666666667,1.74749933333333,2.09642933333333,2.52039933333333,2.08971933333333,2.09729933333333,2.31543933333333,1.23862933333333,0.891039333333332,1.29482933333333,1.26784933333333,1.48604933333333,1.37324933333333
"Ccl12","ENSMUSG00000035352",-1.52796654166667,-0.802937541666666,-1.11143154166667,0.0230594583333339,-0.350120541666666,-0.815619541666666,-2.65460654166667,-1.82447854166667,-2.36135154166667,-2.44581754166667,-2.40867854166667,-2.17001354166667,-0.828316541666666,0.169954458333333,2.05746545833333,2.44647545833333,2.90216545833333,2.59958545833333,1.90130545833333,1.58985545833333,1.47357545833333,1.46972545833333,1.39719545833333,1.27097545833333
"Pilra","ENSMUSG00000046245",-1.15150358333333,-1.39355058333333,-1.02817858333333,-0.531226583333333,-0.378635583333334,-0.271199583333334,-1.92924358333333,-1.35216858333333,-1.48634058333333,-2.24297958333333,-3.24359958333333,-2.36630758333333,-0.313511583333334,-0.883026583333334,0.938781416666667,3.00751141666667,3.24760141666667,2.94479441666667,1.36445241666667,1.60410341666667,1.76076541666667,1.24907941666667,2.10490041666667,0.349482416666667
"Pilrb1","ENSMUSG00000066684",-1.41438129166667,-1.79845729166667,-1.20129529166667,-0.666327291666666,-0.814580291666666,-1.09214829166667,-1.45675529166667,-1.77707829166667,-1.33947729166667,-1.54480429166667,-1.10743229166667,-1.44920529166667,-1.44528529166667,-1.57893529166667,-1.43501429166667,2.91783670833333,2.99930470833333,3.08395170833333,2.41447370833333,1.68226170833333,2.38243870833333,1.80505070833333,1.79355670833333,1.04230270833333
"Myo1g","ENSMUSG00000020437",-0.202708958333333,-0.343422958333333,0.383074041666667,0.814736041666667,0.846416041666667,0.377656041666667,-2.35271495833333,-2.15158895833333,-3.44445295833333,-1.83728195833333,-2.26841695833333,-2.42397595833333,-0.419659958333333,0.694547041666667,2.06885004166667,3.14237404166667,3.38182104166667,3.18691604166667,0.170050041666667,0.783962041666667,0.568879041666667,-0.151136958333333,0.402264041666667,-1.22618495833333
"Egr2","ENSMUSG00000037868",-1.81803825,-1.39965625,-0.37588825,-0.69798525,-1.40674625,-1.48542625,-2.13823025,-1.68885625,-1.96127325,-1.68877125,-2.24356525,-1.99480225,2.30023075,1.73830875,3.36282175,1.50156275,2.51294275,2.27157975,-1.02430625,0.58585075,0.93061375,1.59320975,1.07828975,2.04813475
"Uba7","ENSMUSG00000032596",-1.13856308333333,-1.08896308333333,-1.01835308333333,-0.414203083333334,-0.331793083333334,-0.234413083333333,-2.63538808333333,-2.29548708333333,-2.66443408333333,-2.30143008333333,-2.27774808333333,-2.54958708333333,1.40269691666667,2.17570691666667,1.62946691666667,2.62276691666667,2.71353691666667,2.44885691666667,1.65522691666667,1.09131691666667,1.12576691666667,0.881946916666665,0.607466916666667,0.595606916666666
"Oas3","ENSMUSG00000032661",-1.42324270833333,-1.54156470833333,-1.47988070833333,-1.35186970833333,-1.39713370833333,-1.05310170833333,-1.67103770833333,-1.20210970833333,-1.26481970833333,-1.47279170833333,-2.00945770833333,-1.95213270833333,-0.550235708333334,-0.504895708333333,0.046597291666667,0.586800291666667,1.23994929166667,0.623392291666667,3.20515329166667,2.18965229166667,2.63204029166667,2.83020229166667,2.41203329166667,3.10845329166667
"Il1r2","ENSMUSG00000026073",-0.629221875,-1.194018875,-0.685260875,-0.715780875,-1.087144875,-0.900707875,-1.812041875,-2.023141875,-1.273027875,-2.354887875,-1.760184875,-1.949850875,4.089789125,2.723309125,2.633607125,1.429366125,1.293051125,1.757375125,-1.396057875,-0.987375875,0.201365125000001,0.713713125,1.984753125,1.942375125
"Cd274","ENSMUSG00000016496",-1.20330716666667,-1.35376616666667,-1.12221116666667,-0.999245166666666,-1.07425016666667,-0.436788166666666,-2.57634816666667,-2.17417116666667,-2.39486516666667,-2.07628516666667,-1.98988816666667,-2.23484416666667,1.11974083333333,1.97665083333333,1.75264083333333,2.72480083333333,2.72232083333333,2.40557083333333,1.87209083333333,1.40415083333333,1.27143083333333,1.10352083333333,0.470870833333333,0.812180833333333
"Stfa1","ENSMUSG00000071562",-0.328442125,-0.670587125,-0.702378125,0.528124875,-0.201904125,-0.440139125,-1.642276125,-1.398215125,-1.341122125,-1.759440125,-1.834940125,-1.608809125,5.038002875,0.674013875,4.222236875,0.283122875,0.888793875,0.397878875,-0.918094125,-1.468341125,-1.009003125,-0.359862125,0.685589875,2.965789875
"Sell","ENSMUSG00000026581",-0.378613541666667,-0.920370541666666,-1.33156554166667,-0.472478541666666,-0.595514541666667,-1.66871054166667,-2.82852454166667,-3.36462154166667,-2.86928554166667,-1.62343054166667,-1.56831354166667,-1.21845254166667,0.638548458333334,0.449604458333334,1.25241045833333,2.11753345833333,2.37843545833333,2.43142445833333,0.915100458333334,1.66012645833333,1.72719745833333,1.32685545833333,2.45849945833333,1.48414545833333
"Dnase1l3","ENSMUSG00000025279",-0.764186916666667,-1.46441091666667,-1.00607991666667,-0.852408916666667,-1.12702791666667,-1.58719791666667,-1.71887491666667,-1.52433491666667,-1.98365991666667,-1.73877091666667,-0.729196916666667,-1.00266191666667,-0.913334916666667,-0.871919916666667,-0.878141916666667,3.00448608333333,1.99127308333333,2.03598108333333,3.42608308333333,2.86808708333333,2.44273608333333,2.03080408333333,1.43824008333333,-1.07548191666667
"Stfa2","ENSMUSG00000022902",-0.640129208333333,-0.513350208333333,-0.462777208333333,-0.602632208333333,-0.829124208333333,-0.202687208333333,-0.942989208333333,-0.958787208333333,-1.79160720833333,-1.45344320833333,-1.41476020833333,-0.850608208333333,5.16501479166667,1.90571579166667,4.24727779166667,-0.0287712083333327,0.526348791666667,-0.174782208333333,-1.18818320833333,-0.894455208333333,-1.40958220833333,-1.05086020833333,0.977733791666667,2.58743879166667
"Havcr2","ENSMUSG00000020399",-1.607811375,-1.246517375,-0.320810375000001,0.305421625,-0.0077953750000006,-0.855511375,-2.501679375,-2.724466375,-2.582029375,-2.105266375,-2.035341375,-2.439883375,2.178853625,1.037759625,1.831699625,2.573526625,1.995584625,2.511634625,0.971292624999999,1.434309625,1.413432625,0.692122625,1.315488625,0.165985624999999
"Fcgr1","ENSMUSG00000015947",-2.18009358333333,-2.68363258333333,-2.61881158333333,-0.216086583333333,-0.106239583333333,-0.608422583333334,-2.25333058333333,-1.58695458333333,-1.22438058333333,-1.24184458333333,-2.70025258333333,-1.43001258333333,0.650868416666667,0.708458416666667,1.53331741666667,2.48767741666667,2.35804941666667,2.34525841666667,1.50784341666667,1.58557541666667,1.75448841666667,1.17999641666667,1.58202741666667,1.15650141666667
"Fgf21","ENSMUSG00000030827",-0.738474999999999,0.310196,-0.930801,-0.989585,-0.83339,-1.420674,-1.639327,-2.75194,-1.863577,-2.165692,-1.204228,-2.530294,3.309518,2.571256,2.513817,2.070833,2.606369,2.316713,0.652357,0.0364710000000006,-0.210947999999999,0.153350000000001,0.132955000000001,0.605096000000001
"Ear-ps9","ENSMUSG00000072600",-0.629288375,-0.912562375,0.182008625,-0.271353375,-0.132455375,-0.042485375,-1.650637375,-2.956403375,-1.571218375,-1.303286375,-1.886486375,-1.349818375,-2.662045375,-2.328730375,0.620423625,2.330989625,3.436237625,2.690517625,1.177782625,1.673880625,1.487108625,1.151406625,1.936467625,1.009947625
"Ifih1","ENSMUSG00000026896",-1.96030266666667,-1.35005966666667,-1.79117666666667,-1.34798466666667,-1.23157566666667,-1.82277866666667,-0.963553666666666,-1.20136766666667,-2.04240366666667,-1.39073266666667,-1.58476466666667,-2.47299866666667,1.00941233333333,1.50848433333333,-0.461831666666667,1.49648933333333,0.751261333333334,2.02662233333333,2.99124433333333,1.70163633333333,2.02434633333333,2.69896733333333,1.54266333333333,1.87040333333333
"Cyp4f18","ENSMUSG00000003484",-1.079698,-1.79287,-1.895607,-1.389348,-1.133939,-1.158287,-1.803487,-1.336288,-2.554779,-2.005395,-0.77513,-2.109569,0.448385,0.659592,0.769616,3.014226,2.918128,2.586123,1.168615,1.872803,1.860967,1.012556,1.761814,0.961572
"Cyp1b1","ENSMUSG00000024087",-1.964301875,-1.248220875,-1.366394875,-0.159823875000001,0.0481771249999996,0.429220125,-2.026628875,-2.395596875,-1.924579875,-2.538829875,-2.350354875,-2.554324875,2.579975125,2.374365125,1.837332125,1.569937125,1.471423125,2.090648125,0.571030124999999,0.597472125,0.925699125,1.491247125,1.447551125,1.094979125
"Thbs1","ENSMUSG00000040152",-1.14985329166667,-0.954332291666667,-1.46818029166667,-0.748678291666667,-0.566958291666666,0.0379977083333332,-2.14758029166667,-1.97700429166667,-2.16363829166667,-2.39471729166667,-2.20451129166667,-1.88402429166667,2.44268170833333,1.20614270833333,2.87119170833333,-0.203853291666666,1.68098370833333,1.15545470833333,-0.611212291666667,0.926451708333333,1.53430170833333,1.99517070833333,1.90331770833333,2.72084970833333
"H2-K1","ENSMUSG00000061232",-2.15541879166667,-1.88572479166667,-1.62868079166667,-0.733296791666668,-0.716525791666667,-0.477901791666667,-2.63945579166667,-2.35464979166667,-1.91938879166667,-1.67388079166667,-1.50624879166667,-1.40936579166667,1.13537820833333,0.869808208333334,1.32188820833333,2.54946820833333,2.73031820833333,2.76185820833333,1.46829820833333,1.44948820833333,1.30781820833333,1.42015820833333,1.15955820833333,0.926498208333333
"Spint1","ENSMUSG00000027315",-0.0367704583333328,0.0388745416666669,0.327490541666667,-0.632097458333333,-0.166427458333333,0.200958541666667,-1.83884245833333,-2.30743845833333,-2.13065645833333,-1.42797145833333,-2.48213645833333,-2.56897945833333,-1.87329445833333,-0.941942458333333,0.156800541666667,3.09856454166667,3.32833854166667,3.00980754166667,0.179567541666667,0.971689541666667,1.38869154166667,0.897262541666667,1.85154554166667,0.956965541666666
"Oas2","ENSMUSG00000032690",-1.16020220833333,-1.51742820833333,-1.27382120833333,0.427027791666666,0.603932791666668,0.202897791666667,-2.49707420833333,-2.60080820833333,-2.46559720833333,-1.56365920833333,-2.03052820833333,-2.39432520833333,1.26584879166667,2.07651379166667,2.33513479166667,2.39241479166667,2.67823479166667,2.74243479166667,0.732570791666666,0.335327791666667,0.328537791666666,0.614016791666667,0.115911791666667,0.652638791666667
"ILMN_2567962","ILMN_2567962",-0.458972833333334,0.0426011666666666,-0.673669833333333,0.163079166666667,-0.832937833333333,0.285323166666666,-2.01580283333333,-1.76451383333333,-1.90646583333333,-2.15782683333333,-1.87469183333333,-2.17871383333333,-0.766613833333333,2.74780416666667,2.96452416666667,2.48329316666667,3.35121516666667,2.78803516666667,1.02423116666667,0.152054166666667,0.0420001666666669,-0.861841833333334,-0.965666833333334,0.413557166666666
"Trim34b","ENSMUSG00000090215",-2.97935825,-3.02533425,-2.78688025,-0.16842425,-0.474611250000001,-0.0319202500000006,-0.75538025,-1.23595825,-1.52242925,-0.75433725,-0.70753625,-0.930074250000001,-2.12459425,1.59095075,0.212380749999999,2.16281075,2.55479875,2.42106075,2.27492475,1.35597775,1.26624775,1.40981075,0.69661275,1.55126275
"Oasl2","ENSMUSG00000029561",-2.259299375,-2.539045375,-2.125803375,-0.935350375000001,-0.523191375,-1.003216375,-1.782352375,-1.763319375,-1.978360375,-1.213583375,-1.651890375,-1.546681375,0.326618625,1.447738625,1.451228625,2.182388625,2.393928625,2.337918625,2.056898625,1.510618625,1.577988625,1.595568625,0.915798625000001,1.525398625
"Ncf4","ENSMUSG00000071715",-0.416186125,-0.494485125,1.197796875,-0.291706125,0.0484998750000001,-0.443581125,-2.855746125,-2.838926125,-2.064461125,-2.298667125,-2.743449125,-2.091357125,1.488664875,1.670131875,2.542575875,2.304858875,2.480246875,2.283255875,0.419771875,0.562200875,0.457217875,0.351589875,0.882612875,-0.150859125
"Pglyrp1","ENSMUSG00000030413",-1.821187625,-1.216496625,-1.852421625,-0.688838625,-0.523449625,-1.299420625,-1.829134625,-2.292954625,-2.356961625,-1.050988625,-3.031527625,-1.022634625,2.132274375,1.763468375,0.906848375,1.059344375,1.758289375,1.474282375,0.614250375,1.824737375,1.322637375,1.584974375,2.048355375,2.496554375
"H2-Q7","ENSMUSG00000060550",-2.21414520833333,-2.30283920833333,-2.05605320833333,-1.38018720833333,-1.04986920833333,-1.15003320833333,-1.88242120833333,-1.79089420833333,-1.58565820833333,-1.20316520833333,-1.50148920833333,-1.11446520833333,0.385242791666666,0.391529791666667,0.708511791666666,2.04941179166667,2.30984179166667,2.33788179166667,1.97518179166667,2.02800179166667,2.01975179166667,1.83770179166667,1.69949179166667,1.48867179166667
"F10","ENSMUSG00000031444",-1.14369120833333,-1.49385920833333,-0.765041208333333,-0.704748208333333,0.158374791666667,-0.719755208333333,-2.34382920833333,-1.52115120833333,-0.752588208333334,-2.43560820833333,-2.22572020833333,-1.65307120833333,-0.347165208333333,-0.484667208333333,2.57271479166667,2.65278179166667,3.30577779166667,3.04190579166667,-0.589536208333333,1.19910179166667,0.670940791666666,1.06322879166667,2.10201279166667,0.413592791666667
"Fkbp5","ENSMUSG00000024222",-1.61905954166667,-1.52867854166667,-1.63432254166667,-0.235086541666666,0.0759524583333331,0.311616458333333,-3.29649254166667,-2.34386354166667,-2.03219254166667,-1.10701754166667,-1.71614954166667,-1.17549254166667,3.02339145833333,3.26101145833333,2.15753145833333,1.31136145833333,0.676103458333333,1.74144745833333,-0.251513541666666,-0.051277541666666,0.642396458333334,0.820327458333333,1.53268945833333,1.43731745833333
"Rin1","ENSMUSG00000024883",-1.4697645,-0.4796475,-0.9085875,-0.226388500000001,-0.0702474999999998,-0.3636105,-2.3917405,-1.6414395,-0.6734725,-2.9487895,-2.0116105,-2.5610225,2.9381025,0.2820865,3.6845125,1.5339675,1.9637375,1.9479865,-0.6982625,0.2673385,0.4697755,0.5717295,1.3757015,1.4096455
"Crlf1","ENSMUSG00000007888",-0.462859166666666,-0.518772166666666,-0.439104166666667,0.715935833333334,0.309362833333334,0.408456833333334,-1.64172216666667,-1.55645316666667,-1.80966016666667,-1.12045616666667,-1.82940516666667,-2.46201016666667,3.71113083333333,-0.136027166666667,4.23207383333333,-0.851656166666666,-0.464568166666666,0.684265833333334,-2.12414416666667,-0.0815691666666662,0.322950833333334,0.881876833333334,1.60634383333333,2.62600983333333
"Psmb9","ENSMUSG00000096727",-1.874587125,-2.392171125,-2.769815125,-1.796884125,-1.807789125,-1.653594125,-0.0274221249999993,0.243505875,0.347809874999999,0.430882875,0.432146875000001,0.739530875,-1.683196125,-0.988386125,-1.568083125,0.0756898750000001,0.0592218750000004,0.00506987500000022,3.055621875,2.564351875,2.416351875,2.398871875,1.972421875,1.820450875
"Ankrd2","ENSMUSG00000025172",-0.473911083333333,-0.418956083333333,-0.650011083333333,-0.325787083333333,-0.649725083333333,-0.463890083333333,-2.37370008333333,-1.67320108333333,-1.80760908333333,-1.51315108333333,-0.548037083333333,-1.89713908333333,4.12828091666667,1.75700091666667,4.46001891666667,0.452862916666667,0.858480916666667,1.38728391666667,-1.29769408333333,-0.955507083333333,0.360557916666667,0.739933916666667,1.41972291666667,-0.515824083333333
"Syt12","ENSMUSG00000049303",-1.63918825,-1.74560825,-1.70204825,0.33729575,0.24313275,-0.369714249999999,-2.63742025,-1.20235125,-2.35169325,-1.93323525,-1.56282425,-2.49576025,2.09320775,1.99818875,1.49947375,1.34713275,1.95033775,1.71891575,-1.08697625,1.11524975,1.22834275,1.54740175,2.01695575,1.63118475
"Nkg7","ENSMUSG00000004612",-1.02034408333333,-1.11209208333333,-1.66411708333333,-0.786082083333334,0.212668916666667,-0.330085083333334,-1.84082208333333,-2.21497608333333,-0.860778083333333,-1.18751508333333,-1.77100908333333,-1.08025708333333,-1.64170308333333,-1.91066508333333,-0.600325083333333,3.07196991666667,2.29385491666667,2.28097691666667,0.983116916666667,2.36920591666667,2.04931091666667,1.59515891666667,2.18544491666667,0.979062916666667
"Pou3f1","ENSMUSG00000090125",-1.19730408333333,-0.537137083333334,-1.03715008333333,-0.849466083333334,-1.14689308333333,-1.11036508333333,-2.12118608333333,-1.77099508333333,-2.18397308333333,-2.04971608333333,-1.85933708333333,-1.89315808333333,2.88826891666667,2.69990591666667,2.31558791666667,1.13611891666667,1.89200391666667,2.12016191666667,0.303032916666666,0.221642916666666,0.847041916666667,1.13896591666667,0.285113916666666,1.90883591666667
"Ddit3","ENSMUSG00000025408",-0.990088333333334,-1.34470133333333,-0.683063333333333,-0.532040333333333,-0.553951333333334,-0.456432333333334,-2.04333933333333,-2.24263333333333,-1.96154833333333,-2.24945333333333,-2.31574533333333,-2.07958933333333,0.875479666666667,0.717909666666667,0.987439666666667,2.73540966666667,2.90314966666667,2.95533966666667,1.23964966666667,1.43792966666667,1.13389966666667,0.957319666666667,0.885119666666666,0.623939666666667
"Tlr3","ENSMUSG00000031639",-1.77452675,-2.06460875,-1.87962375,-1.38863475,-1.58025975,-0.79071475,-1.04589775,-1.50379675,-1.83856975,-1.25435075,-2.11844375,-1.26197775,0.55618825,1.16368425,-0.0607947500000003,2.28031525,2.23456925,2.17009625,2.64872825,1.59115625,1.51629325,1.70948225,1.08583325,1.60585325
"Msr1","ENSMUSG00000025044",0.457296583333334,0.253429583333334,0.836932583333334,-0.253385416666666,-0.00110441666666627,-0.178544416666666,-2.37654841666667,-1.47892041666667,-2.33147841666667,-1.78193541666667,-2.38503341666667,-2.73175941666667,3.21290758333333,2.53159758333333,3.61015958333333,0.922531583333334,0.794510583333333,1.45411758333333,-0.767000416666666,-0.152444416666667,0.174484583333334,-0.408814416666666,0.694546583333334,-0.095545416666666
"Il33","ENSMUSG00000024810",-0.9155805,-0.7639425,-0.4203355,-0.7474225,-0.8800185,-0.0404974999999999,-1.6594205,-2.7871055,-1.6979025,-2.0257845,-2.6024725,-2.6255825,2.8851375,0.7985665,2.2796975,1.3009955,1.6763175,1.5470895,-0.1252665,0.8246605,1.1876505,1.8412745,1.8394975,1.1104445
"Slc15a3","ENSMUSG00000024737",-2.17164245833333,-1.58152445833333,-0.373506458333333,-0.698983458333333,-0.662261458333333,-1.18698845833333,-2.05226045833333,-2.06325245833333,-2.07236245833333,-1.80779245833333,-1.93548345833333,-1.87550045833333,0.923902541666667,0.778872541666667,1.42545854166667,2.34671854166667,2.48277854166667,2.14477854166667,1.58401854166667,1.45305854166667,1.62629854166667,1.25447154166667,1.58737854166667,0.873823541666667
"Casp4","ENSMUSG00000033538",-1.48391729166667,-1.62890629166667,-1.40766829166667,-0.728461291666667,-0.711195291666667,-0.904126291666667,-2.00332729166667,-1.94915629166667,-1.77606929166667,-1.79097129166667,-2.29119529166667,-2.32853529166667,1.31400370833333,1.22624570833333,1.71386170833333,1.80857270833333,2.35735870833333,1.92075970833333,1.51314170833333,1.28894770833333,1.19025570833333,1.59271070833333,1.53665970833333,1.54101170833333
"Pik3ap1","ENSMUSG00000025017",-2.16430058333333,-2.30464358333333,-1.39705458333333,-0.660673583333333,-0.532732583333333,-0.874727583333333,-1.81640158333333,-1.24386658333333,-1.89852458333333,-1.18971858333333,-1.54304058333333,-1.30524458333333,-1.13483158333333,-0.233728583333333,0.754003416666667,2.33309941666667,2.24105841666667,2.14396841666667,1.91267541666667,1.95554741666667,2.10633241666667,1.75307941666667,1.86288541666667,1.23683941666667
"Atf3","ENSMUSG00000026628",-2.18033625,-1.91901725,-0.485089250000001,-1.96172825,-0.89715225,-2.89723525,-1.93997225,-1.03771425,-0.23993625,-0.79797125,-1.70648025,-1.43030725,2.59182475,1.28698875,2.34282875,1.83941775,2.12356975,2.50434475,0.543468750000001,0.72639075,0.650403750000001,1.05893175,0.81100775,1.01376275
"Gm5150","ENSMUSG00000078780",-1.10666304166667,-1.09835604166667,-0.531907041666667,-1.14250904166667,-1.28127304166667,-1.49598904166667,-1.88429504166667,-1.41900104166667,-2.14183204166667,-1.02081404166667,-1.79303804166667,-2.70435204166667,1.12587495833333,-0.0215900416666663,2.96505295833333,1.45045395833333,2.10935795833333,1.93778895833333,0.0294959583333334,0.798256958333333,1.37084895833333,1.67721895833333,2.31210795833333,1.86516195833333
"Lcp2","ENSMUSG00000002699",-1.80705491666667,-1.45241291666667,-2.04631991666667,-0.674815916666666,-1.08533091666667,-0.891364916666666,-1.27524591666667,-1.86363391666667,-1.36454191666667,-1.53793091666667,-1.57143991666667,-1.03026391666667,-0.257107916666667,-1.42213391666667,0.280156083333334,1.40422808333333,2.01371908333333,1.95949908333333,2.16733608333333,2.07981808333333,1.94820008333333,2.40465808333333,2.40732708333333,1.61465608333333
"Serpina3m","ENSMUSG00000079012",-0.422294333333333,-0.724020333333333,-1.24787133333333,-0.342024333333333,-0.099911333333333,0.0469336666666669,-0.986382333333333,-1.89414433333333,-1.68507733333333,-0.795280333333333,-1.36653733333333,-1.07898133333333,3.98953666666667,3.91113166666667,3.32170666666667,-0.500359333333333,0.255751666666667,0.264085666666667,-1.59830833333333,-0.892545333333333,-0.118006333333333,-0.568336333333333,0.879815666666667,1.65111866666667
"Klra4","ENSMUSG00000079852",-1.16263408333333,-0.843263083333334,-1.26950708333333,-1.34536608333333,-0.855926083333334,-0.664713083333334,-1.97999808333333,-0.972046083333334,-1.48859808333333,-0.521614083333334,-1.83702508333333,-1.33525908333333,-1.94488508333333,-1.16976008333333,-0.648300083333334,2.53413691666667,1.89720991666667,2.10254891666667,1.41334891666667,2.36120291666667,2.28764391666667,1.42212491666667,2.42872991666667,1.59194891666667
"Selp","ENSMUSG00000026580",-0.715229458333333,-1.37447145833333,-1.43861045833333,-0.451363458333334,-0.457369458333333,-0.533800458333333,-1.56672545833333,-2.65428145833333,-1.65792345833333,-1.57950045833333,-2.24535645833333,-2.40702145833333,2.60545554166667,0.460531541666667,2.99223954166667,1.42980254166667,2.03831754166667,0.729467541666667,0.305499541666666,0.923033541666666,1.07400954166667,1.35604254166667,1.64929654166667,1.51795754166667
"Akap13","ENSMUSG00000066406",-0.699472458333334,-0.846530458333334,-0.203427458333334,-1.30865645833333,-1.34707445833333,-0.405798458333334,-1.62318845833333,-1.29948245833333,-2.73375045833333,-1.64216145833333,-1.93559445833333,-1.87692245833333,2.00499154166667,1.06068354166667,3.02798954166667,1.11374754166667,2.54431654166667,1.46717954166667,-1.44583645833333,0.295573541666666,0.871548541666666,1.24640154166667,1.73775354166667,1.99771054166667
"Rasgrp1","ENSMUSG00000027347",-0.0613851666666667,-0.383594166666667,-1.18178216666667,-0.403128166666667,-0.470600166666667,0.240622833333333,-1.61927516666667,-1.53490016666667,-2.26596416666667,-0.787513166666667,-0.153533166666667,-1.65762416666667,-2.92104716666667,-1.82841216666667,0.683389833333333,3.22124983333333,3.09333683333333,3.00858983333333,1.19945783333333,1.06447683333333,1.05948683333333,0.797594833333333,1.06308683333333,-0.162533166666667
"ILMN_2862706","ILMN_2862706",-1.48523708333333,-1.49388708333333,-1.19524708333333,-0.218887083333334,-0.168347083333334,-0.0745370833333343,-2.42938708333333,-2.24179708333333,-2.09214708333333,-2.01973708333333,-2.02891708333333,-2.00384708333333,1.39278291666667,0.999222916666666,1.22532291666667,2.25959291666667,2.28955291666667,2.43275291666667,1.30331291666667,1.31234291666667,1.28740291666667,1.08383291666667,0.915582916666667,0.950272916666666
"Scgb3a1","ENSMUSG00000064057",-1.27923654166667,-1.45383154166667,-1.37206154166667,-0.862939541666667,-0.562479541666667,-0.875725541666667,-1.85244754166667,-1.03929254166667,-1.30296054166667,-1.96806754166667,-1.83920454166667,-1.53880254166667,1.11997145833333,-1.13386654166667,2.24030145833333,1.65076445833333,1.65594545833333,1.46933545833333,-0.912934541666667,0.769522458333333,1.45747345833333,2.66877745833333,1.89808045833333,3.06367845833333
"Asns","ENSMUSG00000029752",-1.863805,-1.48953,-1.335383,-0.742498999999999,-0.521466999999999,-1.138985,-1.745517,-1.946853,-1.866954,-1.65261,-2.005067,-1.97092,1.85918,0.919160000000002,1.55578,2.14434,2.3046,2.46549,1.27242,1.10873,1.02305,1.23618,1.0776,1.31306
"Fetub","ENSMUSG00000022871",-0.601805,-0.681639,-1.047416,-0.392496,-0.23158,-0.178923,-0.98906,-1.410727,-1.784762,-0.778508,-1.983106,-1.856354,3.626374,3.16851,2.924613,0.295063,1.145747,-0.00905300000000064,-1.062357,-1.268057,-1.195712,1.110325,0.711812999999999,2.48911
"Ifi35","ENSMUSG00000010358",-1.762306125,-1.381720125,-1.546657125,-0.686575125000001,-0.558898125000001,-0.692331125000001,-2.001198125,-1.998033125,-1.943929125,-1.759717125,-1.838403125,-1.847528125,0.992988875,1.985328875,1.050168875,2.350518875,2.210278875,2.213508875,1.925798875,1.201908875,1.252958875,0.993568874999999,0.829938875,1.010328875
"Cxcl9","ENSMUSG00000029417",-1.72627445833333,-1.45511645833333,-1.75949245833333,-0.698123458333335,-0.156944458333333,-0.310112458333334,-2.02512345833333,-1.28366945833333,-1.70685245833333,-1.55693345833333,-1.77241145833333,-1.58350845833333,-1.31651645833333,0.540803541666666,0.327833541666665,2.55104354166667,2.40907354166667,2.18332354166667,2.52125354166667,1.73161354166667,1.38596354166667,1.50571354166667,1.34131354166667,0.853143541666666
"Rnase6","ENSMUSG00000021880",-0.447686916666666,-1.67316391666667,-0.724646916666666,-0.143340916666666,0.0420290833333334,-0.799024916666666,-2.19527791666667,-2.16016291666667,-0.850789916666666,-1.31462391666667,-0.850117916666666,-1.12135991666667,-1.91875591666667,-1.47390491666667,-1.05533391666667,2.62511208333333,2.60769908333333,2.73302108333333,1.19339708333333,1.63497808333333,1.75004608333333,1.22818008333333,2.14744608333333,0.766282083333333
"Fstl3","ENSMUSG00000020325",-1.81954216666667,-2.00968416666667,-1.41113216666667,0.542638833333333,-0.0292051666666664,-0.168881166666666,-1.44413316666667,-1.02949816666667,-2.38976116666667,-1.44086616666667,-1.62616816666667,-2.49679116666667,2.67818283333333,0.815378833333334,2.98145683333333,0.195547833333333,1.35035983333333,1.06774583333333,-0.231209166666666,0.674862833333334,0.742150833333334,1.16198383333333,1.92499483333333,1.96156883333333
"ILMN_1244821","ILMN_1244821",-0.615550041666666,-0.336438041666666,-0.745529041666666,0.384375958333333,0.0479169583333334,-0.298055041666666,-1.30628004166667,-1.30053804166667,-1.31790104166667,-1.24730804166667,-1.38760504166667,-1.50954604166667,-0.718175041666667,-0.176572041666666,-0.625771041666666,3.73981895833333,4.25027095833333,3.55280895833333,-0.516367041666666,-0.158295041666666,-0.553092041666666,0.198423958333334,0.769041958333333,-0.129635041666667
"Epsti1","ENSMUSG00000022014",-1.47255370833333,-1.76402970833333,-2.02021770833333,-0.580625708333333,-0.808894708333333,-0.279200708333333,-1.65741370833333,-0.411698708333333,-2.25435870833333,-1.06857070833333,-0.947312708333333,-1.31907970833333,-1.53082970833333,-1.02757570833333,0.313575291666667,2.39919729166667,2.46226029166667,2.21118229166667,1.76948229166667,1.64966829166667,1.66572429166667,1.75348829166667,1.68279329166667,1.23499029166667
"Gbp5","ENSMUSG00000105504",-1.90068758333333,-1.73731558333333,-2.59418458333333,-0.891795583333334,-0.981537583333334,-0.797096583333333,-1.19625058333333,-1.49359358333333,-1.44981158333333,-1.06735958333333,-1.88053458333333,-1.18294558333333,-0.128667583333334,0.689089416666667,0.554250416666666,2.28959941666667,2.21458941666667,1.19766441666667,2.19881641666667,1.89586641666667,1.70379941666667,1.61692141666667,1.24231041666667,1.69887341666667
"Itih3","ENSMUSG00000006522",-0.377108833333334,-0.751657833333334,-1.17921383333333,0.0652701666666662,0.210712166666666,-0.347502833333334,-2.22655183333333,-1.91645083333333,-1.59769083333333,-1.89306983333333,-1.73401683333333,-2.24764083333333,2.63581316666667,3.31550616666667,2.24634816666667,1.37196416666667,1.71683016666667,0.918345166666667,-1.29826583333333,0.577796166666666,1.03750416666667,0.339497166666666,-0.00918683333333359,1.14277016666667
"Morc4","ENSMUSG00000031434",-1.71854375,-1.92540675,-2.15202975,-1.31517975,-1.22269775,-1.17305875,-1.12731075,-1.56847575,0.01348225,-0.631561749999999,-1.42371975,-1.27555775,0.51307425,-0.29748475,-1.20068175,1.36479025,1.26619025,1.45799525,2.65970525,2.45683325,2.34791325,1.67513125,1.37428525,1.90230825
"Klrd1","ENSMUSG00000030165",-0.3714285,-0.853793500000001,-0.8085575,-1.0812115,-0.5691195,-1.2727495,-1.3329095,-1.9521535,-1.3475615,-1.0952265,-1.2870015,-0.9785495,-1.8831795,-1.6194945,-0.7042165,2.7648175,1.8529725,2.2460835,1.2590275,2.4677565,2.0760365,1.6027685,2.0015345,0.886155499999999
"Klre1","ENSMUSG00000050241",-1.11053170833333,-0.989835708333333,-0.913729708333333,-1.00431670833333,-0.456743708333333,-0.907343708333333,-2.01013170833333,-1.82223170833333,-1.25437070833333,-1.51133870833333,-1.63863970833333,-1.22224570833333,-0.732413708333333,-0.924682708333333,-0.876394708333333,2.69568229166667,2.13783929166667,1.71702229166667,1.55645929166667,2.47164329166667,2.06010629166667,1.64377629166667,1.91214129166667,1.18028029166667
"Clec4a1","ENSMUSG00000049037",-2.55006429166667,-1.61024529166667,-2.09572229166667,-0.603735291666667,-0.869229291666667,-1.93193029166667,-0.898921291666667,-0.997264291666667,-0.928067291666667,-0.898429291666667,-1.95023929166667,-0.927035291666667,-0.525917291666667,-0.0298122916666665,0.347797708333333,1.66522370833333,1.43190370833333,1.56208770833333,2.05693970833333,1.77358370833333,1.92353270833333,2.26253470833333,2.27698170833333,1.51602770833333
"Slfn2","ENSMUSG00000072620",-1.38005729166667,-1.07180729166667,-0.693633291666666,-0.301483291666666,-0.439280291666666,-0.567281291666666,-2.02591829166667,-3.05663029166667,-2.16720929166667,-1.66729229166667,-1.68639629166667,-1.39617229166667,1.39505670833333,1.95584370833333,2.01356770833333,2.16055170833333,2.19028370833333,2.13267570833333,1.23731170833333,0.475875708333334,0.412784708333334,0.687203708333334,0.915516708333334,0.876489708333334
"Gsta2","ENSMUSG00000057933",-1.88805941666667,-2.50934441666667,-2.31333741666667,0.509538583333334,0.665030583333333,-0.0598684166666663,-1.02605041666667,-0.939321416666666,-0.165686416666667,-0.505339416666667,-1.18593741666667,-1.00437441666667,-0.0384454166666668,-2.45850541666667,-1.84228841666667,1.00245958333333,2.00004158333333,1.92092258333333,0.651994583333334,1.60954058333333,1.09317458333333,2.22450958333333,1.85235358333333,2.40699258333333
"Tnf","ENSMUSG00000024401",-0.833700583333333,-0.701199583333333,-0.665734583333333,-0.467127583333333,-0.639902583333333,0.275453416666667,-2.28499658333333,-1.01523258333333,-2.16702558333333,-2.40675558333333,-2.38085958333333,-1.58299558333333,0.542697416666667,-0.800480583333333,1.12296441666667,1.80547741666667,3.07070641666667,2.28684941666667,1.51499241666667,0.898563416666667,1.56109641666667,1.13382841666667,1.65150541666667,0.0818764166666668
"Trib3","ENSMUSG00000032715",-0.6792615,-0.6159765,-0.7744505,-0.4167285,-0.4699715,-0.4161205,-1.8964525,-1.9004365,-1.9252615,-2.0466615,-2.1431165,-2.4189785,1.1685105,2.1562045,1.2028515,2.3311245,2.4116745,2.7370645,1.3526415,0.784689499999999,0.452232499999999,0.584583499999999,0.1741115,0.3477275
"Batf2","ENSMUSG00000039699",-1.95552654166667,-1.39395354166667,-1.64774454166667,0.197078458333333,-0.187636541666667,-0.395657541666666,-2.14891154166667,-2.44707354166667,-2.02089654166667,-0.864525541666667,-1.51306654166667,-0.941377541666666,-1.42810454166667,0.585438458333334,1.70140945833333,2.18464345833333,2.02003345833333,1.79141745833333,1.59265645833333,1.58097645833333,1.38159845833333,1.51750745833333,1.24210745833333,1.14960745833333
"Zmynd15","ENSMUSG00000040829",-1.41813966666667,-1.47006766666667,-1.71184966666667,-0.464529666666667,-0.460211666666667,-0.654682666666667,-1.31885866666667,-0.902969666666666,-1.89022366666667,-1.53883066666667,-1.17579066666667,-1.75217866666667,-0.0852236666666668,-1.18181166666667,-0.732455666666667,2.33217733333333,2.32913433333333,2.26620633333333,2.09812633333333,1.89301633333333,1.58766333333333,2.13487233333333,1.52822433333333,0.588403333333334
"Ube2l6","ENSMUSG00000027078",-1.06747333333333,-1.00658733333333,-0.934039333333334,-1.25410333333333,-0.915592333333334,-1.10597233333333,-2.21123033333333,-1.95173633333333,-2.30842033333333,-1.18014733333333,-1.47488833333333,-1.85626433333333,1.34718466666667,2.22571466666667,1.81644466666667,2.11297466666667,2.08146466666667,2.09730466666667,1.40742866666667,0.879425666666666,1.05368066666667,0.823056666666666,0.568552666666667,0.853222666666667
"Ifi204","ENSMUSG00000073489",-0.236582041666667,-1.15109904166667,-0.271389041666667,-0.547485041666667,-0.661098041666667,-0.634741041666667,-1.60938104166667,-2.07742804166667,-1.04245004166667,-1.47674804166667,-1.79808404166667,-2.28053904166667,-0.601758041666667,-1.32996404166667,-0.928480041666667,1.51064495833333,1.35351495833333,1.36731395833333,2.40316995833333,1.66980495833333,1.85859195833333,2.01208495833333,1.90031195833333,2.57178895833333
"Eif2ak2","ENSMUSG00000024079",-0.293379416666665,-0.349619416666666,-0.276619416666666,-0.806289416666667,-0.512869416666666,-0.835249416666667,-2.00410141666667,-2.09232841666667,-2.19002541666667,-1.97272441666667,-1.92804841666667,-2.37157241666667,1.09458058333333,2.46570058333333,1.61859058333333,2.11288058333333,2.19199058333333,2.16742058333333,1.42270058333333,0.571480583333333,0.542240583333333,0.738730583333334,0.207350583333334,0.499160583333333
"Cdo1","ENSMUSG00000033022",0.45338275,-0.43250425,-0.38231525,0.23383175,1.24600375,0.65252975,-1.88762125,-1.30895725,-2.70259425,-1.71964025,-2.10459425,-1.07217825,1.75130075,4.37923175,0.01358075,-1.02504325,-0.0698852500000005,2.52000275,-0.33359925,1.13345075,0.58237175,-0.49541925,0.00306475000000006,0.56560075
"Cd180","ENSMUSG00000021624",-1.43641466666667,-1.91511366666667,0.435884333333333,-0.773185666666667,-0.350057666666667,-0.540420666666667,-1.45621666666667,-1.73887266666667,-1.86576066666667,-1.49276966666667,-1.83531366666667,-1.03565666666667,-1.02172066666667,-1.61626366666667,0.927517333333333,2.40015433333333,2.17224833333333,1.98720433333333,1.75324433333333,1.46930933333333,1.84396533333333,1.36518233333333,1.70107433333333,1.02198233333333
"Dyrk3","ENSMUSG00000016526",-1.21376420833333,-0.0183402083333331,-1.51078720833333,-0.792700208333333,-0.771416208333333,-0.732266208333333,-1.31186220833333,-1.30679320833333,-2.18598420833333,-1.29030720833333,-2.05549620833333,-2.08629920833333,2.45562379166667,0.904973791666666,2.95373879166667,0.868012791666667,1.73399479166667,1.47686779166667,-0.453145208333333,0.403694791666667,-0.270262208333333,1.39310979166667,1.42367479166667,2.38573279166667
"Il17ra","ENSMUSG00000002897",-1.056853625,-0.694875625,-0.493528625,-0.547460625,-1.333097625,-1.479342625,-1.177549625,-1.637722625,-1.878638625,-1.972896625,-1.569183625,-2.530734625,1.592053375,0.492489375,1.838338375,0.925339375,2.469708375,1.167459375,0.0402753750000002,0.632642375,1.465924375,1.123948375,2.295840375,2.327865375
"Neurl3","ENSMUSG00000047180",-1.300318875,-1.339520875,-1.397912875,-0.814683875,-1.089261875,-0.675016875,-1.311851875,-1.288332875,-1.550918875,-2.470060875,-1.060382875,-1.023614875,-0.106269875,-1.283751875,0.0682321250000006,1.872809125,2.546091125,2.020099125,1.898919125,1.957098125,1.759607125,1.555740125,1.489836125,1.543467125
"Tlr13","ENSMUSG00000033777",-1.711415625,-1.572830625,-0.251473625,-0.541249625,-0.495295625,-0.878722625,-1.606840625,-1.661396625,-1.548169625,-2.460862625,-2.193358625,-2.030640625,1.348420375,0.949644375,1.618001375,1.826731375,1.658602375,1.908219375,0.845339375,1.108875375,1.576729375,1.199516375,1.889021375,1.023155375
"Tgtp1","ENSMUSG00000078922",-0.924560333333333,-1.66288833333333,-1.64333533333333,-0.526481333333334,-0.793018333333334,-0.555415333333333,-1.82758333333333,-1.64916033333333,-1.63768133333333,-0.775327333333334,-1.71410933333333,-1.59238533333333,-1.46634633333333,1.35965166666667,-0.142035333333333,1.68395866666667,1.26725466666667,1.37759466666667,2.55455066666667,1.62457866666667,1.35263266666667,2.12521966666667,1.53146766666667,2.03341866666667
"Cmpk2","ENSMUSG00000020638",-1.85829483333333,-2.00550783333333,-2.08825383333333,-0.551439833333333,-0.345567833333334,-0.728999833333333,-1.61032283333333,-1.72971983333333,-1.49498783333333,-1.13094183333333,-1.65462683333333,-1.49887383333333,0.157620166666666,1.74144116666667,1.39682116666667,1.79765116666667,2.21613116666667,1.93867116666667,2.19873116666667,1.07691116666667,0.932031166666667,1.13794116666667,0.569215166666666,1.53437116666667
"Tpbg","ENSMUSG00000035274",-0.911033,-0.283894999999999,0.418183,-1.117645,-0.6978,-0.144772,-1.891652,-2.470595,-1.885397,-1.21626,-2.169292,-1.19861,3.263749,1.553097,3.057017,-0.334928,1.246132,0.425113000000001,-0.359578999999999,0.118826,0.794121000000001,0.699162,1.095704,2.010354
"Irgm2","ENSMUSG00000069874",-1.72833804166667,-1.77549704166667,-1.86663904166667,-0.808830041666667,-0.467980041666666,-0.290010041666665,-1.69098904166667,-1.51925904166667,-1.74001104166667,-1.54082504166667,-1.76563004166667,-1.66638104166667,0.417519958333333,1.34599995833333,0.782189958333333,2.06264995833333,2.05862995833333,1.99622995833333,1.94913995833333,1.47456995833333,1.38444995833333,1.33613995833333,1.00469995833333,1.04816995833333
"Nfkbiz","ENSMUSG00000035356",-0.758848166666666,-0.682786166666666,-1.12253516666667,-0.165522166666666,0.0479738333333337,-0.0188171666666666,-1.68540516666667,-1.68662416666667,-1.31913816666667,-1.64589916666667,-2.81002916666667,-2.54268416666667,2.42815283333333,1.38367683333333,2.16596183333333,1.93263183333333,2.01790883333333,2.12069283333333,0.0878318333333334,0.343282833333334,0.190278833333334,0.698985833333333,0.370850833333334,0.650059833333334
"Mlkl","ENSMUSG00000012519",-1.51733516666667,-0.962129166666666,-1.19933616666667,-0.175523166666666,-0.285118166666665,-0.771886166666666,-1.77876216666667,-1.77863016666667,-2.45860316666667,-1.51258116666667,-1.82576016666667,-2.05444816666667,0.642538833333335,0.994309833333334,1.88309383333333,1.87393383333333,2.30682383333333,1.89950383333333,1.20113183333333,0.973726833333334,1.11456983333333,1.08246583333333,1.17754583333333,1.17046883333333
"Arid5a","ENSMUSG00000037447",-1.132817375,-1.421212375,-1.312089375,-0.676026375,0.203365625,-0.101713375,-2.744380375,-2.608528375,-1.840305375,-1.009727375,-1.500185375,-0.697841375,2.094280625,1.316894625,2.008892625,1.535889625,2.389444625,1.608252625,-0.503449375,0.778448625,0.751153625,0.398977625,1.254505625,1.208170625
"Sla","ENSMUSG00000022372",-1.50472641666667,-1.64924641666667,-0.710538416666667,-0.189463416666666,0.341614583333333,-0.0504334166666665,-1.92705741666667,-1.79771641666667,-1.78660141666667,-1.64938341666667,-2.12786641666667,-1.74227441666667,0.960288583333333,1.03099058333333,1.67767458333333,2.51412158333333,2.11205158333333,2.57258158333333,0.200212583333333,0.623720583333333,0.723693583333334,0.714330583333333,1.55029158333333,0.113735583333333
"Il1rn","ENSMUSG00000026981",-1.174584625,-1.507873625,1.269059375,-1.074462625,-0.984962625000001,-1.908113625,-1.226846625,-0.830794625,-1.271347625,-1.686911625,-1.938082625,-1.976803625,-0.243165625,1.177640375,2.406237375,2.343153375,2.536572375,2.048008375,0.972693375,0.193426375,1.018814375,0.857661374999999,0.587894374999999,0.412788375
"Ms4a8a","ENSMUSG00000024730",-0.396802208333333,-0.679746208333333,-0.500963208333333,0.397099791666667,0.105438791666667,0.883904791666667,-1.96948920833333,-2.09188220833333,-1.67375620833333,-0.934475208333333,-1.77180220833333,-1.22885420833333,2.48869979166667,3.31517179166667,2.11581879166667,1.33251279166667,1.67682879166667,2.02170679166667,-0.999695208333333,-0.770622208333333,-1.09027820833333,-0.125161208333333,0.0295807916666666,-0.133235208333333
"Gbp2","ENSMUSG00000028270",-1.66026925,-1.69423925,-1.59026925,-0.57096125,-0.34137125,-0.16677125,-1.51380325,-1.21759125,-1.35827625,-1.66246825,-2.07239225,-2.01595225,0.16562875,1.02865875,1.09753875,2.03356875,2.16556875,2.09019875,1.97678875,1.56746875,1.59144875,0.89459875,0.53523875,0.71765875
"Plaur","ENSMUSG00000046223",-0.343359958333333,-1.38672695833333,0.290890041666667,0.00446904166666684,0.374249041666667,-0.372302958333333,-1.94287595833333,-1.11979795833333,-1.46611795833333,-1.62583895833333,-2.47896595833333,-1.89971995833333,3.35517804166667,1.69994104166667,2.55014504166667,1.57880704166667,1.80761704166667,1.46160204166667,-0.200344958333333,-0.199106958333333,-0.627642958333333,-0.0236769583333327,0.441943041666667,0.121637041666667
"Parp14","ENSMUSG00000034422",-1.55288454166667,-1.49823354166667,-1.39221654166667,-0.581331541666666,-0.381481541666666,-0.643071541666666,-2.01216654166667,-1.72323354166667,-1.80358754166667,-1.37403454166667,-1.67223554166667,-1.70861454166667,0.641158458333333,1.77766845833333,1.26563845833333,2.10901845833333,2.24000845833333,2.00671845833333,1.61938845833333,1.15406845833333,1.05786845833333,0.902488458333334,0.662928458333333,0.906138458333334
"Trem3","ENSMUSG00000041754",-1.2806685,-0.4924545,-1.0842125,-1.2628235,-0.8072815,-1.0609785,-1.9872735,-2.1585135,-1.6458845,-1.7708335,-1.4902155,-0.8522155,0.836924499999999,-0.6267345,1.3241105,1.4845855,2.4660195,1.5105085,1.1489665,1.5850405,1.6048375,1.1392175,1.9677165,1.4521625
"Plekha4","ENSMUSG00000040428",-0.961403499999999,-1.0434985,-0.742447499999999,-0.0292075000000001,0.114853500000001,-0.183047499999999,-2.3102505,-2.0869235,-2.4187445,-1.8210095,-1.7413205,-1.6336865,0.744746500000002,1.2441905,1.8531185,2.1279385,2.3730085,2.0362185,1.0731295,0.949486500000001,0.8760925,0.790618500000001,0.1414045,0.646733500000002
"Tor3a","ENSMUSG00000060519",-0.701465958333333,-1.60774595833333,-0.872852958333333,-0.790930958333333,-0.655221958333333,-0.661083958333333,-2.23385895833333,-1.59930795833333,-0.836731958333333,-1.24660195833333,-2.41643095833333,-1.84398195833333,-0.527338958333333,1.15632304166667,0.925315041666667,1.93566104166667,2.24352304166667,1.82548904166667,2.23146104166667,0.948457041666667,1.18733004166667,1.25195104166667,0.803895041666667,1.48414904166667
"Dok3","ENSMUSG00000035711",-0.193225958333334,-0.362003958333334,0.189188041666666,0.691451041666665,0.909412041666666,0.509729041666667,-2.14792695833333,-1.84554395833333,-1.40931195833333,-2.05382595833333,-0.956324958333334,-1.89600295833333,1.42896904166667,1.37191804166667,2.25206704166667,2.45680704166667,2.38102204166667,2.45953704166667,-0.742037958333333,-0.254976958333334,-0.360351958333334,-0.864310958333333,-0.313460958333334,-1.25079495833333
"Il1b","ENSMUSG00000027398",-1.528957375,-1.286706375,-0.326953375,0.265784624999999,-0.630134375,-1.578388375,-1.353149375,-2.466167375,-1.715215375,-0.471844375,-1.291669375,-0.951797375,0.108562624999999,-1.111171375,0.731898624999999,2.450719625,3.446285625,2.077002625,1.128888625,1.214210625,0.806518625,1.129592625,0.929129625,0.423560624999999
"Itgb7","ENSMUSG00000001281",-0.51278575,-0.82042275,-0.25457175,-0.94703175,-0.57971375,-1.00594075,-1.65211475,-2.17268675,-1.27777975,-1.69812075,-1.13958275,-0.72055275,-1.12740275,-1.51529975,0.0931792500000004,2.19294125,2.29029925,2.08177625,0.95593725,1.99228025,1.78460125,1.38824525,2.29932325,0.345423250000001
"Lst1","ENSMUSG00000073412",-1.170317375,-0.590432375,-0.756506375,0.0412086249999994,0.272948625,-0.388691375000001,-1.830670375,-1.562955375,-1.855503375,-1.543906375,-2.331471375,-1.616948375,-0.365933375,-0.132874375,1.123919625,2.763094625,2.869804625,2.655274625,0.991119625,0.758357625,0.852236625,0.932926625,0.737308625000001,0.148010625
"Itih4","ENSMUSG00000021922",0.26573375,0.0045787500000003,-0.00725824999999958,-0.26246025,-0.19368925,-0.40492125,-2.42359125,-1.57736625,-1.66373725,-1.99982825,-2.10533025,-1.72289725,2.75905575,2.27725075,2.18384575,0.83862975,1.12428375,2.44776775,-1.04714025,0.326109750000001,0.72227175,0.18838375,-0.0193132499999997,0.28962175
"Pgf","ENSMUSG00000004791",-0.314955375,-0.472968375,-1.431589375,-0.0426523749999994,0.140521625,0.290891625,-1.996990375,-1.424480375,-1.280436375,-1.861271375,-1.754311375,-1.911124375,3.788221625,2.551518625,2.185152625,1.082468625,0.817894625,0.926663625,-0.702972375,0.0607196249999999,-0.0594993749999997,0.408207625,0.902643625000001,0.0983476249999997
"Sash3","ENSMUSG00000031101",-2.37866170833333,-3.14045670833333,-0.952127708333333,0.556068291666667,0.691476291666667,0.362497291666667,-0.473192708333333,-0.879292708333333,-0.740523708333333,-0.751527708333333,-0.524547708333333,-0.305181708333333,-1.65757170833333,-1.92368770833333,-0.666923708333333,2.58148829166667,2.20234829166667,2.50154829166667,0.616386291666667,1.04833429166667,1.25279329166667,1.00766829166667,1.12101529166667,0.452071291666667
"Clec4a3","ENSMUSG00000043832",-1.66095375,-1.39486175,-1.19967475,-0.423613749999999,-0.37806375,-0.65047975,-1.18517375,-1.52645975,-1.76257075,-1.24123775,-2.61243375,-0.97210475,-0.516448749999999,0.24694525,0.55223125,2.09997725,2.24852725,2.29008725,1.42574125,1.33746625,1.54129225,1.63888225,1.26011325,0.88281325
"Ccl11","ENSMUSG00000020676",-0.537484375,-0.946497375,-0.682869374999999,-1.186015375,-1.334068375,-0.424514374999999,-1.475783375,-1.377776375,-1.530470375,-2.250495375,-1.778116375,-1.788898375,2.600808625,1.991407625,2.354028625,1.610117625,1.590129625,1.161292625,0.261310625,1.095961625,0.754076625,0.354009625,1.282493625,0.257352625
"Il10ra","ENSMUSG00000032089",-1.789398625,-1.573354625,-0.500811625,0.235788375,0.865585375,-0.706200625,-3.154237625,-1.425222625,-0.950764625,-1.150287625,-1.571383625,-1.148257625,-0.236120625,-0.291901624999999,0.713320375,2.456756375,2.534119375,2.315014375,1.195355375,1.169522375,1.036833375,0.985820375,0.797723375,0.192102375
"Tlr6","ENSMUSG00000051498",0.695430041666667,1.20563404166667,1.20471304166667,-0.179726958333333,0.511720041666666,-0.0859149583333334,-2.54016395833333,-2.08165995833333,-2.11545395833333,-1.99906795833333,-2.23134495833333,-1.63567295833333,1.97585104166667,1.85836504166667,2.14894604166667,1.35403304166667,1.45509204166667,1.41552704166667,-0.149534958333334,-0.210616958333333,0.131625041666666,-0.273345958333334,0.179424041666667,-0.633856958333333
"Ptpn22","ENSMUSG00000027843",-1.48886779166667,-1.58025279166667,-2.24815179166667,-0.508248791666666,-1.30620679166667,-0.314159791666667,-1.77792379166667,-1.44303579166667,-1.77194979166667,-1.02548779166667,-0.807653791666667,0.00957520833333358,1.62160120833333,-0.392484791666666,-0.702213791666666,1.65384020833333,1.32543520833333,2.08595120833333,1.50644820833333,1.64261420833333,1.89999720833333,1.37658520833333,2.13317920833333,0.111410208333334
"Ccdc88b","ENSMUSG00000047810",-1.26935575,-0.74745275,-0.59215675,-0.44891575,0.151180249999999,-0.731448750000001,-1.69318675,-0.99517275,-1.56753075,-2.51298975,-1.28608375,-1.81573975,-0.40055375,0.63561525,-0.29638875,2.33563625,2.51055325,2.37502425,2.04640125,1.00942125,1.12599525,1.24094825,1.31530325,-0.38910275
"Stx11","ENSMUSG00000039232",-3.29748316666667,-2.41329016666667,-2.51993716666667,0.0536518333333333,0.164674833333335,-0.101886166666666,-0.528128166666666,-0.524348166666666,-0.911183166666666,-0.408047166666666,-0.575886166666666,-0.755154166666665,0.119611833333334,-1.21499316666667,-0.408728166666666,1.87473183333333,2.35314483333333,1.68595683333333,1.31981883333333,0.830952833333335,1.00372683333333,1.14163883333333,1.68173583333333,1.42941983333333
"Mafk","ENSMUSG00000018143",-1.3451245,-2.0630395,-2.0229485,-1.3306145,-1.3947195,-2.1429595,-0.8607065,-0.0779475000000005,-0.4189765,0.9158465,0.2199005,0.3022945,0.9516555,-1.5879345,0.6926565,-0.4449985,-0.1935075,-0.5829005,1.0169465,1.5735275,1.4699415,2.0610775,2.6584015,2.6041295
"Gpr18","ENSMUSG00000050350",0.358679416666667,-0.861540583333333,-0.965864583333333,-0.0687065833333333,-0.460985583333334,0.0942804166666669,-1.34655658333333,-1.87845158333333,-1.87611458333333,-2.36911858333333,-2.04891658333333,-1.61594358333333,-0.208131583333333,0.058310416666667,-0.108931583333334,2.32562141666667,2.39194241666667,2.77125641666667,1.02519741666667,1.34805041666667,1.14258541666667,1.06218541666667,1.00279441666667,0.228358416666667
"Parp10","ENSMUSG00000063268",-1.41870629166667,-0.988414291666667,-1.43437829166667,-0.631336291666667,-0.600370291666667,-0.684425291666667,-1.49992729166667,-1.37523329166667,-2.01448529166667,-1.91326429166667,-1.72089229166667,-1.80670029166667,0.257162708333333,1.42828070833333,0.794641708333333,1.65653070833333,1.67102470833333,1.44998970833333,2.12826470833333,1.57051870833333,1.41826970833333,1.26340370833333,1.24964470833333,1.20040170833333
"Lpxn","ENSMUSG00000024696",-1.71529791666667,-2.24805591666667,-1.00678191666667,-0.940285916666666,-0.321724916666667,-0.695984916666666,-1.38109291666667,-1.33002191666667,-1.01497791666667,-1.33090191666667,-1.58893391666667,-2.24035591666667,1.35934208333333,1.24433108333333,1.63926508333333,2.09110208333333,1.73933608333333,2.16139808333333,0.808080083333333,0.770343083333334,1.21134408333333,0.892116083333334,1.35983908333333,0.537919083333334
"Arvcf","ENSMUSG00000118669",-0.0898004166666668,-0.566634416666667,-0.548138416666667,0.342126583333333,0.313783583333333,-0.563156416666667,-1.63669241666667,-1.40818341666667,-1.51393141666667,-1.28224341666667,-1.34427441666667,-1.52921841666667,3.63153858333333,1.05320958333333,3.17188558333333,1.95629558333333,1.02054558333333,1.31832958333333,-1.26707541666667,-0.0938754166666671,-0.922561416666667,-0.364560416666667,0.767385583333333,-0.444754416666667
"Stat2","ENSMUSG00000040033",-1.7044245,-1.3744455,-1.5438585,-0.3323285,-0.5160065,-0.5386145,-1.5410195,-1.8587215,-1.5941665,-1.2833935,-1.6413485,-1.6002705,-0.2442285,1.3771475,1.1504005,1.6973185,1.9860575,1.9347605,2.2554275,1.2239625,1.0237765,1.1536245,0.644159500000001,1.3261915
"Gbp7","ENSMUSG00000040253",-1.50973766666667,-1.64944266666667,-1.65101866666667,-0.844931666666668,-0.394286666666666,-0.481788666666667,-1.49618666666667,-1.96067666666667,-1.70329566666667,-1.31790366666667,-1.44546866666667,-1.46503766666667,0.494496333333334,1.54730133333333,0.642496333333334,2.02434133333333,1.76560133333333,1.79542133333333,1.96437133333333,1.17718133333333,1.22407133333333,1.43616133333333,0.580240333333332,1.26809133333333
"Themis2","ENSMUSG00000037731",-2.45537870833333,-1.17364070833333,-1.04124770833333,0.411063291666666,0.348149291666666,-0.0165217083333333,-1.85914770833333,-1.24546670833333,-0.861340708333334,-2.23381570833333,-1.21952670833333,-2.22492770833333,-0.546297708333333,0.565976291666666,1.01159629166667,2.24647029166667,2.11049729166667,1.87454229166667,1.47849229166667,1.10112829166667,1.26337029166667,0.873178291666666,1.03855729166667,0.554290291666666
"ILMN_2873988","ILMN_2873988",-1.72962145833333,-0.960954458333334,-1.07270645833333,-0.478315458333333,-0.197175458333334,-0.450978458333334,-1.91445145833333,-2.54793545833333,-1.56800145833333,-1.23469045833333,-1.99765945833333,-1.39547745833333,0.861612541666666,1.77915254166667,1.36879854166667,1.74092154166667,1.85395354166667,1.75937354166667,1.45653654166667,1.06493454166667,0.876132541666666,1.10781854166667,0.701669541666666,0.977063541666666
"Xdh","ENSMUSG00000024066",-0.96542925,-1.23995925,-1.31215125,-0.367099250000001,-0.59369925,-0.35307925,-1.88244625,-2.19656525,-1.54816625,-1.73785425,-1.99775325,-1.67158625,1.19957075,1.59849075,1.08809075,1.73026075,1.76376075,1.63569075,1.38467075,0.91525075,1.17699075,1.20591075,0.80099075,1.36611075
"Tcf23","ENSMUSG00000006642",-0.915949041666667,-1.85969704166667,-1.48937804166667,-0.637316041666667,-0.0491570416666676,0.0642729583333326,-1.72949804166667,-1.69589104166667,-1.39091704166667,-1.68091504166667,-1.29013804166667,-1.73296104166667,2.20865295833333,2.61189295833333,1.84334795833333,1.25843595833333,0.723433958333333,1.53679895833333,-0.270139041666667,0.557216958333333,0.838599958333333,0.860377958333332,0.501736958333333,1.73718895833333
"Napsa","ENSMUSG00000002204",-0.915398000000001,-1.855577,-1.053114,-0.342363000000001,-0.92189,-0.684686,-2.10507,-1.625361,-1.553543,-1.887095,-1.204308,-0.694956,0.071555,0.185789,1.104812,2.076077,2.408868,2.089699,0.75156,1.259722,1.358077,1.133009,1.913356,0.490837
"Stat1","ENSMUSG00000026104",-0.993859291666666,-0.999733291666667,-1.00297129166667,-0.323783291666667,-0.173432291666666,-0.0258412916666657,-1.82030429166667,-1.78431929166667,-1.78334429166667,-1.49455029166667,-1.52722129166667,-1.68487829166667,-0.591446291666667,2.13059070833333,0.586820708333333,2.14538070833333,2.42157070833333,2.20480070833333,1.88201070833333,0.997190708333333,0.788300708333333,0.679540708333333,-0.0020122916666665,0.371490708333333
"Snx20","ENSMUSG00000031662",-1.43508829166667,-1.00695029166667,-0.977466291666666,-0.829698291666666,0.174709708333333,-1.12531729166667,-0.854968291666666,-1.30299429166667,-1.88228229166667,-1.64127229166667,-2.15888029166667,-1.78609629166667,0.722806708333334,0.528945708333334,0.738254708333334,2.29250370833333,2.37133270833333,2.32073670833333,0.875889708333334,0.962631708333333,1.28968170833333,0.808893708333334,1.42833470833333,0.486292708333334
"Tapbp","ENSMUSG00000024308",-2.408433,-2.574733,-1.962978,-1.176479,-0.726887999999999,-0.791044000000003,-0.462926,0.136999999999997,-0.473089000000002,-0.514390000000002,-0.016966,0.111844999999999,-1.079445,-0.600189,-0.898182000000002,0.888580000000001,0.549128999999997,0.267481999999998,2.106162,2.063074,1.920138,1.869489,2.290769,1.482074
"Nfkbie","ENSMUSG00000023947",-0.640143458333333,-0.490202458333333,-0.810874458333333,-0.287778458333333,-0.433685458333333,-1.38700045833333,-1.22695445833333,-1.46577745833333,-1.77101245833333,-1.81823445833333,-1.72892645833333,-2.65650545833333,1.06739954166667,-0.411983458333333,1.18702054166667,1.36175254166667,2.13766854166667,1.52658754166667,1.92438354166667,1.32321054166667,0.719168541666667,1.24388854166667,1.61296454166667,1.02503454166667
"Lox","ENSMUSG00000024529",-1.9630475,-1.5113225,-0.8713445,-0.0353384999999999,0.0870375000000001,-0.6521325,-1.0291445,-0.8111945,-0.9587905,-0.5094345,-1.6270465,-1.1652075,2.8011075,2.5009575,2.6528375,0.8040145,0.6496605,1.1134545,-2.1385045,-0.4419045,0.4063925,0.1503805,0.932172499999999,1.6163975
"Apoc2","ENSMUSG00000002992",0.294813541666666,-0.754301458333334,0.548761541666667,0.613646541666667,0.00201054166666648,0.630998541666666,-1.22428945833333,-0.621450458333334,-0.895360458333333,-1.64447645833333,-2.23845045833333,-2.95823945833333,0.970209541666667,1.49659554166667,1.37480454166667,1.68251054166667,2.28400754166667,3.20691054166667,-0.695508458333333,-0.634636458333333,-0.525115458333334,-0.767307458333334,0.0235815416666663,-0.169714458333334
"Usp53","ENSMUSG00000039701",-0.789169041666667,-1.31977504166667,-1.75441404166667,-0.849823041666667,-0.115380041666667,-0.708448041666667,-0.653606041666666,-0.141318041666667,-0.267367041666667,-0.474500041666666,-0.810188041666667,-0.695266041666667,4.97803995833333,0.339245958333333,3.16795595833333,-0.536070041666667,-0.447371041666667,-0.140418041666667,-0.668124041666667,-0.0373860416666671,-0.166373041666667,0.606805958333333,0.892632958333333,0.590315958333333
"Map3k6","ENSMUSG00000028862",-2.18554208333333,-1.82304608333333,-2.11262408333333,-0.271409083333333,-0.516980083333333,-0.447990083333333,-1.18410408333333,-1.42399208333333,-0.776507083333333,-0.846758083333333,-1.52851208333333,-1.06104808333333,2.35480191666667,2.20253791666667,1.39807791666667,0.448422916666668,-0.649556083333333,0.661777916666668,0.660974916666667,0.738532916666666,1.38457291666667,1.56176991666667,1.71055391666667,1.70604591666667
"Cd52","ENSMUSG00000000682",-1.05840095833333,-1.49746495833333,-0.857325958333334,-0.435928958333333,-0.270934958333333,-0.816118958333334,-1.45151095833333,-1.62718895833333,-1.73871395833333,-1.55690495833333,-1.66713295833333,-1.43205495833333,-0.0945719583333346,-0.00716195833333444,1.22169204166667,2.51444204166667,2.30843204166667,2.32405204166667,1.35729204166667,1.19883204166667,1.16043204166667,0.960232041666666,1.26478204166667,0.201227041666666
"Dnmt3l","ENSMUSG00000000730",0.379854416666666,-0.639376583333333,-0.103100583333333,0.279428416666667,1.02128841666667,-0.165247583333334,-2.05778758333333,-0.822052583333333,-2.51915758333333,-1.46027758333333,-2.56973258333333,-2.07514758333333,1.67961141666667,-0.484033583333333,2.80485141666667,1.11956341666667,1.77406541666667,0.928298416666666,-0.286752583333334,0.134621416666667,0.272903416666667,0.623752416666667,0.862523416666667,1.30190441666667
"Inhba","ENSMUSG00000041324",-0.178357541666666,0.0417624583333334,0.00455545833333293,0.0641254583333337,-0.480902541666667,0.132446458333333,-1.41036854166667,-1.59245754166667,-1.83731654166667,-1.37122454166667,-2.65099354166667,-1.90938554166667,2.54032945833333,0.998651458333334,3.04299045833333,-0.133255541666666,1.27678645833333,0.692123458333334,-0.829184541666667,-0.152250541666667,0.568929458333334,0.761142458333333,0.503346458333334,1.91850745833333
"Irf5","ENSMUSG00000029771",-1.86595125,-1.74866025,-1.02818325,-0.59818125,0.20761775,0.0523137499999997,-0.99410025,-1.30855725,-2.15935125,-1.72465625,-1.66946725,-1.25450825,-0.00137125000000005,0.29520575,1.20944175,2.13936575,2.27433375,2.17109675,1.09003575,1.29076775,0.96785075,0.86211175,1.26309675,0.52974975
"Klra2","ENSMUSG00000030187",-0.990995958333333,-0.849397958333334,-1.43219795833333,-0.0380899583333338,-1.12406995833333,-0.520936958333333,-1.66964895833333,-1.05982395833333,-1.80696195833333,-0.591335958333334,-1.21527795833333,-1.67567995833333,-1.13708195833333,-0.178184958333333,0.0797960416666665,1.75599304166667,2.34901904166667,2.94638604166667,1.74125404166667,1.13250304166667,0.713145041666666,1.52057004166667,1.08689304166667,0.964125041666667
"Soat2","ENSMUSG00000023045",-1.673356375,-1.427491375,-1.297207375,-0.993494375,-0.639621374999999,-1.276283375,-1.289564375,-0.0251553749999998,-1.222916375,-2.182802375,-0.103732375,-1.836924375,-0.0782073749999999,0.406924625,0.258600625000001,2.526046625,2.693418625,1.340466625,1.752817625,0.632278625000001,1.074987625,1.081243625,1.177671625,1.102300625
"Cytip","ENSMUSG00000026832",-0.738083125,-1.442113125,-1.008155125,-0.592677125,-0.165768125,-0.462514125,-1.953972125,-2.054513125,-1.985962125,-1.132575125,-1.182782125,-1.607838125,0.916795875,0.626793875000001,0.558677875000001,2.044437875,2.411075875,2.286995875,0.197110875,1.123101875,1.077261875,0.814291875,1.748913875,0.521495874999999
"Csrnp1","ENSMUSG00000032515",-2.29527945833333,-2.67199145833333,-2.20232345833333,1.18297854166667,1.03549854166667,0.452258541666666,-1.69744145833333,-1.33529245833333,-1.03420345833333,-1.18389745833333,-0.866040458333334,-0.695685458333333,0.879408541666667,0.561818541666666,0.936398541666666,2.04478854166667,2.22303854166667,1.63916854166667,0.0356035416666671,0.504398541666665,-0.0474494583333342,0.646848541666666,0.708368541666665,1.17902854166667
"Plek","ENSMUSG00000020120",-1.964841375,-2.402911375,0.785784625,-1.061745375,-0.489395375,-1.811418375,-1.313629375,-0.672130375,-1.245137375,-0.635216375,-1.951021375,-1.083219375,-0.0692863749999999,0.0335676249999999,1.163172625,1.825535625,1.663675625,1.924094625,1.094155625,1.124565625,1.281403625,1.156165625,1.542337625,1.105493625
"Icam1","ENSMUSG00000037405",-1.527379375,-1.104837375,-1.185595375,-0.668460375,-0.595029374999999,-0.967879375000001,-1.407102375,-1.470730375,-1.524572375,-1.467424375,-1.832156375,-1.859744375,1.306567625,0.490817625,1.007517625,1.312437625,1.909397625,1.278357625,1.764887625,1.307297625,1.060587625,1.381527625,1.620637625,1.170877625
"Oas1a","ENSMUSG00000052776",-1.54000679166667,-0.628757791666667,-0.741242791666667,-0.672012791666667,-0.209466791666667,-0.717839791666667,-1.42789179166667,-1.20959479166667,-1.20062179166667,-2.15248779166667,-2.27837079166667,-1.21306379166667,-0.237524791666667,0.373110208333333,1.07560820833333,2.14859520833333,2.23369320833333,2.37005520833333,1.52674720833333,1.29277020833333,0.981523208333333,0.961688208333333,0.409127208333333,0.855964208333333
"Lman1l","ENSMUSG00000056271",-1.56072075,-0.0670177499999998,0.0288262500000007,1.10683225,0.13275925,-0.62286475,-2.60736775,-2.28064875,-1.82377475,-0.63367375,-1.75464975,-1.45074975,1.80982525,0.664190250000001,2.09884725,0.53537925,1.87116325,1.42069525,-0.901004749999999,0.258460250000001,0.472971250000001,1.17021825,1.27545325,0.85685125
"Aif1","ENSMUSG00000024397",-1.267401625,-1.315278625,-0.796217625,0.435384375,0.649795375,0.0631853749999998,-1.647150625,-1.221160625,-1.417079625,-1.623512625,-1.467221625,-1.527668625,-0.663221625,-0.0996226250000003,1.128655375,2.784745375,2.437745375,2.610545375,1.143875375,0.815217375,0.744797374999999,0.533623374999999,0.373479375000001,-0.675513625
"Sh2d2a","ENSMUSG00000028071",-0.693675,-1.268756,-1.029546,-0.568764,-0.284236,-1.056431,-2.005637,-0.859871,-1.733034,-0.849061,-1.689733,-0.777931,-0.339944,0.335679,0.492528,2.915839,2.298635,2.592527,-0.282798,1.280672,1.174561,0.777391,1.476514,0.0950709999999999
"Chac1","ENSMUSG00000027313",-0.72744425,-0.939712249999999,-1.38689925,-0.521246249999999,0.38668375,-0.129116249999999,-1.85915225,-1.79450725,-1.38196225,-1.52137925,-1.57443825,-1.95294125,0.0697237499999996,1.95574375,0.15553375,2.04653375,2.06668375,2.31258375,1.52629375,0.98704375,0.69452375,0.845723750000001,0.34795375,0.393773750000001
"Fos","ENSMUSG00000021250",-2.705640375,-0.326673375,-0.155409375,-2.005770375,-1.846431375,-2.201192375,0.0511266250000002,0.0832086249999993,-0.267065375,-0.660163375,-0.608775375,-1.747609375,2.427828625,1.685568625,2.102218625,0.971608625,1.363878625,1.044058625,-0.391302375,0.206230625,0.618958624999999,0.602858625,0.724389625000001,1.034098625
"Abcc3","ENSMUSG00000020865",-0.249538958333333,-0.697510958333333,-0.503088958333334,-0.256194958333333,-0.315161958333333,-0.344144958333334,-1.24339095833333,-2.26011095833333,-1.96750895833333,-1.08842395833333,-1.52599195833333,-1.95630895833333,2.16159404166667,1.05036904166667,2.44048504166667,0.758171041666666,1.77639404166667,1.00389404166667,-1.56481895833333,0.251259041666667,0.938355041666667,1.25219904166667,1.24463204166667,1.09484304166667
"B4galnt1","ENSMUSG00000006731",-0.8882695,-0.7794135,0.5510535,-0.3549365,-0.3309425,-0.0928025000000003,-1.5504405,-1.9619405,-1.3677895,-1.7729205,-2.2135625,-1.9148165,-0.1306665,-0.3065525,1.0998185,2.0830545,1.8827185,1.8002705,0.294211499999999,1.2256115,0.875488499999999,0.6294835,2.2818885,0.9414545
"Ltb4r1","ENSMUSG00000046908",-0.480539583333333,-1.06759858333333,-0.419547583333333,0.144722416666666,-0.161615583333333,-0.207743583333333,-2.12366058333333,-2.03049858333333,-1.75026658333333,-1.13123758333333,-0.838256583333333,-1.29585058333333,0.529547416666666,-0.835878583333334,1.97722241666667,2.02499041666667,2.33241141666667,1.98312841666667,-1.14060658333333,0.915775416666667,0.700425416666667,0.673323416666666,2.09127341666667,0.110480416666666
"Ms4a7","ENSMUSG00000024672",-1.43375529166667,-1.26100029166667,-0.124850291666668,-0.851210291666668,-0.421826291666667,-0.550261291666668,-1.45633329166667,-1.82584829166667,-1.85596329166667,-1.19983329166667,-1.81187329166667,-1.24476729166667,-0.267420291666667,0.588876708333332,1.58858570833333,2.34578570833333,1.81426570833333,2.14653570833333,1.29215370833333,0.981327708333332,1.12096370833333,1.15507870833333,0.632781708333333,0.638587708333333
"Slamf9","ENSMUSG00000026548",-0.963863,-1.002862,-0.837555,-0.265701,0.189851000000001,-0.308828999999999,-1.043192,-1.005474,-1.274945,-1.455573,-1.493564,-1.809727,-1.819634,-0.834602,0.292062,2.423392,1.902272,2.202562,1.735382,1.436702,1.410862,1.286752,0.955882000000001,0.279802
"Arrdc4","ENSMUSG00000042659",-1.109465875,-0.797217874999999,-1.045204875,-0.949333875000001,-1.168752875,-1.108555875,-1.201747875,-1.176875875,-1.394626875,-1.413680875,-1.384103875,-1.468913875,3.453184125,1.560944125,2.012314125,1.155594125,0.799534124999999,0.967284124999999,0.204745125000001,0.823774125,0.810954125,0.469664125,1.292074125,0.668414125
"Irf9","ENSMUSG00000002325",-1.66786970833333,-1.48229470833333,-1.57995070833333,-0.637918708333334,-0.341991708333333,-0.531870708333333,-1.58305770833333,-1.43996970833333,-1.51015370833333,-1.20953970833333,-1.48316670833333,-1.51282970833333,0.374365291666667,1.17493529166667,0.974755291666666,1.69513529166667,1.95292529166667,1.84158529166667,1.42655529166667,1.09099529166667,1.21430529166667,1.11698529166667,0.938455291666667,1.17961529166667
"Stc1","ENSMUSG00000014813",-1.38873316666667,-1.17921816666667,-1.58366216666667,1.11406983333333,1.15416583333333,0.160634833333333,-2.61202816666667,-1.72156616666667,-1.36183616666667,-1.18873516666667,-0.851424166666667,-1.06740416666667,2.27152283333333,1.89799783333333,1.67177283333333,1.44927383333333,1.58278883333333,1.20316983333333,-0.282849166666667,0.307378833333333,-0.281633166666667,0.156186833333333,0.035113833333333,0.515013833333333
"Tnfaip3","ENSMUSG00000019850",-1.56578241666667,-1.06653041666667,-1.55854841666667,-1.54263641666667,-1.65811341666667,-1.36357041666667,-0.656132416666667,-0.829606416666667,-1.48896541666667,-0.916170416666667,-0.913192416666667,-1.41292541666667,2.49652958333333,0.698867583333333,1.37154358333333,0.739242583333333,1.55920858333333,1.19317258333333,1.28129158333333,1.29155258333333,0.748999583333333,1.42295258333333,0.957848583333333,1.21096458333333
"Lgals9","ENSMUSG00000001123",-2.01941558333333,-1.77869058333333,-1.75624158333333,-0.743415583333334,-0.514203583333334,-1.01363958333333,-0.922505583333333,-1.10863258333333,-1.23484158333333,-0.812430583333333,-1.45476358333333,-1.52166058333333,0.807303416666667,1.47471341666667,0.391323416666667,1.62926341666667,1.46980341666667,1.68197341666667,1.83759341666667,1.02868341666667,1.01748341666667,1.36279341666667,1.00887341666667,1.17063341666667
"Zfp960","ENSMUSG00000096696",-1.31671279166667,-0.861469791666666,-1.46173079166667,-0.616415791666666,-1.07304879166667,-0.564446791666668,1.22920720833333,-1.42711279166667,0.610073208333334,-0.135194791666667,-1.49570179166667,-1.27991379166667,-0.772735791666666,-1.18055079166667,-1.98674579166667,0.742731208333334,0.334558208333334,0.981577208333333,1.98270920833333,0.961210208333334,1.63800520833333,2.55959420833333,1.27675220833333,1.85536220833333
"Ackr1","ENSMUSG00000037872",-1.11342408333333,-1.41539208333333,-0.832752083333333,0.085235916666667,0.230847916666667,-0.630407083333333,-2.04651108333333,-1.13800208333333,-1.70131208333333,-1.73446608333333,-1.58316208333333,-1.42939308333333,2.06923691666667,1.92644791666667,2.24964091666667,0.962547916666667,1.64308991666667,1.09766991666667,0.017347916666667,0.556696916666667,1.06446591666667,1.00248891666667,0.234106916666667,0.484997916666667
"Oas1d","ENSMUSG00000032623",-1.389159,-1.016361,-1.413782,-0.729284,-1.05273,-1.6207,-1.664606,-0.999352,-1.648673,-1.512832,-0.412822,-1.198858,1.095656,1.588064,-0.15108,1.912152,1.640664,1.435959,1.728576,1.388809,1.389378,1.010653,0.796634,0.823694
"Cdkn1a","ENSMUSG00000023067",-2.09624041666667,-1.24262741666667,-1.65121841666667,0.387473583333334,0.146743583333333,-0.941776416666666,-1.86926041666667,-1.72271041666667,-0.947862416666668,-0.488426416666668,-1.39472141666667,-0.393526416666667,2.54069358333333,2.31368358333333,1.57813358333333,1.43937358333333,1.47297358333333,1.48876358333333,0.0094835833333331,0.0903535833333322,0.0218035833333321,0.278223583333332,0.426273583333332,0.554393583333333
"Cfap69","ENSMUSG00000040473",-1.120846125,-0.564480125,-0.617380125,0.510262875,0.209667875,0.260029875,-1.204144125,-1.127817125,-1.111509125,-1.048023125,-1.684737125,-0.915522125,2.633496875,1.709865875,2.132754875,0.833762875,2.092437875,1.686225875,-1.910602125,-0.830705125,-1.394254125,0.316946875,0.204006875,0.940561875
"Ly9","ENSMUSG00000004707",-1.75983779166667,-1.83568379166667,-1.22232379166667,-1.03790879166667,-0.605575791666666,-1.28774579166667,-1.01611879166667,-1.37699679166667,-0.898155791666666,-0.487930791666667,-0.657095791666666,-0.919217791666667,-0.817105791666666,0.331606208333334,0.534171208333333,2.39294420833333,2.11677920833333,2.59187520833333,1.00608120833333,0.996727208333334,1.39489420833333,1.12387020833333,0.968751208333333,0.463997208333334
"Ffar2","ENSMUSG00000051314",-0.517558041666666,-0.609323041666666,-0.989400041666666,0.831016958333333,1.01712095833333,-0.00152204166666658,-1.27015604166667,-1.34476804166667,-1.90487304166667,-1.76139804166667,-1.70894304166667,-0.433496041666666,1.19347795833333,0.851460958333333,1.62005795833333,2.23828595833333,2.00184295833333,2.75645795833333,-0.320286041666666,0.0951769583333335,-0.165124041666667,-1.40642004166667,0.428509958333333,-0.600141041666666
"ILMN_2888191","ILMN_2888191",-1.394095875,-1.086007875,-0.980586875,-0.221561875,-0.202192875000001,-0.269017875,-0.571095875,-0.514197875000001,-1.357707875,-1.533651875,-1.591855875,-1.684137875,-1.648386875,-0.694975875,1.197170125,2.281733125,2.090596125,2.191270125,1.305981125,1.153293125,1.243427125,1.139304125,1.143727125,0.00297112500000019
"Cd84","ENSMUSG00000038147",-0.871729666666666,-1.42671466666667,0.999313333333333,-0.383702666666666,-0.255304666666667,-0.399573666666666,-1.76444166666667,-1.81851266666667,-2.24016666666667,-1.55822766666667,-1.11007166666667,-1.73654966666667,0.334528333333333,1.23132533333333,2.08693833333333,1.83283733333333,1.59241533333333,1.90649833333333,0.321421333333333,0.401621333333334,0.976604333333333,0.808206333333334,0.894007333333334,0.179278333333333
"Fosb","ENSMUSG00000003545",-1.11405629166667,-1.67812529166667,-1.15301929166667,-1.18593529166667,-0.680942291666667,-1.25776729166667,-1.26196529166667,0.0190657083333337,-1.43337729166667,-0.455964291666667,-0.993877291666666,-1.36683629166667,2.64049870833333,0.999741708333334,2.82563270833333,-0.0219952916666664,-0.0302382916666666,0.454357708333333,-0.399632291666666,1.07336070833333,1.09907070833333,0.780391708333333,1.34239270833333,1.79921970833333
"Osm","ENSMUSG00000058755",-0.702771875,-1.026350875,-0.418590875,-0.693805875,-0.779986875,-0.602824875,-1.571635875,-1.541036875,-1.149447875,-0.937997875,-1.806953875,-1.463646875,2.413841125,0.874142125000001,2.133217125,1.747869125,2.216078125,1.679368125,-0.249492875,0.408783125,0.704474125,0.206732125,1.111348125,-0.551309874999999
"Dynlrb2","ENSMUSG00000034467",-0.980274416666667,0.112336583333333,-0.707171416666667,-0.632797416666667,-0.448117416666667,-0.931703416666667,-1.37643941666667,-0.395090416666667,-0.957531416666667,-1.78942341666667,-1.32997041666667,-1.04183041666667,2.87371658333333,3.84491958333333,0.539336583333333,-0.414984416666667,-0.406550416666667,0.274385583333333,1.24103158333333,0.473060583333333,1.23916458333333,0.896517583333333,0.0714735833333333,-0.154058416666667
"Ido1","ENSMUSG00000031551",-0.556754291666667,-0.459797291666666,-1.41494729166667,-0.407591291666666,-0.812071291666666,-0.772663291666666,-1.71520229166667,-0.987504291666666,-1.61085529166667,-1.98734729166667,-1.18139729166667,-1.72904129166667,-0.214496291666666,1.86259770833333,-0.0653802916666661,1.66233570833333,1.73059770833333,1.48979870833333,1.86804570833333,0.973434708333333,0.904923708333333,1.43456870833333,1.21699770833333,0.771748708333334
"Ada","ENSMUSG00000017697",-0.162015083333333,-1.10315508333333,0.600552916666667,-0.416326083333333,0.307804916666667,0.451329916666666,-2.30299308333333,-2.04099708333333,-1.77711908333333,-0.147304083333333,-1.67748308333333,-1.12203108333333,1.21151091666667,1.86151191666667,2.16910791666667,1.64791591666667,1.68012791666667,1.91453591666667,-0.728179083333333,-0.552133083333334,-0.522016083333333,-0.462523083333333,0.709803916666667,0.460072916666666
"Elmo3","ENSMUSG00000014791",0.663738541666667,0.441740541666666,0.117774541666667,-0.122304458333334,0.487801541666666,1.34713954166667,-1.95343145833333,-1.42881745833333,-2.88352445833333,-1.71730545833333,-2.15088245833333,-1.41773845833333,0.764855541666667,0.341676541666667,0.740904541666667,1.91231054166667,1.74620054166667,2.10351854166667,-0.141013458333333,0.709903541666667,0.249028541666666,0.0715305416666663,0.353348541666667,-0.236454458333333
"Steap2","ENSMUSG00000015653",-1.274956625,-1.231763625,-0.538253625,-0.868305625,-0.112890625,-0.715687625,-1.769712625,-1.143741625,-0.837830625,-1.678330625,-1.158375625,-0.764296625,2.078741375,-0.0524636249999997,3.121778375,0.129359375,0.561057375,0.884504375,-0.584353625,0.562300375,0.761026375,0.836361375,1.318237375,2.477596375
"ILMN_2587721","ILMN_2587721",-0.00481733333333345,-0.732463333333333,1.14164766666667,-0.186755333333334,-0.506054333333334,-0.138769333333333,-1.73224633333333,-2.16447433333333,-2.00847233333333,-1.37275933333333,-1.84330633333333,-1.40096233333333,1.28194666666667,1.12631066666667,2.39629766666667,1.09301766666667,1.75041766666667,1.36434166666667,-0.150098333333334,0.493318666666666,0.787325666666667,0.468828666666666,1.29578466666667,-0.958058333333334
"Lrg1","ENSMUSG00000037095",-0.922507916666667,-0.965397916666667,-0.907597916666667,-0.143067916666668,-0.447807916666667,-0.378457916666667,-1.62910791666667,-1.50626791666667,-1.35312791666667,-1.34214791666667,-1.35298791666667,-1.37795791666667,2.11215208333333,1.86593208333333,2.11282208333333,0.985782083333332,1.46909208333333,0.984682083333333,-1.62005791666667,0.0987220833333318,0.586902083333332,1.02829208333333,1.36180208333333,1.34031208333333
"Dok1","ENSMUSG00000068335",-2.1157825,-1.0495895,-1.4116585,-0.932614500000001,-0.9726285,-0.5489135,-0.7178915,-1.3227545,-1.0218945,-0.7584165,-1.8800315,-1.5552375,1.5745555,0.1947535,1.7805385,1.3969225,1.6823695,1.4210925,0.933470499999999,0.5979475,1.0954225,0.8471325,1.6231105,1.1400975
"Apobr","ENSMUSG00000042759",-0.854599166666667,-0.774556166666667,0.324392833333333,0.182198833333334,0.166489833333333,0.00426383333333291,-2.09264016666667,-1.47993016666667,-1.39913116666667,-1.83467616666667,-1.16338416666667,-2.24131416666667,0.0298968333333329,0.0299248333333333,1.56110283333333,2.20089283333333,2.23202983333333,2.22147883333333,0.253556833333333,0.579257833333333,0.860320833333333,0.328909833333333,0.914065833333333,-0.0485511666666669
"Osmr","ENSMUSG00000022146",-1.51650270833333,-1.01091670833333,-1.34543970833333,-0.465179708333334,-0.425172708333333,-0.789172708333334,-1.64759270833333,-1.60978970833333,-1.24952570833333,-1.21032770833333,-1.64696670833333,-1.58503070833333,1.87733629166667,1.11749629166667,1.66450629166667,0.989156291666665,1.40114629166667,1.33116629166667,0.276078291666666,0.930206291666666,0.993746291666666,1.18861629166667,1.30390629166667,1.42825629166667
"Stap1","ENSMUSG00000029254",-1.110983625,-0.561186625,-0.523482625000001,-0.438596625000001,-0.452580625,-0.514938625,-1.365313625,-1.678636625,-1.404754625,-1.518568625,-0.708532625000001,-1.758358625,-0.630000625000001,-0.795995625,0.0139323749999996,2.020847375,2.191064375,2.128688375,1.941865375,1.110324375,1.451133375,1.180034375,0.837754374999999,0.586285374999999
"Hsd11b1","ENSMUSG00000016194",-1.50985495833333,-1.77123095833333,-1.45541995833333,-0.500908958333333,-0.433618958333334,-0.412028958333334,-1.23962995833333,-1.25929595833333,-1.17975395833333,-1.35689895833333,-1.28465995833333,-1.43699095833333,2.18208104166667,1.65915104166667,1.35916104166667,1.16772104166667,1.42023104166667,1.27678104166667,-0.426938958333334,0.628721041666665,1.06121104166667,0.655041041666665,1.28855104166667,1.56858104166667
"Clec4n","ENSMUSG00000023349",-0.221042125,-0.444557125,-0.153266125,0.249666875,0.050824875,-0.559007125,-1.990211125,-1.649146125,-2.439431125,-1.338138125,-1.584626125,-1.246707125,0.302055875,0.208359875,1.211299875,2.446089875,2.226942875,2.134079875,-0.380152125,0.564297875,0.902983874999999,0.557628875,0.972126875,0.179926875
"Pstpip1","ENSMUSG00000032322",0.404469875,0.476862875,1.151134875,-0.0843601249999999,-0.050728125,-0.246521125,-1.578568125,-2.448787125,-1.527100125,-2.483568125,-1.858558125,-1.571959125,0.706651875,1.055903875,1.332520875,1.697476875,1.586225875,1.839526875,-0.340487125,0.809810875,0.660517875,0.369075875,0.556593875,-0.456135125
"Nfe2","ENSMUSG00000058794",-0.658492416666667,-0.270056416666667,-0.734591416666667,0.0504175833333331,0.759122583333333,-0.236610416666667,-2.19034941666667,-1.10456941666667,-1.42244241666667,-2.15896841666667,-1.99435341666667,-1.41790641666667,-0.458915416666667,0.322432583333333,0.0424575833333334,1.24718858333333,2.49514258333333,1.69884158333333,0.133772583333333,1.20742058333333,1.34345458333333,0.802622583333333,1.52799058333333,1.01639158333333
"ENSMUSG00000144204","ENSMUSG00000144204",-0.991846333333333,-1.00253533333333,-1.26979733333333,-0.957431333333333,-0.991595333333333,-1.67783033333333,-1.39947433333333,-0.827979333333333,-1.11626733333333,-0.986617333333333,-0.900557333333333,-1.74855633333333,-0.639448333333333,0.948684666666667,1.21245366666667,1.36016666666667,1.74439066666667,1.53281966666667,2.28887866666667,1.38985666666667,1.25396666666667,1.03117566666667,0.810097666666667,0.937445666666667
"Gadd45g","ENSMUSG00000021453",-1.37767416666667,-1.17121416666667,-1.43884416666667,-0.0574341666666669,-0.233434166666667,-0.218474166666667,-1.59994416666667,-1.54316416666667,-1.53888416666667,-1.50786416666667,-0.955694166666667,-1.40107416666667,2.10744583333333,1.15177583333333,2.27293583333333,1.24351583333333,1.72396583333333,1.30889583333333,-0.346764166666667,0.417195833333333,0.430165833333334,0.612745833333333,0.881485833333333,1.24033583333333
"Gm12185","ENSMUSG00000048852",-0.139395458333333,-0.813295458333334,-1.11604645833333,-0.927300458333334,-0.755462458333334,0.153558541666666,-0.924285458333334,-1.13061345833333,-1.36942445833333,-1.53137645833333,-1.75308145833333,-0.952396458333334,-1.21099945833333,0.568785541666666,-0.203879458333334,1.90936954166667,2.19018154166667,2.27638354166667,1.81695454166667,1.34184954166667,1.00437154166667,1.58710354166667,-0.448514458333333,0.427513541666666
"Arhgap8","ENSMUSG00000078954",-1.427814,-0.478246,-1.299872,-0.505633,-0.67026,-1.277083,-1.182224,-1.153198,-1.455881,-1.097416,-1.577055,-2.092946,1.417685,2.058325,1.47467,1.52116,1.225205,1.162498,1.502873,0.999205,0.587092999999999,0.755266,0.640213999999999,0.873434
"2200002D01Rik","ENSMUSG00000030587",-0.139307458333334,-0.0955244583333332,-0.355219458333333,0.556908541666666,0.706590541666666,0.721125541666667,-1.40948445833333,-1.02240145833333,-1.84815345833333,-1.87749245833333,-1.58207345833333,-1.59040645833333,1.70685254166667,0.825951541666667,2.54813254166667,1.33807854166667,1.35116354166667,1.01775854166667,-2.20408045833333,-0.467540458333334,-0.293836458333334,0.343103541666666,0.795426541666666,0.974428541666667
"Samhd1","ENSMUSG00000027639",-1.06350116666667,-1.28951516666667,-1.05852616666667,-0.400515166666668,-0.388393166666667,-0.226605166666667,-1.73445016666667,-1.48670116666667,-1.44808516666667,-1.52835316666667,-1.72209716666667,-1.27928016666667,0.139636833333332,1.05518683333333,0.554189833333332,1.92382683333333,1.98444683333333,1.85577683333333,1.39597683333333,1.40142683333333,1.06241683333333,0.956626833333333,0.904406833333333,0.392104833333333
"Mical2","ENSMUSG00000038244",-0.0849952499999995,0.0092667500000001,0.0115687500000003,0.15373575,-1.02095125,-0.16594525,-1.49676525,-2.13142525,-1.95373125,-0.54236225,-1.26089225,-0.27238725,1.87132175,-0.21701925,2.97947675,1.15402775,1.61383275,1.49720175,-1.62383925,-0.29125425,-0.73411725,0.535742750000001,0.66521275,1.30429775
"Tlr1","ENSMUSG00000044827",-1.349382625,-0.727756625,-0.449286625,-0.911761625,-0.0698196250000001,-1.460040625,-0.886096625,-1.092075625,-1.570656625,-0.649563625,-1.771353625,-1.589545625,-0.408903625,-0.656182625,0.639426375,2.006848375,2.074621375,1.966114375,1.614747375,0.859341375000001,1.501760375,1.288729375,0.985682375000001,0.655154375
"H2-D1","ENSMUSG00000073411",-1.61066125,-1.79804125,-1.25062125,-0.62219125,-0.434851250000001,-0.305721250000001,-1.62374125,-1.31433125,-1.41425125,-1.22750125,-1.42433125,-1.12570125,0.691258749999999,0.364398749999999,0.75598875,1.36471875,1.66316875,1.73109875,1.35707875,1.38100875,1.36383875,1.09753875,1.27558875,1.10625875
"Ctsw","ENSMUSG00000024910",-0.243920291666667,-0.882868291666667,-0.294639291666667,0.653037708333334,0.196755708333333,-0.174355291666667,-2.24275529166667,-1.78176629166667,-1.19816029166667,-1.46085729166667,-1.72877329166667,-0.227520291666667,-0.782224291666667,-1.01752329166667,-0.782532291666667,2.18217070833333,1.29004870833333,2.07956270833333,0.514914708333333,1.84900270833333,1.41354570833333,0.858520708333333,1.35469270833333,0.425643708333333
"Tmem106a","ENSMUSG00000034947",-1.79385529166667,-0.931640291666667,-1.28374429166667,-0.0635662916666666,0.147590708333333,-0.109718291666667,-1.74434029166667,-1.22624629166667,-1.56956229166667,-1.82963329166667,-0.966874291666667,-1.21027129166667,-0.876389291666666,0.933814708333333,0.862905708333333,1.92251470833333,1.86701970833333,1.75114470833333,1.20273570833333,0.976637708333334,1.11275370833333,1.09712070833333,0.594141708333333,1.13746170833333
"Helz2","ENSMUSG00000027580",-1.04951066666667,-0.861302666666667,-0.657044666666667,0.220373333333333,0.382425333333334,0.115315333333333,-1.93780266666667,-1.84827566666667,-1.60053366666667,-1.14848366666667,-1.40209166666667,-1.49733666666667,0.732290333333333,2.11061233333333,1.65181833333333,1.68229733333333,2.02967333333333,1.88858633333333,0.881559333333334,0.192433333333334,-0.0134506666666665,0.282809333333333,-0.580620666666666,0.426259333333332
"Il18","ENSMUSG00000039217",-1.628874125,-1.856482125,-1.931093125,-0.536617125,-0.309615125,-0.244219125,-1.154040125,-1.221147125,-0.945748125,0.277759875,-1.884666125,-1.154256125,-0.133633125,0.190404875,1.658605875,1.880444875,1.568861875,2.150176875,0.912620875,0.751491875,1.157005875,1.003231875,1.023223875,0.426562875
"Gm5431","ENSMUSG00000058163",-1.35329425,-1.04194125,-0.75789325,-0.41200525,0.0694407500000001,-0.37854525,-2.08025425,-0.80976025,-1.38827625,-1.67413325,-2.02083325,-1.00762425,-0.06297525,1.32249175,-0.10639325,1.27082075,1.30964175,1.41469375,2.03559175,1.24010275,0.91421375,1.65130375,0.43197275,1.43365575
"Bid","ENSMUSG00000004446",-1.466127125,-1.800881125,-0.766631125,-0.394377125,-0.0853801250000004,-0.0298721249999998,-0.689601125,-0.867983125,-2.309180125,-1.194769125,-1.745681125,-1.381510125,0.544406875,-0.557391125000001,0.926205875,1.640544875,1.779816875,1.762981875,1.353057875,1.073773875,1.294074875,0.773645875,1.209111875,0.931763875
"Fbxw17","ENSMUSG00000037816",-0.451200249999999,-0.28984825,-0.0955542499999993,0.24529575,0.367254750000001,0.493179749999999,-1.63338225,-1.91629325,-1.82148825,-1.61023025,-1.73294825,-1.98477225,0.352543750000001,1.30764175,1.28021575,2.01792975,1.93516975,2.11151975,0.881626750000001,0.448963750000001,0.48897975,-0.0150282500000003,-0.224803249999999,-0.154772249999999
"Nrip3","ENSMUSG00000034825",-1.00529708333333,-0.998120083333333,-0.801174083333333,-0.436013083333333,-0.447376083333333,-0.862853083333333,-1.40145608333333,-0.521707083333333,-0.897656083333333,-0.918469083333333,-1.47810208333333,-0.199854083333333,2.41372491666667,-0.745013083333333,3.34616091666667,0.822749916666667,1.00507591666667,1.74341391666667,-0.969651083333333,-0.182334083333333,0.0178389166666673,-0.180679083333333,1.30657391666667,1.39021691666667
"Gpr171","ENSMUSG00000050075",-0.77451625,-0.0770482499999998,-1.21263325,-0.19618625,-0.22372425,-0.17553925,-1.52568725,-1.52922125,-1.57726725,-1.56139325,-0.89163725,-1.33214125,0.56880975,1.16822075,0.16152775,2.76657075,1.41222775,2.37346575,-0.98457225,0.90361575,1.00331975,0.90629375,1.24853575,-0.45102025
"Hcar2","ENSMUSG00000045502",-0.983740125,-0.909461125,-0.168544124999999,-0.231807125,0.250223875000001,0.0729868750000007,-1.790341125,-1.465254125,-2.074446125,-1.492457125,-1.760655125,-1.017066125,0.902233875,0.162734875,-0.300463125,1.910154875,2.277767875,2.402879875,0.821548875,1.075622875,0.643052875,0.520548875,0.614995875,0.539483875
"Lair1","ENSMUSG00000055541",-1.221989875,-0.847916875,-0.810383875,-0.289869875,-0.0574748750000005,0.127995125,-1.590538875,-0.908937875,-1.254128875,-0.743004875,-1.298435875,-1.445852875,-0.956785875,-1.403907875,0.538602125,2.415282125,2.039197125,2.167764125,1.190227125,1.070025125,1.431330125,0.512845125,1.256840125,0.0791201250000002
"Slamf7","ENSMUSG00000038179",-0.549426583333334,-0.890671583333333,-0.351941583333334,-0.243829583333333,-0.402263583333334,-0.0528175833333338,-1.31213258333333,-0.712559583333334,-1.52711258333333,-1.36884858333333,-1.74111158333333,-1.42150358333333,-0.532014583333333,-0.310238583333334,-0.215300583333334,2.17360341666667,2.55814341666667,2.32271041666667,1.53616941666667,0.442540416666667,1.24666241666667,1.25448041666667,0.663869416666667,-0.566406583333333
"Pak6","ENSMUSG00000074923",-0.0851462083333336,-0.319225208333334,-0.722555208333334,0.767822791666666,0.678679791666666,0.100478791666666,-2.33101320833333,-1.36681420833333,-3.02822720833333,-1.14607920833333,-1.25706620833333,-0.804564208333334,1.73324779166667,0.0513127916666667,1.57054479166667,1.53920279166667,1.56548679166667,1.48959879166667,-0.621391208333334,-0.127527208333333,0.0981297916666666,0.434915791666667,0.851385791666666,0.928802791666667
"Scara3","ENSMUSG00000034463",-0.534560666666666,-0.600291666666667,0.298017333333334,-0.130808666666667,0.0354533333333329,1.19134333333333,-1.76218166666667,-1.71493166666667,-1.87684866666667,-1.65056466666667,-1.76772066666667,-2.26313966666667,1.37991333333333,0.738848333333333,2.09879333333333,0.875376333333334,1.62683333333333,1.13535333333333,0.147501333333334,0.610855333333333,1.12646333333333,0.573814333333333,0.327178333333334,0.135303333333333
"Lbp","ENSMUSG00000016024",-0.890186583333334,-0.849928583333333,-0.671673583333333,-0.250259583333333,-0.210019583333334,-0.379453583333333,-1.43662758333333,-1.94524558333333,-1.33446058333333,-2.07588158333333,-1.86678958333333,-1.60481258333333,1.49206641666667,1.37340441666667,0.867634416666666,1.58842541666667,1.38849741666667,1.18857441666667,0.663627416666667,0.980977416666667,1.02373241666667,1.10253441666667,0.916812416666668,0.929052416666666
"Parp12","ENSMUSG00000038507",-1.39321041666667,-1.30144341666667,-1.48798941666667,-0.634647416666667,-0.587744416666666,-0.738621416666666,-1.33367541666667,-1.27142741666667,-1.33280441666667,-1.11679641666667,-1.31936841666667,-1.17148041666667,0.0595495833333342,1.58677258333333,0.561294583333334,1.55291258333333,1.72342258333333,1.58699258333333,2.12890258333333,0.939319583333333,1.03055258333333,1.06807258333333,0.418204583333333,1.03321258333333
"Kcnab2","ENSMUSG00000028931",0.0911199583333335,-0.572279041666667,0.812277958333333,0.384496958333333,0.797577958333333,0.456079958333333,-1.38138904166667,-1.41068204166667,-2.02345704166667,-1.85157604166667,-1.33129404166667,-1.39269304166667,0.531850958333333,0.462264958333334,1.80885695833333,2.15909495833333,1.95335395833333,2.09141795833333,-1.10159004166667,0.0699119583333339,0.266798958333333,-0.227182041666667,0.290893958333333,-0.883855041666666
"Vcan","ENSMUSG00000021614",-1.21458658333333,-1.37686258333333,-0.848348583333333,-0.439702583333334,-0.141787583333334,-0.216674583333334,-1.48574258333333,-1.71423258333333,-1.51805758333333,-0.986083583333334,-1.70687858333333,-0.703035583333333,2.51460041666667,0.315047416666666,2.27210641666667,0.619581416666667,0.961452416666666,0.868209416666666,0.202805416666666,0.0274284166666661,0.640707416666666,0.947349416666666,1.12129441666667,1.86141041666667
"Bcat1","ENSMUSG00000030268",-1.43321066666667,-0.629829666666666,-1.07177366666667,0.966456333333333,0.673051333333333,0.575333333333334,-1.65332366666667,-0.546784666666666,-1.71755266666667,-0.204936666666666,-1.29375066666667,-0.921140666666666,1.12701233333333,-0.405549666666666,3.30008733333333,0.020262333333334,0.554912333333334,0.236481333333334,-1.14792866666667,-0.635119666666666,0.368017333333333,0.244421333333333,1.11809533333333,2.47677033333333
"Il6","ENSMUSG00000025746",-0.578415625,-0.453708625,-0.417954625,-0.854045625,-1.081516625,-0.812678625,-1.082550625,-1.226157625,-1.402877625,-1.046009625,-0.758519625,-1.712589625,2.548481375,0.538687374999999,2.312703375,0.286414375,2.302291375,0.807037375,-0.767985625,-0.533648625,0.580692375,1.055329375,0.843098374999999,1.453923375
"H2-M3","ENSMUSG00000016206",-1.27862408333333,-1.40165708333333,-1.05972708333333,-0.586383083333335,-0.362521083333334,-0.533720083333334,-1.47293808333333,-1.41625808333333,-1.10572108333333,-1.51479908333333,-1.55729808333333,-1.56943208333333,0.661629916666666,0.805689916666667,0.965779916666666,1.74991991666667,1.72957991666667,1.78596991666667,1.29726991666667,1.00616991666667,1.07852991666667,1.01571991666667,1.02675991666667,0.736059916666667
"1500009L16Rik","ENSMUSG00000087651",-2.00221016666667,-1.29485416666667,-1.05654816666667,-0.0344271666666671,-0.551759166666667,-0.417817166666667,-1.38520716666667,-1.15248016666667,-1.36219216666667,-1.10960616666667,-1.47690516666667,-1.07775916666667,1.73806583333333,-0.518023166666667,0.998315833333334,1.61914883333333,1.92447383333333,1.63910583333333,0.656975833333333,0.694336833333334,0.947085833333333,1.18372283333333,1.26629383333333,0.772263833333333
"Trip6","ENSMUSG00000023348",0.231008666666666,0.0422166666666666,0.0882736666666659,0.541815666666668,0.600421666666669,0.908863666666669,-1.94530233333333,-1.92143533333333,-2.14885533333333,-1.90900633333333,-1.27086533333333,-1.45587333333333,1.45240666666667,0.866904666666667,2.07548666666667,1.63402566666667,1.40577966666667,1.34076466666667,-0.502550333333334,0.264714666666666,0.0456366666666668,-0.430783333333334,0.0342886666666686,0.0520636666666672
"Gpr65","ENSMUSG00000021886",-2.36796358333333,-1.17843358333333,-1.23184658333333,-0.581337583333333,0.0357304166666665,-0.0763855833333338,-1.03591458333333,-0.642394583333333,-2.03260958333333,-1.03449158333333,-1.36135458333333,-0.888752583333334,0.311011416666666,0.826806416666667,0.271108416666666,1.96650841666667,1.64429441666667,2.08718541666667,0.762780416666667,0.804674416666667,0.960660416666666,1.23281741666667,1.16121341666667,0.366693416666666
"Ms4a6c","ENSMUSG00000079419",-0.327886541666667,-0.583982541666666,-0.661845541666667,-0.576897541666666,0.464708458333334,-0.215463541666667,-2.06980954166667,-0.973899541666666,-1.64061654166667,-1.15421554166667,-1.96610154166667,-2.01591954166667,-0.0743855416666666,1.12018145833333,-0.0891955416666663,1.70634545833333,1.54525145833333,2.09349045833333,1.05477845833333,0.665429458333334,1.48011345833333,1.01222245833333,0.591612458333334,0.616085458333333
"Napb","ENSMUSG00000027438",0.306961791666667,0.340941791666666,0.639820791666667,0.874357791666666,0.185094791666667,0.798314791666666,-0.890484208333334,-1.75553020833333,-1.45663720833333,-2.90769520833333,-2.71778920833333,-1.19155420833333,1.32127579166667,1.08607679166667,1.31649779166667,1.07569079166667,1.35767679166667,1.40643079166667,-0.0262372083333338,0.275267791666666,0.108983791666667,-0.0836742083333339,-0.0261252083333341,-0.0376652083333333
"ILMN_1229173","ILMN_1229173",-0.384366625,-0.448481625,-0.633749625,-0.737671625,0.00128037500000033,-1.131493625,-0.915912625,-0.703068625,-1.548708625,-1.124361625,-0.674621625,-0.538983625,-0.146384625,-0.964868625,-0.400594625,-0.311767625,-0.543608625,-0.484827625,2.975114375,1.885413375,2.262465375,1.867041375,0.966601375,1.735555375
"Mcoln2","ENSMUSG00000011008",0.631427833333333,-0.140864166666667,-0.0967171666666671,-0.818885166666667,0.415250833333333,0.041207833333333,-1.23675016666667,-1.60128516666667,-2.01182716666667,-2.30179216666667,-1.15966216666667,-2.07021516666667,1.43400483333333,1.00534183333333,1.10729383333333,1.15091183333333,1.79896583333333,1.64187083333333,-0.346518166666667,-0.0557151666666664,0.0956078333333332,0.950590833333333,1.33163183333333,0.236125833333333
"Aldh1a2","ENSMUSG00000013584",-1.44696645833333,-1.86126445833333,-0.574922458333333,-0.866380458333333,-0.460070458333333,-1.00827245833333,-0.573691458333333,-0.683654458333334,-0.591372458333334,-0.574318458333334,-1.27267145833333,-0.106406458333334,0.399199541666666,-2.03075445833333,2.14054454166667,0.903453541666667,1.87192254166667,1.21133554166667,-0.236618458333333,0.251202541666666,0.744583541666667,1.04812154166667,2.29659754166667,1.42040354166667
"Tlr2","ENSMUSG00000027995",-1.50854025,-1.25665425,-0.910577250000001,-0.26052825,-0.39188525,-0.208133249999999,-1.19254025,-1.11496825,-1.20593825,-1.19087525,-1.52505025,-1.78036425,0.26553775,0.0687207499999989,0.224459749999999,1.86335175,2.07933175,1.93186175,1.53855175,0.98121575,1.04098175,0.994110749999999,1.17524175,0.382689749999999
"Adamts1","ENSMUSG00000022893",-1.74332783333333,-2.07335083333333,-1.65080983333333,-0.200536833333333,0.182675166666666,-0.367812833333334,-1.46181583333333,-1.23457383333333,-0.791965833333334,-1.04742483333333,-0.692473833333334,-0.576080833333334,2.52998316666667,0.732663166666667,2.01394716666667,0.620407166666666,1.02936616666667,0.939612166666667,-0.354072833333333,0.386861166666666,0.427016166666666,0.636407166666666,1.22532116666667,1.46998616666667
"Oas1c","ENSMUSG00000001166",-0.341200791666666,-1.70129479166667,-1.12071679166667,-0.814460791666666,-0.502468791666667,-0.679919791666666,-1.62592479166667,-1.68458279166667,-1.28030879166667,-0.672632791666667,-1.66586079166667,-0.887262791666666,1.52041220833333,1.31288020833333,0.427790208333334,1.81174420833333,1.82521520833333,1.60299020833333,1.37808720833333,0.653269208333334,0.913634208333334,0.592180208333334,0.711994208333333,0.226437208333333
"ILMN_2504268","ILMN_2504268",-1.84594829166667,-1.41723629166667,-0.693655291666667,0.0595127083333331,-0.815738291666667,0.498447708333333,-1.50393829166667,-0.765005291666667,-1.10166929166667,-0.644712291666667,-1.14654329166667,-0.590606291666667,2.69349370833333,2.89942170833333,1.77210570833333,0.961194708333333,0.740608708333333,0.896108708333333,-0.0302862916666671,-0.000837291666666573,-0.224064291666667,0.280854708333333,0.026908708333333,-0.0484162916666673
"Sik2","ENSMUSG00000037112",-0.00101749999999967,0.0414895000000008,1.0050295,0.0895025000000018,0.568281500000001,0.770953500000001,-1.5986355,-1.2467705,-1.8233005,-1.5991075,-1.7144745,-1.8001065,2.6405595,0.7625885,0.7177215,1.2085465,1.1879445,1.5786345,-1.2862425,-0.0326944999999998,0.337498500000001,-0.5077795,0.0768905000000011,0.6244885
"Pycr1","ENSMUSG00000025140",-0.864516708333334,-0.752159708333334,-0.752073708333334,-0.162786708333334,-0.198653708333334,-0.556044708333334,-1.60829970833333,-1.40076570833333,-1.41657170833333,-1.05417770833333,-1.83932870833333,-1.44502270833333,0.293467291666667,-0.377776708333334,0.188407291666667,1.90821629166667,1.90277129166667,2.02969229166667,0.557357291666666,0.865998291666666,0.801703291666667,1.44182629166667,0.978352291666666,1.46038629166667
"Dtx3l","ENSMUSG00000049502",-1.48643925,-1.27021925,-1.28531225,-0.34991325,-0.22197325,-0.453567249999999,-1.25961625,-1.36996525,-1.22892725,-1.31502225,-1.32107525,-1.27817025,-0.191963250000001,0.97176675,0.133066749999999,1.76067675,1.70189675,1.67011675,1.56565675,1.06842675,1.05346675,1.16359675,0.77827675,1.16521675
"C3","ENSMUSG00000024164",-1.46785375,-1.75612375,0.0753162500000002,-0.0368637499999984,0.278496250000002,0.21350625,-1.12482375,-1.66704375,-1.10825375,-1.40132375,-2.18903375,-1.25244375,0.69613625,0.85009625,0.822136250000002,1.72957625,1.62472625,2.05244625,0.863806250000001,0.76210625,0.770116250000001,0.89400625,0.497086250000001,-0.12579375
"Gm43439","ENSMUSG00000106407",-0.903427791666667,-0.852553791666666,-1.12131279166667,-0.337719791666666,-1.05127979166667,-0.234090791666667,-0.622290791666666,-1.40943679166667,-0.574545791666667,-1.43318879166667,-1.62137879166667,-1.56991179166667,0.739912208333334,-0.313085791666667,-0.0797027916666666,1.57989120833333,1.78371220833333,1.41014820833333,1.12520720833333,1.74735020833333,2.46832520833333,-0.00512079166666668,0.764454208333334,0.510046208333333
"Vcam1","ENSMUSG00000027962",-0.889621666666667,-1.20294766666667,-0.555683666666667,-0.501718666666667,-0.574882666666667,0.00718933333333283,-0.825220666666667,-1.09283466666667,-1.33081766666667,-1.60673466666667,-1.64944266666667,-1.61868466666667,-0.103390666666668,-0.883332666666668,0.485469333333333,0.949509333333333,1.74411933333333,1.07330933333333,1.98238933333333,1.34052933333333,1.32489933333333,1.37706933333333,1.37108933333333,1.17973933333333
"Zc3h12d","ENSMUSG00000039981",-1.15519158333333,-1.62300658333333,-0.955246583333333,-0.274764583333333,0.188966416666667,-0.077066583333333,-1.95353258333333,-0.285443583333334,-1.85004558333333,-0.857163583333334,-1.91421658333333,-0.958536583333333,0.263522416666667,0.397020416666667,1.34079741666667,1.91718941666667,1.88396141666667,1.71004141666667,0.103324416666667,0.643079416666667,0.826819416666667,0.622258416666667,1.25653441666667,0.750699416666667
"Trex1","ENSMUSG00000049734",-1.12849408333333,-1.12953708333333,-0.938503083333334,-0.301637083333334,-0.383887083333335,-0.200653083333334,-1.38898708333333,-1.40796508333333,-1.43800708333333,-1.39912608333333,-1.70616108333333,-1.58465508333333,0.651878916666666,1.41285891666667,0.909348916666666,1.77074891666667,1.77180891666667,1.62914891666667,1.21571891666667,0.886958916666666,0.762568916666666,0.747288916666665,0.684248916666666,0.565034916666665
"Trim21","ENSMUSG00000030966",-1.4449165,-1.1877635,-1.2418215,-0.410118499999999,-0.464916499999999,-0.506194499999999,-1.3687515,-1.3051555,-1.2080525,-0.9143775,-1.3303495,-1.3905205,-0.432876500000001,1.2747305,0.5174375,1.5282905,1.8305105,1.6088405,1.7236705,1.0841325,0.995229500000001,1.0422425,0.5158825,1.0848475
"Ccl9","ENSMUSG00000019122",-1.69622720833333,-1.54100420833333,-1.09051020833333,-0.285262208333334,-0.161242208333334,-0.440202208333334,-1.14458620833333,-1.44329520833333,-1.16185820833333,-0.927304208333334,-1.64256920833333,-1.38921220833333,0.394647791666666,0.811327791666665,1.22838779166667,1.60241779166667,1.59905779166667,1.87607779166667,0.985217791666665,0.632057791666666,0.870687791666667,1.18779779166667,1.24142779166667,0.494167791666666
"Lat2","ENSMUSG00000040751",-0.06213975,-0.25608875,1.28528725,0.29588125,0.52415325,0.10732025,-1.50643975,-1.38791675,-1.54522075,-1.53500475,-1.58458575,-1.85442675,-0.0727747500000007,0.26146425,1.75958825,1.96086325,1.83592225,2.01162525,-0.35279975,0.37598625,0.45901925,-0.16832675,0.477743249999999,-1.02912975
"Klra17","ENSMUSG00000014543",-0.138373625,0.859295375,-0.570512625,-0.417671625,0.419045375,-0.126677625,-1.582935625,-1.160763625,-2.015317625,-0.662243625,-1.001524625,-2.063423625,0.807667375,0.944146375,1.386760375,1.897212375,2.525399375,1.892905375,-0.0232576249999998,-0.890238625,-0.349238625,0.036124375,0.077582375,0.156040375
"Tap2","ENSMUSG00000024339",-0.190154666666666,-0.181564666666667,-0.374864666666667,0.652495333333333,0.675995333333333,0.759815333333334,-1.97016766666667,-1.69700666666667,-1.61494166666667,-1.69781866666667,-1.22533366666667,-1.26496766666667,0.741385333333334,1.04186533333333,1.23444533333333,2.01455533333333,2.09305533333333,1.94660533333333,0.359805333333334,-0.00393466666666598,-0.188244666666666,-0.242854666666666,-0.493064666666667,-0.375104666666667
"Sv2b","ENSMUSG00000053025",-0.465074666666666,-0.459549666666667,-1.12322966666667,0.474747333333333,0.603603333333333,1.22335933333333,-1.28080666666667,-1.67709966666667,-1.47666866666667,-0.980432666666666,-1.31267766666667,-2.13901166666667,-0.292606666666667,-0.875628666666667,1.00469733333333,1.71234533333333,2.18617133333333,1.60113833333333,-0.312069666666667,0.287836333333334,0.684141333333334,0.654383333333334,1.21506533333333,0.747367333333333
"Steap1","ENSMUSG00000015652",-0.375079916666667,-0.818778916666667,-0.428983916666667,0.107558083333333,-0.425548916666667,-0.945915916666667,-0.843330916666667,-1.03574391666667,-1.08130491666667,-0.917245916666667,-1.31848991666667,-1.56124991666667,1.72018208333333,-0.358852916666667,2.41424808333333,0.0151240833333333,0.415770083333333,0.412847083333333,-0.834017916666667,0.282290083333333,0.275379083333333,0.366533083333333,1.99799708333333,2.93661508333333
"Il20rb","ENSMUSG00000044244",-0.862681374999999,-1.716330375,-1.164207375,0.485712625000001,0.00469062500000028,0.447440625,-1.413118375,-0.609101375,-1.170575375,-2.697218375,-0.535153374999999,-1.372719375,1.953935625,0.799208625,1.549063625,0.945572625,1.457097625,1.482025625,-0.425965375,0.573224625,0.460442625000001,0.296289625,1.069669625,0.442696625
"Ogfr","ENSMUSG00000049401",-0.395220416666668,-0.501470416666667,-0.420950416666667,-0.0653004166666662,-0.0105704166666669,0.0564895833333328,-1.63391241666667,-1.58397041666667,-1.58862741666667,-1.71033741666667,-1.57635441666667,-1.64035041666667,1.12384958333333,1.66613958333333,1.04209958333333,1.87519958333333,1.93590958333333,1.76413958333333,0.809289583333333,0.389109583333333,0.311959583333334,0.187479583333333,-0.106820416666666,0.0722195833333323
"Rac2","ENSMUSG00000033220",-0.299747875,-0.893497875,-0.293888874999999,0.141279125000001,0.123539125000001,-0.190520875,-1.313352875,-1.732443875,-2.339494875,-1.678256875,-1.963792875,-0.884678875,-0.116733875,0.518831125,0.751344125,1.620845125,1.694998125,1.517295125,0.926488125000001,1.124240125,0.918562125,1.004431125,1.218631125,0.145925125000001
"Aldh3b1","ENSMUSG00000024885",-0.603585541666666,-0.634966541666667,0.080362458333334,0.0742724583333336,0.280567458333334,0.106985458333334,-1.67188454166667,-1.53603754166667,-1.40756054166667,-1.27320854166667,-1.54660354166667,-1.88631254166667,0.583244458333334,0.572378458333334,1.76797745833333,2.08458245833333,2.03280445833333,2.08820645833333,-0.0629815416666659,0.277949458333334,0.533719458333334,0.142654458333334,0.279039458333333,-0.281603541666666
"Slc6a9","ENSMUSG00000028542",-0.222951999999999,-0.31685,-0.410518,-0.0505189999999995,-0.084689,0.0661950000000004,-1.881809,-1.667744,-1.767499,-1.388751,-1.661524,-1.796545,1.237551,0.966763,1.220566,1.825329,1.735826,1.906285,0.455942,0.271549,0.399749,0.357751,0.113529000000001,0.692365000000001
"Dbn1","ENSMUSG00000034675",-0.436942916666666,-0.444540916666666,0.465336083333334,0.165573083333333,0.771730083333334,-0.428839916666666,-1.25089791666667,-0.548288916666666,-1.64247591666667,-1.58425891666667,-0.992932916666666,-1.31908891666667,2.79669008333333,0.413978083333333,2.78540108333333,-0.293711916666666,0.752875083333334,0.850902083333334,-1.37478391666667,-0.793648916666666,0.165769083333333,0.0457420833333337,0.942354083333334,0.954061083333333
"Pitpnm3","ENSMUSG00000040543",-0.608395666666667,0.0258193333333336,-0.548954666666666,-0.140309666666666,-0.602252666666667,0.113721333333333,-1.24880466666667,-2.00797966666667,-0.550136666666666,-1.02762266666667,-2.09201466666667,-1.92723766666667,0.0561743333333338,0.358581333333333,-0.851217666666666,0.818384333333333,0.558303333333334,0.661131333333334,2.03015633333333,1.79460033333333,1.46122333333333,1.19761833333333,1.04768133333333,1.48153133333333
"Sema3f","ENSMUSG00000034684",-0.260972624999999,0.0834613750000006,-0.0711296249999993,0.493944375,0.726164375,0.0380613749999998,-1.643186625,-1.670279625,-1.441470625,-1.209717625,-1.676082625,-1.242878625,2.108234375,1.573344375,2.345924375,1.171904375,1.490124375,1.013914375,-0.818430625,-0.518190624999999,-0.403667624999999,-0.218078624999999,-0.157936625,0.286944375000001
"Ptpn6","ENSMUSG00000004266",-0.959762541666666,-1.33246354166667,-0.514600541666666,-0.105427541666666,0.150527458333334,-0.118024541666666,-1.23351554166667,-1.41685354166667,-1.22310054166667,-1.64371354166667,-1.13194854166667,-1.26327254166667,-0.247208541666666,-0.581032541666666,0.546480458333335,2.14512045833333,2.15350045833333,2.04641045833333,0.931722458333335,1.06708845833333,1.07997545833333,0.686269458333333,0.956372458333334,0.00745645833333342
"Sh3bp2","ENSMUSG00000054520",-0.605113416666667,-0.912714416666667,-0.0113104166666664,0.286674583333333,0.468357583333333,0.0371215833333336,-1.94087541666667,-1.56680441666667,-1.45618841666667,-1.48009441666667,-1.63335741666667,-1.59568941666667,0.851052583333333,0.616037583333334,1.80496458333333,1.85919458333333,1.90769658333333,1.73687558333333,0.182572583333334,0.323857583333334,0.314182583333334,0.101296583333333,0.508718583333334,0.203544583333333
"Batf","ENSMUSG00000034266",-0.495021125,-0.0653011250000004,-1.652963125,0.111646875,-0.00968512499999985,0.163357875,-0.893098125,-2.424204125,-0.385733125,-1.070179125,-1.725949125,-1.809974125,0.312929875,0.486107875,0.629818875,2.050224875,2.019021875,2.068623875,0.572027875,0.230526875,0.300494875,0.262653875,1.029894875,0.294777875
"Tspan4","ENSMUSG00000025511",0.0737264583333328,-0.318868541666667,-0.131860541666667,0.207603458333333,0.182593458333333,0.177820458333333,-1.66925954166667,-1.61891754166667,-1.85014154166667,-1.98478854166667,-1.73847054166667,-1.96200454166667,1.32650245833333,0.641053458333333,1.65618245833333,1.12697245833333,1.08396245833333,1.12156245833333,-0.316601541666667,0.489186458333332,0.573782458333334,0.685319458333332,0.952542458333333,1.29210245833333
"Rab15","ENSMUSG00000021062",-1.07067916666667,-0.840324166666666,0.275327833333334,-0.145891166666666,-0.555223166666666,-0.284046166666666,-0.939421166666667,-1.76889716666667,-1.07444216666667,-1.09162716666667,-1.97262116666667,-1.15546116666667,1.47011183333333,0.492465833333334,2.79935583333333,0.519431833333334,1.33988583333333,1.12516583333333,-0.878567166666667,0.120886833333333,0.268303833333333,1.06602783333333,1.01060883333333,1.28962883333333
"Ifi27","ENSMUSG00000064215",-1.2108925,-1.1368625,-1.0363125,-0.413152500000001,-0.2898725,-0.2762025,-1.4755625,-1.6198525,-1.4862525,-1.1265925,-1.4431325,-1.2748525,0.9208075,1.0883175,0.808047499999999,1.8285575,1.5891175,1.7456875,1.0804375,0.9063275,0.7537175,1.1202375,0.632687499999999,0.315597499999999
"Maff","ENSMUSG00000042622",-0.580470291666666,-0.280745291666666,-0.533912291666667,-1.06405829166667,0.327734708333334,-0.787497291666666,-1.89006229166667,-1.14837129166667,-1.85510629166667,-0.877623291666667,-1.68598829166667,-0.951480291666666,2.10828270833333,1.40264370833333,1.60408170833333,1.33027170833333,1.48067970833333,1.19031270833333,-0.426554291666666,0.0504757083333338,0.250568708333334,0.648956708333333,0.679841708333334,1.00801970833333
"Hipk1","ENSMUSG00000008730",-0.206412791666666,0.0506222083333334,0.0275492083333342,0.164880208333334,0.100129208333334,0.321477208333333,-1.09714379166667,-1.60522979166667,-1.66806379166667,-1.07232179166667,-0.857965791666667,-1.22019579166667,2.96517020833333,1.44994720833333,2.58708020833333,1.01512220833333,0.485594208333334,0.911188208333333,-1.10900179166667,-0.428337791666666,-0.494739791666666,-0.534266791666666,0.305371208333334,-0.0904517916666663
"Ier3","ENSMUSG00000003541",0.103832416666666,-0.519727583333333,-0.136497583333334,-0.123197583333335,0.013982416666666,0.107172416666666,-1.54557758333333,-1.42092758333333,-1.41220758333333,-1.84935558333333,-1.61116758333333,-1.58719758333333,1.93765241666667,0.923202416666665,2.57926241666667,0.956532416666667,1.40671241666667,0.913102416666666,-0.648467583333334,0.174922416666666,0.173382416666666,0.225852416666665,0.487512416666666,0.851202416666666
"Col23a1","ENSMUSG00000063564",-0.41270325,0.45127975,0.195632750000001,0.38326875,0.33470975,0.99551075,-2.06469825,-2.01268725,-1.22644325,-1.58148925,-1.45432125,-1.74695825,1.57036075,1.16157975,0.71510075,1.32513675,1.60217175,1.36848375,-0.57135925,1.04069875,0.22726075,-0.157299249999999,-0.53677625,0.393540750000001
"Baalc","ENSMUSG00000022296",-0.91999275,-0.352009750000001,-0.91754775,-0.290883750000001,0.28793725,-0.151871750000001,-1.57849675,-1.17376975,-1.52570975,-1.65045475,-1.12629475,-1.54213275,0.85029925,-0.12667875,1.47958925,1.33794025,1.96645925,1.12196325,-0.937400750000001,0.452306249999999,0.89956025,0.94015725,1.36606525,1.59096625
"Smpdl3b","ENSMUSG00000028885",-0.1333645,-0.3004395,-0.1886885,0.7511995,0.9565755,0.893107499999999,-1.2082145,-1.3866385,-1.4937275,-1.6101985,-2.1979185,-1.8505175,0.654529500000001,0.2525575,1.2929615,1.8455635,1.7871885,1.8075195,0.448311500000001,0.2298635,0.0715535000000003,-0.1641925,0.1196445,-0.5766755
"Crym","ENSMUSG00000030905",-0.0571814999999996,1.0173175,-0.0955234999999997,0.2745365,-0.0886934999999998,0.4695405,-1.0601495,-1.9348135,-1.4986125,-1.5623335,-1.6646575,-1.5984345,2.0303025,0.9830995,2.5361905,0.8721185,0.4892955,1.4035745,-0.0328074999999997,0.5816375,0.0913275000000002,-0.3277315,-0.4715505,-0.3564515
"Cnksr1","ENSMUSG00000028841",-1.03064645833333,-0.968057458333334,-0.651691458333334,0.332280541666666,-0.137442458333334,-0.770959458333334,-1.67681445833333,-2.55193645833333,-1.55703945833333,-0.666210458333334,-1.27678645833333,-0.830340458333334,1.56854454166667,1.14668954166667,1.42507454166667,0.845022541666665,1.18615954166667,1.32948554166667,-0.174484458333334,0.671653541666666,0.775518541666665,1.03614454166667,1.14684554166667,0.828990541666666
"Layn","ENSMUSG00000060594",-0.71275225,-0.88345825,-0.0540812499999999,-0.25360025,0.40596075,-0.61917225,-1.20519825,-1.34313225,-1.54077925,-0.42478625,-1.33996025,-1.64358125,1.25436575,-0.09570525,2.37132775,0.33040175,0.34132375,0.697953749999999,-1.28314025,0.40073775,0.63003475,0.94431575,1.70921375,2.31371175
"Gpr35","ENSMUSG00000026271",-1.35802841666667,-1.66344241666667,-1.21815641666667,-1.17069441666667,-0.667368416666667,-1.33951041666667,-0.876926416666667,-1.19294541666667,0.152112583333333,-0.0118274166666668,-0.101200416666667,-0.258484416666668,2.13307958333333,1.22567158333333,2.71074958333333,1.19190758333333,1.56103558333333,1.39803558333333,-0.167043416666667,-0.165396416666667,0.182034583333333,0.140474583333333,-0.104885416666667,-0.399191416666667
"Uck2","ENSMUSG00000026558",-1.05768791666667,-0.838627916666667,-0.779747916666667,0.017962083333332,-0.473097916666667,-0.779367916666667,-1.25963791666667,-1.42268791666667,-1.39493791666667,-1.22919791666667,-1.46943791666667,-1.26230791666667,2.07762208333333,0.549242083333333,1.75978208333333,1.11652208333333,1.57356208333333,1.44558208333333,-0.606377916666666,0.545652083333334,0.710742083333333,0.684972083333333,1.17969208333333,0.911782083333334
"Hpse","ENSMUSG00000035273",-0.436748333333334,-0.850376333333334,-0.130988333333334,-0.0530203333333334,0.436206666666666,0.336335666666666,-1.46458033333333,-0.769851333333333,-1.99729733333333,-1.04767433333333,-2.14344733333333,-2.02121833333333,0.0846376666666666,0.565944666666666,-0.470963333333334,1.17331966666667,1.72365466666667,1.74581466666667,1.02068266666667,1.16470266666667,1.25196166666667,0.707917666666666,1.03356466666667,0.141422666666666
"Cxcl2","ENSMUSG00000058427",-0.039014083333333,0.0883609166666668,-1.12237508333333,-0.0181170833333333,-0.636907083333333,0.151800916666667,-1.63658808333333,-0.985794083333333,-1.05661808333333,-1.26916508333333,-1.17234108333333,-1.09693808333333,2.96537991666667,0.385445916666667,2.03855791666667,0.935655916666667,2.08999291666667,1.08617791666667,-0.776379083333333,-0.000558083333332959,0.157248916666667,0.153390916666667,0.179110916666667,-0.420328083333333
"Nfkbid","ENSMUSG00000036931",-0.259292833333333,-0.680724833333333,-1.52716783333333,0.132834166666667,-0.627229833333333,0.119646166666667,-1.26865383333333,-1.76994283333333,-1.46646683333333,-0.764445833333333,-0.792655833333333,-0.906986833333333,-0.065493833333333,-0.818881833333333,1.37703816666667,2.01774916666667,2.39469416666667,2.22458816666667,0.570176166666667,0.638517166666666,0.450512166666667,0.355887166666667,0.636535166666667,0.0297651666666665
"Gpr84","ENSMUSG00000063234",-1.20430441666667,-1.12553541666667,-0.981314416666666,-0.00713441666666625,-0.495773416666666,-0.301641416666667,-1.44493241666667,-0.960565416666666,-1.30197741666667,-2.14019941666667,-0.0365434166666665,-0.796754416666666,-0.290482416666666,0.219004583333334,0.170014583333334,1.51639458333333,2.12975058333333,0.827045583333334,1.95915658333333,1.12493958333333,1.19789358333333,0.910283583333333,1.37722158333333,-0.344546416666667
"B4galt5","ENSMUSG00000017929",-1.335864125,-0.971997125,-0.302690125,-0.405281125,-0.381480125,-0.559869125,-1.496300125,-1.518382125,-1.749981125,-0.557058125,-1.354288125,-0.965031125,0.132194875,-0.513674125,0.940657875,0.862502875,0.769123875,0.939080875,1.110079875,1.047501875,0.993756875,1.745611875,1.176852875,2.394532875
"Tnfrsf1b","ENSMUSG00000028599",-1.63728833333333,-0.981497333333333,-0.674373333333333,-0.643154333333333,0.0693706666666669,-1.74205633333333,-0.904619333333333,-1.62647133333333,-0.678653333333333,-0.821253333333333,-1.78252633333333,-0.964707333333333,0.948187666666667,0.0796546666666673,1.29533366666667,1.43651266666667,1.30282066666667,1.44233566666667,0.892446666666667,0.916914666666667,1.04585266666667,0.527473666666667,1.53724666666667,0.962450666666667
"Lck","ENSMUSG00000000409",-0.117926,-0.91904,-0.25318,-0.862336999999999,0.332494000000001,0.0547260000000005,-2.430457,-1.828144,-0.924329999999999,-0.220801,0.0700419999999999,-1.046144,-0.992528999999999,-1.351872,-0.323925,1.909509,1.174181,1.506345,0.219885000000001,1.471202,1.186622,1.156319,1.482539,0.706821000000001
"Slc3a2","ENSMUSG00000010095",-1.61090220833333,-1.50382720833333,-1.13902620833333,-0.969151208333334,-0.662410208333333,-0.574379208333333,-1.74998020833333,-1.11524920833333,-0.829270208333334,-0.468237208333334,-0.664367208333333,-1.67194820833333,1.11955479166667,0.776730791666666,0.973015791666667,1.37329379166667,1.08492079166667,1.17899779166667,1.01011579166667,0.889343791666667,0.761115791666667,1.05187179166667,1.34426479166667,1.39552279166667
"Cd53","ENSMUSG00000040747",-1.50250625,-1.55225725,-0.56381125,-0.67828125,-0.495481249999999,-0.805617249999999,-1.17389825,-1.35415725,-1.49185625,-0.983732249999999,-1.19073825,-0.89613825,0.562214750000001,0.48134275,0.530354750000001,1.61666475,1.53254175,1.87343175,1.22380075,0.854256750000001,1.01648275,1.09879375,1.27805175,0.62053875
"Asprv1","ENSMUSG00000033508",-0.0679820000000002,-0.871696,-0.465906,0.701462,0.293218,-0.925385,-1.613398,-0.998785,-1.485442,-0.917411,-1.523041,-0.779569,2.28953,1.337961,2.094351,1.308014,1.334454,0.489729,-0.604315,-0.278018,-0.2486,-1.033393,0.938373,1.025849
"Serpind1","ENSMUSG00000022766",-0.783040208333333,-0.769574208333333,-0.689053208333333,-0.673670208333333,-0.487794208333333,-0.830274208333333,-0.704455208333333,-1.15282020833333,-1.52473620833333,-0.885787208333333,-0.369954208333333,-1.07595520833333,0.680233791666666,-0.832756208333333,1.39410879166667,0.249217791666667,1.51174279166667,0.527976791666667,-1.26663120833333,0.596912791666667,1.05464779166667,1.64384579166667,2.38077779166667,2.00703779166667
"4930486L24Rik","ENSMUSG00000050345",-0.243168583333333,-0.174896583333333,-0.642588583333334,-0.182662583333333,-0.323312583333333,-0.389758583333333,-1.64987058333333,-1.29496458333333,-1.33818458333333,-0.966810583333333,-1.64078058333333,-0.749532583333333,2.37930641666667,2.32176041666667,2.43542341666667,0.661006416666667,0.725789416666667,0.815162416666666,-0.493496583333333,-0.0740765833333334,0.146216416666667,0.0417714166666672,0.164128416666667,0.473539416666667
"Acer2","ENSMUSG00000038007",0.00912645833333237,-0.0999635416666678,-0.145683541666667,0.548046458333333,1.03645645833333,1.01321645833333,-1.66192254166667,-1.63538954166667,-1.48392054166667,-1.54575754166667,-1.44016854166667,-1.55988554166667,1.73650645833333,1.74400645833333,0.931936458333332,1.42235645833333,0.939946458333333,1.63656645833333,-0.463073541666667,-0.688585541666667,-0.196933541666667,-0.0344135416666678,-0.0288435416666672,-0.0336235416666675
"Clec5a","ENSMUSG00000029915",-1.16806325,-0.78484025,-0.93040425,-0.51436625,-0.91797825,0.101386750000001,-1.31486925,-0.92924225,-1.08656325,-1.17301225,-1.72464725,-1.06807225,0.51504875,-0.0554552499999996,0.32228575,1.81720375,1.99512175,2.09692675,1.04609275,0.559931750000001,1.17843975,0.63606475,1.27926375,0.11974775
"Prtn3","ENSMUSG00000057729",-0.857584416666667,-0.970325416666666,-0.646942416666667,-0.211975416666666,-0.272215416666667,-0.508535416666667,-1.16405641666667,-0.859216416666666,-1.43302141666667,-0.911366416666667,-0.945887416666666,-1.98963441666667,1.22877058333333,-0.146323416666667,1.84190358333333,0.278618583333333,1.48037458333333,1.32677358333333,-0.346940416666667,1.03432158333333,0.941914583333333,0.800577583333333,2.45108558333333,-0.120315416666667
"Fcgr3","ENSMUSG00000059498",-0.0458412916666653,-0.293230291666666,1.06089970833333,-0.172210291666666,-0.238533291666666,-0.386763291666666,-1.51846029166667,-1.29270429166667,-1.20115729166667,-0.804517291666666,-1.39364429166667,-0.816784291666666,1.82368070833333,1.83128070833333,2.70815070833333,1.15346670833333,0.960396708333334,1.07868570833333,-1.25187829166667,-0.559277291666666,0.0832617083333336,-0.354256291666666,0.174671708333333,-0.545236291666666
"Junb","ENSMUSG00000052837",-1.15720958333333,-0.686489583333332,-0.555199583333332,-0.870221583333333,-1.18468058333333,-1.60971858333333,-0.815821583333333,-0.542580583333333,-1.11305658333333,-1.18103058333333,-1.19822658333333,-1.40743158333333,1.49233541666667,1.03975541666667,1.58551541666667,0.760915416666668,1.28739541666667,0.257442416666667,-0.0745995833333328,0.705675416666667,1.03416541666667,1.05572541666667,1.49324541666667,1.68409541666667
"Ifrd1","ENSMUSG00000001627",-1.65391058333333,-1.78155558333333,-1.24504958333333,-0.592524583333334,-0.545206583333333,-0.704482583333333,-1.63135158333333,-0.952184583333334,-0.952257583333333,-0.307128583333333,-1.41460258333333,-0.534337583333333,1.34470041666667,0.415270416666667,0.697690416666667,0.843578416666666,1.21343841666667,1.62907941666667,1.04282141666667,1.01696741666667,0.490476416666667,1.18479441666667,0.972942416666667,1.46283241666667
"Mtf1","ENSMUSG00000028890",-0.925692208333334,-0.939681208333335,-0.925191208333334,0.0226037916666648,0.166554791666666,-0.352107208333333,-1.09331320833333,-0.733920208333334,-0.902555208333336,-1.29448720833333,-1.28159820833334,-1.07367020833334,2.77868179166667,0.715772791666666,2.36769779166666,1.43388779166667,1.25860179166667,1.20301279166667,-0.311803208333334,0.109136791666664,-0.319477208333335,-0.174658208333334,0.649808791666665,-0.377604208333334
"Eif1a","ENSMUSG00000057561",-0.797228125,-0.714311125,-0.737492125000001,-0.361925125000001,-0.214511125,-0.184840125000001,-1.220739125,-1.371658125,-1.219895125,-1.098672125,-1.633192125,-1.568211125,2.251847875,1.051047875,1.837537875,1.052227875,1.374547875,1.169237875,-0.524111125000001,0.267807874999999,0.278067875,0.438587875,0.952107874999999,0.973767875
"Psmb10","ENSMUSG00000031897",-0.479585416666668,-0.467005416666668,-0.304465416666668,-0.0560254166666674,-0.00341541666666778,-0.0114354166666679,-1.83863541666667,-1.48806541666667,-1.62930541666667,-1.36411541666667,-1.39627541666667,-1.38117541666667,0.897374583333333,1.04621458333333,1.18912458333333,2.05694458333333,1.88938458333333,1.68522458333333,0.684234583333332,0.467594583333332,0.464744583333333,0.197744583333332,0.0602445833333327,-0.219325416666667
"Apbb1ip","ENSMUSG00000026786",-1.68312579166667,-1.08709079166667,-0.883734791666667,-0.408061791666667,-0.259482791666667,-0.540855791666667,-0.884719791666667,-0.872980791666667,-1.33815479166667,-1.47928279166667,-0.926935791666667,-1.26607779166667,0.781327208333333,-0.682805791666667,0.122247208333333,1.32777020833333,0.793057208333333,1.05182020833333,1.11853120833333,1.26823620833333,1.27434920833333,1.43442520833333,1.75521420833333,1.38633120833333
"Peak1","ENSMUSG00000074305",-0.745632791666666,-0.360194791666666,-1.51323979166667,-0.103450791666666,-0.345716791666667,0.237322208333334,-0.800156791666667,-1.52715679166667,-2.09649579166667,-1.05195379166667,-1.33996379166667,-1.19172979166667,2.43937720833333,0.0933192083333338,1.63484020833333,0.903313208333334,1.08772720833333,0.500124208333333,0.147614208333334,0.575482208333334,0.800170208333333,0.624992208333333,1.33140920833333,0.700000208333334
"Lpcat2","ENSMUSG00000033192",-1.14564691666667,-1.24131491666667,-0.280128916666667,-0.481165916666667,0.228172083333334,-0.194035916666667,0.0120370833333334,-1.16349791666667,-0.529894916666667,-1.02359491666667,-1.01467291666667,-1.13404991666667,-0.761561916666667,-1.09355591666667,-1.41861291666667,1.63197008333333,2.04474308333333,1.98717408333333,1.38253208333333,0.929146083333333,1.21146208333333,0.850408083333334,1.23857908333333,-0.0344899166666668
"Fcho1","ENSMUSG00000070000",-0.206499458333333,-1.02063045833333,-0.462532458333333,0.753968541666667,0.167315541666667,0.811026541666667,-1.34799945833333,-0.740647458333333,-1.29015545833333,-0.761749458333333,-1.08135445833333,-1.65953545833333,-0.173492458333333,-0.484812458333333,1.36297654166667,2.11665354166667,2.05697254166667,2.25565954166667,-0.618575458333333,0.731556541666667,0.635394541666667,-0.595364458333333,0.277739541666667,-0.725914458333333
"Pld4","ENSMUSG00000052160",-1.17856129166667,-1.08433129166667,-0.935274291666667,-0.0336152916666661,0.0380447083333344,-0.372839291666667,-1.57790029166667,-0.924653291666666,-0.977538291666666,-1.31734929166667,-0.955425291666667,-1.62338829166667,0.0067777083333338,0.174799708333333,1.09848970833333,2.05273170833333,1.85405070833333,1.87232770833333,1.01582170833333,0.769973708333334,1.12571870833333,0.531879708333333,0.693147708333333,-0.252887291666666
"Ap5b1","ENSMUSG00000049562",-0.860166291666667,-0.213017291666667,-0.442235291666667,0.506854708333333,0.288600708333333,0.842379708333333,-1.09054529166667,-1.74209329166667,-1.29537529166667,-2.35615929166667,-1.11625829166667,-1.40221929166667,1.00433770833333,0.393471708333333,1.45210270833333,1.76206070833333,1.42487970833333,1.68554170833333,-0.596888291666667,0.413727708333333,0.339393708333333,0.428362708333333,0.699478708333332,-0.126234291666667
"Per1","ENSMUSG00000020893",-0.033094375000001,-1.481700375,-0.680286375,0.888170624999999,0.936060625,0.726100624999999,-2.312357375,-2.263546375,-1.424335375,-1.573991375,-0.812193375,-0.801944375,1.239330625,1.183470625,0.645300624999999,1.371210625,0.624220625,1.121280625,0.218580625,0.491070624999999,0.417030624999999,0.621670625,0.470720625,0.429230624999999
"Il18bp","ENSMUSG00000070427",-0.400779625,-0.0972526249999994,0.211823375,0.566042375,0.169669375,0.220370375,-0.758474625,-1.007662625,-1.427527625,-1.388631625,-1.711754625,-1.989022625,0.281713374999999,1.197935375,1.039439375,2.158397375,2.240388375,1.689269375,0.182796374999999,-0.409605625000001,-0.151428625000001,-0.169293625,-0.822805625000001,0.376394375
"Ccl6","ENSMUSG00000018927",-0.967408416666667,-1.27088941666667,-0.731329416666667,-0.0466794166666666,0.453469583333333,0.111734583333333,-0.950735416666667,-1.86388541666667,-0.978850416666667,-0.486266416666667,-1.51257541666667,-1.09155341666667,1.34576758333333,1.27526558333333,2.22721158333333,1.29233358333333,1.05722258333333,2.05642258333333,-0.576597416666667,-0.354970416666667,0.152269583333333,0.168555583333333,0.919190583333333,-0.227702416666667
"Myh7","ENSMUSG00000053093",-1.5694255,-1.2488035,-1.6646375,-0.6772125,-0.908979499999999,-0.704602499999999,-0.726214499999999,-1.0171055,-0.603061499999999,-0.531927499999999,-0.452925499999999,-0.664747499999999,-0.115709499999999,0.852982500000001,-0.284535499999999,0.1863755,1.6199095,0.658264500000001,-0.2059225,1.1667845,2.0141395,1.8384495,1.1286055,1.9102995
"Pla2g7","ENSMUSG00000023913",-0.831096583333333,-0.655146583333333,-0.457474583333333,0.555643416666666,-0.280495583333334,0.040003416666667,-2.77258258333333,-1.45720558333333,-0.936919583333333,-0.671323583333334,-1.09584558333333,-0.792254583333333,1.01842141666667,1.67443941666667,1.72767341666667,1.18040541666667,1.44432341666667,1.17688241666667,-1.12729158333333,0.260457416666666,0.388256416666667,0.0878074166666662,0.923562416666667,0.599760416666666
"Areg","ENSMUSG00000029378",-0.515675,0.0903100000000001,-0.0388489999999999,-0.146675,-0.183339,-0.457231,-1.149285,-1.169467,-1.19311,-0.533703,-1.365424,-0.653253,2.177806,0.134366,3.690751,0.22529,0.960194,0.447683,-0.365587,-0.367211,-0.133603,-0.240129,-0.507556,1.293697
"Axl","ENSMUSG00000002602",-0.418321666666667,-0.427581666666667,-0.334171666666668,-0.136251666666668,0.186718333333333,0.0712383333333317,-1.64626166666667,-1.62760166666667,-1.59984166666667,-1.46871166666667,-1.43301166666667,-1.63217166666667,0.927178333333332,0.778828333333333,1.16781833333333,1.84806833333333,1.73130833333333,1.66397833333333,1.01726833333333,0.509938333333332,0.591798333333333,0.193128333333332,0.110568333333333,-0.0739116666666675
"Glipr1","ENSMUSG00000056888",-0.666586541666667,-1.17671054166667,0.472632458333333,-0.170840541666666,0.118004458333333,-0.0529705416666664,-0.977379541666667,-2.06220154166667,-1.17052154166667,-0.826724541666667,-1.62657454166667,-0.938723541666667,-1.17846454166667,0.218655458333333,0.779078458333333,2.10636345833333,1.69374045833333,2.02692445833333,1.10869445833333,0.669520458333333,0.410024458333333,0.507873458333333,0.721570458333334,0.0146154583333331
"Ifitm1","ENSMUSG00000025491",-1.13131333333333,-1.15647333333333,-1.02535333333333,-0.585913333333334,-0.432763333333334,-0.844863333333334,-1.31673333333333,-1.37171333333333,-1.43503333333333,-0.953923333333334,-1.29839333333333,-1.25628333333333,1.13632666666667,1.18316666666667,1.38061666666667,1.28189666666667,1.34595666666667,1.21817666666667,0.959536666666667,0.785896666666666,0.756036666666667,0.917446666666667,0.905066666666666,0.938636666666666
"Vav1","ENSMUSG00000034116",-0.832190000000001,-1.03161,-0.40282,0.149235999999999,0.196637,0.00226199999999999,-1.666526,-1.261596,-1.424976,-1.461302,-0.991171,-1.297065,0.116237,0.575972,1.416397,2.121903,1.999757,2.014178,0.209889,0.312279999999999,0.635254,0.269705,0.458037,-0.108488
"Mov10","ENSMUSG00000002227",-0.57983725,-0.94010825,-0.872602249999999,-0.15851425,-1.17682225,-0.748574249999999,-0.71104525,-0.60870825,-0.91628825,-1.10552225,-1.15682825,-1.64210725,-0.0545702499999994,-1.29680625,0.77462675,0.624631750000001,1.56964475,1.26802375,1.94398375,1.72889575,0.99969775,1.19689375,0.55585475,1.30608175
"Acox2","ENSMUSG00000021751",-0.109377666666667,-0.386557666666667,0.275030333333333,-0.355796666666667,0.389525333333333,0.622078333333333,-1.83240466666667,-2.17064166666667,-1.30713966666667,-1.29262166666667,-1.18045966666667,-1.67307266666667,0.541238333333333,1.13251233333333,-0.0901986666666668,1.67973833333333,1.47889733333333,2.08769833333333,0.221823333333333,0.133194333333333,0.0553603333333328,0.478999333333333,0.473776333333333,0.828398333333333
"Cfp","ENSMUSG00000001128",-0.414149625,-0.766731625,-0.226319625,0.113010375,0.392940375,0.452370374999999,-1.415507625,-1.441975625,-1.260914625,-1.139609625,-1.518360625,-1.368346625,-0.211869625,0.115600375,1.106640375,2.038630375,2.008030375,2.390460375,0.444610375,0.394160375,0.506640375,0.147020375,0.317900375000001,-0.664229625000001
"Gcnt2","ENSMUSG00000021360",-1.15344108333333,-1.08350608333333,-1.20324208333333,0.00592891666666517,0.179418916666666,0.0251889166666661,-1.18438508333333,-1.22521708333333,-0.964967083333335,-1.07334508333333,-1.31883408333333,-1.39419108333333,1.87789891666667,1.70946891666667,1.66529891666667,1.06059891666666,1.17336891666667,1.07612891666666,-0.823066083333334,-1.08333333415089e-06,0.185918916666665,0.319438916666666,1.01172891666667,1.13380891666667
"St3gal1","ENSMUSG00000013846",-0.158892000000001,-0.0427170000000006,-0.357926,-0.103351,0.467327999999999,0.0768409999999999,-1.78563,-1.609706,-2.074818,-1.129453,-1.078418,-1.228565,1.296354,1.886329,1.668904,1.123694,1.587298,1.216476,-0.446956,-0.303039,-0.163929,0.618371999999999,0.0579479999999997,0.483855999999999
"Soat1","ENSMUSG00000026600",0.121472208333333,-0.204522791666666,0.957930208333333,-0.087660791666667,0.0606922083333332,-0.347386791666667,-2.56435679166667,-1.54200679166667,-2.20764979166667,-0.633940791666666,-1.26678379166667,-1.30891179166667,0.00851320833333347,0.825640208333334,1.53455820833333,1.02605720833333,1.37629420833333,1.49633820833333,0.203521208333333,0.337615208333333,0.184744208333333,0.723918208333333,0.338231208333333,0.967694208333334
"Rab32","ENSMUSG00000019832",-0.862769958333334,-0.869371958333334,-0.471770958333334,-0.178963958333334,0.103881041666666,-0.0194519583333328,-1.21837495833333,-1.19026995833333,-1.56428195833333,-1.52279195833333,-1.45873695833333,-1.45257195833333,0.594263041666666,-0.0414369583333336,1.29179904166667,1.72657404166667,1.96334204166667,2.03806204166667,0.363561041666667,0.548740041666667,0.614011041666666,0.487829041666666,0.921309041666667,0.197422041666666
"Cpeb2","ENSMUSG00000039782",-0.156247541666667,-0.431132541666666,-0.417718541666666,-0.672722541666666,-0.413558541666666,0.359847458333333,-1.76193354166667,-1.13330054166667,-1.13356354166667,-1.09040854166667,-1.11934454166667,-1.20579454166667,3.15827045833333,0.713540458333334,1.82648945833333,0.725574458333334,1.01655245833333,0.949029458333333,-0.675319541666666,-0.120768541666666,-0.160640541666666,0.512316458333333,0.742633458333334,0.488199458333334
"Pml","ENSMUSG00000036986",-1.39963441666667,-0.996976416666666,-0.833379416666666,-0.0548904166666659,0.106763583333334,0.119250583333335,-1.20763341666667,-1.38624441666667,-1.61523741666667,-1.16989841666667,-1.12815541666667,-1.41402641666667,0.490097583333334,1.21346058333333,1.26050058333333,1.52792058333333,1.89818058333333,1.66289058333333,0.976970583333333,0.617900583333334,0.326283583333334,0.331852583333333,0.015971583333334,0.658032583333334
"Spon1","ENSMUSG00000038156",-1.30122904166667,-1.56375704166667,-1.57537904166667,-0.826678041666667,-0.460425041666666,-0.989428041666667,-1.49060704166667,-0.588021041666667,-0.467432041666667,-0.337535041666666,-1.40329304166667,-0.720445041666666,1.75436095833333,1.12474295833333,-0.215469041666666,0.704410958333334,1.25660995833333,1.60761195833333,1.03420295833333,1.00449795833333,1.05529295833333,1.00112895833333,0.973641958333333,0.423196958333333
"Erp27","ENSMUSG00000030219",-0.2672105,0.7019645,-0.3820795,0.0671214999999998,0.5400065,1.1443105,-1.4355465,-1.3381005,-2.0189575,-2.1902025,-1.0204655,-1.1110125,0.3210125,-0.2833305,0.00192049999999977,1.4746175,1.7390615,1.7894835,0.8589675,0.7134965,0.1752315,0.9047555,-0.0844244999999999,-0.3006195
"Tsku","ENSMUSG00000049580",-0.207894916666667,-0.104142916666667,-0.149482916666667,0.0494420833333331,0.0944780833333327,-0.419110916666667,-1.08371791666667,-1.08573691666667,-1.68826391666667,-1.33055891666667,-0.102414916666667,-1.89567491666667,2.72850108333333,-0.509359916666667,2.07196708333333,0.160807083333333,0.545503083333333,0.224991083333333,-0.454175916666667,-0.375213916666667,0.344699083333333,0.267392083333333,1.25416608333333,1.66380208333333
"Ctss","ENSMUSG00000038642",-1.43640691666667,-1.76571991666667,-0.252243916666667,-0.366448916666666,-0.643730916666667,-0.657825916666667,-1.34176091666667,-1.39196991666667,-0.855962916666667,-0.920845916666667,-1.22711291666667,-0.663995916666667,-0.0785969166666662,0.0195300833333336,0.445445083333333,1.37523008333333,1.28180908333333,1.83709208333333,1.31369208333333,1.01469708333333,1.05305108333333,1.19574608333333,1.18689608333333,0.879433083333334
"Plin2","ENSMUSG00000028494",-1.104428375,-0.951656374999999,-0.564829374999999,-0.762128375,-0.339228374999999,-0.626750374999999,-1.017039375,-1.252624375,-1.262233375,-0.793605374999999,-1.271578375,-0.995337375,1.980223625,1.193443625,1.921483625,0.104413625000001,0.651363625,0.477604625000001,-0.366142374999999,0.227204625000001,0.616993625000001,0.799453625,1.100383625,2.235013625
"Aoah","ENSMUSG00000021322",-1.56601054166667,-0.892524541666666,-0.731964541666667,-0.864446541666666,-0.406104541666666,-0.287985541666666,-1.06423454166667,-1.11293654166667,-1.56983554166667,-0.155234541666666,-0.929531541666666,-1.49897854166667,0.0306654583333339,-0.294289541666666,-0.0409275416666661,1.12952445833333,0.972759458333334,1.20525145833333,1.36841645833333,1.51642945833333,1.80274945833333,1.26413045833333,1.43372545833333,0.691352458333333
"Pira1","ENSMUSG00000081665",-0.696531333333334,-0.398874333333334,0.961795666666666,-0.753383333333333,-0.271068333333333,-0.301410333333334,-0.646483333333333,-0.974540333333334,-1.52045733333333,-1.64498833333333,-0.790134333333333,-0.951908333333333,0.582601666666666,1.13963866666667,2.74816666666667,1.48476366666667,1.54138266666667,1.09578766666667,-0.00301233333333339,0.253157666666667,0.270127666666666,0.0858626666666664,0.382603666666666,-1.59309633333333
"Tyrobp","ENSMUSG00000030579",-0.947452333333334,-1.13161733333333,0.136446666666666,0.315234666666667,0.375821666666667,0.0665166666666668,-1.21887533333333,-1.71653433333333,-0.988134333333334,-1.06592633333333,-1.65650133333333,-1.45637133333333,-0.156397333333333,0.198873666666666,1.13663466666667,2.13926866666667,1.80477166666667,1.90672866666667,0.465526666666666,0.593452666666666,0.642849666666667,0.131045666666667,0.559480666666666,-0.134842333333333
"Nfkbib","ENSMUSG00000030595",-0.129019041666666,-0.663495041666667,-0.0905480416666666,0.465612958333334,0.0582639583333338,0.536915958333334,-0.984573041666667,-1.51427104166667,-1.14313204166667,-2.02893404166667,-1.12460304166667,-0.820746041666666,2.57679295833333,1.41010995833333,1.76788695833333,1.03122295833333,0.662672958333333,0.949202958333333,-0.675606041666667,0.127325958333333,-0.0423680416666663,-0.213286041666667,0.842578958333334,-0.998005041666667
"Osgin1","ENSMUSG00000074063",0.441196541666667,0.0872505416666671,0.233484541666667,-0.128180458333333,-0.217267458333333,0.313129541666667,-2.11681045833333,-1.08831645833333,-1.05855045833333,-1.22830545833333,-1.82634645833333,-1.45743545833333,1.58363954166667,1.00182754166667,1.41430554166667,1.41644054166667,1.56689854166667,1.84996254166667,0.126177541666667,0.185581541666667,-0.167095458333333,-0.288856458333333,-0.392002458333333,-0.250727458333333
"Fxyd5","ENSMUSG00000009687",0.250504541666666,-0.092434458333333,-0.121503458333335,0.256045541666666,1.08839854166667,-0.281416458333334,-0.372114458333334,-1.02166445833334,-1.88795645833333,-1.12489445833334,-1.72159345833333,-1.82430645833333,1.35809654166667,0.119530541666666,1.77887154166667,1.44934354166667,1.44119554166667,1.79120354166667,-0.870082458333334,-0.138812458333334,-0.233993458333334,-0.688798458333334,0.511143541666668,0.335237541666666
"Stxbp2","ENSMUSG00000004626",-0.424055500000001,-0.9041205,-0.3577145,0.2323315,0.119298499999999,0.3175855,-1.3405035,-1.5703345,-1.7770775,-1.5608285,-1.1705235,-1.2912495,0.8111335,0.3637955,0.895421499999999,1.9373895,1.7863165,1.9294655,-0.0515875000000001,0.593520499999999,0.8474805,0.1199925,0.5032785,-0.00901450000000015
"Arhgap30","ENSMUSG00000048865",-0.392029791666666,-0.737154791666666,-0.0311137916666659,0.327778208333333,0.459435208333334,-0.0292367916666665,-1.71755679166667,-1.22233979166667,-1.56268879166667,-1.34422079166667,-1.59511579166667,-1.60646079166667,0.161041208333334,0.455982208333333,1.00878120833333,1.87804520833333,1.64946220833333,1.88574320833333,0.504513208333334,0.364069208333333,0.555662208333334,0.271633208333334,0.973249208333334,-0.257477791666666
"Sdc4","ENSMUSG00000017009",-2.12259154166667,-2.12646854166667,-1.98681354166667,0.144021458333334,0.375038458333334,0.645108458333334,-0.252475541666666,-0.636493541666667,-0.581502541666666,-0.397517541666666,-0.194702541666667,-0.740630541666667,0.00473545833333411,-0.664212541666666,-0.887867541666667,0.947049458333334,1.26759945833333,0.940719458333334,0.402514458333334,0.540881458333335,0.872059458333334,1.34159945833333,1.34382945833333,1.76611945833333
"Fcgr2b","ENSMUSG00000026656",-0.841303291666668,-1.09956429166667,-0.436383291666667,0.162184708333333,0.0969257083333321,-0.018518291666668,-1.49621829166667,-1.46140729166667,-1.27013629166667,-1.15430429166667,-1.46872229166667,-1.35452429166667,0.254377708333333,0.237817708333333,0.719972708333332,1.84717970833333,1.98895970833333,2.02193970833333,0.750676708333332,0.390309708333332,0.692855708333333,0.521667708333332,0.786041708333332,0.130172708333333
"Srpx","ENSMUSG00000090084",-1.51039820833333,-1.96017420833333,-0.220533208333333,0.648541791666666,0.524382791666667,0.977336791666667,-1.26204120833333,-1.41105020833333,-1.00349320833333,-1.05406420833333,-1.51410320833333,-1.01282420833333,1.79553779166667,0.745378791666666,1.28327279166667,0.910786791666666,1.12996379166667,1.39546979166667,-0.254021208333334,0.0919117916666661,0.666924791666666,0.176322791666666,-0.0267842083333338,0.883656791666667
"Ccno","ENSMUSG00000042417",-1.609314125,-1.248535125,-1.297137125,0.118510875,-0.208649125,0.339870875,-0.791752125,-1.278352125,-0.290240125,-0.0303611249999998,-1.276564125,-1.121766125,0.971863875,2.402397875,-0.479962125,1.058225875,1.098811875,1.493093875,-0.155033125,-1.153250125,0.388253875,0.778554875,1.395896875,0.895435875
"Slc45a3","ENSMUSG00000026435",-1.34448470833333,-1.38985270833333,-1.22028870833333,0.163001291666666,-0.0473187083333331,0.227327291666667,-1.87467670833333,-1.74125470833333,-0.744762708333333,-0.549242708333334,-1.19204070833333,-0.614773708333334,1.75420829166667,1.06626029166667,1.32403429166667,0.973135291666667,0.412805291666666,0.889753291666667,-0.0958157083333333,0.0291092916666669,0.150157291666667,0.847436291666667,1.45487329166667,1.52241029166667
"Ifi27l2a","ENSMUSG00000079017",-1.51754083333333,-1.62804083333333,-1.70646083333333,-0.0160208333333323,0.385389166666668,-0.353710833333333,-1.17447083333333,-1.13585083333333,-1.29635083333333,-0.682520833333333,-0.930920833333332,-1.03254083333333,0.224179166666667,0.901849166666668,1.08283916666667,1.61511916666667,1.46735916666667,1.61832916666667,1.00830916666667,0.679609166666667,0.588989166666668,0.834729166666667,0.634979166666668,0.432749166666667
"Tbcd","ENSMUSG00000039230",-0.342845833333332,-0.401026833333329,-0.570969833333333,0.351193166666668,0.778930166666665,0.341333166666669,-1.53813783333333,-1.23929083333333,-1.75005183333333,-1.62263183333333,-1.40742083333333,-1.70729183333333,1.22009416666667,0.538698166666666,1.05553816666667,1.72048016666667,1.35163916666667,1.56841116666667,-0.0157788333333322,0.660471166666667,0.773374166666667,0.219579166666669,0.233996166666667,-0.218291833333332
"Myo1f","ENSMUSG00000024300",-1.16268758333333,-1.50739858333333,1.11914541666667,-0.176509583333333,-0.049196583333333,-0.249446583333333,-0.542179583333334,-0.984388583333334,-1.01998558333333,-0.964512583333334,-1.28434058333333,-0.932381583333333,-1.50964958333333,-0.728205583333334,0.149734416666667,1.86294841666667,1.75841641666667,1.81857441666667,0.701481416666667,0.889956416666667,1.05998841666667,0.637355416666667,0.999879416666666,0.113402416666666
"Ipo4","ENSMUSG00000002319",-0.383368583333333,0.0703524166666671,-0.655284583333332,0.982673416666668,1.01656941666667,0.703191416666668,-1.90388858333333,-1.11294858333333,-0.999881583333334,-1.43609858333333,-1.70005058333333,-1.20825358333333,0.444839416666667,0.370949416666667,0.787683416666667,1.61052341666667,1.80749141666667,1.71615341666667,-0.540341583333333,1.07331741666667,-0.665886583333332,-0.0443165833333339,0.358148416666667,-0.291573583333333
"Cyp7b1","ENSMUSG00000039519",-1.40923958333333,-1.18730258333333,-0.188334583333333,-0.249354583333333,-0.492080583333333,-0.441786583333333,-1.15619458333333,-1.18301158333333,-0.538321583333333,-1.22295458333333,-1.28947058333333,-1.25616958333333,1.81809141666667,0.0124044166666666,2.14081841666667,1.28514841666667,1.50544241666667,1.23546341666667,-0.273230583333333,0.345490416666667,0.417660416666667,0.837074416666667,1.01385341666667,0.276004416666667
"Adora2b","ENSMUSG00000018500",-1.75851820833333,-0.789592208333334,-0.811784208333334,-0.330735208333333,0.374850791666667,-0.181857208333334,-1.19767820833333,-0.871753208333334,-1.17130920833333,-1.39379520833333,-0.879315208333334,-1.16151520833333,1.53648379166667,0.212592791666666,1.74561279166667,1.65889079166667,1.67195879166667,1.27183379166667,-0.611119208333333,0.147241791666667,0.292829791666667,0.761358791666667,0.552373791666667,0.932944791666666
"Sbno2","ENSMUSG00000035673",-0.999040458333333,-0.868709458333333,-1.10231045833333,-0.00915445833333361,-0.158146458333333,-0.428418458333334,-1.71936845833333,-0.980232458333333,-1.40098245833333,-0.553386458333334,-1.71130545833333,-1.17802545833333,1.10570254166667,0.179685541666666,1.64467054166667,0.681770541666666,1.20846054166667,0.585613541666667,-0.163810458333333,0.811070541666667,1.01962154166667,1.19467054166667,1.28631954166667,1.55530554166667
"Mmp14","ENSMUSG00000000957",-0.657679541666667,-0.194556541666667,-0.177446541666667,0.259253458333333,0.234113458333333,-0.323229541666667,-1.29238754166667,-1.26501654166667,-1.61874554166667,-1.08047054166667,-1.24499654166667,-1.58366654166667,1.55783345833333,1.51496345833333,1.94374345833333,1.45520345833333,1.62060345833333,1.33067345833333,-0.184196541666667,-0.0409565416666666,-0.338719541666668,-0.106116541666667,0.257413458333332,-0.0656165416666674
"Coro1a","ENSMUSG00000030707",-1.00367775,-1.14713875,-0.648387750000001,0.364401249999998,0.169201249999999,-0.329561750000002,-1.15320175,-1.02673575,-1.30031175,-1.21666175,-1.19538175,-1.14529975,-0.38311775,-0.63433775,0.48993125,1.90115125,1.68856125,1.72988125,0.731451249999999,1.18492125,1.00186125,0.605701249999999,1.45382125,-0.13706975
"Tlr7","ENSMUSG00000044583",-1.35353741666667,-1.96779141666667,-1.18410541666667,-0.177283416666667,0.209241583333333,-0.105132416666667,-1.01817641666667,-1.29650841666667,-0.973663416666667,-0.854234416666666,-1.32692041666667,-1.19503741666667,0.874690583333334,0.527922583333334,0.757144583333334,1.43223958333333,1.34838358333333,1.70725558333333,0.688517583333334,0.546710583333334,0.841148583333333,0.854089583333334,1.16017958333333,0.504866583333333
"Mycl","ENSMUSG00000028654",-0.314980041666666,-0.368762041666666,-0.476835041666666,0.548356958333334,0.996997958333334,-0.561384041666666,-1.10626904166667,-1.59450604166667,-1.25413904166667,-1.42788304166667,-1.61287704166667,-1.11243904166667,0.530547958333334,-0.462351041666667,1.21984695833333,0.965455958333334,2.07659495833333,1.55125095833333,1.41992395833333,0.815093958333334,0.207397958333334,-0.673126041666666,-0.251122041666667,0.885205958333334
"Fjx1","ENSMUSG00000075012",-1.73500616666667,-1.09863516666667,-0.771893166666667,0.354682833333333,0.462278833333333,-0.145867166666666,-0.852654166666666,-0.366287166666666,-1.34761416666667,-0.745648166666666,-0.821332166666666,-0.831615166666666,-0.591344166666667,-1.14076916666667,0.090180833333334,1.06101583333333,1.46079183333333,1.16248883333333,-0.713515166666666,0.758654833333334,1.00354483333333,0.854157833333334,1.80161583333333,2.15276883333333
"Gvin2","ENSMUSG00000078606",-1.36869945833333,-1.50765645833333,-1.37185545833333,1.95416666670667e-05,0.473419541666667,0.627349541666666,-1.37533645833333,-1.12303645833333,-1.29526045833333,-0.598750458333333,-1.05933645833333,-1.05945345833333,-0.276188458333333,0.610349541666666,0.590859541666667,1.65043954166667,1.78715954166667,1.88827954166667,1.11368954166667,0.602809541666666,0.397399541666667,0.619319541666666,0.305589541666667,0.368889541666666
"Ppp1r15a","ENSMUSG00000040435",-0.792427041666667,-0.518718041666666,-0.684638041666666,-0.176575041666666,-0.323135041666667,-0.634615041666667,-1.40101904166667,-1.04349104166667,-1.20305904166667,-1.12386904166667,-1.16314304166667,-1.50215204166667,2.33381795833333,1.26486795833333,1.97898795833333,0.843897958333333,1.36253795833333,1.08407795833333,-0.0348270416666665,0.212654958333333,0.179855958333334,0.378566958333334,0.346954958333333,0.615447958333334
"Fermt3","ENSMUSG00000024965",-1.322847625,-0.960157625,-0.170144625,0.0686573749999999,0.319382375,-0.158415625,-1.291901625,-1.337360625,-1.632786625,-1.199096625,-1.283489625,-1.261527625,-0.00878062499999999,-0.0575566250000001,1.110206375,1.573314375,1.725875375,1.579973375,0.555435375,0.819281375,0.968935375,0.515657375,1.258973375,0.188373375
"Rassf7","ENSMUSG00000038618",-0.267447333333334,-0.257073333333333,-0.846947333333334,0.504200666666666,-0.889645333333334,-1.43839633333333,-0.472712333333334,-0.483791333333333,-0.773521333333334,-1.38337633333333,-1.82459033333333,-1.57019933333333,1.36357666666667,-0.737140333333334,1.46977066666667,0.908477666666666,-0.133165333333333,0.636679666666666,0.554421666666666,0.968523666666666,1.16734666666667,0.360656666666666,2.00071166666667,1.14364066666667
"Znfx1","ENSMUSG00000039501",-1.02275591666667,-1.01282991666667,-0.748284916666666,-0.195396916666667,-0.0648959166666661,0.0160520833333333,-1.48171491666667,-1.42456291666667,-1.54609091666667,-1.33679291666667,-1.11466691666667,-1.23912491666667,0.572812083333334,1.32602208333333,1.06879208333333,1.49399208333333,1.64740208333333,1.43878208333333,0.942802083333333,0.715762083333333,0.641292083333333,0.429612083333334,0.335092083333333,0.558702083333333
"Zfp365","ENSMUSG00000037855",-0.302462875,-0.551708875,-0.229480875,0.717142125000001,0.959252125,1.271042125,-1.429096875,-2.004483875,-1.491194875,-0.511772875,-1.517526875,-2.007206875,0.831514125,-0.551971875,1.288889125,0.577280125000001,1.238747125,1.102602125,0.232352125,-0.0155988750000002,0.225471125,0.197404125,0.587554125,1.383255125
"Auh","ENSMUSG00000021460",0.0675206666666668,0.522034666666666,0.579257666666667,0.0787476666666667,-0.463172333333334,-0.223016333333333,-1.61265033333333,-1.49057433333333,-1.31284033333333,-1.20017933333333,-1.86768833333333,-1.79446433333333,1.23338566666667,1.15869766666667,1.16235166666667,1.59643466666667,1.06812466666667,1.33832966666667,0.231971666666666,0.147337666666667,0.556382666666667,0.194699666666667,0.626311666666667,-0.597002333333333
"Tcp11x2","ENSMUSG00000058252",0.0112155416666671,0.275653541666666,-0.337274458333333,-0.205812458333333,0.706375541666667,0.318098541666667,-1.41635045833333,-1.18990045833333,-1.19820945833333,-2.09788945833333,-1.96806045833333,-1.92272345833333,1.19181254166667,0.917826541666667,0.699222541666667,1.06793854166667,1.13164354166667,1.06057254166667,1.16561254166667,0.251759541666667,0.534232541666666,0.642006541666666,-0.154140458333333,0.516390541666667
"Lrrc10","ENSMUSG00000060187",0.199120375,0.147150375000001,0.197590375000001,0.0746303749999999,0.0436303750000011,0.537540375000001,-1.622507625,-1.608170625,-1.801839625,-1.647469625,-0.883549625000001,-1.572599625,1.510050375,0.560610375,0.994170374999999,1.762590375,1.375960375,1.603750375,-0.426809624999999,0.0735603749999996,-0.000519624999999024,0.188950375000001,0.275080375,0.0190803749999997
"Ly86","ENSMUSG00000021423",-1.210608,-1.262558,-0.606762,0.414185,0.500939000000001,-0.0749499999999994,-1.005916,-1.120948,-0.865982,-0.637534,-0.85111,-1.179588,-1.379581,-0.322764,0.240078,2.05027,1.689806,2.16576,0.825533,0.562994999999999,0.871904000000001,0.856937,0.634252,-0.294358
"Slc41a2","ENSMUSG00000034591",-0.458807125000001,-1.337913125,-0.0554561250000001,0.524725875,0.647010874999999,0.687375875,-0.468585125000001,-2.116755125,-1.160062125,-1.529434125,-1.511956125,-1.091426125,1.450087875,0.673617875,1.765245875,0.825306875,1.114651875,1.202598875,-0.396723125,-0.825151125000001,0.143421875,0.497942875,0.698193874999999,0.722088875
"Cd44","ENSMUSG00000005087",-0.99208825,-0.745379249999999,-0.527434249999999,0.70224275,0.696034750000001,0.62439775,-1.51180425,-1.36181825,-1.31092125,-0.80536025,-1.45762625,-1.23085425,1.08080875,-0.21984425,2.09383575,1.32290575,1.70117575,1.51640575,-0.249305249999999,-0.0747522499999995,0.07083175,0.10977675,0.427862750000001,0.14090975
"Sprr1a","ENSMUSG00000050359",-0.321265333333333,0.243166666666667,-0.968956333333333,-0.451155333333333,0.232770666666667,0.0279296666666671,-1.21095533333333,-2.38341033333333,-1.09558333333333,-1.18744133333333,-1.12323433333333,-0.534312333333333,0.774358666666667,0.287874666666667,0.876959666666667,0.455252666666667,1.29869666666667,0.894359666666666,-1.41017833333333,0.950158666666667,1.32928966666667,0.483440666666667,0.942375666666667,1.88985866666667
"Zc3hav1","ENSMUSG00000029826",0.369921333333333,-0.605526666666667,0.101997333333333,-0.0609066666666669,-0.688194666666667,-0.266708666666667,-0.906539666666667,-1.08093466666667,-1.73938166666667,-1.11959766666667,-1.40384366666667,-1.92692866666667,1.02734333333333,1.77326033333333,1.11789733333333,1.50144633333333,1.38311033333333,1.42662933333333,0.828055333333333,0.433829333333334,-0.699226666666667,0.0973943333333329,0.118666333333334,0.318238333333333
"Trim25","ENSMUSG00000000275",-1.15334979166667,-0.794910791666666,-1.03354879166667,0.312089208333333,0.303679208333334,0.246729208333333,-1.42339879166667,-1.36749379166667,-1.48226579166667,-1.24354279166667,-1.10895579166667,-1.37351179166667,0.502169208333333,1.15213920833333,0.737299208333333,1.60584920833333,1.81930920833333,1.62879920833333,0.659669208333334,0.498699208333333,0.365109208333333,0.314539208333333,0.125139208333334,0.709759208333333
"Gsdmd","ENSMUSG00000022575",-0.201534583333334,-0.166507583333333,-0.0173025833333327,0.505673416666667,0.329350416666667,0.469588416666667,-1.57565458333333,-1.80666858333333,-1.36292658333333,-1.13752658333333,-1.26284358333333,-1.49640158333333,0.285371416666667,0.709732416666666,1.36522341666667,1.62175941666667,1.92493941666667,1.93208941666667,0.187515416666667,0.00471541666666653,-0.0330525833333333,-0.0028165833333329,0.0683204166666673,-0.341043583333333
"Egr1","ENSMUSG00000038418",-1.60525,-0.481769999999999,-0.335189999999999,-0.63058,-0.966329999999999,-1.12116,-0.477279999999999,-0.443239999999999,-1.19217,-1.25034,-0.91807,-1.67938,1.29661,1.11222,1.25223,1.04394,1.71454,1.31196,-0.435699999999999,0.65906,0.69791,0.839590000000001,0.775910000000001,0.83249
"Tmem158","ENSMUSG00000054871",-0.320191458333333,-0.647490458333333,0.589321541666667,-0.208913458333333,0.208353541666667,0.616930541666667,-1.15831845833333,-1.34895545833333,-0.781848458333333,-1.54790245833333,-1.39379645833333,-1.05118945833333,0.210205541666667,-0.184122458333333,0.560398541666667,0.405236541666667,1.21341154166667,0.625967541666667,-1.72556945833333,0.104423541666667,0.766560541666667,0.998920541666667,1.91574054166667,2.15282754166667
"Atp10a","ENSMUSG00000025324",-0.88717875,-0.46442775,-0.93611675,-0.28692475,-0.0732267499999999,-0.25104275,-1.32656175,-1.97779375,-0.69841375,-0.89480575,-1.40012275,-1.45108975,0.38265625,-0.29477975,1.44107125,1.17912325,1.73892325,1.23052525,0.90284725,0.59952025,1.02774825,0.73286725,0.44779625,1.25940625
"Ms4a6b","ENSMUSG00000024677",-0.605395833333333,-0.172532833333333,-1.11708983333333,0.0376781666666668,-0.245398833333333,-0.102009833333333,-1.89387483333333,-1.44133583333333,-1.11860783333333,-0.926066833333333,-1.24393783333333,-0.637267833333333,-0.505328833333333,-0.102738833333333,-0.360956833333333,1.53655416666667,1.47027616666667,1.67864116666667,1.33368516666667,1.13873216666667,1.01202216666667,1.45229116666667,0.647016166666667,0.165646166666667
"Mapk1ip1l","ENSMUSG00000021840",-1.19328395833333,-1.01957095833333,-1.14337295833333,-0.246266958333334,-0.164161958333334,-0.141292958333334,-1.05330595833333,-1.05303195833333,-0.951072958333333,-1.16844295833333,-1.22147995833333,-0.934023958333333,2.53877504166667,1.10679804166667,1.64097704166667,1.00754904166667,1.00735904166667,1.04611804166667,-0.374962958333334,0.247190041666666,0.200140041666667,0.349019041666667,0.744879041666666,0.775466041666666
"Myc","ENSMUSG00000022346",-0.630702708333334,-1.14369670833333,-0.120845708333333,-1.05882370833333,-0.578139708333334,-0.453480708333333,-1.81677770833333,-1.95487070833333,-1.36315370833333,0.209577291666666,-0.530241708333334,-0.718807708333333,0.698440291666667,0.293363291666666,2.04349929166667,0.747239291666666,1.59168529166667,0.452138291666667,-0.103495708333334,0.879310291666666,0.861131291666666,0.624860291666667,0.682508291666666,1.38928329166667
"Ptprf","ENSMUSG00000033295",-0.929969458333334,-0.818214458333333,-0.598651458333333,-0.445470458333333,0.232980541666667,-0.721636458333333,-0.532174458333333,-1.09447445833333,-0.591349458333333,-0.973350458333334,-1.73608645833333,-1.77207445833333,1.65482954166667,0.107896541666666,2.07696654166667,0.940541541666667,0.885261541666666,0.317815541666667,-0.595981458333334,0.603522541666666,1.00567054166667,0.564673541666666,0.952270541666667,1.46700454166667
"Cdkl1","ENSMUSG00000020990",0.0168169166666665,-0.490110083333334,-0.495191083333334,0.502137916666666,0.230386916666666,1.09402591666667,-1.51699608333333,-1.77646908333333,-2.06230208333333,-0.723460083333334,-1.81922808333333,-0.447126083333334,0.494161916666666,0.559838916666666,-0.223991083333334,1.68948691666667,1.63384691666667,1.67202391666667,0.0550309166666665,0.214190916666666,0.471665916666666,0.594836916666666,0.448745916666666,-0.122323083333334
"Eva1c","ENSMUSG00000039903",-0.393129208333333,-0.376527208333334,-0.800490208333334,1.12515579166667,-0.373390208333333,0.417405791666667,-1.32861520833333,-0.975835208333333,-1.66909320833333,-1.51061820833333,-0.846354208333334,-1.43393220833333,1.61836879166667,2.02923379166667,1.84727279166667,0.325118791666666,0.273574791666666,1.24561279166667,-0.0335322083333338,-0.161050208333333,0.0604907916666662,0.231810791666667,0.128777791666667,0.599744791666667
"Capg","ENSMUSG00000056737",-0.974914250000001,-0.768302250000001,0.234298749999999,0.0232917499999985,0.0469707499999998,-0.416765250000001,-1.44103525,-1.34924725,-1.43210625,-1.29772825,-1.25973925,-1.50503825,0.512095749999999,0.0379027499999989,1.68575075,1.64837075,1.48595075,1.38647075,0.281057749999999,0.434451749999999,0.716795749999999,0.432134749999999,0.75809675,0.761236749999998
"Il3ra","ENSMUSG00000068758",-0.872158208333333,-1.18153820833333,-1.42482520833333,0.112182791666666,-0.0486902083333334,-0.359059208333334,-0.729521208333334,-0.760849208333333,-0.995746208333333,-0.650304208333334,-1.16203420833333,-1.25787920833333,-0.909563208333333,-0.258351208333334,-0.609032208333334,1.40402979166667,1.33032779166667,1.21210079166667,1.16913279166667,1.13072079166667,1.81453479166667,0.921090791666667,0.989958791666667,1.13547279166667
"Ly6e","ENSMUSG00000022587",-2.00544583333333,-2.04950583333333,-1.86521583333333,-0.210555833333334,-0.0538158333333332,-0.325895833333334,-0.801805833333335,-0.832515833333334,-0.757535833333334,-0.384515833333333,-0.722155833333334,-0.561285833333335,0.148074166666666,0.390544166666666,0.580054166666667,0.974504166666666,1.19521416666667,1.13468416666667,1.09245416666667,0.858814166666667,1.05514416666667,1.06484416666667,0.971074166666666,1.10484416666667
"Mfsd2a","ENSMUSG00000028655",0.034875041666667,0.746944041666667,-0.340582958333333,0.244195041666667,0.512159041666667,0.249394041666667,-1.11056295833333,-1.46323995833333,-1.48226395833333,-1.17746195833333,-1.38578495833333,-1.02482795833333,1.77195704166667,1.24339904166667,2.45546904166667,0.702549041666667,0.410588041666667,0.745600041666667,-1.12356795833333,-0.794973958333333,0.0949790416666669,0.0196530416666669,0.0448870416666667,0.626618041666667
"Fam120b","ENSMUSG00000014763",0.219964791666666,0.0757187916666666,0.0438617916666662,0.0759557916666651,0.162055791666665,0.540211791666666,-1.13255020833333,-1.36045620833333,-1.53290120833333,-1.45393620833333,-1.52126720833333,-1.54780820833333,1.72594779166667,1.47150579166667,1.45586379166667,1.30883679166667,1.15615079166667,1.19014779166667,-0.426113208333334,-0.0646212083333335,-0.147118208333334,-0.135516208333334,0.412693791666666,-0.516627208333334
"Btk","ENSMUSG00000031264",-0.389739541666667,-1.19306754166667,-0.633576541666667,0.204772458333333,0.495992458333333,0.400253458333333,-1.22505754166667,-1.14866354166667,-0.980250541666666,-1.28360954166667,-1.14091454166667,-1.44749054166667,-0.368183541666666,-0.0514725416666666,1.31882245833333,1.92773145833333,1.93857045833333,1.93038045833333,0.175289458333333,0.225699458333334,0.616379458333333,0.342419458333334,0.340435458333333,-0.0547205416666667
"Upp1","ENSMUSG00000020407",-1.058082125,-0.610985124999999,-0.520076124999999,0.233825875000001,0.296599875,-0.421207124999999,-1.215494125,-1.459271125,-1.287189125,-1.036678125,-1.225693125,-1.525743125,1.166419875,0.538929875000001,1.426079875,1.630889875,1.882869875,1.409639875,0.0307988750000003,0.165555875000001,0.322379875000001,0.325119875,0.147569875,0.783739875
"Samd9l","ENSMUSG00000047735",-0.956828041666668,-0.966008041666667,-0.978668041666667,-0.179238041666668,0.219101958333333,-0.179578041666668,-1.28746304166667,-1.42058504166667,-1.24850804166667,-0.930348041666667,-1.36789104166667,-1.46957004166667,0.482571958333333,1.14722195833333,1.19813195833333,1.36888195833333,1.66448195833333,1.41451195833333,0.967721958333332,0.452211958333333,0.523221958333332,0.518431958333332,0.345811958333332,0.682381958333332
"Treml4","ENSMUSG00000051682",-0.342489458333334,-0.268810458333333,-0.020492458333333,-0.0937364583333329,0.0381235416666668,0.158511541666667,-1.61209945833333,-1.48499045833333,-1.66361945833333,-1.01994645833333,-1.60379145833333,-1.47562045833333,0.744818541666667,-0.0289414583333336,-0.0257174583333333,1.02106154166667,2.13671554166667,1.33312454166667,0.829154541666667,1.17320954166667,0.591471541666666,0.309438541666667,0.698527541666667,0.606098541666666
"Tnfrsf12a","ENSMUSG00000023905",-1.22632625,-0.84283625,-0.966346250000001,0.23374375,-0.452826249999999,-1.19999625,-1.12679625,-1.33030625,-1.13200625,-0.48081625,-0.91165625,-0.29037625,2.02860375,-0.0257062500000007,2.01997375,0.73573375,1.09530375,0.95597375,-0.73270625,0.39793375,0.45010375,0.573623749999999,1.01748375,1.21022375
"Apobec1","ENSMUSG00000040613",-1.247513875,-1.339511875,0.437927125,-0.419459875000001,-0.395275875000001,-0.832963875000001,-0.740137875,-0.849793875,-0.998500875,-1.136465875,-1.757393875,-1.445252875,0.506642124999999,1.189759125,1.717835125,1.181305125,1.123205125,1.387375125,0.761386125,0.604385125,0.733947125,0.510987125,0.755925124999999,0.251591124999999
"Wfdc17","ENSMUSG00000069792",-0.94224925,-1.11359025,-0.489347249999999,0.449599750000001,0.48632875,-0.130005249999999,-1.06700725,-1.10789425,-1.13703125,-0.933933249999999,-1.07973525,-1.33366125,-0.34471725,-0.801265249999999,1.26983175,1.86582475,1.65775875,2.05717775,0.400860750000001,0.38879075,0.481003750000001,0.686290750000001,0.84709475,-0.110125249999999
"Rbm47","ENSMUSG00000070780",-1.22712008333333,-1.41983508333333,-0.139341083333333,-0.337226083333333,0.388559916666667,-0.209884083333333,-0.126055083333333,-0.660924083333333,-0.908804083333333,-1.28948608333333,-2.12273508333333,-1.52320608333333,0.468342916666667,0.374696916666667,0.818715916666667,1.69155991666667,1.22659191666667,1.84465591666667,0.621484916666667,0.192837916666667,0.802878916666667,0.282071916666667,1.12195491666667,0.130264916666667
"Clec4e","ENSMUSG00000030142",-1.36156025,-0.00109825000000008,-0.31469225,-0.45810825,-1.41195525,0.23078375,-1.30563725,-1.84491925,-1.08340525,-0.82530925,-1.00429325,-0.49908325,1.15700775,1.85498975,0.92158575,1.07900275,1.63360375,1.32087975,0.28045075,0.0182417499999996,0.33974675,-0.0170192499999997,0.93483675,0.35595175
"Irgm1","ENSMUSG00000046879",-0.991152083333334,-0.883212083333333,-0.899302083333334,-0.401582083333334,-0.469652083333335,-0.284732083333335,-1.27747208333333,-1.58850208333333,-1.19172208333333,-0.936652083333334,-1.16659208333333,-1.21506208333333,0.707517916666665,1.03146791666667,0.769997916666666,1.53273791666667,1.57747791666667,1.54027791666667,0.870447916666667,0.828377916666666,0.701587916666666,0.807837916666665,0.513797916666666,0.424107916666665
"Pou2f2","ENSMUSG00000008496",-0.613365875,-0.716357875,-0.366530875,0.708225125,-0.352508875,-0.657884875,-0.368316875,-0.763152874999999,-0.825585875,-0.797439874999999,-2.069396875,-1.114280875,-0.965790875,-0.776083874999999,-0.728937875,1.405352125,1.004181125,1.182913125,1.497194125,1.181524125,1.609238125,1.244331125,0.761078125,0.521597125
"Sh3bgrl2","ENSMUSG00000032261",-2.02848175,-2.00651275,-1.43687575,0.47135325,0.21684525,0.252201250000001,-0.36882575,-0.0274667499999994,-0.235122749999999,0.0671982500000006,-0.974414749999999,-0.41168975,-0.11092775,-1.82784575,-0.48221275,0.79996825,1.08796625,1.44421925,1.00354125,0.61120925,0.86646625,0.995618250000001,1.14191725,0.95187225
"Tox3","ENSMUSG00000043668",-0.955769666666667,-0.611850666666667,-1.45385566666667,-0.455202666666667,-1.22815566666667,-1.09916766666667,-0.727863666666667,-1.53916966666667,-0.745560666666667,-0.239312666666667,-0.916913666666667,-0.207700666666667,2.10050033333333,1.13421933333333,1.35350433333333,-0.112767666666667,0.774156333333333,0.685798333333334,-0.086368666666667,0.0350903333333328,0.530435333333333,1.03742933333333,1.01301833333333,1.71550733333333
"Ebi3","ENSMUSG00000003206",-0.809279208333333,-1.24159620833333,-1.35966420833333,-0.335492208333333,-0.312798208333333,0.122729791666667,-1.12343020833333,-1.22696120833333,-1.19289020833333,-0.128824208333333,-0.524755208333333,-0.743234208333333,-0.858902208333333,-0.300478208333333,0.713611791666667,2.06739279166667,2.01398079166667,1.83195879166667,0.918544791666667,0.796132791666667,0.714431791666667,0.337115791666667,0.294001791666667,0.348404791666667
"Cp","ENSMUSG00000003617",-1.76308391666667,-1.51917091666667,-1.48869091666667,0.629683083333335,0.373523083333334,0.00826308333333436,-0.531324916666666,-0.598374916666666,-0.523946916666667,-1.01748091666667,-1.65419591666667,-1.40429691666667,0.756553083333333,0.0202830833333341,0.114963083333334,1.36081308333333,1.32520308333334,1.44247308333333,0.621743083333334,0.529353083333334,0.644803083333334,0.786093083333334,1.10418308333333,0.782633083333334
"Rbl1","ENSMUSG00000027641",-1.53650325,0.16561675,-1.83658825,0.70863275,0.64316475,0.47570175,-0.43036325,-0.92491925,-0.77337325,-0.356219250000001,-0.84110425,-1.38584425,-1.73876625,-0.47596925,-0.39460725,1.21803575,1.62573975,1.46628175,1.11904075,0.72055675,0.74905575,0.47868175,0.43203475,0.89171475
"Klrg1","ENSMUSG00000030114",0.205916291666667,-0.265361708333333,0.555505291666667,0.411520291666667,0.828442291666667,0.371539291666667,-1.95568970833333,-1.29071970833333,-1.36185370833333,-1.47322570833333,-1.43177670833333,-1.28241170833333,0.154731291666667,-0.113002708333333,-0.258932708333333,1.84870729166667,0.512509291666666,1.71391729166667,0.162472291666667,0.769622291666667,0.833123291666666,0.448989291666667,1.16515029166667,-0.549171708333333
"Hk3","ENSMUSG00000025877",-1.68473395833333,-0.866478958333333,-0.476719958333334,-0.012755958333333,-0.118808958333333,0.261467041666666,-0.429918958333333,-1.07316595833333,-1.11902295833333,-0.618102958333333,-1.59300195833333,-0.758961958333334,-0.454798958333333,-1.13198695833333,0.453362041666667,1.62712204166667,1.82918104166667,1.70892704166667,0.410000041666667,0.859146041666667,1.19072104166667,0.432608041666667,1.00343604166667,0.562488041666667
"Tcirg1","ENSMUSG00000001750",-0.597214625000001,-0.624954625000001,0.319001374999999,-0.291871625000001,-0.109473625000001,-0.103360625000001,-0.756636625000001,-1.838044625,-1.594233625,-1.340600625,-1.416616625,-1.617848625,0.106525374999999,0.944273375,1.529360375,1.301634375,1.454021375,1.191687375,0.736486374999998,0.701821375,0.476427374999998,0.551063374999998,0.485112375,0.493441375
"Cds1","ENSMUSG00000029330",-0.823065083333334,-0.700863083333334,-0.325222083333333,0.325242916666666,-0.283832083333333,0.158835916666666,-1.25425608333333,-1.48609508333333,-0.507814083333334,-1.62151508333333,-1.19731708333333,-1.72450308333333,0.751259916666666,0.401663916666666,0.00895191666666673,1.74817791666667,1.45981591666667,1.36832691666667,1.38902691666667,0.907604916666666,0.931723916666667,0.545648916666666,0.0705989166666665,-0.142396083333334
"Mgst1","ENSMUSG00000008540",-1.32918504166667,-1.66554304166667,-1.04499604166667,0.582185958333334,0.759105958333333,0.643335958333333,-0.828630041666667,-0.584101041666667,-0.582095041666667,-1.40179604166667,-2.02605004166667,-1.30204304166667,0.558475958333332,0.847865958333333,0.910505958333333,0.943255958333333,1.24526595833333,1.29736595833333,0.0177659583333334,0.497025958333333,0.579845958333333,0.296425958333334,0.507755958333334,1.07825595833333
"Mical3","ENSMUSG00000051586",0.0672707916666662,0.319793791666667,0.261043791666666,0.798882791666667,0.464818791666666,0.0749617916666665,-1.03782120833333,-1.68522520833333,-1.42390620833333,-1.40537120833333,-1.19799420833333,-1.30339320833333,2.16667479166667,1.65479579166667,1.02412979166667,0.893068791666666,0.672169791666667,1.03078279166667,-0.825683208333333,0.0709897916666664,0.0032827916666669,-0.124194208333334,0.207793791666666,-0.706871208333333
"Ifitm3","ENSMUSG00000025492",-1.28171833333333,-1.34035833333333,-1.08807833333333,-0.545778333333333,-0.328148333333333,-0.605528333333332,-0.805248333333333,-0.917718333333333,-1.26790833333333,-0.933448333333333,-1.26997833333333,-1.24549833333333,0.872801666666668,0.817401666666667,1.04737166666667,1.15523166666667,1.25764166666667,1.08341166666667,0.928811666666666,0.764251666666667,0.933241666666667,0.913301666666667,0.898231666666668,0.957711666666667
"Etv4","ENSMUSG00000017724",-0.061603125,-0.132562125,-0.338678125,0.249961875,-0.217336125,-0.516231125,-1.329038125,-0.947787125,-1.289967125,-0.515333125,-1.162148125,-0.720059125,2.360018875,-0.408739125,2.075028875,-0.0281111250000001,0.226781875,0.102948875,-0.913109125,-0.376902125,0.376199875,0.243388875,1.984573875,1.338701875
"Nlgn2","ENSMUSG00000051790",0.416015625,0.0626466250000002,0.107210625,0.340565625,0.351534625,0.377376625,-2.062312375,-1.298817375,-1.851932375,-1.313627375,-0.978492374999999,-1.693376375,0.563445625000001,0.896965625,1.788352625,1.029597625,1.223239625,1.092039625,0.146906625000001,0.351949625,0.380961625,-0.128915374999999,-0.113963375,0.312628625
"Lcp1","ENSMUSG00000021998",-1.26584879166667,-1.45474679166667,-0.317943791666667,-0.188972791666667,-0.0859527916666671,-0.331060791666666,-0.630920791666667,-0.727918791666667,-0.853078791666666,-0.700576791666667,-1.15211179166667,-0.920625791666667,-1.01529079166667,-1.15032879166667,0.532396208333333,1.52656320833333,1.52140820833333,1.59630320833333,1.23968420833333,0.934704208333334,1.10582620833333,0.825146208333334,1.18393620833333,0.329410208333333
"Unc13d","ENSMUSG00000057948",0.345150375,0.0902273750000004,0.373467375,0.0745783749999998,0.299580375,0.437186375,-1.536783625,-0.270613625,-1.053120625,-1.964868625,-1.947689625,-1.902601625,0.697981375,0.628475375,0.110225375,1.190255375,1.398694375,1.645381375,0.277564375,0.608204375,-0.0349496250000003,-0.423050625,0.945985375,0.010720375
"Sema6b","ENSMUSG00000001227",-0.584568958333333,-0.277329958333333,-0.354154958333333,0.190716041666667,0.490643041666667,0.347772041666667,-1.41053995833333,-1.57672295833333,-1.36936695833333,-1.48513095833333,-0.985298958333333,-0.610167958333333,2.07061304166667,1.14552704166667,1.61699104166667,1.34886304166667,1.00717204166667,1.14812904166667,-0.643747958333333,-0.0550379583333331,-0.0777039583333332,-0.150464958333333,0.394109041666667,-0.180298958333333
"Tuba3b","ENSMUSG00000067338",-1.90753854166667,-1.32842954166667,-0.809669541666667,-0.138861541666667,-0.426281541666667,-0.348185541666666,0.00499745833333343,-0.259206541666666,-0.403410541666666,-1.03112854166667,-1.49754154166667,-0.0269955416666665,0.565169458333334,-1.84564854166667,0.832602458333334,0.705218458333333,0.900720458333334,0.698928458333334,0.304651458333334,1.02243245833333,0.768812458333334,1.33288545833333,1.37140345833333,1.51507545833333
"Tnfsf13b","ENSMUSG00000031497",0.118227875,-0.398167125,-0.0971761249999998,0.550375875,0.528806875,0.885575875,-1.263076125,-1.834213125,-1.245977125,-1.346345125,-1.595000125,-1.511444125,0.568015875,0.490459875,1.538756875,1.178254875,1.127769875,1.702186875,0.432172875,0.218812875,0.295373875,0.102472875,0.0777298750000002,-0.523594125
"Ear10","ENSMUSG00000090166",-0.588459375,-0.566718375,-0.195992375,-0.115636375,-0.280174375,0.021171625,-1.326236375,-0.682654375,-0.978013375,-0.414461375,-1.223081375,-1.812590375,-0.831027375,-0.562594375,-0.433078375,1.355815625,2.290822625,1.463914625,0.582008625,1.100388625,0.622552625,0.699668625,1.277536625,0.596838625
"Cntn5","ENSMUSG00000039488",-1.440926625,-1.718200625,-1.968833625,-0.387821625,-0.740054625,-0.309916625,-0.524032625,-0.533896625,-0.377531625,-0.553908625,-0.463373625,-0.704899624999999,-0.155571624999999,0.439974375,-0.272705625,1.307627375,1.874525375,1.455558375,1.031029375,0.955666375,0.926111375,1.184034375,0.509719375,0.467427375
"Ppan","ENSMUSG00000004100",-0.0301144999999998,-0.0618274999999997,-0.061417500000001,0.5161715,0.551605499999999,0.3671615,-1.6341945,-1.3701745,-1.1765415,-1.2547275,-1.0925895,-1.0817255,1.6764045,0.4577905,1.9865045,1.1385745,1.4764345,1.3112445,-0.8156155,-0.2802965,-0.369101500000001,-0.070294500000001,-0.261388500000001,0.0781174999999994
"Enc1","ENSMUSG00000041773",-1.39016170833333,-1.21160370833333,-0.869968708333333,-0.0365567083333325,0.202324291666667,-0.316091708333333,-1.40810570833333,-1.54402570833333,-0.746880708333333,-0.880566708333333,-0.472346708333333,-0.985948708333333,2.00369229166667,1.70792229166667,1.49479029166667,0.687713291666666,0.832051291666668,0.717617291666667,-0.308447708333333,0.225411291666667,0.353425291666667,0.629222291666666,0.460389291666667,0.856145291666667
"Tnfrsf1a","ENSMUSG00000030341",-1.843193875,-2.002859875,-1.573205875,-0.773659875,-0.942458875,-0.929487875,0.0924411249999997,0.363027125,0.180155125,0.165116125,-0.529807875,-0.253273875,0.412836125,-0.302439875,0.470504125,-0.0707558749999997,0.0479111249999997,0.196762125,0.386807125000001,0.915781125000001,1.064237125,1.352226125,1.771604125,1.801735125
"Fzd1","ENSMUSG00000044674",-1.88231508333333,0.178330916666667,-1.14378108333333,-0.968729083333333,-1.15132008333333,-0.865095083333333,-1.03009308333333,-1.12887308333333,0.564514916666667,0.126660916666666,-0.209474083333333,0.292745916666667,1.15511391666667,-1.41108308333333,0.393737916666667,0.393220916666666,0.209473916666667,0.357544916666667,-0.00782108333333298,0.501564916666666,0.841242916666666,1.80173091666667,1.10856791666667,1.87413391666667
"Csf1r-ps","ENSMUSG00000118291",0.38987525,-0.13299275,-0.479346749999999,-0.0587007499999999,0.22925225,-0.0518377499999998,-1.44871275,-1.66962075,-1.80823675,-1.12277375,-1.75738575,-1.10706175,-0.16202075,0.42222625,0.434490250000001,1.14879125,1.55650225,1.41947725,0.60498825,0.46915525,0.82252025,0.817077250000001,0.93243725,0.551897250000001
"Zfp36","ENSMUSG00000044786",-1.20757858333333,-0.703985583333333,-0.907375583333332,-0.111426583333333,-0.0250665833333326,-0.603606583333333,-1.20985458333333,-0.940936583333333,-1.07088258333333,-1.25469558333333,-0.707095583333333,-1.18728658333333,1.81964341666667,1.42142341666667,1.79139341666667,1.05127341666667,1.28432341666667,0.731933416666667,-0.417556583333333,0.150953416666667,0.222783416666667,0.594633416666667,0.477533416666667,0.801453416666668
"Igfbp3","ENSMUSG00000020427",-0.634926374999999,-0.793475375,-0.600052375000001,0.0185376250000004,-0.170343375,0.668914624999999,-0.989357374999999,-1.154421375,-1.245996375,-0.745884374999999,-0.763415374999999,-0.848294375,3.046372625,1.649232625,1.400292625,0.679931625,0.577260625000001,0.663810625,-0.102412375,0.0085816249999997,-0.0573893749999996,0.0548256249999994,0.0869726249999996,-0.748764375
"Cd14","ENSMUSG00000051439",-0.404427249999999,-0.10445425,0.231661750000001,0.0953847500000009,0.257698750000001,0.124806750000001,-1.02060125,-1.20562725,-1.33971025,-0.809743249999999,-1.32100925,-1.19292825,1.81179475,1.89976575,1.74212675,1.30451375,0.97138975,1.12267775,-0.248494249999999,-0.252408249999999,-0.13340925,-0.610888249999999,-0.180809249999999,-0.737310249999999
"Cd300a","ENSMUSG00000034652",-0.222129583333333,0.00513241666666708,0.557938416666667,-0.713083583333333,-0.547203583333333,-0.621089583333333,-1.26769058333333,-1.21943058333333,-1.40643758333333,-1.02227058333333,-1.45730358333333,-1.41790058333333,-0.572477583333333,0.710139416666667,0.992757416666667,0.518735416666667,1.02771541666667,1.82242041666667,0.615161416666667,0.751498416666667,1.06193741666667,0.579113416666667,1.61019341666667,0.214274416666667
"Bcl2l1","ENSMUSG00000007659",-1.43196341666667,-1.63837441666667,-1.67560241666667,-0.279106416666666,-0.436359416666667,-0.425253416666667,-0.651053416666667,-0.855978416666666,-0.559249416666667,-0.922563416666667,-0.747250416666667,-0.630634416666666,0.928451583333333,1.04111358333333,0.278750583333334,0.408226583333333,0.081400583333334,0.413756583333333,0.642661583333334,0.690465583333333,1.17444558333333,1.11725558333333,1.86407558333333,1.61278558333333
"AB124611","ENSMUSG00000057191",0.272758375,-0.756096625,-0.306482625,0.122626374999999,-0.590405625,-0.167548625,-1.682857625,-0.813955625,-0.672289625,-1.820483625,-1.910083625,-0.494016625,0.268425375,0.143510375,0.626888375,0.907400375,2.145937375,1.024742375,0.157008375,1.038626375,0.727621375,0.555831374999999,1.410097375,-0.187253625
"Xcl1","ENSMUSG00000026573",-0.636039625,0.130296375,0.0365963749999998,0.052092375,0.207810375,0.150015375,-1.623768625,-0.959746625,-0.835781625,-0.888658625,-0.884400625,-1.247331625,0.214173375,-0.901282625,-0.607132625,2.214600375,1.770576375,1.700397375,0.571839375,1.318234375,0.227366375,0.553334375,0.244086375,-0.807276625
"ILMN_1220680","ILMN_1220680",-0.168701666666667,0.639551333333333,-0.325136666666667,0.816876333333333,0.501985333333333,0.633332333333333,-2.32962966666667,-1.60872066666667,-0.670121666666667,-1.86266666666667,-1.34521866666667,-0.803567666666667,0.868268333333333,0.542000333333333,1.25910033333333,0.707364333333333,1.29985333333333,0.518283333333333,-0.750521666666667,0.209774333333333,0.526928333333333,0.0170383333333328,0.542681333333333,0.781247333333333
"Ly6a","ENSMUSG00000075602",-1.48480416666667,-1.41156416666667,-1.38159416666667,-0.0664641666666661,0.0275858333333332,-0.179694166666666,-1.11581416666667,-1.05679416666667,-0.998004166666666,-0.840284166666667,-1.10665416666667,-1.06324416666667,0.860965833333333,1.11414583333333,1.20458583333333,1.22550583333333,1.25389583333333,1.27103583333333,0.621135833333334,0.402765833333333,0.680895833333333,0.671855833333334,0.569815833333333,0.800725833333333
"Litaf","ENSMUSG00000022500",-0.820234583333333,-0.645454583333333,-0.344614583333334,-0.239674583333333,0.0680754166666659,-0.314564583333333,-1.31916458333333,-1.28357458333333,-1.16799458333333,-0.973944583333333,-1.20056458333333,-1.17969458333333,1.65496541666667,1.16587541666667,1.77032541666667,1.25171541666667,1.51528541666667,1.17329541666667,-0.344424583333334,-0.0140145833333332,0.102815416666667,0.0992754166666661,0.564295416666667,0.481995416666667
"Tmem176a","ENSMUSG00000023367",-1.85911145833333,-1.47424945833333,-1.49610545833333,-0.740365458333334,-0.849119458333333,-0.686279458333334,-0.299503458333334,-0.177165458333333,-0.173562458333333,0.0318305416666664,-0.553810458333333,-0.506477458333333,-0.228926458333333,-0.693528458333334,-0.0190574583333341,0.198522541666666,0.727211541666666,0.684356541666666,1.00587154166667,1.41829054166667,1.55411254166667,1.48320954166667,1.33979654166667,1.31406054166667
"Sp100","ENSMUSG00000026222",-0.538282833333334,-0.433540833333334,-0.161216833333333,0.141242166666666,0.062098166666666,-0.521753833333333,-1.40128183333333,-1.71835583333333,-1.33029783333333,-0.910694833333333,-1.10124883333333,-1.43205883333333,-0.610506833333334,0.704559166666667,0.941353166666667,1.47507516666667,1.56614116666667,1.42861016666667,1.10449316666667,0.546214166666666,0.536263166666666,0.800857166666666,0.100277166666666,0.752055166666666
"Ugt1a10","ENSMUSG00000090165",-0.128453416666666,-0.533242416666666,0.766068583333334,-0.189503416666667,-0.0832744166666668,-0.349125416666666,-1.04931941666667,-1.23870641666667,-1.34671741666667,-0.768778416666667,-1.31866441666667,-1.42137841666667,1.83377258333333,1.82877858333333,1.53162358333333,0.750987583333334,0.721254583333334,1.52906058333333,-0.499099416666667,-0.102785416666666,-0.0896414166666668,-0.162651416666667,0.571981583333333,-0.252186416666667
"Cd300lf","ENSMUSG00000047798",-0.288300208333333,-0.0568742083333333,-0.293352208333333,-0.157774208333333,-0.0522162083333333,-0.448692208333333,-0.453370208333333,-0.944816208333333,-1.19379820833333,-1.26857520833333,-0.972076208333333,-1.03509520833333,1.48548079166667,0.297347791666667,1.77114479166667,1.45393979166667,1.75106379166667,1.11826879166667,-0.177449208333333,-0.343450208333333,-0.815719208333333,-0.713321208333333,1.72434979166667,-0.386715208333333
"I830077J02Rik","ENSMUSG00000074342",0.258353208333333,-0.496589791666667,-0.379881791666667,0.730851208333333,0.317339208333333,-0.283154791666667,-1.07814579166667,-0.726637791666667,-1.63382879166667,-1.11097979166667,-0.913528791666667,-1.40470579166667,0.513008208333334,-0.00569479166666653,1.07116120833333,1.32129720833333,2.27418820833333,1.68108320833333,-0.347692791666667,0.516293208333334,0.849384208333333,-0.990113791666666,-0.173671791666667,0.0116672083333338
"Ikbke","ENSMUSG00000042349",-0.104133416666667,-0.809973416666667,-0.635167416666667,-0.250166416666667,-0.123032416666667,0.280223583333333,-0.994757416666666,-0.575346416666666,-1.96509741666667,-1.35464741666667,-0.406484416666666,-1.34165041666667,0.113116583333333,-1.00133641666667,1.11478658333333,1.30457958333333,2.05582458333333,1.45016358333333,0.148173583333334,0.458597583333334,0.405232583333333,1.07425758333333,0.819277583333333,0.337559583333333
"Arc","ENSMUSG00000022602",-0.0225784166666667,0.730612583333333,-0.263903416666667,0.467332583333333,-0.432464416666667,0.147204583333333,-1.83129841666667,-0.970409416666667,-1.88388141666667,-1.87024941666667,-0.898465416666667,-1.33337241666667,0.999518583333333,1.33519658333333,1.09012058333333,0.406391583333333,1.25169658333333,0.698966583333333,0.152233583333333,0.735060583333333,0.525446583333333,0.597656583333333,-0.258890416666667,0.628075583333334
"Jak3","ENSMUSG00000031805",-1.29699808333333,-1.01488008333333,-0.834824083333334,0.919211916666665,0.815091916666667,0.235625916666667,-1.28318308333333,-1.03220308333333,-1.14856508333333,-1.29750008333333,-0.702533083333334,-1.26138808333333,-0.0811220833333337,-0.703702083333335,-0.0889570833333337,1.31135091666667,1.46853191666666,1.12107891666667,0.705875916666663,1.31376191666666,0.733833916666669,0.622966916666666,0.617902916666665,0.880622916666667
"Myd88","ENSMUSG00000032508",-0.954392666666667,-0.790092666666668,-0.788062666666667,-0.0427526666666669,0.188127333333332,-0.0978226666666675,-1.25620666666667,-1.11919266666667,-1.19199166666667,-1.14149266666667,-1.27401366666667,-1.27908466666667,1.06076733333333,1.03934733333333,1.68559733333333,1.26577733333333,1.62134733333333,1.20526733333333,-0.150212666666667,0.270147333333332,0.327837333333333,0.258537333333333,0.507487333333334,0.655077333333333
"Rtn4","ENSMUSG00000020458",-0.506328708333333,-0.503035708333334,-0.618697708333334,-0.577367708333334,-0.456155708333334,-0.0667297083333338,-1.10455970833333,-1.03582770833333,-1.08952370833333,-0.771597708333334,-1.15955670833333,-0.814213708333334,2.54425529166667,0.136257291666666,2.07295529166667,0.100709291666666,0.640762291666666,0.643819291666667,-0.430303708333334,0.0454802916666655,0.154177291666667,0.243418291666666,1.19609829166667,1.35596529166667
"Csnk1d","ENSMUSG00000025162",-0.308229125,-0.407110125000001,-0.216303125000001,0.205032874999999,0.241591874999999,0.174946875,-1.149983125,-1.008157125,-1.340420125,-1.372597125,-1.143656125,-0.897699125000001,2.329421875,1.165791875,2.009361875,0.950961874999999,0.997491875,0.851241874999999,-0.634104125,-0.233353125000001,-0.185291125000001,0.012685874999999,0.269557875,-0.311183125000001
"Naip5","ENSMUSG00000071203",-1.16224904166667,-0.727178041666667,-1.29098804166667,-0.249379041666667,-0.187677041666666,0.177692958333333,-0.400136041666666,-1.11189804166667,-0.311565041666666,-0.00917504166666649,0.391053958333333,-1.80301904166667,-1.31891204166667,-0.779375041666667,0.0531109583333329,1.32926195833333,1.91026495833333,1.91187395833333,0.495064958333333,0.276364958333334,0.406683958333334,1.14834395833333,0.808032958333333,0.443801958333333
"Atp13a3","ENSMUSG00000022533",-0.196081291666666,-0.887089291666666,-0.731086291666667,-0.396769291666667,-0.350318291666667,-0.543949291666666,-1.11385329166667,-0.766096291666667,-1.30516229166667,-0.645140291666666,-0.671519291666667,-1.01080829166667,2.74769670833333,0.227559708333334,1.99937070833333,0.0431407083333335,0.486904708333333,0.727710708333333,-0.546149291666667,0.0921687083333333,0.222325708333333,0.452807708333333,0.991193708333333,1.17314370833333
"Ikzf1","ENSMUSG00000018654",-0.384841291666667,-0.885498291666667,-0.502970291666666,-0.454361291666666,0.0670807083333331,-0.0728582916666669,-1.15539629166667,-1.30918129166667,-1.21789729166667,-0.868442291666667,-1.34279829166667,-1.17440229166667,-0.394629291666667,-0.154245291666666,0.613065708333333,1.53815870833333,1.74106870833333,1.79558970833333,0.627230708333333,0.907063708333334,0.638626708333334,0.706790708333333,1.16385870833333,0.118987708333333
"Tgfbi","ENSMUSG00000035493",-0.883255166666666,-1.17995716666667,-0.704609166666666,0.306860833333333,0.538930833333334,0.872680833333334,-1.01454616666667,-1.28596616666667,-1.14019216666667,-1.03719916666667,-0.661777166666667,-1.28809016666667,0.108250833333333,-0.274539166666667,1.19249083333333,1.66539083333333,1.50134083333333,1.78270083333333,-0.130969166666667,0.493960833333334,0.670450833333334,-0.0269291666666671,0.937260833333333,-0.442289166666667
"Gm9252","ENSMUSG00000091401",-0.603841916666667,-0.804359916666667,-0.567463916666667,0.234066083333333,-0.421067916666667,-0.291423916666667,-1.13317091666667,-1.26319291666667,-0.864238916666666,-1.06165091666667,-1.67191491666667,-1.49444391666667,0.324883083333333,-0.316196916666667,0.495170083333333,1.38852908333333,1.29732608333333,1.50000508333333,0.792087083333334,1.03875708333333,0.711876083333333,0.803306083333333,1.02570808333333,0.881253083333333
"Pdk4","ENSMUSG00000019577",-2.34878916666667,-1.27576916666667,-1.73084916666667,-0.598159166666667,0.668650833333333,-0.327229166666667,-0.742429166666668,-0.954049166666668,-0.0208191666666675,0.622000833333333,-1.58931916666667,-0.0424391666666661,0.946210833333334,0.768690833333332,0.546430833333334,0.379380833333332,0.584000833333333,0.631270833333334,-0.0703791666666671,0.622440833333332,0.797080833333332,1.10536083333333,0.907050833333333,1.12166083333333
"Runx1","ENSMUSG00000022952",-0.710380083333334,-0.947506083333334,-0.593152083333333,0.0488939166666666,0.270906916666666,0.346838916666666,-1.18544408333333,-1.60547108333333,-1.19777508333333,-1.36024708333333,-1.08120408333333,0.399350916666666,-0.952327083333333,-0.430875083333334,0.952499916666667,1.43468191666667,1.60758991666667,1.00278091666667,-0.252801083333334,0.353124916666666,1.04401091666667,0.681844916666666,0.945842916666666,1.22881591666667
"Itga5","ENSMUSG00000000555",-1.31438995833333,-1.34104295833333,-1.31860495833334,-0.697626958333334,-0.660134958333334,-1.05369795833333,-0.250518958333334,-0.287717958333333,-0.420993958333334,-0.0612799583333334,-0.775151958333334,-0.541268958333335,1.71344604166667,-0.686354958333334,1.32101604166666,-0.305970958333335,0.0741970416666664,0.0154850416666665,0.343961041666667,0.839646041666667,0.975536041666667,1.22382604166667,1.38814604166667,1.81949604166667
"Gpr182","ENSMUSG00000058396",-0.203937333333333,0.0339096666666663,-1.19120433333333,0.955216666666667,0.789530666666666,0.751293666666667,-1.14939033333333,-1.13331433333333,-1.46659033333333,-1.40106133333333,-0.990812333333333,-1.71127733333333,1.06375866666667,1.10354966666667,1.63235766666667,1.12824666666667,0.777673666666667,0.842864666666667,-0.483613333333333,0.131306666666666,-0.115334333333333,0.415652666666666,0.0381626666666666,0.183011666666666
"ILMN_2820893","ILMN_2820893",-1.14649195833333,-1.22376795833333,-0.365976958333333,-0.0206759583333334,0.324394041666666,0.161651041666667,-1.09398095833333,-0.996916958333333,-1.75212095833333,-0.664493958333334,-0.489575958333334,-1.17354995833333,-0.522542958333333,-0.285740958333333,0.599150041666666,1.72560204166667,1.43277504166667,1.70035804166667,0.456368041666666,0.932755041666666,0.944834041666666,0.393107041666666,0.999435041666666,0.0654060416666669
"Klhl15","ENSMUSG00000043929",-0.575368083333334,-0.0773740833333338,-0.906728083333333,-0.249810083333334,-1.05344508333333,-0.112153083333333,-0.485067083333334,-0.701577083333333,-1.40348408333333,-1.45993408333333,-1.44100408333333,-1.05658208333333,2.07224891666667,1.42059191666667,1.16635391666667,1.06815391666667,0.707430916666667,0.950570916666666,0.244363916666666,0.175383916666666,0.455084916666666,0.190144916666666,1.11263191666667,-0.0404330833333342
"Rgs16","ENSMUSG00000026475",-0.487376875,-0.892621875,-0.606326875,0.389944125,0.594031125,-0.264142875,-0.651615875,-0.826449875,-1.286176875,-1.007197875,-0.556901875,-1.322422875,0.691744125,-0.375558875,1.823657125,1.515967125,2.461198125,1.305899125,-0.000381874999999532,0.0759001250000004,-0.171044875,-0.102001875,0.183718125,-0.491837875
"Nmral1","ENSMUSG00000063445",-0.726205708333334,-0.677602708333333,-0.625664708333333,-0.141100708333333,-0.129111708333333,0.0781272916666671,-1.37400570833333,-1.24858870833333,-1.06281870833333,-0.472433708333333,-1.38872970833333,-1.61394370833333,1.34679829166667,1.00881329166667,0.538283291666668,1.43178029166667,1.55792629166667,1.48531929166667,-0.270386708333333,-0.0112507083333329,0.543771291666667,0.826079291666668,0.640291291666667,0.284653291666666
"Itgb2","ENSMUSG00000000290",-0.895471,-1.201426,-0.861129,-0.568913999999999,-0.104323,-0.265212999999999,-0.103965,-0.919915,-1.025602,-0.36658,-1.508704,-1.190991,0.303728,-0.920487,1.417578,0.924159,1.714974,1.734016,0.124067,0.418138000000001,0.93226,0.438742,1.194793,0.730265
"Smpd3","ENSMUSG00000031906",-1.94703045833333,-1.57541945833333,-0.528945458333333,-0.227156458333333,0.441970541666667,0.732848541666667,-0.442279458333333,-0.823989458333333,-0.225367458333333,-0.395781458333333,-1.60722645833333,-1.02023545833333,-0.252616458333334,-0.639833458333333,0.0497885416666666,1.25242354166667,0.509657541666667,1.75688654166667,1.36294954166667,0.709783541666667,1.06304154166667,0.735499541666667,0.536173541666667,0.534858541666667
"Apold1","ENSMUSG00000090698",-0.837201958333334,-0.667593958333334,-0.222420958333334,0.0888870416666663,0.425837041666666,-0.489017958333334,-1.45519795833333,-0.776547958333333,-1.23793195833333,-0.352698958333334,-0.309012958333334,-0.720337958333333,2.63749404166667,1.89870804166667,1.13597704166667,1.02601804166667,1.01398604166667,0.583040041666666,-0.520395958333334,-0.235189958333334,-0.836562958333333,0.220490041666666,-0.161300958333333,-0.209024958333334
"C1s2","ENSMUSG00000079343",0.575978,0.206568,0.642828,-0.815053,0.607745,0.0998669999999997,-1.895641,-0.758498,-1.316186,-0.761221,-1.345973,-1.810555,1.174901,1.219985,0.52294,1.269252,0.990643,1.346395,-0.036683,0.585436,-0.479774,0.528061,-0.086373,-0.464642
"Fosl2","ENSMUSG00000029135",-0.794016833333332,-0.555785833333333,-0.596511833333333,0.206630166666667,0.445923166666667,-0.139305833333333,-1.34320183333333,-1.23803683333333,-1.02637183333333,-0.576139833333333,-0.688162833333333,-0.842621833333332,1.73734316666667,1.35800316666667,1.75278316666667,1.29103316666667,1.50905316666667,1.10958316666667,-1.07835283333333,-0.361876833333334,-0.198072833333333,-0.241550833333333,0.083220166666667,0.186436166666667
"Cxcl16","ENSMUSG00000018920",-0.902901374999999,-0.590216374999999,-0.261498374999999,-0.392651375,0.159113625,-0.342896374999999,-1.088493375,-1.090098375,-1.167820375,-0.960142374999999,-1.313886375,-1.276174375,-0.401230374999999,-0.351649374999999,1.078312625,1.547186625,1.744966625,1.524616625,1.135966625,0.665780625,0.773825625000001,0.752571625,0.526384625,0.230933625
"Ptbp3","ENSMUSG00000028382",-1.37440558333333,-0.964326583333333,-1.11838158333333,-0.993465583333333,-0.0130135833333336,-0.606697583333333,-0.623027583333333,-2.01779758333333,-0.672805583333333,-0.362751583333334,-0.478950583333334,-0.773875583333333,1.66483341666667,0.168909416666667,1.37601541666667,0.636009416666666,0.939518416666666,0.908234416666667,0.242309416666666,0.570988416666666,0.373605416666667,0.828161416666666,1.28211541666667,1.00879841666667
"Nepro","ENSMUSG00000036208",0.154287249999999,-0.13624275,0.32076425,-0.12157775,0.16846725,0.23028025,-1.21051875,-1.40506175,-1.46425375,-0.917807750000001,-1.32635375,-1.42235575,1.91480825,0.67770325,1.65065725,0.96398725,1.35942825,1.06911225,-0.67348775,-0.20559975,-0.23087875,0.0545962499999995,0.37465225,0.17539425
"Abi3bp","ENSMUSG00000035258",-0.525803416666666,-0.843365416666667,-0.164287416666666,-0.650940416666667,-0.694780416666666,1.01496858333333,-0.849899416666666,-1.14549041666667,-0.903735416666667,-1.26643541666667,-1.07646641666667,-1.36768541666667,-0.0713074166666665,-0.218972416666666,0.343016583333333,1.58849458333333,1.17887358333333,1.43444358333333,1.26948258333333,0.829721583333334,1.25383058333333,0.876808583333333,0.577091583333334,-0.587562416666667
"Lad1","ENSMUSG00000041782",0.145882291666666,0.290932291666667,-0.201986708333334,-0.515274708333334,0.148018291666666,0.370920291666667,-1.32769270833333,-0.370957708333334,-0.371962708333333,-1.77375970833333,-2.14692670833333,-0.876573708333334,0.245810291666666,1.02044829166667,1.12746829166667,1.48631329166667,1.06481629166667,0.999836291666666,0.481196291666667,1.09004729166667,0.202927291666667,-0.751705708333334,0.786701291666667,-1.12447770833333
"Ascc2","ENSMUSG00000020412",0.128759125,0.129074125000001,0.250488125,0.166683125,0.366292124999999,0.00477612499999935,-1.206397875,-1.430772875,-1.364212875,-1.101553875,-1.267108875,-1.258058875,1.800567125,1.335485125,1.748069125,1.012413125,1.092961125,0.968538125,-0.462429875,-0.350589875,-0.195625875,-0.197205875,-0.269714875,0.0995651249999998
"Clec4b1","ENSMUSG00000030147",-2.03036154166667,-1.67023654166667,-0.608804541666667,0.139358458333333,0.332403458333333,0.404297458333333,-0.979546541666667,-0.334125541666667,-0.836159541666667,-0.910269541666667,-0.600372541666667,-0.490199541666667,-0.629730541666667,-0.565452541666667,0.963119458333333,1.42568545833333,0.780745458333333,1.69419945833333,-0.204488541666667,0.650501458333333,1.10120345833333,1.17260845833333,0.726832458333333,0.468792458333333
"Hcls1","ENSMUSG00000022831",-1.5676015,-1.2642455,-0.9213595,0.0548335,0.2059805,-0.321697500000001,-1.0191335,-0.793374500000001,-0.7476975,-0.6588345,-1.1817255,-1.0788105,-0.0768845000000002,-0.1196425,0.368242499999999,1.6966305,1.6639925,1.5567045,0.757145499999999,0.6178285,0.741248499999999,0.6769995,0.9934465,0.4179545
"Errfi1","ENSMUSG00000028967",-1.07056404166667,-1.03619804166667,-0.813339041666667,-0.161679041666668,0.432830958333334,-0.196529041666667,-1.19903804166667,-0.886449041666667,-0.705289041666667,-0.747259041666666,-0.255169041666667,-0.784469041666668,2.05266095833333,1.64826095833333,2.15752095833333,0.580660958333333,0.520000958333332,0.611370958333334,-0.820779041666666,-0.210999041666668,-0.389779041666667,0.368180958333333,-0.0611490416666669,0.967200958333333
"Ldlr","ENSMUSG00000032193",-0.619634333333334,-0.338025333333334,-0.829152333333334,-0.523689333333334,-0.715971333333334,-0.582289333333334,-0.581757333333334,-0.355839333333334,-1.42995733333333,-0.720961333333334,-1.20661733333333,-1.43275733333333,0.772671666666667,-0.175346333333334,1.87646066666667,0.252078666666666,1.69358866666667,0.188375666666666,-0.157575333333334,0.750160666666666,1.02035166666667,0.349880666666667,1.22912166666667,1.53688366666667
"Tspo","ENSMUSG00000041736",-0.986806666666666,-1.08088666666667,-0.681616666666667,-0.079206666666666,-0.156076666666666,-0.115116666666667,-1.25788666666667,-0.983836666666667,-1.04008666666667,-1.28092666666667,-1.14090666666667,-1.39819666666667,0.543933333333333,0.375033333333334,0.875183333333334,1.32680333333333,1.59052333333333,1.27123333333333,0.608273333333333,0.740743333333334,0.838723333333334,0.334333333333333,0.704403333333333,0.992363333333333
"Nckap1l","ENSMUSG00000022488",-0.6286625,-0.4306795,0.401341500000001,0.3945735,0.7046335,0.4905705,-1.3762205,-1.0317365,-1.3216405,-0.9179305,-1.1321385,-1.2345385,-0.3948845,0.230283500000001,1.1366005,1.8928315,1.7110715,1.7863315,0.0256315000000011,-0.0268654999999995,0.3462215,-0.1940495,-0.0833794999999995,-0.347364499999999
"Mitd1","ENSMUSG00000026088",-0.991275041666666,-0.886029041666667,-1.29476104166667,-0.443679041666667,-0.305668041666667,-0.637326041666666,-1.10259604166667,-1.17360404166667,-1.05945804166667,-0.747652041666667,-0.979280041666667,-0.862823041666667,0.178852958333334,1.10627495833333,1.31303495833333,1.27276395833333,1.35257895833333,1.17391895833333,1.15458795833333,0.614060958333333,0.333705958333333,0.551584958333333,0.297468958333333,1.13531795833333
"Il2rg","ENSMUSG00000031304",-0.790722083333333,-0.464349083333333,-1.21787608333333,-0.462305083333333,0.422047916666667,0.101598916666667,-1.77297008333333,-1.08380108333333,-0.873837083333333,-0.909877083333333,-1.13988008333333,-0.274719083333333,-0.325182083333333,0.0569439166666665,0.377424916666667,1.52725991666667,1.88349891666667,1.67456691666667,1.21325791666667,0.681055916666667,0.303039916666667,0.409218916666667,0.302763916666667,0.362840916666666
"Tnfrsf11a","ENSMUSG00000026321",-0.760030583333333,-0.911743583333333,-0.971688583333333,-0.549091583333333,-0.185751583333333,0.154765416666667,-1.07441258333333,-0.676355583333334,-1.13757658333333,-1.59961358333333,-0.399846583333333,-1.38920658333333,0.339277416666667,-0.583931583333333,1.58592041666667,1.32819541666667,1.08384041666667,1.27954441666667,0.883464416666667,0.980332416666666,0.846553416666667,0.604784416666667,0.745348416666666,0.407222416666666
"Ifi30","ENSMUSG00000031838",-0.378712833333333,-0.746577833333333,0.169395166666666,0.248562166666666,0.115905166666666,0.306828166666666,-1.09401083333333,-1.70820183333333,-1.24610683333333,-1.33110683333333,-1.08245883333333,-1.25926783333333,0.370714166666666,0.176510166666667,0.676707166666667,1.57275416666667,1.48366316666667,1.92467516666667,0.217557166666667,0.224363166666667,0.666421166666666,0.150868166666667,0.764023166666666,-0.222503833333334
"N4bp2l1","ENSMUSG00000041132",0.2644925,0.0678075000000007,0.1416525,0.3702455,0.379424500000001,0.4603435,-1.7079635,-1.8904555,-1.0023565,-0.958696499999999,-1.0529705,-1.1538835,1.3629715,1.2548125,0.8257275,1.2268155,1.1637195,1.4965705,0.0124995000000006,-0.0588115,-0.0573384999999993,-0.4020535,-0.0572594999999998,-0.685293499999999
"Sema3g","ENSMUSG00000021904",-0.798563916666667,-0.560474916666666,-0.654395916666666,0.0831220833333335,-0.00185491666666682,-0.0316569166666669,-1.34751891666667,-1.36231291666667,-0.853991916666667,-1.16283191666667,-1.13298791666667,-0.987110916666667,1.80285108333333,1.63357108333333,1.50992808333333,0.806638083333334,0.871948083333334,1.07187208333333,-0.314621916666667,0.412554083333333,-0.237112916666667,0.283040083333334,0.512574083333334,0.457337083333333
"Pnp2","ENSMUSG00000068417",-0.542889583333333,-0.0805505833333333,-0.416305583333333,0.192244416666667,0.253934416666667,-0.136258583333333,-1.19320858333333,-1.28891858333333,-0.909024583333333,-1.29871358333333,-1.27761658333333,-1.22477658333333,-0.348143583333333,-0.533263583333333,-0.196872583333334,1.72905241666667,1.62355941666667,1.66799141666667,0.475038416666667,0.838138416666666,0.800277416666667,0.711401416666667,0.760809416666667,0.394095416666667
"Tgfb2","ENSMUSG00000039239",-0.182081083333333,0.0178549166666659,-0.166317083333333,0.398684916666666,0.268008916666666,0.461380916666666,-1.37389108333333,-1.56326608333333,-1.62900208333333,-0.552753083333334,-1.09175408333333,-0.818386083333333,2.16036191666667,-0.0311130833333335,1.86663291666667,0.562026916666666,0.859661916666667,0.662692916666666,-0.795055083333334,-0.301717083333334,-0.201992083333334,0.223647916666666,0.385312916666667,0.841060916666667
"Slc1a4","ENSMUSG00000020142",1.134281875,1.036927875,0.961291875000001,-0.423268125,-0.315331124999999,-0.316886125,-0.855690125,-1.207151125,-2.078205125,-1.408168125,-1.457516125,-1.459810125,0.265625875,0.475946875000001,0.490579875000001,0.851977875,1.096268875,1.020982875,0.547849875000001,0.535030875,0.349519875,0.348145875,-0.0593731249999996,0.466968875
"Tgm1","ENSMUSG00000022218",-0.444039583333333,0.0735374166666665,0.372188416666667,0.0867334166666667,-0.162037583333333,0.395163416666667,-1.47385258333333,-0.757898583333334,-1.23442758333333,-0.871905583333334,-1.12334658333333,-1.02803858333333,1.27197441666667,0.573356416666667,1.34719241666667,1.73456041666667,1.56525741666667,1.29333141666667,-0.492636583333333,-0.821579583333333,-0.999984583333333,-0.0238475833333336,0.301856416666666,0.418443416666666
"Dcp2","ENSMUSG00000024472",-0.681950166666667,0.0329048333333333,-0.993318166666667,0.0228608333333336,-0.298842166666667,-0.179190166666666,-0.338211166666667,-1.32826816666667,-1.93586816666667,-1.47499216666667,-0.489968166666666,-1.11540416666667,1.15709483333333,0.941090833333333,1.65149683333333,1.12515283333333,1.07725483333333,1.19900883333333,0.163733833333334,-0.329908166666667,0.194389833333333,0.222393833333333,0.834141833333333,0.544396833333333
"Gng2","ENSMUSG00000043004",-0.540227041666666,0.0963119583333336,0.336558958333334,-0.0376850416666663,0.566901958333333,0.666371958333333,-1.75213404166667,-1.26968204166667,-1.24588104166667,-1.27636404166667,-1.24083304166667,-0.658103041666666,0.623478958333334,1.28147295833333,1.32212095833333,1.58189295833333,1.16869495833333,1.36553795833333,-0.289330041666666,0.0785059583333334,-0.270150041666667,-0.140957041666666,0.0509739583333335,-0.417477041666666
"Itpkc","ENSMUSG00000003752",-0.216396791666668,-0.361016791666668,-0.328681791666668,0.259465208333333,0.222776208333332,0.374875208333332,-1.50520579166667,-1.19226679166667,-1.34172579166667,-1.09380579166667,-0.860594791666667,-1.05202479166667,1.97338120833333,0.709243208333334,1.71265120833333,0.937323208333332,1.12301020833333,1.11667920833333,-0.618417791666667,-0.383276791666667,-0.393913791666667,0.0495572083333329,0.509351208333333,0.359014208333333
"Tfcp2l1","ENSMUSG00000026380",-0.782780875,-0.0995798749999999,-0.370248875000001,-0.457636875,0.0466811250000001,0.180653125,-1.343818875,-1.132915875,-0.958147875,-0.584714875,-0.713042875,-1.265558875,0.336870125,1.725238125,-0.488532875,1.660709125,1.513216125,1.938284125,0.593804125,0.480531125,0.138895124999999,0.413348125,-0.144126875,-0.687124875
"Tpcn2","ENSMUSG00000048677",-0.476788375,-0.360111375,-1.706697375,-0.0414923749999998,0.433695624999999,0.057072625,-0.714554375000001,-0.493218375000001,-1.586246375,-0.992662375,-1.315999375,-1.116570375,0.678942624999999,0.405649625,1.740028625,1.466928625,1.136094625,1.501894625,-0.182369375,0.437229625,0.661265625,0.153918625,0.176148625,0.137840625
"Glipr2","ENSMUSG00000028480",-0.742039041666667,-0.570382041666667,-0.397585041666668,-0.209721041666667,0.140196958333332,0.0308349583333332,-1.26312404166667,-1.13874704166667,-1.27697604166667,-0.896931041666667,-0.961287041666667,-1.06396904166667,1.07930495833333,-0.132369041666667,1.92920295833333,1.35779895833333,1.87958295833333,1.25224495833333,-0.0748500416666662,0.0568009583333335,0.0189219583333333,0.0928519583333323,0.513692958333333,0.376545958333333
"Sult1a1","ENSMUSG00000030711",-0.791435,-0.937965,-1.054975,0.404645,0.339045,0.401585000000001,-1.218665,-1.332765,-0.695375,-0.871755,-1.127425,-0.887295,1.745535,2.037325,0.671545,1.035225,0.888825000000001,1.151605,-0.285245,-0.204535,0.0958950000000005,0.272835000000001,0.205565,0.157805
"Casp1","ENSMUSG00000025888",-0.822101375000001,-0.394777375,0.0481846249999993,-0.280692375000001,0.0334206249999998,-0.0110393750000011,-1.359927375,-1.161794375,-0.978922375,-1.093880375,-1.383966375,-1.410163375,0.196591625,0.532403625000001,1.216778625,1.550218625,1.648208625,1.615818625,0.575888624999999,0.285529625000001,0.370299624999999,0.457123624999999,0.433862625,-0.0670643750000011
"Ssh3","ENSMUSG00000034616",-1.70647875,-1.57764275,-1.46772675,-0.61077275,-0.89257875,-0.67528475,-0.69173875,-0.22085775,-0.64547775,-0.72544475,0.29536025,-0.23707075,0.61917725,-0.33260775,0.65428525,0.76934425,0.40059925,0.36448225,0.50738925,0.96901325,1.42589625,1.11535025,1.20185125,1.46093325
"P2rx7","ENSMUSG00000029468",-0.0826422916666667,-0.347899291666667,0.225322708333334,-0.238031291666667,0.255709708333333,0.0430787083333337,-1.92227329166667,-1.12242729166667,0.345637708333333,-1.12483929166667,-1.54227429166667,-1.33105829166667,0.640518708333333,1.17239770833333,1.61631870833333,1.20857370833333,1.02810470833333,1.28561470833333,0.586887708333333,-0.714493291666667,0.120110708333334,-0.520775291666667,0.390756708333333,0.0276817083333336
"Tdrd7","ENSMUSG00000035517",-0.681065458333332,-0.600789458333333,-0.648543458333332,-0.026083458333332,0.127866541666668,-0.100953458333333,-1.41477945833333,-1.20176845833333,-1.31855645833333,-0.951813458333334,-0.997151458333333,-1.20496045833333,0.723256541666668,1.49778654166667,0.998246541666667,1.47866654166667,1.46898654166667,1.41774654166667,0.693066541666667,0.186466541666668,0.131876541666667,0.214466541666667,-0.0850934583333327,0.293126541666668
"Arhgdig","ENSMUSG00000073433",-0.929812833333333,0.293696166666667,-1.15657683333333,0.237813166666666,-0.414743833333334,-0.219960833333333,-0.696702833333333,-1.96963883333333,-1.59289583333333,-0.0838428333333336,-0.748238833333334,-1.23511083333333,1.25136416666667,0.835359166666667,0.983988166666666,0.534106166666667,0.953132166666666,1.08498216666667,-0.560721833333333,0.402571166666666,0.309935166666667,0.496639166666666,0.937406166666666,1.28725316666667
"Tapbpl","ENSMUSG00000038213",-0.969407625,-1.005357625,-1.104095625,-0.220422624999999,-0.331110625,-0.247350625,-1.119581625,-0.952757624999999,-1.006301625,-0.811029625,-1.148554625,-0.794437625,-0.370989625,0.203398375,0.341869375,1.434652375,1.494778375,1.351105375,1.213072375,1.091489375,0.902942375,0.828675375,0.555905375,0.663508375000001
"Rnf25","ENSMUSG00000026171",-0.059322083333333,-0.430536083333333,-1.01394008333333,-0.025080083333334,0.088527916666667,0.00971791666666633,-1.47968608333333,-1.07105208333333,-1.26515708333333,-1.20226008333333,-1.12247008333333,-0.994595083333333,1.00450091666667,0.638797916666666,1.12263791666667,1.52209191666667,1.68561691666667,1.53626491666667,0.0415679166666667,0.423006916666667,0.327400916666667,0.212710916666667,-0.127790083333334,0.179045916666666
"Inpp5d","ENSMUSG00000026288",-1.09373308333333,-0.409873083333333,-0.314232083333333,-0.372322083333333,0.722277916666667,0.249148916666667,-1.36365608333333,-1.01185208333333,-1.93494208333333,-0.354149083333333,-1.97219008333333,-0.323564083333333,0.602736916666667,0.163473916666667,0.959627916666667,1.45046291666667,1.01584091666667,1.05036691666667,0.290046916666667,0.501007916666667,0.782756916666667,0.572040916666667,0.801247916666667,-0.0105230833333332
"Grn","ENSMUSG00000034708",-0.570201666666666,-0.582361666666666,-0.257831666666666,0.0802283333333342,0.287648333333333,0.139818333333334,-1.49984166666667,-1.42299166666667,-1.34033166666667,-1.09695166666667,-0.830111666666665,-0.999131666666665,0.656298333333334,0.635318333333334,0.933838333333334,1.72742833333333,1.55843833333333,1.68576833333333,0.382188333333334,0.428608333333335,0.484638333333335,-0.156221666666665,-0.124911666666666,-0.119331666666666
"Mvp","ENSMUSG00000030681",-0.592589,-0.506049000000001,-0.335359,0.0112009999999998,0.0594710000000003,-0.166558999999999,-1.563577,-1.336683,-1.428663,-1.00262,-0.95241,-1.180255,1.258541,0.282121,1.592791,1.252091,1.305721,1.082471,-0.256609000000001,0.393981,0.356481,0.509801,0.619541,0.597161
"Irak3","ENSMUSG00000020227",-0.0957256249999983,-0.0413246249999997,-0.115262625,0.451745375000002,0.393017375000001,0.326247375000001,-1.559393625,-1.345099625,-1.391699625,-1.124715625,-1.224761625,-1.206011625,1.386472375,1.521796375,1.021970375,1.085179375,1.123528375,1.224176375,-0.197892625,-0.205693624999999,-0.155862624999999,0.239926375000001,0.0473463750000001,-0.157962625
"Fxyd6","ENSMUSG00000066705",-0.5764525,-0.2596825,-0.3237725,-0.3371925,-0.168452500000001,-0.0698225000000008,-1.0905725,-1.1903025,-1.2392525,-1.0270125,-0.9506125,-1.5009625,1.0798175,1.0931675,0.436697499999999,1.5937375,1.7268375,1.4557775,0.745827499999999,0.4744475,0.400807499999999,0.1688975,-0.101762500000001,-0.3401625
"Iigp1","ENSMUSG00000054072",-0.0794677916666666,0.459282208333334,-0.411775791666666,0.234205208333334,-0.189880791666666,-0.992987791666666,-1.05143979166667,-0.247131791666666,-0.567710791666666,-1.10527179166667,-1.79490379166667,-0.958257791666667,-1.17041579166667,-0.556674791666667,-0.302563791666667,0.998134208333334,0.0849182083333337,0.943382208333333,1.55245820833333,0.930854208333334,1.14771720833333,1.62113120833333,0.792465208333334,0.663934208333334
"Ass1","ENSMUSG00000076441",-0.506475,-0.453901,-0.469349,-0.436196000000001,-0.436655,-0.0353630000000003,-1.00444,-1.391109,-0.850295,-1.354899,-1.105283,-1.363558,0.182421,0.0337809999999994,0.861133,1.638797,1.420924,1.455723,0.686374,0.487468,0.853281999999999,0.744246,1.004095,0.0392789999999996
"Fgl2","ENSMUSG00000039899",-1.14012629166667,-1.47582329166667,-1.06688029166667,0.0544057083333325,0.138558708333333,-0.0970262916666673,-1.13051529166667,-1.10129229166667,-0.769641291666667,-0.666068291666667,-0.980964291666667,-0.902971291666667,1.61795470833333,-0.365818291666667,0.684276708333334,0.686724708333333,1.20596470833333,1.00005570833333,0.223157708333334,0.587706708333332,0.214384708333332,1.09833570833333,1.30392070833333,0.881680708333333
"Synpo2l","ENSMUSG00000039376",-0.870217583333334,-0.456045583333333,-1.24864758333333,0.342268416666666,-0.351968583333333,-0.0592035833333338,-0.848094583333333,-1.13780258333333,-0.956205583333332,-0.568150583333333,-0.909331583333334,-0.464778583333333,2.01962841666667,-1.32950058333333,1.05286841666667,0.688598416666666,1.02611841666667,0.743108416666667,-0.391955583333333,0.381888416666667,0.423788416666667,0.761398416666667,1.68550841666667,0.466728416666667
"Lgi2","ENSMUSG00000039252",-1.19060045833333,-1.76561545833333,-0.353687458333333,0.369864541666667,0.100811541666667,0.484553541666667,-0.584670458333333,-1.06618145833333,-0.413008458333333,-0.874452458333333,-0.658441458333333,-0.968110458333332,0.387504541666667,-1.00521845833333,1.61988454166667,1.57020754166667,1.35616454166667,1.54454154166667,0.278624541666667,-0.0620824583333333,0.544440541666667,0.349366541666667,-0.215457458333333,0.551562541666667
"Mgst2","ENSMUSG00000074604",-0.886022916666667,-0.610942916666667,-0.388934916666667,-0.307925916666667,0.612091083333333,0.339774083333333,-1.50531491666667,-1.50276291666667,-0.491738916666667,-0.761696916666667,-1.66406691666667,-0.800625916666667,0.183595083333333,0.142877083333333,0.0897550833333334,1.15015508333333,1.72629208333333,1.88998108333333,0.634701083333333,0.490901083333333,0.0672600833333332,0.710687083333333,0.495749083333333,0.386214083333333
"Tubb6","ENSMUSG00000001473",-0.976709625,-0.668191625,-0.461221625,0.213318375,0.220288375000001,-0.0846516249999993,-1.075050625,-1.084509625,-1.148167625,-0.715011625000001,-0.909761625,-0.761321624999999,2.124828375,-0.369301625,1.855138375,0.744688375000001,1.169578375,1.130838375,-0.602701625,-0.119261625,-0.00763162500000014,0.103658375,0.451568375000001,0.969588375000001
"Kcne4","ENSMUSG00000047330",-0.4994515,-0.6319035,-0.5685905,-0.2331715,0.3417335,-0.0962855000000005,-0.9119285,-1.1374405,-1.1105045,-0.4167835,-0.8157635,-0.9270525,2.8015455,0.7928475,1.6473405,0.4115745,0.4044815,0.6384735,-0.8538185,0.00692950000000003,-0.3778635,0.3254865,0.2505635,0.9595815
"Gda","ENSMUSG00000058624",-0.88447775,-0.27169875,-0.664266749999999,-0.29128275,-0.04990775,0.11997325,-0.565350749999999,-1.53310775,-0.95369275,-0.853370749999999,-1.79404275,-1.35743875,0.92119025,0.87322525,0.47050525,0.37874925,0.45344325,0.765902250000001,0.10824925,0.40920025,0.453294250000001,1.62918525,1.29859425,1.33712525
"Tslp","ENSMUSG00000024379",-1.16930654166667,-0.737925541666666,-0.750519541666666,-0.134421541666667,-0.775918541666667,-0.943612541666667,-0.713987541666667,-1.33649054166667,0.0605614583333338,-0.00286454166666683,0.130296458333333,-0.314555541666667,0.817566458333333,-1.48792154166667,0.324296458333333,0.0454804583333335,1.43485145833333,0.320575458333334,-0.116185541666667,-0.347452541666667,1.18732145833333,1.18110545833333,1.67719345833333,1.65191345833333
"Npc2","ENSMUSG00000021242",-1.109105125,-1.273167125,-0.735630124999998,-0.410935125,-0.491706124999999,-0.389165125,-0.836041124999999,-0.960965125,-1.017293125,-0.934935124999999,-1.081444125,-1.065521125,0.445713875000001,0.424375875000001,0.848217875000001,1.186157875,1.354397875,1.532637875,0.625237875000002,0.649507875000001,0.719547875,0.965327875000002,0.949487875000001,0.605297875000002
"Lamc2","ENSMUSG00000026479",-0.567704666666667,-0.198970666666667,-0.386916666666666,0.429609333333334,0.231238333333334,-0.0929266666666662,-1.34572466666667,-1.68887866666667,-1.58562466666667,-0.915982666666666,-1.20400066666667,-0.854359666666666,1.35904633333333,1.10013433333333,0.414375333333334,1.07085733333333,1.35284833333333,1.14769533333333,-0.609590666666667,0.566498333333334,0.480623333333334,0.483233333333334,0.428586333333334,0.385934333333333
"Naip2","ENSMUSG00000078945",0.175506875,-0.240923125,-0.590979125,0.727014875,0.241459874999999,0.734066875,-1.344973125,-2.330090125,-1.341181125,-0.941890125,-0.953778125,-0.578500125000001,0.495609875,-0.0406801249999997,0.574192875,1.361701875,1.427710875,1.410636875,0.444719875,0.217228875,0.177208875,0.317731875,0.457250875,-0.399046125
"Spic","ENSMUSG00000004359",-0.192544208333333,-0.461389208333333,-0.416499208333333,-0.228347208333333,-0.356512208333333,-0.566313208333333,-0.342180208333333,-1.35919720833333,-1.16646220833333,-1.33349620833333,-1.26103120833333,-0.984042208333333,-0.0693272083333332,0.00839079166666679,-0.575963208333333,1.39379779166667,1.53908679166667,1.44602779166667,0.327369791666667,0.953469791666667,0.884960791666667,1.12101079166667,0.543207791666667,1.09598279166667
"ILMN_2829457","ILMN_2829457",-0.553167041666667,-0.358444041666667,-0.188004041666667,0.00773095833333315,-0.642795041666667,0.0120959583333331,-1.04893404166667,-1.04765604166667,-0.781475041666667,-1.32474104166667,-0.891350041666667,-1.25082104166667,-0.306938041666667,0.158396958333333,-0.0825180416666669,1.22355795833333,1.33464495833333,1.22409595833333,0.650790958333333,1.58333995833333,0.894953958333333,1.31215295833333,0.937366958333333,-0.862284041666667
"Itgal","ENSMUSG00000030830",-0.760096,-0.846102999999999,-0.814115999999999,0.135804,-0.723574,0.192626000000001,-1.397687,-1.252203,-1.612915,-0.45004,-0.700112,-1.017099,0.390605,-0.0455730000000001,0.626485000000001,0.330095,1.444738,1.243881,0.71241,1.105878,1.261894,0.545802,1.05289,0.57641
"Nupr1","ENSMUSG00000030717",-0.0457923749999996,-0.103636375000001,0.00630162500000075,-0.232481374999999,-0.102458374999999,-0.249381375,-1.356192375,-1.348735375,-1.095185375,-0.979450374999999,-1.602533375,-1.397951375,0.706046625000001,1.152066625,1.239446625,1.204576625,1.307656625,1.330886625,0.819436625,0.247311625,0.350696624999999,0.220367625,0.0281626250000002,-0.099158375
"Ppp1r15b","ENSMUSG00000046062",-0.0406663333333332,-0.554965333333333,-0.176626333333333,0.138617666666667,0.632577666666667,0.149865666666667,-1.39578333333333,-0.685606333333333,-0.906441333333333,-0.924436333333333,-1.42053633333333,-1.13626133333333,1.86621966666667,1.08047566666667,1.47090666666667,1.04616166666667,1.19023566666667,1.06260366666667,-0.508589333333333,-0.452580333333333,-0.247081333333333,-0.579575333333333,-0.0331273333333328,0.424612666666667
"Ing5","ENSMUSG00000026283",-0.198092166666666,0.342262833333334,-0.469675166666666,-0.244441166666666,0.364231833333333,0.267594833333334,-0.672447166666666,-0.641821166666666,-1.40360916666667,-1.60748316666667,-1.95261616666667,-1.42662416666667,1.49161483333333,1.52847783333333,0.467415833333334,1.02627083333333,0.610666833333333,0.414501833333333,0.188072833333334,0.863430833333333,0.0919048333333334,0.376742833333333,0.674050833333333,-0.0904301666666667
"Adgre1","ENSMUSG00000004730",-1.58292875,-1.37453375,-0.72419375,0.00937925000000028,0.0422702499999996,0.0577592500000002,-0.47370175,-0.64402475,-0.448481749999999,-0.0862267499999998,-0.310521749999999,-0.536667749999999,-1.31593475,-1.20889575,-0.17264275,1.45610025,1.21965025,1.80690025,0.94023625,0.80164325,0.853441249999999,0.807428250000001,0.62399125,0.25995425
"Aim2","ENSMUSG00000037860",-0.164746583333333,-0.226971583333333,-0.275903583333333,0.627141416666666,-0.486952583333333,0.0549714166666666,-2.01274758333333,-1.46177358333333,-0.763392583333333,-0.986804583333333,-1.19810758333333,-0.876771583333333,0.741315416666667,-0.0863885833333331,0.417824416666667,0.967224416666667,1.51273341666667,1.46517241666667,0.590231416666667,-0.404130583333333,-0.00862958333333275,1.00169041666667,0.776691416666667,0.798324416666667
"Rassf5","ENSMUSG00000026430",-0.869342541666667,-0.731485541666666,-0.639283541666667,-0.350585541666667,-0.291436541666667,-0.252005541666667,-1.14145454166667,-0.669659541666666,-0.724719541666667,-0.960482541666667,-1.12572454166667,-1.64686054166667,0.193676458333333,-0.0700065416666664,0.712592458333333,1.52194445833333,1.63358745833333,1.43641745833333,0.755346458333333,0.780948458333333,0.768686458333334,0.514425458333333,0.843531458333334,0.311890458333333
"Baiap2","ENSMUSG00000025372",0.165911833333333,-0.807435166666667,-0.419180166666667,-0.168821166666667,-0.0250071666666667,0.255932833333333,-1.15737516666667,-0.728406166666667,-0.935796166666667,-1.39517116666667,-1.90126416666667,-1.22034516666667,0.139820833333333,1.20880583333333,0.152478833333333,0.755080833333333,0.841600833333333,0.461842833333333,1.99925283333333,0.637896833333333,0.155415833333333,0.794917833333333,0.428153833333333,0.761689833333333
"Pdpn","ENSMUSG00000028583",-0.936839875,-0.717034875,-0.0157388750000003,-0.242318875,-0.000268874999999724,-0.313928875,-1.051882875,-1.118682875,-0.905658875,-0.600628875,-1.269145875,-1.021203875,1.599531125,-0.218248875,2.026131125,0.743631125,1.407171125,0.817031125,-0.399098875,0.0249911249999997,0.254351124999999,0.251041125,0.579781125,1.107021125
"Wdr43","ENSMUSG00000041057",-0.337293333333333,-0.528146333333333,-0.707632333333333,-0.0691393333333323,-0.163622333333333,-0.206475333333334,-1.19461033333333,-1.16607733333333,-1.03938433333333,-1.03222733333333,-1.09915533333333,-1.13310933333333,2.00800866666667,0.600725666666667,1.48136766666667,1.11488166666667,1.11078166666667,1.09416466666667,-0.386921333333333,0.305620666666666,0.168624666666666,0.189818666666667,0.360745666666666,0.629054666666667
"Tgif1","ENSMUSG00000047407",-0.981275375,-0.779597375,-0.812708375000001,-0.458985375,-0.601580375,-0.381274375,-0.553281375,-0.734909375,-1.034784375,-0.913973375,-1.396102375,-1.295372375,1.422746625,0.452917625,1.041848625,0.825845624999999,1.398310625,1.228672625,0.0197726249999999,0.485278624999999,0.648071625,0.657862625,0.898302624999999,0.864214625
"Sesn2","ENSMUSG00000028893",-1.234545375,-1.353117375,-1.242831375,-0.972341375,-1.030965375,-0.615290375,-0.292923375,0.203406625,-0.199105374999999,-0.652239375,-0.865821374999999,-0.536614375,-0.521952375,0.612141625,-0.119327375,1.554047625,1.235079625,1.260327625,1.248319625,0.363829625,0.496879625,0.878635625,0.977589625,0.806817625
"Zfp809","ENSMUSG00000057982",-1.30825333333333,-0.943870333333334,-1.07281233333333,-0.525707333333334,-0.267663333333334,-0.354254333333334,-0.860316333333334,-0.805865333333334,-0.663159333333335,-0.885852333333334,-1.19473033333333,-0.761389333333334,1.84621466666667,1.43167966666667,0.575480666666666,0.882478666666666,0.833414666666666,0.966834666666665,0.0471126666666652,0.146286666666667,0.576518666666665,0.568251666666665,0.632962666666666,1.13663866666667
"Psd4","ENSMUSG00000026979",0.369536,-1.006821,0.449777,-0.0290619999999997,-0.608329,-0.0328789999999999,-0.124519,-1.393691,-0.873946,-0.515084,-1.460998,-1.24449,-0.516226,-0.293604,0.140336,1.162457,1.312923,2.226899,0.00723200000000013,0.840847,0.837468,0.775585,0.536337000000001,-0.559748
"Gstcd","ENSMUSG00000028018",-0.0834517499999996,0.59202825,-0.82485775,0.74972725,0.23485525,-0.10460675,-1.13943375,-1.28773375,-1.15555175,-0.93590775,-1.63970875,-1.43639875,0.892413250000001,0.0432432500000002,1.13548225,1.55863625,0.92635325,1.02635025,0.71562125,0.53987025,-0.0262727499999995,-0.52160375,0.26003925,0.48090725
"Cd80","ENSMUSG00000075122",-1.047003875,-0.467194875,-0.648256875,-0.406086875,-0.247612875,-0.373464875,-0.741802875,-1.372269875,-1.305954875,-0.444804875,-1.665054875,0.134146125,0.915096125000001,0.877125125,0.918432125000001,1.462533125,1.223705125,0.340258125,0.593958125,-0.923801875,1.056839125,0.752700125,0.918515125,0.450001125
"Ptprc","ENSMUSG00000026395",-0.159073833333333,-0.643007833333333,-0.608478833333333,0.282492166666667,0.216753166666666,0.625654166666667,-1.39046783333333,-1.46315583333333,-1.24370683333333,-1.13101783333333,-0.929087833333333,-0.551999833333333,-0.515479833333333,0.0659441666666667,-0.282255833333333,1.38609916666667,1.17731016666667,1.80896516666667,1.23458216666667,0.548487166666667,0.516320166666667,0.368264166666667,0.825863166666667,-0.139002833333333
"Shisa5","ENSMUSG00000025647",-0.650933791666667,-0.774973791666666,-0.672763791666666,-0.157233791666666,-0.106513791666666,-0.194363791666666,-1.16745379166667,-1.37943879166667,-1.38524779166667,-1.00306379166667,-1.05663379166667,-1.13191379166667,0.875666208333334,1.00534620833333,1.07001620833333,1.18188620833333,1.28396620833333,1.26369620833333,0.593956208333333,0.491026208333334,0.446346208333333,0.581256208333334,0.490656208333334,0.396716208333334
"Rab1a","ENSMUSG00000020149",-0.0204680000000002,-0.330255,-0.0688879999999994,0.592685,0.097359,0.474503,-1.54178,-1.255338,-1.299125,-1.297825,-0.555393,-1.100236,1.440649,0.897780000000001,1.229523,1.198908,1.279275,1.097271,-0.134812,0.30931,0.382688,-0.341985999999999,-0.716375999999999,-0.337469
"Arrb2","ENSMUSG00000060216",-1.34371245833333,-0.965851458333334,-1.13356945833333,0.123794541666667,0.309404541666666,-0.230640458333333,-0.776712458333334,-0.635962458333333,-0.748006458333333,-0.934169458333334,-1.25517245833333,-0.882902458333334,-0.459014458333334,-0.248156458333334,0.241646541666666,1.57468954166667,1.18777954166667,1.36452254166667,0.784112541666666,0.867424541666667,0.979481541666667,0.821078541666667,1.01356354166667,0.346372541666666
"9530082P21Rik","ENSMUSG00000097006",0.583890541666666,0.320792541666666,-0.0485694583333336,-0.269771458333333,-0.119248458333334,-0.485495458333333,-0.773196458333334,-1.90775045833333,-1.12089445833333,-1.20268745833333,-1.28657345833333,-1.15242345833333,0.935416541666666,1.52591254166667,1.15144554166667,0.925675541666666,0.646021541666666,1.05440654166667,1.04408154166667,0.125569541666667,0.277459541666667,0.331069541666666,-0.507299458333334,-0.0478314583333335
"Gadd45b","ENSMUSG00000015312",0.578756708333333,0.460473708333333,-0.0856382916666671,0.462153708333333,-0.178589291666667,0.076890708333333,-0.729000291666667,-1.29026729166667,-1.43152229166667,-1.29190029166667,-1.07969829166667,-1.94425029166667,1.09802270833333,0.184331708333333,1.26490370833333,0.862534708333333,1.17204870833333,1.33361970833333,-0.468924291666667,0.151188708333333,0.185564708333333,-0.0925492916666668,0.516014708333333,0.245835708333333
"Vcpip1","ENSMUSG00000045210",-0.385720166666666,-0.945256166666666,-0.478979166666667,-0.280994166666666,0.256187833333334,-0.359435166666666,-0.729995166666666,-0.255884166666666,-1.58009516666667,-0.140819166666666,-1.97871616666667,-0.582298166666666,1.97894783333333,-0.771074166666666,0.957445833333334,1.26656683333333,0.913781833333333,0.699278833333334,0.885537833333333,-0.0984011666666662,0.155650833333334,0.139169833333334,0.586241833333333,0.748858833333333
"Sqle","ENSMUSG00000022351",-1.17999208333333,-0.424273083333333,-0.441727083333333,-0.605138083333333,-0.227779083333334,-0.746570083333333,-0.324523083333333,-0.622223083333334,-0.797513083333333,-0.972534083333334,-0.517040083333334,-1.24468308333333,1.26822491666667,-1.39334008333333,1.90450591666667,0.811804916666667,1.16328191666667,0.476615916666667,0.218117916666666,0.629143916666667,0.648977916666666,0.689177916666667,1.09023991666667,0.597244916666666
"Lrrc25","ENSMUSG00000049988",-0.717461041666667,-0.701919041666667,-0.897980041666667,0.307606958333333,-0.226404041666667,-0.264907041666667,-0.911469041666667,-0.380384041666667,-0.240391041666667,-1.48152604166667,-1.64459504166667,-1.13858104166667,-0.464395041666667,-0.181168041666667,-0.0249130416666667,0.743803958333333,1.04935495833333,0.755634958333333,1.15126095833333,1.14242395833333,1.42483795833333,0.990907958333333,0.968219958333334,0.742041958333334
"Il4ra","ENSMUSG00000030748",-0.617730041666666,-0.699633041666667,-0.270916041666666,-0.108911041666667,0.424078958333334,0.252258958333333,-1.46778204166667,-1.31848404166667,-0.838539041666666,-0.843483041666667,0.0166219583333334,-1.13533504166667,1.55388695833333,-0.401300041666667,0.568914958333334,0.293825958333334,-0.351959041666666,0.344123958333334,-0.603393041666667,-0.0301290416666666,0.821293958333333,1.36270395833333,1.89631695833333,1.15356795833333
"Synpo","ENSMUSG00000043079",-0.586923333333333,-0.338569333333332,-0.0831393333333335,0.323700666666667,0.407600666666667,0.331360666666667,-1.26938033333333,-1.10834633333333,-1.04314633333333,-0.815224333333333,-1.38401533333333,-1.20409633333333,0.994550666666667,-0.356719333333333,1.82266066666667,0.831790666666667,1.55602066666667,1.03920066666667,-0.707598333333333,0.0466106666666679,0.212900666666668,0.331250666666667,0.444040666666668,0.555470666666666
"Rai14","ENSMUSG00000022246",-0.606043291666667,-0.406272291666667,-0.424698291666667,-0.0963022916666674,0.114588708333333,-0.185412291666667,-0.909793291666667,-0.954578291666667,-0.764840291666667,-1.12051529166667,-1.21489429166667,-1.17232029166667,1.98790270833333,1.08276570833333,1.68621270833333,0.384571708333333,0.767490708333332,0.756295708333333,-0.619795291666668,-0.351724291666667,0.0346997083333331,0.352870708333333,0.604652708333333,1.05513870833333
"Clec2d","ENSMUSG00000030157",0.0562594583333329,0.042389458333334,-0.782610541666667,0.338289458333334,0.540889458333334,-0.218220541666668,-1.15511554166667,-1.17007354166667,-1.15674654166667,-0.791430541666667,-1.45182154166667,-1.43643254166667,0.226619458333333,1.56184945833333,1.03129945833333,1.42490945833333,1.14324945833333,1.19256945833333,0.344899458333334,0.153219458333334,0.121749458333333,0.0980694583333328,-0.280650541666667,0.166839458333333
"B3galnt1","ENSMUSG00000043300",-1.43365383333333,-0.805762833333334,-0.351266833333334,-0.775061833333334,0.710110166666666,0.283005166666666,-0.976066833333334,-1.17151083333333,-0.318454833333334,-0.734504833333334,-0.958756833333334,-1.90477783333333,0.401776166666666,1.00266016666667,0.912166166666666,1.03901716666667,0.515709166666666,0.648246166666667,0.137669166666666,0.360317166666666,0.667990166666666,0.701747166666666,0.948028166666666,1.10137516666667
"Parvg","ENSMUSG00000022439",-0.192362541666667,-0.289817541666666,-0.459844541666667,-0.384452541666667,0.329660458333334,-0.406608541666666,-1.56050754166667,0.252124458333333,-0.846250541666667,-0.729109541666666,-0.804759541666666,-1.38024954166667,0.106172458333333,-0.829607541666666,-0.274274541666667,0.658434458333334,0.737323458333333,1.76179445833333,0.629855458333333,0.251528458333333,1.03798245833333,1.05985845833333,1.89475645833333,-0.561646541666667
"Tmem38b","ENSMUSG00000028420",-0.542986666666668,-0.676606666666668,-0.488726666666667,-0.347326666666667,-0.458056666666668,-0.351286666666667,-1.14770666666667,-0.954866666666668,-0.877486666666668,-0.729676666666668,-0.892416666666668,-0.774146666666667,1.78221333333333,1.02967333333333,1.87016333333333,0.702253333333333,0.725183333333332,0.460903333333333,-0.923836666666668,-0.0873766666666675,0.280683333333332,0.379693333333332,1.03481333333333,0.986923333333333
"Slco2a1","ENSMUSG00000032548",-0.971243458333333,-1.06832445833333,-1.11041645833333,0.531189541666667,0.503051541666666,0.429157541666666,-0.555032458333334,-1.10691645833333,-0.755044458333334,-1.22880045833333,-0.840241458333334,-1.02205345833333,1.98273354166667,0.129448541666666,1.21823454166667,0.930342541666667,0.891130541666667,0.982142541666667,-0.515130458333333,0.460757541666666,0.626368541666666,0.181261541666666,0.215441541666666,0.0919435416666667
"Eif1ad","ENSMUSG00000024841",-0.345725666666667,-0.375452666666666,-0.408355666666667,0.404313333333334,0.273670333333333,0.132961333333334,-1.14892866666667,-1.10964466666667,-1.16074466666667,-1.05515266666667,-0.995649666666667,-0.975859666666667,1.74445433333333,1.08360433333333,1.40877433333333,1.30108433333333,1.00367433333333,1.20955433333333,-0.531095666666666,-0.0234856666666658,-0.0906346666666664,-0.207280666666666,0.0430243333333333,-0.177104666666667
"Qsox1","ENSMUSG00000033684",-0.467590833333333,-0.529973833333333,-0.823571833333333,0.563876166666667,0.260480166666667,0.141070166666666,-0.919311833333333,-1.79824783333333,-1.15432283333333,-0.817255833333333,-0.437982833333334,-0.842778833333333,1.78425516666667,1.30695516666667,1.47942916666667,0.522617166666667,0.476331166666666,0.892134166666667,-0.623979833333333,-0.535069833333333,0.100492166666666,0.279356166666666,0.622723166666667,0.520366166666666
"Evi2a","ENSMUSG00000078771",-0.845157291666667,-0.881000291666667,-0.359159291666668,-0.0506562916666677,-0.177592291666667,-0.0663902916666679,-0.642988291666668,-0.861339291666667,-0.907521291666668,-0.888282291666667,-1.16576429166667,-1.24574729166667,-0.722480291666668,0.0813917083333333,0.772124708333333,1.76832570833333,1.21774770833333,1.51062870833333,1.01875270833333,0.526088708333333,0.794994708333332,0.504369708333332,0.860977708333333,-0.241323291666667
"B2m","ENSMUSG00000060802",-1.24175416666667,-1.42149416666667,-1.27539416666667,-0.285564166666667,0.0509758333333323,-0.237254166666666,-1.07489416666667,-0.863604166666667,-0.911194166666666,-0.571804166666666,-1.00612416666667,-0.738224166666667,0.468975833333333,0.462405833333333,0.602905833333333,1.21540583333333,1.19497583333333,1.14709583333333,0.787495833333333,0.812515833333332,0.792015833333332,0.713685833333333,0.668665833333334,0.710185833333332
"Slc39a14","ENSMUSG00000022094",-0.372444083333333,-0.601605083333333,-0.177103083333333,0.204299916666667,-0.0743280833333326,0.523749916666667,-1.21211508333333,-1.26045108333333,-1.10180308333333,-1.68287608333333,-0.823391083333333,-0.582485083333333,1.35442091666667,0.363350916666667,1.81059691666667,0.833749916666667,1.36208191666667,0.904192916666667,-0.555017083333333,0.177008916666667,0.351147916666667,0.366832916666667,0.119790916666667,0.0723949166666671
"Mok","ENSMUSG00000056458",-0.979294708333334,-0.399866708333334,0.373904291666666,0.537663291666666,0.267045291666666,0.0991742916666665,-1.58877770833333,-1.33822870833333,-0.908534708333333,-0.566948708333333,-1.18512370833333,-0.573584708333334,0.648198291666667,0.758852291666667,0.698644291666667,1.80266429166667,1.58442429166667,0.843180291666666,0.333320291666666,0.610340291666667,-0.0992987083333334,-0.962858708333334,0.0590112916666667,-0.0139057083333336
"Gprc5b","ENSMUSG00000008734",-0.668052541666666,-0.606377541666665,-0.593714541666666,0.225912458333333,0.475979458333335,0.430279458333334,-1.14775054166667,-1.03708754166667,-1.00666954166667,-0.723468541666666,-0.871568541666665,-1.03295854166667,1.71421945833333,1.46248945833333,1.85300945833333,0.667699458333335,0.714849458333333,0.847209458333333,-0.627704541666667,-0.282867541666667,-0.121641541666666,-0.0214655416666663,0.0573294583333332,0.292349458333334
"Pak3","ENSMUSG00000031284",-0.290406166666667,-0.898642166666667,-0.334525166666667,0.167046833333333,-0.163171166666667,0.0411788333333334,-0.732124166666667,-1.01204516666667,-0.917598166666667,-0.890733166666667,-0.622589166666667,-0.896690166666667,2.04389183333333,0.562682833333333,1.84185283333333,0.559646833333333,0.0172518333333329,0.732416833333333,-1.21764216666667,-0.335756166666667,0.0802628333333333,0.127974833333333,0.926246833333333,1.21146983333333
"Marcksl1","ENSMUSG00000047945",-0.878397,-0.973578,-1.640522,-0.830079,-0.793304999999999,-0.903011999999999,-0.641738999999999,-0.516501,-0.603799,-0.242111,-0.618786999999999,-0.532070999999999,0.162007000000001,-0.144881,0.231314,0.580502,0.959221,0.585779,1.576697,0.961864000000001,0.889205000000001,1.307951,1.207173,0.857069
"Zbtb16","ENSMUSG00000066687",-1.08186929166667,0.446769708333333,-0.712424291666667,0.338021708333333,0.584008708333333,1.06352170833333,-1.08279729166667,-1.33367629166667,-0.959285291666667,-0.942924291666666,-1.67423129166667,-1.06363729166667,1.51870870833333,1.18062970833333,0.891727708333333,0.402006708333333,0.0686187083333332,0.640475708333333,0.0648167083333329,0.0801197083333332,0.296906708333333,0.738094708333334,0.436836708333333,0.099581708333333
"Alox5ap","ENSMUSG00000060063",-0.876726166666666,-0.940197166666666,-0.413989166666665,0.200862833333334,0.382348833333333,0.212762833333334,-0.938276166666666,-1.07110216666667,-1.09311616666667,-0.986375166666665,-1.06517916666667,-1.00334716666667,0.297948833333335,0.509938833333335,1.23642883333333,1.44585883333333,1.54940883333333,1.58772883333333,-0.122867166666666,0.211189833333334,0.412728833333334,-0.170376166666665,0.714038833333333,-0.0796931666666651
"Aldh18a1","ENSMUSG00000025007",-1.12580358333333,-0.996013583333334,-1.45889758333333,-0.255734583333334,0.141040416666666,-0.553677583333334,-0.776621583333334,-0.578590583333334,-0.425084583333334,-0.497076583333333,-0.990579583333334,-0.454881583333334,-0.124859583333334,-1.10270458333333,0.0297994166666662,0.969726416666665,1.23096641666667,1.09269441666667,1.06289541666667,0.835115416666666,0.966730416666666,1.14098341666667,0.815716416666666,1.05485741666667
"Slc11a1","ENSMUSG00000026177",-0.958402541666667,-0.961389541666666,0.217489458333334,-0.096360541666666,0.0336594583333341,-0.0827105416666658,-1.17156154166667,-1.02093554166667,-1.07215054166667,-0.961258541666666,-0.930363541666667,-1.14633954166667,0.730579458333334,0.432019458333334,1.45005945833333,1.38233945833333,1.41656945833333,1.46742945833333,-0.0103705416666671,0.146539458333335,0.515029458333334,0.104759458333334,0.384389458333334,0.130979458333334
"Usp54","ENSMUSG00000034235",0.191699,0.0636650000000003,-0.0422440000000002,0.437391,0.192129,0.730112999999999,-1.194723,-1.30197,-1.23823,-1.348846,-1.057304,-1.491644,0.890693000000001,1.385293,0.654870000000001,1.032963,1.006863,1.342343,-0.174910000000001,-0.0169119999999996,0.319254000000001,-0.167524,0.119662,-0.332630999999999
"Vmn1r181","ENSMUSG00000097425",-0.0189020833333333,-0.245394083333333,-0.475266083333333,0.195594916666667,0.0387129166666669,0.374719916666667,-1.56018108333333,-1.40352808333333,-0.374528083333333,-0.697452083333333,-1.38917408333333,-0.822326083333333,0.658723916666667,0.249146916666667,2.13783391666667,0.758367916666666,1.40674391666667,1.05903191666667,-0.843235083333334,-0.0272310833333331,0.538947916666667,0.119184916666667,0.0872239166666668,0.232984916666667
"Cyb561","ENSMUSG00000019590",-1.10926816666667,-0.953980166666666,-0.988345166666667,0.0123898333333337,0.033849833333333,-0.357470166666667,-1.12220416666667,-0.807281166666666,-0.807350166666666,-0.576646166666666,-1.08154816666667,-1.14115516666667,0.784259833333333,0.370229833333333,1.03752983333333,0.805979833333334,0.955879833333334,0.728909833333333,-0.522409166666666,0.463159833333334,0.815439833333334,1.02551983333333,1.18929983333333,1.24520983333333
"Was","ENSMUSG00000031165",-1.021024625,-1.224195625,-0.782777625,-0.270953625,-0.239977625,-0.227799625,-0.595967625,-0.541662625,-0.696608625,-0.846038625,-0.566604625,-1.011734625,-0.610642625,-0.616820625,0.209431374999999,1.476561375,1.053508375,1.219535375,0.779866374999999,0.676214375000001,1.158176375,0.862357375,1.533530375,0.283627375
"Sh2d1b1","ENSMUSG00000102418",-0.400253708333333,-0.289201708333333,-0.414787708333333,-0.00983470833333344,-0.213955708333333,-0.00157170833333309,-1.00480370833333,-0.987970708333333,-0.810522708333333,-1.19743370833333,-1.08600270833333,-0.629315708333333,-0.190446708333333,-0.325725708333333,-0.0538757083333334,1.59485729166667,1.50827929166667,1.51531329166667,0.460067291666667,1.02636629166667,1.64684229166667,0.187628291666667,-0.476921708333333,0.153270291666667
"Spats2l","ENSMUSG00000038305",-1.17932470833333,-0.819684708333334,-0.755317708333333,0.0970882916666671,0.385196291666666,0.390501291666666,-0.890525708333334,-0.891063708333334,-0.615718708333334,-0.773791708333334,-0.973859708333334,-1.19376170833333,-0.385598708333333,0.716945291666667,-0.376493708333333,1.36426129166667,1.53627129166667,1.51162129166667,1.31470129166667,0.436959291666666,0.501880291666666,0.464845291666666,-0.0787437083333344,0.213613291666666
"Shb","ENSMUSG00000044813",-0.418068583333334,-0.806348583333333,-0.334527583333333,-0.382752583333333,-1.16293758333333,-1.04009858333333,-0.594378583333333,-0.533118583333333,-0.391472583333333,-1.26592958333333,-0.00739758333333285,-0.280129583333333,1.36961341666667,-0.632764583333333,0.937797416666667,-0.383014583333333,0.279148416666667,1.23557441666667,-0.292293583333334,0.757708416666667,-0.110427583333333,1.71254241666667,0.749588416666667,1.59368741666667
"Cdkn2b","ENSMUSG00000073802",0.129694416666667,-0.0659455833333329,0.193695416666667,-0.246779583333333,-0.0458885833333333,0.466286416666667,-0.933373583333333,-0.741734583333333,-1.55762058333333,-0.655732583333333,-1.66042958333333,-1.59429258333333,-0.0462875833333332,-0.138110583333333,0.961418416666667,1.16448941666667,1.56436141666667,1.29230041666667,0.0762774166666667,-0.0701575833333328,0.0847744166666669,0.395881416666667,0.654556416666667,0.772617416666667
"Adar","ENSMUSG00000027951",-1.034378625,-1.305763625,-0.729031624999999,0.0177273749999998,0.0273403750000014,-0.106816625,-1.135665625,-1.169110625,-1.061494625,-0.769769624999999,-0.664128624999999,-0.872010625,0.147680375,0.832498375,-0.103456625,1.081268375,1.305683375,1.219940375,1.154678375,0.729283375000001,0.520865375000001,0.625824375000001,0.341103375000001,0.947733375
"Pign","ENSMUSG00000056536",0.462611416666666,0.440418416666667,0.343196416666666,-0.180444583333333,0.0516594166666664,-0.0984605833333339,-1.21206458333333,-1.00583258333333,-1.19773358333333,-0.831425583333334,-2.07452558333333,-1.06291058333333,1.29996341666667,0.755324416666666,1.40474841666667,0.879325416666666,0.892570416666667,0.867092416666667,-0.368866583333333,0.307822416666666,-0.130628583333333,0.0426924166666662,0.137368416666667,0.278099416666667
"Cirbp","ENSMUSG00000045193",-0.133555541666666,-0.386136541666666,-0.476451541666666,0.0428254583333345,0.226015458333334,0.183725458333333,-0.665815541666666,-0.817869541666667,-1.11840854166667,-1.67410954166667,-0.641909541666667,-1.46485254166667,1.08696545833333,1.57907545833333,0.886395458333334,1.25156545833333,0.697615458333333,1.08140545833333,0.0361154583333345,0.344095458333333,0.309305458333334,0.161025458333334,0.537915458333334,-1.04493754166667
"Egr3","ENSMUSG00000033730",-0.388574125000001,-0.194613125,0.204113875,-0.270842125000001,-0.201802125,-0.810025125,-1.110904125,-0.747588125,-0.926219125,-0.217628125,-0.804960125,-1.550516125,0.672877874999999,0.242866875,2.314693875,0.00676287499999972,1.319813875,1.221179875,-0.825525125,0.212912875,0.321038874999999,0.518883874999999,0.446510875,0.567541875
"Trafd1","ENSMUSG00000042726",-0.415036083333334,-0.458636083333333,-0.343366083333335,0.177223916666666,0.326363916666667,0.309233916666665,-1.37905908333333,-1.23254208333333,-1.22591608333333,-1.05237108333333,-0.881596083333335,-0.936086083333334,0.587973916666666,1.11142391666667,0.909753916666666,1.38439391666667,1.52368391666667,1.40003391666667,0.437823916666666,0.231833916666666,0.0178539166666667,0.052573916666665,-0.394196083333334,-0.151366083333334
"Txnrd1","ENSMUSG00000020250",-1.0719725,-1.5594335,-0.6889375,-0.187809499999999,-0.836631499999999,-0.213232499999999,-1.7898205,-0.2385685,-0.3158965,0.00688449999999996,-0.7663195,-0.1680705,1.3547285,0.201627500000001,0.520957500000001,0.807913500000001,0.3594445,0.210485500000001,0.0567575000000007,0.4167195,0.0502335,0.7529415,1.3684425,1.7295565
"Grhl1","ENSMUSG00000020656",0.0426060833333333,-0.0944899166666673,0.303996083333333,-0.687900916666667,0.0714300833333334,-0.291739916666667,-1.09101091666667,-1.11584691666667,-1.60691991666667,-0.197567916666667,-1.11623791666667,-1.88166491666667,0.724757083333333,0.208493083333333,0.533075083333333,1.14107508333333,1.00236208333333,0.834855083333333,-0.367559916666667,0.440128083333333,0.670656083333333,0.756752083333333,1.16535908333333,0.555394083333333
"Loxl3","ENSMUSG00000000693",-0.0342454583333334,-0.525607458333333,-0.0177904583333337,0.233674541666666,-0.114641458333334,0.823941541666666,-1.76656545833333,-0.378576458333333,-1.09832745833333,-1.72383345833333,-1.24490545833333,-0.303659458333334,0.756041541666666,-0.264213458333333,0.400550541666667,0.464807541666666,0.843378541666666,1.03566254166667,-0.680484458333333,0.460113541666666,1.02831254166667,-0.163165458333333,0.875453541666667,1.39407954166667
"Pak1","ENSMUSG00000030774",-0.847507791666667,-0.934840791666667,-0.956616791666667,-0.223325791666666,0.217384208333333,0.507081208333334,-0.724305791666667,-0.976050791666667,-1.13784679166667,-1.12990779166667,-1.04913379166667,-0.434439791666667,0.367496208333333,-0.539824791666667,0.603444208333334,0.693781208333334,1.23762120833333,1.16031520833333,0.351219208333334,-0.152360791666667,0.594133208333333,0.658326208333333,0.907185208333333,1.80817420833333
"Dixdc1","ENSMUSG00000032064",-0.815785041666667,-1.11286704166667,-1.34590804166667,0.520362958333333,0.00697995833333298,0.413641958333333,-1.21635704166667,-0.929166041666667,-0.0735600416666671,-0.797199041666667,-0.999390041666667,0.219217958333333,-0.708749041666667,-0.666496041666667,-0.454720041666667,0.257374958333333,0.928722958333333,0.768375958333333,0.636473958333333,0.791463958333333,0.777839958333333,1.28279395833333,1.39096295833333,1.12598595833333
"Sostdc1","ENSMUSG00000036169",-1.00677741666667,-0.808926416666667,0.467286583333333,0.114172583333334,-0.187943416666667,0.0193555833333328,-2.19193541666667,-1.53212541666667,-0.963440416666667,-0.401799416666667,-0.204885416666666,0.301581583333333,0.00363158333333313,-0.364761416666667,0.412354583333333,1.03854558333333,1.43928358333333,1.01741358333333,0.292890583333334,0.541601583333333,0.852178583333333,0.786361583333333,0.797767583333333,-0.421830416666666
"Pla1a","ENSMUSG00000002847",0.0771087500000007,-0.0421892499999998,0.114667750000001,0.20246775,0.0872677500000005,-0.00742224999999941,-1.27216925,-0.870877249999999,-1.31727725,-1.36635125,-1.20383625,-1.48602825,1.33976975,0.68145975,1.07544975,1.13645975,1.22113975,1.09108975,-0.142966250000001,-0.04116125,0.317875750000001,0.118554749999999,0.20852775,0.0784397499999994
"Atf7ip","ENSMUSG00000030213",-0.727442249999999,-0.774427249999999,-0.807115249999999,0.29334175,0.465831750000001,0.528711750000001,-1.10609425,-0.95809925,-0.98962225,-0.879646249999999,-1.06509325,-1.23933625,0.41983175,0.453501750000001,0.273271750000001,1.57295175,1.49402175,1.66652175,0.0822717500000003,0.327191750000001,0.306111750000001,0.158771750000001,0.16110175,0.34344175
"Rassf1","ENSMUSG00000010067",-0.262056833333332,-0.417340833333332,-0.467814833333334,-0.0463468333333328,0.134593166666667,-0.059056833333333,-0.892389833333333,-0.828000833333332,-0.801576833333334,-0.949097833333333,-1.11065383333333,-0.992687833333333,2.11415316666667,0.702673166666667,1.89408316666667,0.742983166666667,1.03275316666667,0.714563166666666,-0.524661833333333,-0.417589833333333,-0.0569968333333328,-0.239956833333332,0.372303166666667,0.358123166666667
"Sema7a","ENSMUSG00000038264",-0.332634833333334,-0.248718833333333,-0.537584833333334,0.675259166666667,0.510669166666666,0.100108166666667,-1.45473183333333,-0.875493833333334,-1.24738283333333,-0.993493833333334,-0.685649833333335,-1.01419783333333,1.46508916666667,1.20178916666667,1.46793916666667,0.976239166666666,1.03463916666667,0.892759166666666,-0.551365833333334,-0.251940833333334,-0.224318833333333,-0.0514778333333332,-0.0729788333333339,0.217479166666667
"E2f3","ENSMUSG00000016477",-0.204864166666667,0.373960833333333,0.181700833333333,0.152270833333334,-0.0427361666666668,-0.428971166666667,-1.47343716666667,-0.443142166666667,-1.23268916666667,-1.21800416666667,-1.11744416666667,-1.08364716666667,1.91696783333333,0.472171833333333,1.75638583333333,0.663684833333333,0.671955833333334,0.797843833333333,-0.271454166666667,-0.256139166666666,-0.0298861666666665,0.103715833333333,0.338617833333333,0.373138833333333
"Aox1","ENSMUSG00000063558",0.118312458333333,-0.673767541666666,-1.47272154166667,0.202769458333334,-0.212602541666667,0.160310458333334,-1.58334154166667,-0.695492541666666,-1.15870154166667,-1.11578654166667,-0.795965541666666,-1.24819054166667,0.529671458333334,1.12438645833333,0.596259458333334,0.751140458333333,1.13949045833333,0.565836458333334,0.291586458333334,0.690151458333333,0.628527458333334,0.708442458333334,0.634637458333334,0.815047458333334
"Dram1","ENSMUSG00000020057",-0.906451083333334,-0.636477083333334,-0.376733083333335,-0.110006083333333,0.0358639166666652,-0.162179083333333,-1.24759208333333,-0.883243083333334,-1.16636608333333,-0.696494083333334,-1.12691008333333,-1.09580508333333,0.205845916666666,-0.518970083333334,0.793389916666666,1.21852791666667,1.46308791666667,1.44055791666667,0.528593916666667,0.637440916666666,0.679621916666665,0.662421916666666,0.754742916666666,0.507131916666665
"Rrp12","ENSMUSG00000035049",-1.01871016666667,-0.728660166666668,-0.833230166666667,0.263929833333332,0.113039833333334,-0.0827201666666664,-1.07568616666667,-1.18807816666667,-1.05737216666667,-0.871150166666666,-0.666140166666667,-0.762980166666667,1.78353983333333,-0.152340166666667,1.07336983333333,0.802239833333333,1.10018983333333,1.26788983333333,-0.339840166666667,0.303219833333333,0.188109833333332,0.494089833333334,0.639139833333333,0.748149833333333
"Klf6","ENSMUSG00000000078",-0.541976500000001,-0.3490865,-0.4501565,0.1636735,0.262473499999999,0.3600435,-1.2535155,-1.3186615,-1.1360865,-1.0222865,-0.8247765,-1.2389565,1.5256035,0.387553499999999,1.6958535,0.936363499999999,1.0199435,0.739633499999998,-0.2231065,0.2042635,-0.0342465000000001,0.228673499999999,0.289213499999999,0.579563499999999
"Ptk2b","ENSMUSG00000059456",-1.38805954166667,-0.817296541666667,-0.483989541666667,0.255494458333333,0.160482458333333,-0.706522541666667,-0.946822541666667,-0.317696541666667,-1.20650154166667,-0.0226565416666666,-0.513076541666667,-0.115536541666667,-0.718966541666667,-1.01341154166667,-0.800849541666667,0.935278458333333,0.511210458333333,0.871771458333333,1.11576045833333,1.11579645833333,0.989830458333333,1.18404645833333,1.21630845833333,0.695406458333333
"A930018P22Rik","ENSMUSG00000032671",-0.802532708333334,-0.421764708333333,-0.625631708333334,0.239365291666666,-0.551743708333333,0.210029291666666,-0.588366708333333,-0.829943708333333,-0.918473708333333,-1.29099170833333,-1.01415670833333,0.501073291666667,1.88670829166667,0.648575291666667,1.20717229166667,1.40489729166667,0.502698291666666,1.17674729166667,-0.500486708333333,0.299204291666666,0.405996291666667,0.262811291666666,-0.238628708333334,-0.962557708333334
"Etv6","ENSMUSG00000030199",0.257497291666667,0.165836291666667,0.0468442916666669,0.220132291666667,0.190715291666667,0.498926291666667,-1.31116970833333,-1.69005970833333,-1.80164170833333,-1.24664970833333,-0.740143708333333,-0.852061708333333,0.874010291666667,0.801332291666667,0.912131291666667,1.08265229166667,0.993956291666667,0.713639291666667,-0.0230537083333333,-0.0777767083333334,-0.123335708333333,0.236101291666667,-0.0468367083333332,0.918954291666667
"Tnrc18","ENSMUSG00000039477",-0.2189585,-1.3297805,-0.8372015,-0.5415045,-0.4081555,-0.0293985000000001,0.338060499999999,0.211568499999999,-0.183847500000001,-1.1198845,-0.8772195,-1.2412655,0.621834499999999,0.0205504999999997,-0.2081125,-0.5211625,-0.0804075000000006,-0.605232500000001,0.721651499999999,1.0987675,0.819374499999999,1.5218415,1.8051755,1.0433065
"Plscr1","ENSMUSG00000032369",-1.07255545833333,-1.08247645833333,-1.13666345833333,-0.118048458333334,-0.200646458333333,-0.154794458333333,-0.930597458333333,-0.585394458333333,-0.618186458333334,-0.763017458333334,-0.941033458333333,-0.831497458333333,1.69271954166667,0.144958541666666,0.834349541666667,0.489599541666667,1.22305954166667,0.944059541666666,-0.545572458333334,0.427929541666668,0.503749541666666,0.875089541666666,0.886059541666667,0.958909541666667
"Gmfg-ps","ENSMUSG00000083041",-0.625808083333333,-0.993399083333333,-0.444553083333333,0.0500919166666671,0.422466916666666,-0.0149350833333335,-1.05413508333333,-1.19170608333333,-0.809310083333333,-0.682829083333333,-0.936580083333333,-1.09787408333333,0.181856916666667,-0.0664610833333334,0.626737916666666,1.57742191666667,1.56751091666667,1.66897291666667,0.427413916666668,0.378426916666667,0.277635916666666,0.330954916666666,0.733199916666667,-0.325100083333333
"C1s1","ENSMUSG00000038521",-1.00447183333333,-1.35547883333333,-0.399151833333333,-0.355721833333333,-0.310818833333333,0.303833166666667,-0.262936833333333,-0.587675833333333,-0.665930833333333,-1.25347583333333,-1.02929583333333,-1.05633483333333,-0.450559833333333,0.0591591666666664,0.165600166666667,0.928652166666667,1.09950816666667,1.39993316666667,1.17838916666667,1.15190016666667,1.02364716666667,0.656255166666667,0.609861166666667,0.155114166666666
"Shroom3","ENSMUSG00000029381",-0.645685833333333,-0.631640833333334,-0.951229833333334,-0.176355833333334,-0.342324833333334,-0.229752833333334,-0.893944833333334,-0.785855833333335,-0.870794833333333,-0.959401833333335,-1.06125383333333,-0.989629833333334,0.457543166666666,-0.0174478333333337,1.08331316666667,0.706783166666666,1.23237316666667,0.528863166666666,-0.516042833333334,0.638773166666667,0.954273166666667,0.718493166666667,1.18848316666667,1.56246316666667
"C1qa","ENSMUSG00000036887",-1.2548965,-1.2408145,-0.552051499999999,0.4658835,0.5384215,0.247775499999999,-0.8602355,-0.990118499999999,-0.8737105,-0.7233895,-0.8157915,-0.9617945,-0.1147355,0.3434925,0.673080500000001,1.8127555,1.1102355,1.3917855,0.792996500000001,0.273827499999999,0.4567405,0.152794500000001,0.138184499999999,-0.0104354999999998
"Irf1","ENSMUSG00000018899",-0.373224583333334,-0.285164583333334,-0.171954583333333,0.0210654166666657,0.174185416666667,0.290265416666665,-1.14782458333333,-0.964544583333334,-1.11732458333333,-1.29148458333333,-1.18482458333333,-1.26068458333333,0.0161554166666669,0.438865416666665,0.665225416666667,1.37562541666667,1.76048541666667,1.31173541666667,0.571975416666666,0.354335416666666,0.272865416666667,0.117705416666666,0.150435416666665,0.276105416666667
"Hcst","ENSMUSG00000064109",-0.708109625000001,-1.349339625,0.100862374999999,-0.194963625000001,0.200273374999999,-0.529124625000001,-0.414980625,-0.367345625,-1.013611625,-1.263752625,-0.942929625000001,-1.252863625,0.839709375,0.794774374999999,1.479132375,1.454655375,0.526380375,1.082439375,-0.427187625,0.507837374999999,0.467796375,0.246738375,0.746433375,0.017176375
"Anxa4","ENSMUSG00000029994",-1.34926958333333,-1.72149158333333,-0.959370583333333,-0.620199583333333,-0.674865583333333,-0.425521583333333,-0.596841583333333,-0.695933583333333,-0.155684583333333,-0.202486583333333,-0.0163235833333326,-0.439996583333333,-0.141208583333333,-0.607951583333333,0.248755416666667,0.666207416666667,0.858991416666666,1.18880641666667,0.785137416666667,0.689123416666667,0.736667416666667,1.20605141666667,1.16200441666667,1.06540041666667
"Gm68326","ENSMUSG00000123461",-0.78545775,0.189425249999999,-1.23469275,-1.33652975,-0.879803750000001,-1.16821375,-0.52287275,-0.37397575,-0.63268475,-0.36399875,-0.153784750000001,-0.368378750000001,1.01043425,1.61650525,-0.72509875,1.29216925,0.55437225,0.90560625,0.94708725,0.57033925,0.47069825,0.749116249999999,0.45633325,-0.216594750000001
"Rprd2","ENSMUSG00000028106",-0.828176416666667,-0.708385416666667,-0.0907374166666663,-0.056804416666667,0.496397583333334,-0.933339416666667,-0.739719416666667,-0.180942416666666,-0.727078416666667,-1.22446641666667,-0.432724416666667,-1.77795641666667,1.53345158333333,0.624193583333334,1.46717158333333,0.507773583333333,0.836521583333333,0.841349583333333,-0.586603416666667,0.0861345833333331,0.843119583333333,0.0772535833333334,0.623165583333333,0.350401583333333
"Ly6c1","ENSMUSG00000079018",-0.576960833333333,-0.633860833333333,-0.673660833333333,0.0618191666666679,0.037369166666668,-0.106980833333333,-1.01714083333333,-1.29454083333333,-0.734700833333333,-0.685940833333332,-1.23020083333333,-0.870230833333332,1.55463916666667,1.62240916666667,1.28899916666667,0.876709166666668,0.593529166666668,1.08098916666667,0.0541791666666676,-0.0575108333333318,0.0507791666666684,0.118869166666668,0.416479166666667,0.124959166666667
"Zgrf1","ENSMUSG00000051278",-0.610756041666666,-0.00868804166666592,-0.222765041666666,0.183293958333334,0.462214958333334,-0.412901041666666,-1.19323604166667,-0.758516041666666,-1.87819604166667,-0.685188041666666,-0.836056041666666,-1.16737004166667,0.573283958333334,0.0721629583333341,0.549615958333334,1.57889695833333,1.09831295833333,1.57746695833333,0.320401958333334,0.0147919583333334,0.302544958333334,0.094795958333334,0.564597958333334,0.381290958333333
"ILMN_1258904","ILMN_1258904",-0.959147625,-0.555249625000001,-0.185051625000001,-0.394898625,0.227176375,0.862878374999999,-1.176754625,-1.020596625,-1.894944625,-0.362597625,-0.124232625,-0.845271625000001,-0.214031625000001,-0.342571625000001,-0.408072625,0.709222375,1.106222375,1.536392375,0.530500375,0.699961375,0.793826375,0.861793375,0.495683375,0.659764375
"Gm17873","ENSMUSG00000115843",0.469550791666667,-0.725867208333333,-1.41841320833333,-0.204883208333333,0.229532791666667,0.641841791666667,-1.08226720833333,-0.182645208333333,-0.977863208333333,-1.69691720833333,-1.07307020833333,-0.738354208333333,1.77862179166667,0.454344791666667,0.231161791666667,0.938404791666667,0.846720791666667,0.547311791666667,0.428976791666667,0.0967867916666671,0.321419791666667,0.658903791666667,0.404389791666667,0.052312791666667
"Gclm","ENSMUSG00000028124",-0.932555499999999,-1.2790275,-1.3138645,-0.7780945,-0.468121500000001,-0.8902105,-1.0633645,-0.453808500000001,-0.637112500000001,-0.3894915,-0.4413605,-0.573788500000001,1.1233855,0.7225325,0.627496499999999,0.6493365,0.542372499999999,0.6628135,0.294112499999999,0.868178499999999,0.878061499999999,0.7112865,0.796378499999999,1.3448455
"Hspa1a","ENSMUSG00000091971",-1.21418829166667,-1.14375329166667,-0.175911291666667,-0.767686291666666,-0.102664291666667,-0.378285291666667,-1.19968729166667,-0.956108291666666,-0.367118291666666,-0.274401291666667,-1.04952629166667,0.147314708333333,1.82915970833333,1.70349670833333,0.686806708333333,0.339129708333333,0.507731708333333,0.780926708333333,-0.290354291666667,0.0113177083333333,0.148722708333334,0.738732708333333,0.446244708333333,0.580100708333333
"Fem1c","ENSMUSG00000033319",-0.652059541666667,-0.324186541666666,-0.174642541666667,0.191955458333333,0.210110458333333,0.00273845833333297,-0.831943541666667,-1.08853054166667,-0.841558541666667,-0.957305541666667,-0.826553541666667,-0.825149541666667,2.06374645833333,0.725347458333333,1.56334045833333,0.860213458333334,0.857817458333333,1.13889145833333,-0.417305541666667,-0.343498541666666,-0.464306541666667,-0.00265754166666632,0.224397458333334,-0.0888605416666666
"Egfr","ENSMUSG00000020122",-0.7299785,-0.1917835,-0.3311365,0.0156395000000007,0.2594475,0.362104500000001,-0.886124499999999,-1.1537655,-0.8377915,-0.8471465,-0.975585499999999,-1.2393445,1.5279045,0.6703615,1.4007985,1.1694185,1.2645315,1.0031815,-0.4854555,-0.2269445,-0.1489575,-0.0746675000000003,0.303677500000001,0.151616500000001
"Eif4ebp1","ENSMUSG00000031490",-0.0299912500000001,-0.37599125,-0.308461250000001,0.146928749999999,0.0255887499999989,0.22534875,-1.31885125,-1.22393125,-1.15909125,-1.18545125,-0.930131250000001,-1.17175125,0.83617875,0.644438749999999,1.42671875,1.14975875,1.16526875,1.11910875,-0.21833125,0.25298875,0.0884387499999999,0.25454875,0.35495875,0.231708749999999
"Dip2b","ENSMUSG00000023026",-0.243374083333333,-0.197333083333334,-0.0754740833333338,-0.378997083333333,-0.295896083333334,0.167701916666666,-0.771442083333334,0.332329916666667,-1.05171908333333,-1.60972308333333,-1.43976308333333,-1.31465908333333,0.334662916666667,-0.280251083333334,1.18760391666667,0.699426916666667,1.46331891666667,0.433857916666667,-0.559910083333333,0.509457916666666,0.766432916666666,0.664671916666666,0.877978916666667,0.781097916666666
"Serping1","ENSMUSG00000023224",-0.698829166666666,-0.817569166666667,-0.293279166666666,-0.273699166666667,-0.0889191666666669,-0.192199166666667,-1.00727916666667,-1.22985916666667,-1.10055916666667,-0.869939166666667,-1.26220916666667,-1.01879916666667,0.752940833333334,0.595860833333333,0.681920833333335,1.15649083333333,1.02243083333333,1.08454083333333,0.845860833333333,0.683840833333333,0.866010833333334,0.582900833333333,0.375180833333333,0.205160833333334
"Ctsz","ENSMUSG00000016256",-1.02370416666667,-0.918245166666666,0.146369833333335,0.558212833333334,-0.0227981666666661,0.113364833333334,-0.852356166666666,-1.06366816666667,-1.07095316666667,-0.828778166666666,-0.979675166666666,-0.983519166666667,0.0253918333333338,-0.0133971666666657,0.461503833333333,1.46733083333333,1.56425083333333,1.48159083333333,0.504602833333333,0.257994833333333,0.357480833333334,0.252604833333335,0.702571833333334,-0.136176166666665
"Cdc42ep4","ENSMUSG00000041598",-1.14397958333333,-1.45694858333333,-1.23596458333333,0.205300416666667,0.547696416666668,0.131701416666667,-1.12565758333333,-1.05417558333333,-0.482505583333333,-0.576342583333332,-0.571976583333333,-0.349147583333334,1.49247341666667,0.593264416666667,1.10893341666667,1.02137241666667,0.605866416666666,0.839632416666667,-0.505949583333333,0.200028416666667,0.243149416666666,0.403011416666667,0.584039416666666,0.526178416666667
"Itgam","ENSMUSG00000030786",-0.511559125,0.279757875,-0.094483125,-0.209606125,0.265159875,-0.454309125,-1.325658125,-1.408531125,-0.827737125,-0.234209125,-1.285922125,-0.742389125,0.562366875,-0.332899125,1.491474875,0.663529875,1.228473875,1.702608875,0.110957875,0.333041875,0.031469875,0.0131968750000002,0.872723875,-0.127459125
"Timeless","ENSMUSG00000039994",-0.272514624999999,-0.455748624999998,-0.545490624999999,0.415204375,0.322693375,0.433407375000002,-1.196948625,-1.053585625,-1.015831625,-0.947674624999999,-0.814868624999999,-0.883801624999999,0.879322375000001,1.174048375,1.185690375,1.355149375,1.338689375,1.122859375,-0.269741625,-0.149951625,-0.474488624999999,-0.0582876249999984,-0.0586546249999991,-0.0294756249999999
"Mical1","ENSMUSG00000019823",-1.36336766666667,-0.607328666666667,-0.779212666666667,0.0197323333333328,0.0909733333333334,-0.308435666666667,-0.464211666666667,-1.02911666666667,-1.01968866666667,-0.928099666666667,-0.878405666666667,-0.966714666666667,0.961258333333332,0.102734333333333,1.31836433333333,0.521046333333334,0.738763333333334,0.650687333333333,-0.179520666666667,0.433592333333332,0.716920333333333,0.582404333333334,1.25188833333333,1.13573733333333
"Taf1d","ENSMUSG00000031939",-0.994265541666667,-0.858412541666667,-1.01302854166667,-0.571871541666667,-0.256952541666667,-0.843551541666667,-0.524605541666666,-0.624350541666667,-0.477879541666667,-0.693287541666667,-0.859319541666666,-1.09323054166667,1.79415245833333,0.0316724583333334,0.605403458333334,0.716363458333332,0.633424458333333,1.11593245833333,0.779856458333334,0.400921458333333,0.462577458333334,0.680491458333333,0.668672458333334,0.921287458333333
"Btc","ENSMUSG00000082361",-1.10565958333333,-0.582481583333333,-0.410105583333333,0.0440404166666664,-0.154313583333333,-0.429580583333333,-0.140275583333334,-0.440162583333334,-0.758286583333334,-0.684258583333333,-0.800654583333333,-0.976720583333333,-1.32114658333333,-0.578140583333333,0.172173416666666,0.904026416666666,1.14449841666667,1.01769241666667,0.994075416666667,0.441674416666666,0.692535416666667,0.964088416666667,0.323975416666666,1.68300641666667
"Cd40","ENSMUSG00000017652",0.030823791666668,-0.187784208333333,-0.057265208333332,0.0417437916666668,0.068192791666668,0.124213791666667,-0.911658208333333,-0.906909208333333,-1.19573620833333,-1.01180420833333,-0.920759208333333,-1.13254220833333,-0.054463208333333,0.364642791666666,0.242511791666667,1.42075579166667,1.79496979166667,1.22301079166667,1.24799179166667,0.584752791666666,0.057980791666667,-0.057907208333333,-0.324941208333333,-0.439820208333333
"Heatr1","ENSMUSG00000050244",-0.310642958333334,-0.299622958333334,-0.268512958333334,0.330347041666666,0.413617041666667,0.323187041666667,-0.968838958333333,-1.05094495833333,-1.16832795833333,-1.14278495833333,-0.892326958333333,-1.00497295833333,1.20983704166667,0.0671570416666665,1.37011704166667,1.03231704166667,1.42456704166667,1.18022704166667,-0.483562958333334,0.0183170416666663,-0.233322958333334,0.0647070416666669,0.0153570416666664,0.374107041666667
"ILMN_3001914","ILMN_3001914",-0.753315708333334,-0.635461708333333,-0.921711708333333,0.372229291666667,0.303949291666667,-0.229973708333333,-1.03116470833333,-1.21108970833333,-0.835921708333332,-0.915952708333334,-0.657535708333333,-1.06056470833333,1.52479929166667,1.26172929166667,0.860279291666666,0.874929291666668,0.935349291666666,0.879759291666666,0.0284912916666666,0.378709291666667,-0.144445708333333,0.458459291666667,0.0940842916666664,0.424369291666666
"Dync2h1","ENSMUSG00000047193",-0.076247791666666,0.036736208333334,-0.335857791666666,0.163131208333334,0.333170208333334,0.120313208333334,-1.16797579166667,-0.584046791666666,-0.799711791666667,-1.31148179166667,-1.01777279166667,-1.45361879166667,0.153723208333334,0.523368208333333,-0.0871787916666662,1.27648620833333,1.32996120833333,1.25993020833333,1.35816520833333,0.472661208333334,0.405657208333333,0.00168220833333343,-0.0448757916666667,-0.556217791666667
"Nop14","ENSMUSG00000036693",-0.420402791666667,-0.462583791666667,-0.382267791666667,0.107926208333332,0.316951208333332,0.169028208333332,-1.25864579166667,-1.22225879166667,-0.984522791666667,-1.21471179166667,-0.703005791666667,-1.01025679166667,1.08045620833333,0.316864208333334,0.869236208333334,1.23558520833333,1.31427320833333,1.44910320833333,-0.109595791666667,0.191182208333332,0.172026208333333,0.301185208333333,0.122859208333333,0.121575208333333
"Plat","ENSMUSG00000031538",-1.4761945,-1.2706315,-1.1057635,-0.1933095,-0.0734185000000007,-0.4827575,-0.7622815,-0.455099499999999,-0.600649499999999,-0.394059500000001,-0.765487500000001,-0.897990500000001,1.2228945,0.2607895,1.0009545,0.693664500000001,1.0495745,0.7475045,0.127508499999999,0.4718445,0.5067345,0.493994499999999,0.8263645,1.0758145
"Snx10","ENSMUSG00000038301",-1.45609391666667,-1.48100291666667,-1.20504891666667,0.169535083333335,0.191725083333335,0.218525083333335,-0.473053916666666,-0.546154916666666,-0.524427916666665,-0.394810916666666,-0.916480916666666,-0.960211916666665,0.0303750833333343,0.0370950833333339,0.156275083333334,1.11706508333333,1.12026508333333,1.21578508333333,0.310565083333334,0.352155083333335,0.469955083333334,0.817495083333334,0.822415083333334,0.928055083333334
"Tpm3-rs7","ENSMUSG00000058126",-1.162380375,-1.381337375,-0.865840374999999,-0.251067375,-0.251097374999999,-0.493467375,-0.777300374999999,-0.608525374999999,-0.612052374999999,-0.630732374999999,-0.926003374999999,-0.787717375,1.084282625,0.324182625000001,0.980082625000001,0.935522625000001,0.949602625000001,1.152442625,0.264322625,0.428842625000001,0.665762625000001,0.501542625000001,0.855842625000001,0.605092625000001
"Gtf2a1","ENSMUSG00000020962",-0.132250625,-0.0303906250000003,-0.0694676250000001,0.0904493749999995,0.0297503749999999,0.0260983750000001,-0.573585625,-0.491317625,-1.163313625,-1.277449625,-0.742831625,-1.690060625,2.265508375,0.626694375,0.450103374999999,0.444601375,0.569476375,0.210783375,0.013090375,0.426875375,0.584457375,-0.686310625,0.706990375,0.412099374999999
"Mcemp1","ENSMUSG00000013974",-1.01958529166667,-0.696885291666667,-1.06845429166667,-0.0828642916666666,-0.790487291666667,-0.562640291666667,-0.158711291666667,-0.0183512916666668,-0.521030291666667,-0.705855291666666,-1.31747229166667,-0.520867291666667,0.764027708333333,0.274736708333333,0.682019708333333,1.15173370833333,1.74607270833333,1.34095970833333,-0.309759291666666,0.105622708333333,0.396020708333333,0.0728547083333329,0.919409708333333,0.319505708333333
"Cchcr1","ENSMUSG00000040312",-0.446951,-0.187905000000001,-0.356225,-0.0350350000000006,0.506291999999999,0.151066999999999,-0.837711000000001,-0.409406000000001,-1.398579,-1.597829,-1.060535,-1.20851,0.443073,-0.518921000000001,0.945733,0.555062,1.381948,0.726237999999999,0.289168999999999,0.378652,0.562170999999999,0.447079,0.788463,0.88266
"Klhl6","ENSMUSG00000043008",-0.548384708333334,-0.269560708333334,-0.242750708333334,0.164899291666666,0.206989291666666,0.173099291666666,-1.04212470833333,-1.11865470833333,-1.07036270833333,-0.610245708333334,-0.869620708333333,-1.14505770833333,0.903559291666667,0.254449291666667,1.21749929166667,0.985639291666667,1.37688929166667,0.968949291666666,-0.995497708333334,-0.0928307083333344,0.046819291666667,0.304709291666667,0.448079291666666,0.953509291666666
"Relb","ENSMUSG00000002983",-0.691359041666667,-0.517189041666667,-0.679067041666666,-0.0482640416666662,-0.193736041666667,-0.987531041666666,-0.876218041666666,-0.744528041666666,-0.930271041666667,-0.861661041666666,-0.846843041666666,-0.973215041666666,1.15908395833333,-0.365888041666667,1.09137795833333,0.679602958333333,1.42075595833333,0.545004958333333,0.887049958333333,0.622741958333333,0.535286958333334,0.434116958333333,0.759172958333333,0.581575958333334
"Btg3","ENSMUSG00000022863",0.104297416666666,-0.621838583333333,0.0844814166666668,-0.393402583333334,-0.482200583333333,-0.373738583333333,-0.169127583333333,-0.823029583333334,-1.61037658333333,-1.12402358333333,-0.520609583333333,-0.209976583333334,1.44955541666667,2.00625141666667,1.19550541666667,0.853028416666667,0.250425416666666,0.330939416666666,-0.559008583333333,-0.00928558333333385,0.177111416666667,0.0777914166666669,0.0436664166666665,0.323564416666667
"Skap2","ENSMUSG00000059182",-0.661954958333332,-0.906913958333332,-0.204603958333333,-0.0149969583333327,0.138884041666667,-0.0697869583333333,-1.07093195833333,-1.04477895833333,-1.00604995833333,-0.910952958333333,-0.866050958333332,-1.09445695833333,0.484954041666667,0.189188041666668,0.967644041666668,1.18808404166667,1.28854404166667,1.38675404166667,-0.0933939583333334,0.366994041666667,0.458534041666667,0.297204041666667,0.598354041666667,0.579734041666667
"Tmem176b","ENSMUSG00000029810",-0.4617515,-0.5496915,-0.0324815000000012,0.061358499999999,0.149328499999999,0.3514485,-1.3906655,-1.1152485,-1.1330285,-0.815547500000001,-0.690011500000001,-1.0355415,0.1537285,0.5390385,1.1113385,1.2228185,1.4140085,1.4196785,0.0536584999999992,0.159848499999999,0.2301985,0.288638499999999,0.1334885,-0.0646114999999998
"Ttpal","ENSMUSG00000017679",-0.472718208333333,-0.766706208333333,-0.154185208333333,-0.0133922083333333,0.301550791666667,0.655100791666666,-1.16302620833333,-1.13338120833333,-1.00669920833333,-1.18118520833333,-1.05255120833333,-0.652597208333333,0.178611791666667,0.744557791666667,0.926126791666666,1.33090179166667,0.996034791666667,1.19084579166667,-0.540371208333333,0.394851791666667,0.208536791666667,0.494347791666667,0.363987791666667,0.351358791666667
"Gnl3","ENSMUSG00000042354",-0.362246833333334,-0.341492833333334,-0.973634833333334,0.380117166666667,-0.128243833333333,-0.273192833333334,-0.668460833333334,-0.680793833333333,-0.735426833333333,-1.05875983333333,-1.15916583333333,-0.622302833333333,1.46786516666667,-0.0923888333333336,1.45746516666667,0.866334166666666,1.04745416666667,1.18832016666667,-0.736883833333334,0.236184166666667,-0.0244418333333334,0.143053166666666,0.383413166666666,0.687229166666667
"Pi4k2b","ENSMUSG00000029186",-1.58382154166667,-1.03026654166667,-1.02814654166667,0.292205458333333,0.632981458333333,0.554342458333333,-0.426853541666667,-0.804806541666667,-0.607796541666667,-0.0720165416666667,-0.748933541666667,-1.19948654166667,0.478014458333333,-0.386639541666667,0.494153458333333,1.25933645833333,1.04358045833333,1.21247745833333,-0.0345235416666672,-0.0487095416666667,0.290928458333333,0.399424458333333,0.692799458333333,0.621756458333333
"Sertad1","ENSMUSG00000008384",-0.565708375000002,-0.760241375000001,-0.642048375000002,0.299697624999999,-0.0109693750000002,-0.191701375000001,-1.090203375,-0.957499375000001,-0.895172375,-1.205881375,-0.862736375000001,-1.098672375,1.277775625,0.434493625,1.275015625,0.723514625,0.920392625,0.598457625,0.203830624999998,0.213939624999998,0.395356625,0.439377624999999,0.702542625,0.796439625
"Irf8","ENSMUSG00000041515",-1.24822129166667,-1.19746329166667,-0.831066291666666,-0.404689291666666,-0.0722372916666663,-0.354879291666666,-0.783139291666666,-0.879087291666666,-0.670909291666666,-0.695412291666666,-0.629440291666667,-0.522824291666666,0.849474708333333,0.719974708333333,-0.161501291666666,0.956928708333334,1.08792270833333,0.961989708333333,0.706809708333334,0.691040708333333,0.565099708333334,0.677914708333334,1.17092470833333,0.0627907083333339
"Fgfr3","ENSMUSG00000054252",-0.258103083333333,-0.537219083333333,-0.134763083333334,-0.118065083333334,-0.246955083333333,-0.495993083333333,-1.82330108333333,-0.605207083333333,-0.385259083333333,-1.28235308333333,-0.548679083333333,0.150041916666667,1.64870591666667,1.42637091666667,1.10061591666667,-0.537354083333333,-0.101756083333333,-0.0568480833333336,0.402970916666667,0.314465916666666,0.148419916666667,0.586722916666667,0.615343916666666,0.738197916666667
"Rnf19b","ENSMUSG00000028793",-0.877925916666666,-0.628486916666667,-0.972669916666667,0.116622083333333,0.0388470833333336,-0.410873916666667,-0.744332916666666,-0.659544916666666,-0.864827916666667,-1.04918391666667,-0.956363916666667,-0.955958916666667,1.01258808333333,-0.0197019166666674,1.24293008333333,1.12099508333333,1.24037008333333,0.848307083333333,0.349220083333334,0.320570083333333,0.225953083333334,0.273093083333332,0.666894083333334,0.683481083333334
"Cipc","ENSMUSG00000034157",-0.363255791666667,-0.613146791666667,-0.270608791666668,0.261587208333333,0.150913208333332,0.398841208333334,-1.01149579166667,-1.04643479166667,-1.08855779166667,-1.05327279166667,-0.770216791666668,-0.808172791666667,1.43788120833333,0.397071208333333,1.38690120833333,0.938241208333332,1.10680120833333,1.16373120833333,-0.381438791666667,-0.0643487916666672,0.0181282083333336,-0.0714487916666666,0.139725208333333,0.142576208333333
"Comt","ENSMUSG00000000326",-0.911737083333334,-0.775217083333333,-0.685077083333333,0.182662916666667,-0.00327708333333376,0.0797129166666668,-0.985207083333334,-1.24514708333333,-0.853567083333333,-0.732297083333332,-1.02797708333333,-0.830517083333334,0.849092916666667,0.905822916666667,0.804092916666667,0.719732916666667,1.25951291666667,1.05809291666667,-0.291077083333333,0.372272916666667,0.389502916666666,0.549232916666666,0.549932916666666,0.621432916666667
"Ptpn2","ENSMUSG00000024539",-1.06911204166667,-0.648379041666667,-0.708864041666667,-0.812207041666666,-0.0383300416666668,0.330339958333333,-0.652280041666667,-1.20673104166667,-1.00873404166667,-0.200362041666667,-0.932108041666667,-0.666873041666667,1.01888195833333,0.435224958333333,1.23139095833333,0.849317958333333,1.15613295833333,1.15701195833333,-0.0367990416666668,0.471939958333333,0.512468958333333,0.439604958333333,0.556088958333333,-0.177624041666667
"Vti1a","ENSMUSG00000024983",-0.358809333333333,-0.544561333333333,-0.457228333333333,0.325871666666668,0.0463806666666677,0.248113666666667,-0.849796333333333,-0.782823333333333,-0.954006333333333,-0.908342333333333,-1.03266333333333,-1.19253133333333,1.13981566666667,0.830209666666667,1.08354666666667,1.27770866666667,1.10113566666667,1.07826066666667,-0.437864333333334,0.179868666666668,0.167616666666667,0.198901666666668,0.324101666666667,-0.482905333333333
"Chpf2","ENSMUSG00000038181",-0.827493333333333,-0.485075333333334,-0.821127333333334,-0.0572933333333334,0.237847666666666,-0.574237333333333,-0.00179633333333351,-0.837302333333334,-0.719862333333333,-0.823630333333333,-1.08503833333333,-0.741608333333334,-0.169972333333333,0.171858666666666,0.550323666666666,-0.200145333333333,-0.157338333333334,0.0268116666666667,0.418199666666666,1.12665166666667,1.01655066666667,0.902358666666666,1.82000866666667,1.23130966666667
"Rps6ka3","ENSMUSG00000031309",-0.530387291666667,-0.384141291666666,-0.774102291666667,0.257536708333334,0.132674708333334,-0.0214882916666665,-0.887566291666666,-0.805468291666666,-0.824125291666666,-0.969645291666667,-1.04581329166667,-0.967820291666666,1.78382170833333,0.278903708333334,1.14837470833333,0.906362708333334,0.917270708333333,0.978395708333333,-0.480565291666666,0.161036708333334,0.0457327083333334,0.242999708333334,0.581145708333334,0.256867708333334
"Stard5","ENSMUSG00000046027",-0.880516875,-0.980097874999999,-1.024083875,-0.386089875,-0.516681875,-0.433631875,-0.789403875,-0.629905875,-0.694063874999999,-0.591093874999999,-0.861841875,-0.806483875,0.909384125000001,1.248420125,0.808803125000001,1.021412125,0.931259125,1.129325125,0.587751125,0.391274125,0.433989125,0.414541125,0.601517125000001,0.116219125000001
"Daxx","ENSMUSG00000002307",-1.01622370833333,-0.769867708333333,-0.851747708333333,-0.203189708333333,-0.170668708333334,-0.220701708333333,-0.815598708333333,-0.863417708333333,-0.689021708333334,-0.812599708333334,-1.22696270833333,-0.758232708333333,0.198158291666667,0.771047291666667,0.573079291666666,0.974633291666667,1.17117329166667,0.912513291666667,1.07786329166667,0.568888291666667,0.473995291666666,0.516240291666666,0.319827291666666,0.840813291666667
"Cblb","ENSMUSG00000022637",-0.234392041666666,-0.580089041666667,-1.12839904166667,0.0995819583333333,-0.0851140416666665,0.147378958333333,-1.37941204166667,-1.02468404166667,-0.494481041666667,-0.569861041666667,-1.03369004166667,-0.790323041666666,1.58101595833333,1.25741295833333,1.06280895833333,0.321499958333334,0.430009958333334,0.729547958333334,-0.213108041666667,0.040510958333333,0.193043958333333,0.438333958333334,0.589086958333334,0.643320958333333
"Acot10","ENSMUSG00000047565",-0.131569708333332,-0.231044708333332,-0.295885708333333,0.060379291666667,0.133134291666668,0.227924291666668,-0.909196708333333,-1.00133370833333,-1.00389470833333,-0.924924708333332,-1.01821170833333,-1.08156570833333,1.37661429166667,0.377854291666667,1.31516429166667,0.885234291666666,1.08831429166667,1.11259429166667,-0.607516708333334,-0.0376497083333334,-0.0841337083333329,-0.043524708333333,0.323824291666668,0.469414291666666
"Cttnbp2nl","ENSMUSG00000062127",-0.676213916666667,-0.751090916666667,-0.498492916666667,-0.0736489166666665,-0.0125339166666674,-0.171688916666668,-0.601038916666667,-0.894267916666667,-0.770852916666667,-0.915537916666668,-0.539252916666667,-0.789014916666667,1.98801708333333,0.950975083333333,1.23289408333333,0.930595083333333,0.704017083333333,1.03920708333333,-0.160462916666667,-0.0809669166666662,-0.141140916666668,-0.0698509166666668,0.265149083333332,0.0352020833333331
"Gm45717","ENSMUSG00000110104",-0.82526625,-0.61468625,-0.577966250000001,-0.21115625,-0.191486250000001,-0.37016625,-1.06822625,-0.88786625,-0.966346250000001,-0.77674625,-0.786916250000001,-0.861516250000001,1.25851375,0.953083749999999,1.26088375,0.94002375,0.83713375,0.65125375,-0.10914625,0.188443749999999,0.45850375,0.56601375,0.59604375,0.537593749999999
"Aldh1a1","ENSMUSG00000053279",-1.33699891666667,-1.96208191666667,-1.15809591666667,-0.594956916666667,-0.445664916666667,0.159712083333334,-0.508430916666667,-0.590612916666667,-0.298051916666667,0.145821083333333,0.100211083333333,0.0317090833333333,0.691405083333333,0.348743083333334,-0.164368916666667,0.105756083333334,-0.0723089166666666,0.785258083333334,1.13635708333333,0.731198083333334,0.939152083333333,0.801725083333332,0.474328083333333,0.680196083333334
"Plscr2","ENSMUSG00000032372",-0.320295625,-0.717250624999999,-0.600730624999999,-0.735706624999999,-1.045374625,-0.828319624999999,-1.050802625,-1.128817625,-0.661931624999999,-0.280693625,-0.516401624999999,-0.340741625,0.993036375000001,0.738011375000001,0.0428683750000012,0.286884375000001,0.337417375000001,0.851854375,0.827140375000001,0.365514375,0.874557375,0.960970375,0.831919375,1.116892375
"Cyp4b1","ENSMUSG00000028713",-0.741672708333334,-0.950379708333334,-0.494949708333333,0.343978291666666,0.276953291666667,0.451218291666667,-1.11546970833333,-1.14747370833333,-0.849257708333334,-0.650333708333334,-1.05346170833333,-0.965112708333334,0.817600291666666,0.910376291666667,0.717854291666667,0.728622291666666,1.01117829166667,0.838550291666666,-0.204726708333334,0.130826291666667,0.561258291666666,0.172270291666667,0.333860291666666,0.878291291666667
"G6pdx","ENSMUSG00000031400",-0.566604416666666,-0.397427416666666,-0.0938014166666665,0.294508583333333,0.608668583333333,0.176996583333334,-0.804066416666666,-0.694725416666667,-0.929140416666667,-1.45635841666667,-1.37616741666667,-0.955578416666667,0.724277583333333,-0.0380214166666661,1.14597558333333,0.926785583333333,0.902552583333334,0.764383583333333,-0.278430416666667,0.320991583333334,0.244373583333333,0.136883583333334,0.754555583333334,0.589368583333334
"Pprc1","ENSMUSG00000055491",-0.608138166666667,-0.465784166666666,-0.621941166666666,0.0602648333333331,0.252213833333334,0.122013833333334,-1.14391616666667,-0.954746166666666,-1.00940916666667,-0.773838166666666,-0.959408166666666,-0.781581166666665,1.02369483333333,-0.202788166666666,1.15949283333333,0.839254833333333,1.26863283333333,1.08930183333333,-0.0975531666666658,0.349080833333334,0.392192833333334,0.213703833333334,0.355066833333334,0.494189833333333
"Syn2","ENSMUSG00000009394",-0.73839225,-0.19426825,-0.66867725,0.0166717499999995,0.05396175,0.37031675,-0.948114250000001,-1.25798325,-0.566289250000001,-0.95387525,-0.542577250000001,-0.622874250000001,1.53524775,1.59604875,0.64677075,0.60458275,0.74738275,1.00364775,-0.18973825,0.0369657499999994,0.00720674999999993,-0.262901250000001,-0.0320402500000005,0.358927749999999
"Prpf38a","ENSMUSG00000063800",-0.454154458333335,-0.265659458333333,-0.381740458333335,0.268572541666666,0.353482541666667,0.218782541666666,-1.08572645833333,-1.07851645833333,-0.868755458333334,-1.10070045833333,-0.932411458333334,-0.809947458333333,0.503662541666666,0.602552541666666,0.406462541666667,1.40326254166667,1.22456254166667,1.46004254166667,0.179092541666666,0.244632541666666,-0.0394994583333332,0.166592541666667,0.0484425416666667,-0.0630314583333345
"Slc7a8","ENSMUSG00000022180",-1.496568125,-0.944609124999999,0.0692058750000006,-0.387975125,-0.0950391249999996,-0.704987125,-1.276780125,0.0931388750000002,-1.174391125,0.199629875,0.127595875,-0.585939124999999,-0.317562124999999,0.591885875,0.895187875,1.111505875,1.005930875,1.102133875,0.243529875,0.694495875,0.502570875,0.0441558750000004,0.498119875,-0.195236125
"Mib1","ENSMUSG00000024294",-0.602367208333333,-0.431329208333334,-0.672142208333333,-0.129903208333333,-0.0482762083333332,0.119537791666667,-1.05902220833333,-0.576671208333333,-1.06365220833333,-0.508340208333333,-0.877828208333333,-0.911004208333333,1.83106579166667,0.401509791666666,1.31495179166667,0.535590791666666,0.686027791666667,0.675472791666667,-0.283316208333333,0.0845357916666671,0.0459287916666664,0.112609791666666,0.602425791666667,0.754195791666667
"Rab19","ENSMUSG00000029923",-0.229985916666667,-0.220236916666666,-0.192348916666667,-0.263569916666667,-0.379307916666667,-0.782881916666667,-0.523078916666667,-0.960614916666667,-0.924852916666667,-0.599334916666667,-0.0553479166666668,-0.929256916666667,-0.505505916666666,-0.997953916666666,0.395412083333333,0.871698083333333,0.826708083333333,1.26385008333333,1.01736108333333,0.918345083333334,0.980257083333333,0.472467083333333,1.05580808333333,-0.237628916666667
"Ankrd10","ENSMUSG00000031508",-0.553778458333333,-0.524738458333333,-0.519162458333334,0.134315541666666,-0.203345458333333,-0.298480458333334,-0.743558458333332,-0.728759458333332,-0.880664458333333,-0.800745458333333,-0.474288458333334,-0.862773458333333,1.69791854166667,-0.290679458333333,1.26932854166667,0.108966541666668,0.643158541666667,0.642298541666667,-0.583440458333333,0.0694755416666677,0.206307541666666,0.562768541666667,0.983668541666667,1.14620854166667
"Wdr4","ENSMUSG00000024037",-0.606107624999999,-0.774252624999999,0.133444375000001,0.412844375000001,-0.450528625,0.175833375000001,-0.935714625,-0.362937625,-1.397076625,-0.922034625,-1.214061625,-0.691872625,0.911282375000001,-0.470162625,0.183844375000001,1.003095375,0.767584375,0.853785375,0.561401375,0.199396375,0.433040375,0.817509375,0.454040375000001,0.917647375
"Snapc4","ENSMUSG00000036281",-0.210450708333333,-0.342673708333335,-0.375394708333333,-0.103776708333333,-0.0335707083333343,0.0163472916666656,-0.971431708333334,-0.727077708333334,-0.957412708333334,-0.899787708333334,-0.894259708333334,-1.50397270833333,0.610501291666665,0.0471682916666669,0.848864291666667,0.951697291666665,1.31710929166667,0.796660291666665,-0.321094708333334,0.353409291666667,0.555687291666667,0.797574291666667,0.764324291666666,0.281560291666667
"Rarres2","ENSMUSG00000009281",-0.51762375,-0.489033749999999,-0.201673749999999,-0.0153137499999989,0.00268625,0.0411962500000005,-0.89572375,-0.85514375,-0.73056375,-0.728523749999999,-1.23240375,-0.850753749999999,0.68876625,0.79706625,1.52422625,1.12847625,1.21360625,1.01269625,0.12952625,0.16630625,0.15659625,-0.117223749999999,-0.26419375,0.0370262500000003
"Map3k8","ENSMUSG00000024235",-0.738905625,-0.500284625,-0.864459625,-0.183852625,-0.208710625,-0.281320625,-0.811007625,-0.844272625,-0.458217625,-0.644316625,-1.008141625,-1.091449625,0.754929375,0.782438375,1.388373375,0.775567375000001,0.904322375,1.040733375,-0.208520625,0.228288375,0.395239375,0.329704375,0.421208375,0.822655375
"Cd63","ENSMUSG00000025351",-0.409804583333335,-0.412574583333335,-0.204144583333335,0.110485416666666,0.0917254166666659,0.0277154166666662,-0.891864583333334,-0.965514583333334,-0.932134583333333,-0.984554583333335,-1.06196458333333,-1.00759458333333,0.801415416666666,0.157795416666666,1.49093541666667,0.874315416666667,1.08359541666667,0.836165416666667,-0.411024583333335,0.126415416666665,0.336125416666667,0.223985416666666,0.437445416666666,0.683055416666665
"Vwa5a","ENSMUSG00000023186",-0.258445999999999,-0.302963999999999,-0.19777,0.174819000000001,0.253469000000001,0.301039000000001,-0.997088,-1.104903,-1.052052,-0.773247,-1.136753,-1.195026,0.400429000000001,0.508969,0.602639,1.116009,1.295649,1.204259,0.246199000000001,0.148871,0.0521659999999997,0.293259000000001,0.0331039999999998,0.387369000000001
"Nol12","ENSMUSG00000033099",-0.539343416666666,-0.582456416666666,-0.620020416666666,0.00949958333333356,-0.0293254166666657,0.113328583333335,-0.956707416666665,-0.554896416666665,-0.634238416666665,-1.10841341666667,-0.789891416666666,-0.754054416666666,0.469511583333334,-0.550545416666665,1.09311058333333,1.16230058333333,1.38828058333333,1.22897058333333,-0.196105416666667,0.446452583333334,0.190052583333333,0.230698583333334,0.359771583333334,0.624020583333333
"Rbm43","ENSMUSG00000036249",-0.834855791666666,-0.440345791666666,-0.525982791666666,0.0495962083333339,0.019713208333334,0.120800208333334,-1.03238579166667,-0.977578791666666,-0.699521791666666,-0.706282791666666,-1.16148379166667,-0.978095791666666,-0.333506791666666,0.314550208333333,0.473856208333334,0.896081208333333,1.02846620833333,0.958280208333335,0.972344208333334,0.594647208333335,0.606626208333335,0.452781208333334,0.360957208333334,0.841340208333333
"Galnt15","ENSMUSG00000021903",-0.441725791666666,-0.428243791666667,-0.522369791666666,-0.0694677916666659,-0.176817791666666,-0.0851977916666655,-1.11554879166667,-0.982075791666666,-0.891340791666666,-0.724973791666667,-0.999080791666666,-0.949543791666667,1.07565220833333,1.34902220833333,0.211832208333334,0.993072208333334,0.827502208333334,0.863322208333335,0.0924222083333337,0.375912208333334,0.563052208333334,0.429432208333335,0.367852208333334,0.237312208333334
"Nop58","ENSMUSG00000026020",-1.0889155,-0.5453645,-1.5077415,-0.372531499999999,-0.202761499999999,-0.618650499999999,-0.1465435,-0.314204499999999,-0.4510375,-0.5244035,-0.761677499999999,-0.753085499999999,1.3699625,-0.1138405,0.612902500000001,0.6225925,0.745482500000001,0.305932500000001,0.254352500000001,0.472172500000001,0.431632500000001,0.5701325,0.694302500000001,1.3212925
"Ppp1r18","ENSMUSG00000034595",-0.420647624999999,-0.434167624999999,-0.222687624999999,0.167552375000001,0.378192375000001,0.0533223750000005,-0.910949624999999,-0.964792624999999,-0.956052625,-0.851787625,-0.903191625,-1.085368625,1.123322375,0.510052375000001,1.196462375,1.059572375,1.072112375,1.032802375,-0.149247624999999,-0.00989762499999891,0.0130223750000003,-0.00963762499999987,0.308912375,0.00310237500000099
"Ankfy1","ENSMUSG00000020790",-0.414637750000001,-0.516462750000001,-0.250084750000001,0.0330222499999984,0.32175425,0.203268249999999,-0.995415750000001,-0.867363750000001,-1.08210375,-0.83748875,-1.06721675,-1.05232775,0.099917249999999,0.524381249999999,0.627115249999999,0.90976525,1.39494525,1.18688525,0.715350249999998,0.459176249999999,0.33772825,0.0794212499999993,-0.17693575,0.36730725
"B3gnt5","ENSMUSG00000022686",-0.411765291666667,-0.613274291666666,0.136471708333334,0.157193708333334,-0.0334202916666664,-0.238717291666666,-0.349035291666667,-0.375277291666666,-1.68023429166667,-0.944334291666666,-0.807538291666667,-1.21633629166667,1.07244370833333,0.669021708333333,0.708766708333333,0.756499708333333,1.09404270833333,0.645840708333334,0.0285997083333331,0.0846877083333339,0.203902708333334,0.0434667083333338,0.00496670833333379,1.06402870833333
"Tlr8","ENSMUSG00000040522",-0.293982916666667,-0.394615916666667,0.0536090833333334,0.243741083333333,-0.357779916666667,-0.279177916666667,-1.29329891666667,-0.124523916666667,-1.40878791666667,-0.707566916666667,-1.14929891666667,-0.498512916666667,0.580474083333333,-0.019396916666667,1.08221108333333,0.154811083333333,0.198423083333333,0.863818083333333,0.362169083333333,-0.315189916666667,1.19620408333333,0.659168083333333,1.09093608333333,0.356568083333333
"Slc9a8","ENSMUSG00000039463",-0.457817208333333,-0.297745208333334,-0.623148208333333,-0.295178208333334,-1.05814920833333,-0.209098208333334,-1.13888920833333,-0.725393208333333,-0.854774208333334,-0.630247208333333,-0.602363208333333,-0.480530208333334,1.04871179166667,1.04822079166667,1.13971979166667,1.10757479166667,0.522011791666666,0.579806791666666,-0.0370422083333333,0.0469507916666663,0.657085791666667,0.148404791666667,0.674175791666666,0.437712791666667
"Cstb","ENSMUSG00000005054",-0.614202083333334,-0.453392083333332,-0.0585920833333322,-0.0322120833333326,0.065067916666667,-0.204592083333333,-0.831682083333334,-0.921602083333333,-0.918032083333333,-0.935312083333333,-0.822212083333334,-1.02236208333333,0.700057916666667,0.147407916666667,1.21896791666667,1.18992791666667,1.02620791666667,1.14783791666667,0.0939279166666669,0.184597916666666,0.264377916666668,0.175747916666667,0.524827916666666,0.0752379166666675
"Tnfsf10","ENSMUSG00000039304",-0.14002925,-0.14545925,-0.0976862499999998,-0.0269462499999999,-0.34572625,-0.0157452500000002,-1.08658825,-0.725799250000001,-1.21894025,-0.97053225,-0.83640125,-0.62193525,-0.92668425,0.76175475,0.317841749999999,0.67693875,1.04498875,0.69856375,1.05880975,0.45737875,0.159818749999999,0.62936275,0.415344749999999,0.937670750000001
"Ly6f","ENSMUSG00000022583",-0.335059916666667,-0.386541916666667,0.0636790833333336,0.361675083333334,-0.106077916666667,-0.0128939166666666,-0.491174916666667,-1.13161191666667,-0.422771916666667,-0.742825916666666,-1.56319691666667,-1.25890991666667,0.954024083333333,0.120600083333334,0.210498083333333,0.876434083333333,0.988874083333334,1.06615708333333,0.223003083333333,-0.120575916666667,0.110997083333333,0.231237083333333,0.423302083333333,0.941160083333334
"Jdp2","ENSMUSG00000034271",-0.834164416666667,-0.566811416666666,-0.549861416666666,0.103320583333334,0.191279583333333,0.190903583333333,-1.26122041666667,-0.644327416666666,-1.01106841666667,-0.822546416666667,-0.888857416666666,-0.623227416666666,1.16346458333333,0.636151583333334,0.304496583333334,0.882747583333333,0.662460583333334,1.17545358333333,0.565628583333333,-0.042379416666666,0.370715583333333,0.104831583333334,0.346167583333334,0.546842583333334
"Cebpg","ENSMUSG00000056216",-0.781628666666666,-0.443138666666666,-0.590880666666667,0.0806513333333339,-0.0433786666666656,-0.347409666666666,-0.884707666666666,-0.832455666666666,-0.728512666666667,-0.648395666666666,-0.932272666666666,-0.657778666666667,1.21373133333333,0.655461333333333,0.714251333333333,1.20486133333333,1.05233133333333,1.09464133333333,0.389401333333334,0.201831333333333,0.159061333333334,0.0887413333333331,-0.226446666666666,0.262041333333334
"Btbd7","ENSMUSG00000041702",-0.497440791666667,-0.738501791666667,-0.678490791666666,0.406060208333334,0.506127208333333,-0.134075791666667,-0.157598791666667,-1.10372979166667,-0.640422791666666,-1.20405579166667,-0.913638791666667,-0.970468791666667,0.471607208333333,0.163860208333333,0.262202208333333,0.449544208333333,1.40185620833333,0.978853208333334,0.478597208333333,0.366030208333333,0.589742208333333,0.506995208333334,-0.226549791666667,0.683498208333334
"Bcl3","ENSMUSG00000053175",-0.816804625,-0.680907625,-1.052378625,-0.531585625,-0.718969625,-1.130227625,-0.335983625,0.0881773749999999,-0.437459625,-0.222473625,-0.486890625,-0.626874625,0.249924375,0.166712375,0.546358375,0.513362375,1.407648375,0.353331375,0.00436837500000031,0.785077375,0.227935375,0.551219375,0.925814375,1.220626375
"Dbf4","ENSMUSG00000002297",-0.392379333333333,-0.815016333333333,-0.195727333333333,0.169386666666666,0.125360666666666,0.144188666666667,-1.38982833333333,-1.16321233333333,-0.617520333333333,-0.549250333333333,-0.703314333333333,-0.974833333333334,1.13838166666667,0.131764666666666,0.697783666666666,0.664250666666667,0.666590666666666,0.749811666666666,-0.213781333333333,0.303280666666667,0.196480666666666,0.371915666666666,0.944023666666666,0.711643666666666
"Slc25a25","ENSMUSG00000026819",-1.15477116666667,-0.716246166666666,-0.257045166666666,0.0406418333333338,0.334008833333334,-0.105735166666666,-0.919647166666667,-1.18648916666667,-0.779645166666667,-0.383471166666666,-0.582540166666666,-0.445548166666666,1.41258983333333,0.746745833333334,0.752515833333334,0.956433833333334,0.919885833333334,0.471236833333334,0.0286768333333338,-0.114441166666666,-0.216277166666666,0.207104833333334,0.513974833333334,0.478041833333334
"Lipe","ENSMUSG00000003123",-0.922470041666666,-0.847191041666666,-0.928096041666667,0.589666958333334,0.324315958333334,-0.196358041666667,-1.14470904166667,-0.762014041666666,-0.612227041666666,-0.464116041666666,-0.972678041666666,-0.802085041666666,0.233475958333334,0.592047958333334,0.474637958333334,0.463389958333334,0.330870958333334,0.613886958333334,0.333744958333334,0.858919958333334,0.918915958333334,0.572030958333333,0.660644958333334,0.685394958333334
"Tnip2","ENSMUSG00000059866",-0.0584749166666665,-0.208305916666666,-0.475932916666666,0.619866083333334,-0.137452916666667,-0.141418916666667,-0.974758916666667,-0.788425916666666,-0.874674916666667,-1.07617491666667,-1.11635591666667,-0.786823916666666,0.983660083333334,0.542087083333334,0.802208083333334,0.982653083333333,1.11912008333333,0.777226083333333,-0.330710916666667,0.0183730833333335,0.297857083333334,0.114827083333333,0.377499083333333,0.334134083333334
"Tor1aip1","ENSMUSG00000026466",-0.605260041666666,-0.644300041666666,-0.721048041666666,-0.134892041666665,-0.0523340416666667,0.148355958333333,-0.694824041666665,-0.852130041666666,-0.896502041666666,-0.806167041666667,-0.881714041666665,-0.847279041666667,1.06752595833333,0.969585958333333,0.681435958333333,1.04767595833333,0.854105958333333,0.923375958333335,0.506585958333334,0.334645958333335,0.221925958333333,0.136936958333333,0.0260979583333345,0.218195958333334
"Gpd1","ENSMUSG00000023019",-0.736190458333335,-1.03472145833333,-1.09226545833333,0.072239541666665,-0.125651458333333,-0.244885458333334,-0.486211458333334,-0.793885458333334,-0.579478458333334,-0.768390458333334,-0.882108458333335,-0.565220458333334,0.596411541666665,0.348357541666665,0.924449541666666,0.534602541666667,0.826559541666667,0.709976541666666,-0.0504684583333344,0.493268541666666,0.600586541666665,0.348026541666666,0.926602541666666,0.978396541666665
"Rel","ENSMUSG00000020275",-0.876062624999999,-0.821126625,-0.925533625,0.101713375,-0.703034625,-0.451418625,-0.223458624999999,-0.321019625,0.144981375,-0.414528625,-0.555261625,-1.386000625,1.384338375,0.536459375000001,0.228301375,0.931841375,0.771965375000001,0.901342375,-0.022740625,0.230661375,-0.0313396249999993,0.465222375000001,0.663713375,0.370985375
"Tinagl1","ENSMUSG00000028776",-1.14128079166667,-0.910939791666665,-1.03874679166667,-0.421679791666666,-0.345989791666666,-0.518628791666666,-0.277567791666666,-0.420936791666666,-0.383079791666667,-0.502533791666666,-0.679320791666665,-0.672782791666666,1.23556720833333,0.881874208333334,0.692480208333334,0.201224208333334,0.203729208333334,0.234008208333334,0.486304208333333,0.429121208333333,0.591571208333335,0.664957208333334,0.790298208333335,0.902352208333333
"Masp1","ENSMUSG00000022887",-0.690201875,-0.405549875,-0.789902874999999,-0.00956087500000002,-0.430389874999999,-0.194120874999999,-0.797506875,-0.796887874999999,-0.692243874999999,-0.0708008749999998,-0.639543874999999,-1.038170875,0.730369125000001,0.562049125000001,0.732779125,0.318919125000001,0.531299125,0.335009125000001,-0.635779874999999,0.250779125000001,0.701139125000001,0.744369125,0.842709125000001,1.441239125
"Msn","ENSMUSG00000031207",-1.12192741666667,-0.863076416666667,-0.822383416666668,-0.241584416666667,-0.0534144166666675,-0.265754416666667,-0.164954416666667,-0.362104416666668,-0.556169416666668,-0.637758416666667,-0.770369416666668,-0.706230416666667,0.982485583333332,-0.219904416666667,1.31432558333333,0.322745583333333,0.704205583333332,0.446135583333332,0.0853255833333328,0.0843555833333323,0.279165583333333,0.420055583333333,1.01318558333333,1.13364558333333
"Plekho2","ENSMUSG00000050721",-1.10973141666667,-0.835511416666668,-0.496836416666667,-0.176328416666667,-0.117220416666667,-0.272213416666668,-0.529611416666667,-0.418795416666667,-0.783527416666667,-0.564030416666668,-0.629690416666667,-1.04725641666667,1.23106358333333,-0.0948954166666667,0.945903583333333,0.796093583333333,1.00565358333333,0.846303583333333,0.267928583333333,0.441246583333333,0.434817583333333,0.234179583333333,0.536955583333333,0.335502583333334
"Spi1","ENSMUSG00000002111",-0.484363541666667,-0.259453541666667,-0.789818541666667,-0.146575541666667,-0.142046541666667,-0.310221541666667,-1.07206354166667,-0.665042541666667,-0.820891541666667,-0.620191541666667,-1.19005254166667,-0.567875541666667,0.269359458333333,0.417900458333333,0.720564458333333,1.23485945833333,0.891119458333333,0.644042458333333,0.596593458333333,0.369218458333333,0.767039458333333,0.567226458333333,0.703240458333333,-0.112567541666667
"Zrsr2","ENSMUSG00000031370",-0.296590916666666,-0.494297916666667,-0.275701916666667,-0.0934069166666669,-0.317476916666666,-0.0401179166666665,-0.810986916666667,-0.681518916666667,-0.656913916666666,-0.792300916666666,-0.862848916666667,-1.01206491666667,1.62709408333333,0.880276083333334,0.989535083333334,0.798356083333334,0.656593083333333,0.686683083333333,-0.350658916666666,0.0854030833333335,0.0772690833333334,0.278616083333334,0.409300083333334,0.195760083333333
"Fmnl2","ENSMUSG00000036053",-0.459093958333334,-0.420257958333334,-0.382548958333334,-0.0755409583333346,0.080815041666666,-0.111070958333334,-0.779216958333334,-0.724882958333334,-0.532116958333335,-0.657302958333334,-1.01548095833333,-0.965981958333334,1.86448704166667,0.920349041666666,0.995355041666667,0.292878041666667,0.527078041666666,0.490362041666666,0.100242041666666,-0.0406469583333333,-0.097750958333334,0.341254041666666,0.148651041666666,0.500422041666665
"Prkcd","ENSMUSG00000021948",-0.650711875000001,-0.605194875,-0.235625875,0.059299124999999,0.238640125,0.110991125,-0.911781875000001,-0.521682875,-0.590356875000001,-0.874277875000001,-1.167575875,-0.969803875,0.111139124999999,0.413407124999999,0.660679125,1.102340125,1.164303125,1.182214125,0.287403124999999,0.152145124999999,0.427080125,0.352062125,0.387980125,-0.122671875
"Rnf31","ENSMUSG00000047098",-0.643933041666666,-0.322245041666666,-0.530696041666666,0.123010958333333,0.183945958333334,-0.0243000416666668,-0.733311041666666,-0.867418041666666,-0.818866041666666,-0.869253041666666,-1.07729104166667,-0.837752041666666,-0.119748041666666,0.570555958333333,0.175984958333334,1.09011495833333,1.16858595833333,0.845950958333335,0.831369958333333,0.350634958333334,0.336108958333334,0.397658958333334,0.221051958333334,0.549838958333334
"Ccnl1","ENSMUSG00000027829",-0.339379875,-0.467348875,-0.937722875,0.0559371250000007,-0.206173874999999,-0.0366498749999993,-0.755924875,-0.511399875,-0.650424875,-0.596674875,-0.778939875,-0.863981874999999,1.539908125,0.859180125000001,1.161899125,0.756578125000001,0.579566125,0.806996125,-0.0301138749999996,-0.114945874999999,0.0952031250000003,-0.0965138749999994,0.381978125000001,0.148949125000001
"Slc30a1","ENSMUSG00000037434",-0.319587541666666,-0.248354541666667,-0.192600541666667,-0.220226541666666,-0.340680541666667,-0.288346541666667,-0.465255541666667,-0.664460541666667,-0.612593541666667,-0.714691541666666,-1.23853454166667,-1.06135154166667,1.69681745833333,0.730325458333333,0.640234458333333,0.587429458333332,0.355224458333334,0.664919458333333,0.203090458333334,0.0258224583333337,0.351489458333333,0.260411458333333,0.689852458333334,0.161066458333334
"Mbd1","ENSMUSG00000024561",-1.03617033333333,-1.19018333333333,-1.16399133333333,-0.141132333333333,-0.124557333333332,-0.293964333333333,-0.372933333333332,-0.431974333333333,-0.304629333333333,-0.294403333333332,-0.698865333333332,-0.376389333333332,0.777499666666667,0.820309666666667,0.0132926666666684,0.409769666666667,0.158686666666668,0.510039666666668,0.283307666666667,0.360169666666668,0.391249666666667,0.652419666666667,0.637009666666668,1.41543966666667
"Aspscr1","ENSMUSG00000025142",-0.494492375,-0.473980375,-0.568798375,0.0470226249999985,-0.0489993750000011,-0.0333453750000015,-0.778788375000001,-0.669759375,-0.704327375,-0.953149375000001,-0.523377375000001,-0.830702375000001,1.160175625,0.132805625,1.474275625,0.519025624999999,0.692545624999999,0.430248624999999,-0.334308375000001,0.111464625,0.264837624999998,0.0890456249999989,0.748775624999999,0.743805624999998
"Coq8b","ENSMUSG00000003762",-0.286929,-0.376367,-0.698578,0.303814,-0.14507,-0.484695,-1.010204,-0.944712,-0.791752,-0.31517,-1.055728,-0.700108,0.431942,-0.00495200000000029,0.776617,0.809901,0.924302,0.559911,0.138042,0.650158999999999,0.171933,0.438005,0.642103,0.967536
"Cebpb","ENSMUSG00000056501",-1.0764025,-0.956172500000001,-1.0747825,-0.026742500000001,0.242297499999999,-0.0920225000000006,-1.0921625,-0.6829825,-0.4049125,-0.5360525,-0.486342500000001,-0.466692500000001,0.647097499999999,0.4135875,0.635597499999999,0.732087499999999,0.643397499999999,0.647567499999999,0.2709875,0.492307499999999,0.342007499999999,0.7164775,0.5030675,0.6087875
"Slc35d2","ENSMUSG00000033114",0.0418236666666667,-0.496808333333334,-0.0536083333333339,-0.321883333333334,0.0837486666666667,-0.128276333333334,-1.21096733333333,-0.738181333333333,-0.542140333333333,-0.774342333333333,-0.906852333333333,-0.983435333333333,0.0415556666666665,0.438841666666667,0.784988666666666,0.823858666666666,1.12477066666667,1.00688566666667,-0.127102333333333,0.225741666666666,0.443474666666666,0.212273666666666,0.720334666666666,0.335299666666667
"Grwd1","ENSMUSG00000053801",-0.625813875,-0.585774875,-0.389132875000001,-0.253942875000002,-0.213895875,-0.171321875,-0.577955875000001,-0.698498875000001,-0.729962875000001,-0.677582875000001,-0.642857875000001,-0.707189875000001,1.181291125,-0.226610875,0.949949125,0.489768124999999,0.973057124999999,0.761475124999999,-0.042774875000001,0.217980124999999,0.293480124999999,0.319369125,0.618014124999998,0.738932125
"B3gnt3","ENSMUSG00000031803",-1.09212483333333,-0.595402833333333,-1.32100083333333,-0.0527838333333337,0.0664001666666669,-0.806589833333334,-0.368097833333334,-0.417274833333334,-0.509614833333333,-0.264552833333333,-0.464832833333333,-0.442539833333333,0.238584166666667,0.187604166666667,0.863410166666666,0.429410166666667,0.455182166666667,0.180519166666667,0.479198166666666,0.576470166666667,0.435927166666667,0.851588166666666,0.707677166666667,0.862844166666667
"Ftsj3","ENSMUSG00000020706",-0.848436333333333,-0.779541333333333,-0.516832333333333,-0.135136333333334,-0.0758293333333331,-0.302444333333333,-0.461811333333333,-0.820890333333333,-0.336626333333333,-0.588339333333333,-0.633145333333333,-0.594571333333334,0.782129666666667,-0.482379333333333,0.282629666666666,0.678200666666666,0.911010666666667,1.14993866666667,0.375853666666667,0.119327666666667,0.296857666666667,0.648736666666667,0.837879666666667,0.493418666666666
"Pvr","ENSMUSG00000040511",-0.901512208333334,-0.794102208333333,-0.859008208333334,-0.198087208333334,-0.201508208333333,-0.553221208333333,-0.165556208333333,-0.485657208333334,-0.460752208333334,-0.447911208333334,-0.498504208333333,-0.633433208333335,0.975024791666666,-0.127971208333333,0.951434791666665,0.259223791666667,0.491529791666666,0.332192791666666,0.0873247916666653,0.206603791666666,0.437957791666665,0.653407791666666,0.639997791666666,1.29252679166667
"Casp8","ENSMUSG00000026029",-0.844899375,-0.654794375,-0.681152375,0.00894062500000103,0.214539625,-0.335699375,-0.788067375,-0.614468375,-0.571028374999999,-0.726055375,-0.895704374999999,-0.366617375,0.174311625,0.00743662500000042,0.786040625,0.944595625,0.853636625,0.929395625,0.186230625,0.506676625000001,0.243172625,0.489460625000001,0.487788625,0.646260625
